building_id,timestamp_utc,consumption_w,persistence,copy_yesterday,ridge,ridge_weather
e8fffaab-f310-4c9c-a833-a837b68f1658,2026-06-30 09:15:00+00:00,14221.61,10856.31,8058.75,11264.188109082625,10806.563262410016
e8fffaab-f310-4c9c-a833-a837b68f1658,2026-06-30 09:30:00+00:00,14161.38,14221.61,16005.96,14672.70068282609,14108.587102492238
e8fffaab-f310-4c9c-a833-a837b68f1658,2026-06-30 09:45:00+00:00,20078.97,14161.38,14575.59,13943.232286226892,13371.49935101218
e8fffaab-f310-4c9c-a833-a837b68f1658,2026-06-30 10:00:00+00:00,19936.63,20078.97,15037.83,19676.054869708212,19065.561384595218
e8fffaab-f310-4c9c-a833-a837b68f1658,2026-06-30 10:15:00+00:00,12843.98,19936.63,13965.33,18648.212359030542,17934.54679346347
e8fffaab-f310-4c9c-a833-a837b68f1658,2026-06-30 10:30:00+00:00,12865.0,12843.98,8484.01,11357.799411839193,10700.810721063159
e8fffaab-f310-4c9c-a833-a837b68f1658,2026-06-30 10:45:00+00:00,11871.53,12865.0,7723.69,12744.121692592043,12017.554357164096
e8fffaab-f310-4c9c-a833-a837b68f1658,2026-06-30 11:00:00+00:00,20603.86,11871.53,9125.32,12160.835225608495,11316.6292494341
e8fffaab-f310-4c9c-a833-a837b68f1658,2026-06-30 11:15:00+00:00,14466.16,20603.86,8398.15,20805.6408636096,19959.73122752114
e8fffaab-f310-4c9c-a833-a837b68f1658,2026-06-30 11:30:00+00:00,15761.53,14466.16,10784.39,13154.086964792386,12315.6540936587
e8fffaab-f310-4c9c-a833-a837b68f1658,2026-06-30 11:45:00+00:00,18526.46,15761.53,9736.28,16755.88538925964,15734.623918709249
e8fffaab-f310-4c9c-a833-a837b68f1658,2026-06-30 12:00:00+00:00,17507.15,18526.46,10857.65,19092.080888734952,18033.361966900375
e8fffaab-f310-4c9c-a833-a837b68f1658,2026-06-30 12:15:00+00:00,16606.07,17507.15,12603.14,16459.299936899857,15630.49966978293
e8fffaab-f310-4c9c-a833-a837b68f1658,2026-06-30 12:30:00+00:00,17270.72,16606.07,10641.72,15627.875389110672,14862.51534812399
e8fffaab-f310-4c9c-a833-a837b68f1658,2026-06-30 12:45:00+00:00,13310.25,17270.72,6842.62,16352.44441946586,15633.827646378993
e8fffaab-f310-4c9c-a833-a837b68f1658,2026-06-30 13:00:00+00:00,12777.07,13310.25,10632.52,12406.734160334534,11721.364242550399
e8fffaab-f310-4c9c-a833-a837b68f1658,2026-06-30 13:15:00+00:00,8900.31,12777.07,13582.17,12470.832308684734,11845.960141587439
e8fffaab-f310-4c9c-a833-a837b68f1658,2026-06-30 13:30:00+00:00,13257.05,8900.31,11245.28,8663.367651038996,8111.564610758591
e8fffaab-f310-4c9c-a833-a837b68f1658,2026-06-30 13:45:00+00:00,13218.87,13257.05,7068.39,13091.621297378368,12668.815106187318
e8fffaab-f310-4c9c-a833-a837b68f1658,2026-06-30 14:00:00+00:00,15066.52,13218.87,9983.26,12771.097270771344,12279.775418980746
e8fffaab-f310-4c9c-a833-a837b68f1658,2026-06-30 14:15:00+00:00,12660.5,15066.52,12301.59,14671.620369146767,14223.737388869671
e8fffaab-f310-4c9c-a833-a837b68f1658,2026-06-30 14:30:00+00:00,10925.26,12660.5,7761.41,11797.693063355575,11440.892165328834
e8fffaab-f310-4c9c-a833-a837b68f1658,2026-06-30 14:45:00+00:00,11601.94,10925.26,10277.5,10608.813661223636,10303.756259343952
e8fffaab-f310-4c9c-a833-a837b68f1658,2026-06-30 15:00:00+00:00,8310.37,11601.94,13899.98,11865.394598513085,11555.124061191942
e8fffaab-f310-4c9c-a833-a837b68f1658,2026-06-30 15:15:00+00:00,6594.0,8310.37,6768.88,7942.704019028609,7669.057464173111
e8fffaab-f310-4c9c-a833-a837b68f1658,2026-06-30 15:30:00+00:00,4065.49,6594.0,6564.8,6457.113948028842,6170.989340835389
e8fffaab-f310-4c9c-a833-a837b68f1658,2026-06-30 15:45:00+00:00,6574.23,4065.49,5768.82,4323.4857393422035,3949.20614498791
e8fffaab-f310-4c9c-a833-a837b68f1658,2026-06-30 16:00:00+00:00,3245.22,6574.23,5328.71,7160.606527719133,6704.9128649502445
e8fffaab-f310-4c9c-a833-a837b68f1658,2026-06-30 16:15:00+00:00,3215.99,3245.22,8105.32,3374.8206341839714,2990.615304232434
e8fffaab-f310-4c9c-a833-a837b68f1658,2026-06-30 16:30:00+00:00,7290.76,3215.99,6156.66,3892.6280005681265,3591.7205660662703
e8fffaab-f310-4c9c-a833-a837b68f1658,2026-06-30 16:45:00+00:00,4594.64,7290.76,5735.53,7924.0457656423905,7640.63625432942
e8fffaab-f310-4c9c-a833-a837b68f1658,2026-06-30 17:00:00+00:00,3153.76,4594.64,5007.58,4404.260403525812,4211.392802064514
e8fffaab-f310-4c9c-a833-a837b68f1658,2026-06-30 17:15:00+00:00,4821.05,3153.76,4990.75,3424.7779702865364,3261.520605169616
e8fffaab-f310-4c9c-a833-a837b68f1658,2026-06-30 17:30:00+00:00,4237.13,4821.05,5336.02,5500.716269695464,5295.235122573692
e8fffaab-f310-4c9c-a833-a837b68f1658,2026-06-30 17:45:00+00:00,3368.17,4237.13,6004.9,4547.061278183332,4367.655016370172
e8fffaab-f310-4c9c-a833-a837b68f1658,2026-06-30 18:00:00+00:00,4110.74,3368.17,5809.11,3743.59154075485,3592.100710999952
e8fffaab-f310-4c9c-a833-a837b68f1658,2026-06-30 18:15:00+00:00,13937.11,4110.74,5278.7,4663.593476006135,4476.849514870719
e8fffaab-f310-4c9c-a833-a837b68f1658,2026-06-30 18:30:00+00:00,58031.11,13937.11,5826.1,14259.81398960328,13982.858606547841
e8fffaab-f310-4c9c-a833-a837b68f1658,2026-06-30 18:45:00+00:00,57527.11,58031.11,5828.94,55950.42071780213,55365.530102936
e8fffaab-f310-4c9c-a833-a837b68f1658,2026-06-30 19:00:00+00:00,58025.07,57527.11,6469.22,47055.19997223909,46403.50972466415
e8fffaab-f310-4c9c-a833-a837b68f1658,2026-06-30 19:15:00+00:00,47966.49,58025.07,6105.49,47882.86935741868,47172.65748136953
e8fffaab-f310-4c9c-a833-a837b68f1658,2026-06-30 19:30:00+00:00,34764.14,47966.49,6249.34,39019.89788864569,38047.24808021204
e8fffaab-f310-4c9c-a833-a837b68f1658,2026-06-30 19:45:00+00:00,5736.14,34764.14,6110.72,27864.807835402415,27010.269089835525
e8fffaab-f310-4c9c-a833-a837b68f1658,2026-06-30 20:00:00+00:00,5666.91,5736.14,6049.68,1723.698134271688,1079.940585008355
e8fffaab-f310-4c9c-a833-a837b68f1658,2026-06-30 20:15:00+00:00,6077.18,5666.91,6367.32,6954.049642380458,6402.805149520753
e8fffaab-f310-4c9c-a833-a837b68f1658,2026-06-30 20:30:00+00:00,5653.51,6077.18,6058.29,7060.811795178499,6597.742540004281
e8fffaab-f310-4c9c-a833-a837b68f1658,2026-06-30 20:45:00+00:00,5731.93,5653.51,6044.42,5774.595386740292,5537.045988883207
e8fffaab-f310-4c9c-a833-a837b68f1658,2026-06-30 21:00:00+00:00,5582.66,5731.93,5594.15,5906.5248258194615,5670.9244688694
e8fffaab-f310-4c9c-a833-a837b68f1658,2026-06-30 21:15:00+00:00,5011.61,5582.66,5614.77,5768.0908695815515,5517.397564279579
e8fffaab-f310-4c9c-a833-a837b68f1658,2026-06-30 21:30:00+00:00,5357.07,5011.61,5728.68,5223.724796323385,4970.312482057615
e8fffaab-f310-4c9c-a833-a837b68f1658,2026-06-30 21:45:00+00:00,5530.48,5357.07,5822.73,5700.78704414322,5433.619151165122
e8fffaab-f310-4c9c-a833-a837b68f1658,2026-06-30 22:00:00+00:00,5017.12,5530.48,5779.89,5774.423488967804,5505.92702695673
e8fffaab-f310-4c9c-a833-a837b68f1658,2026-06-30 22:15:00+00:00,4900.87,5017.12,5474.74,5236.49323637644,4968.946468794152
e8fffaab-f310-4c9c-a833-a837b68f1658,2026-06-30 22:30:00+00:00,4782.83,4900.87,5979.93,5277.216438586701,4996.239013074176
e8fffaab-f310-4c9c-a833-a837b68f1658,2026-06-30 22:45:00+00:00,5162.68,4782.83,5998.97,5179.047102207179,4897.80696581784
e8fffaab-f310-4c9c-a833-a837b68f1658,2026-06-30 23:00:00+00:00,4851.47,5162.68,5542.38,5556.380021279015,5280.046662778678
e8fffaab-f310-4c9c-a833-a837b68f1658,2026-06-30 23:15:00+00:00,4922.46,4851.47,5796.54,5218.024946453751,4939.328024580478
e8fffaab-f310-4c9c-a833-a837b68f1658,2026-06-30 23:30:00+00:00,4671.2,4922.46,5801.69,5357.42564574995,5082.178725255059
e8fffaab-f310-4c9c-a833-a837b68f1658,2026-06-30 23:45:00+00:00,6444.92,4671.2,5328.25,5099.8908208677185,4832.124322219823
e8fffaab-f310-4c9c-a833-a837b68f1658,2026-07-01 00:00:00+00:00,5022.4,6444.92,5277.03,6838.590131095172,6608.235582278707
e8fffaab-f310-4c9c-a833-a837b68f1658,2026-07-01 00:15:00+00:00,4868.12,5022.4,5212.04,5160.567694608433,4938.008270485341
e8fffaab-f310-4c9c-a833-a837b68f1658,2026-07-01 00:30:00+00:00,5101.62,4868.12,5078.59,5245.897649197905,5044.917593724573
e8fffaab-f310-4c9c-a833-a837b68f1658,2026-07-01 00:45:00+00:00,5059.49,5101.62,5191.78,5600.220040805349,5390.821247974499
e8fffaab-f310-4c9c-a833-a837b68f1658,2026-07-01 01:00:00+00:00,5195.48,5059.49,5061.39,5482.661989582293,5299.8538408358045
e8fffaab-f310-4c9c-a833-a837b68f1658,2026-07-01 01:15:00+00:00,3665.43,5195.48,6041.17,5672.5540151049645,5494.012544186614
e8fffaab-f310-4c9c-a833-a837b68f1658,2026-07-01 01:30:00+00:00,3759.18,3665.43,4725.18,4104.8707467274635,3960.0438106330494
e8fffaab-f310-4c9c-a833-a837b68f1658,2026-07-01 01:45:00+00:00,3807.96,3759.18,4628.38,4522.6852475370015,4391.855344923666
e8fffaab-f310-4c9c-a833-a837b68f1658,2026-07-01 02:00:00+00:00,6504.47,3807.96,7082.59,4839.927218302632,4675.32874576004
e8fffaab-f310-4c9c-a833-a837b68f1658,2026-07-01 02:15:00+00:00,5974.53,6504.47,7590.31,7470.288481777366,7320.692025518936
e8fffaab-f310-4c9c-a833-a837b68f1658,2026-07-01 02:30:00+00:00,5979.85,5974.53,7648.75,6513.155303443851,6376.693454147469
e8fffaab-f310-4c9c-a833-a837b68f1658,2026-07-01 02:45:00+00:00,6855.89,5979.85,7689.34,6604.585757050585,6497.388721505669
e8fffaab-f310-4c9c-a833-a837b68f1658,2026-07-01 03:00:00+00:00,6720.09,6855.89,7506.1,7546.994882574023,7440.6664538677705
e8fffaab-f310-4c9c-a833-a837b68f1658,2026-07-01 03:15:00+00:00,23611.14,6720.09,23778.94,7979.441865929131,7732.915370180286
e8fffaab-f310-4c9c-a833-a837b68f1658,2026-07-01 03:30:00+00:00,15187.99,23611.14,12172.26,24220.752355567365,23996.929190096253
e8fffaab-f310-4c9c-a833-a837b68f1658,2026-07-01 03:45:00+00:00,6987.3,15187.99,6043.78,12493.31145165775,12372.637539613086
e8fffaab-f310-4c9c-a833-a837b68f1658,2026-07-01 04:00:00+00:00,7640.18,6987.3,7042.08,6107.902473430542,6050.252247054903
e8fffaab-f310-4c9c-a833-a837b68f1658,2026-07-01 04:15:00+00:00,9252.19,7640.18,8658.08,8860.08312449938,8650.517059430347
e8fffaab-f310-4c9c-a833-a837b68f1658,2026-07-01 04:30:00+00:00,8862.02,9252.19,7707.41,10119.8748982957,9960.883149542147
e8fffaab-f310-4c9c-a833-a837b68f1658,2026-07-01 04:45:00+00:00,7909.77,8862.02,7304.19,9308.197090996484,9195.353451385396
e8fffaab-f310-4c9c-a833-a837b68f1658,2026-07-01 05:00:00+00:00,7925.93,7909.77,8813.21,8388.55752531115,8279.932913167393
e8fffaab-f310-4c9c-a833-a837b68f1658,2026-07-01 05:15:00+00:00,7896.58,7925.93,9055.12,8727.968055238733,8574.84372759828
e8fffaab-f310-4c9c-a833-a837b68f1658,2026-07-01 05:30:00+00:00,13278.92,7896.58,11004.03,9169.317187659257,8921.033975114386
e8fffaab-f310-4c9c-a833-a837b68f1658,2026-07-01 05:45:00+00:00,18016.59,13278.92,8254.24,14550.873157235344,14254.032284111356
e8fffaab-f310-4c9c-a833-a837b68f1658,2026-07-01 06:00:00+00:00,16112.9,18016.59,13033.05,18655.8967006937,18222.070010124873
e8fffaab-f310-4c9c-a833-a837b68f1658,2026-07-01 06:15:00+00:00,16156.48,16112.9,12397.45,16190.47631092144,15708.490459916
e8fffaab-f310-4c9c-a833-a837b68f1658,2026-07-01 06:30:00+00:00,17698.27,16156.48,13435.23,16623.06566271038,16108.172549475461
e8fffaab-f310-4c9c-a833-a837b68f1658,2026-07-01 06:45:00+00:00,16154.86,17698.27,10770.33,18274.51623329468,17710.44632817633
e8fffaab-f310-4c9c-a833-a837b68f1658,2026-07-01 07:00:00+00:00,20233.13,16154.86,8477.59,16110.938388912495,15613.540420815318
e8fffaab-f310-4c9c-a833-a837b68f1658,2026-07-01 07:15:00+00:00,20497.15,20233.13,8270.68,20527.151468846252,19981.71823354884
e8fffaab-f310-4c9c-a833-a837b68f1658,2026-07-01 07:30:00+00:00,13443.95,20497.15,7781.77,19218.19069256937,18777.3169809152
e8fffaab-f310-4c9c-a833-a837b68f1658,2026-07-01 07:45:00+00:00,12531.89,13443.95,10571.9,12113.998770758006,11716.819114777863
e8fffaab-f310-4c9c-a833-a837b68f1658,2026-07-01 08:00:00+00:00,21017.48,12531.89,9979.8,12916.914686489386,12450.00306223069
e8fffaab-f310-4c9c-a833-a837b68f1658,2026-07-01 08:15:00+00:00,21632.56,21017.48,10767.51,21513.648049014602,20976.46955012488
e8fffaab-f310-4c9c-a833-a837b68f1658,2026-07-01 08:30:00+00:00,18396.53,21632.56,9398.07,19943.824709241664,19502.639673251808
e8fffaab-f310-4c9c-a833-a837b68f1658,2026-07-01 08:45:00+00:00,16829.13,18396.53,9484.21,16651.34082020234,16218.807092685822
e8fffaab-f310-4c9c-a833-a837b68f1658,2026-07-01 09:00:00+00:00,14705.06,16829.13,10856.31,16393.635654946338,15821.284270210854
e8fffaab-f310-4c9c-a833-a837b68f1658,2026-07-01 09:15:00+00:00,8766.74,14705.06,14221.61,14716.084202303153,14115.907289585657
e8fffaab-f310-4c9c-a833-a837b68f1658,2026-07-01 09:30:00+00:00,6625.28,8766.74,14161.38,9326.86583486604,8753.406173037598
e8fffaab-f310-4c9c-a833-a837b68f1658,2026-07-01 09:45:00+00:00,6496.28,6625.28,20078.97,8447.915113563455,7850.78019905435
e8fffaab-f310-4c9c-a833-a837b68f1658,2026-07-01 10:00:00+00:00,7544.77,6496.28,19936.63,8679.224461994989,8084.119376158697
e8fffaab-f310-4c9c-a833-a837b68f1658,2026-07-01 10:15:00+00:00,12110.93,7544.77,12843.98,8660.958719617116,8261.17343597648
e8fffaab-f310-4c9c-a833-a837b68f1658,2026-07-01 10:30:00+00:00,7239.38,12110.93,12865.0,12774.038313815043,12371.485540803002
e8fffaab-f310-4c9c-a833-a837b68f1658,2026-07-01 10:45:00+00:00,6762.72,7239.38,11871.53,7129.852661620769,6737.360972351722
e8fffaab-f310-4c9c-a833-a837b68f1658,2026-07-01 11:00:00+00:00,2997.72,6762.72,20603.86,8086.863992156909,7578.988746865125
e8fffaab-f310-4c9c-a833-a837b68f1658,2026-07-01 11:15:00+00:00,11328.67,2997.72,14466.16,3882.206934413942,3482.493810630396
e8fffaab-f310-4c9c-a833-a837b68f1658,2026-07-01 11:30:00+00:00,9941.38,11328.67,15761.53,12971.292083022903,12503.965032635759
e8fffaab-f310-4c9c-a833-a837b68f1658,2026-07-01 11:45:00+00:00,10571.51,9941.38,18526.46,10339.256493076799,9803.01129023623
e8fffaab-f310-4c9c-a833-a837b68f1658,2026-07-01 12:00:00+00:00,2922.18,10571.51,17507.15,11062.36706857271,10551.938653118186
e8fffaab-f310-4c9c-a833-a837b68f1658,2026-07-01 12:15:00+00:00,9188.09,2922.18,16606.07,3639.2952854100986,3107.5675269219146
e8fffaab-f310-4c9c-a833-a837b68f1658,2026-07-01 12:30:00+00:00,13930.66,9188.09,17270.72,11189.511946459726,10640.4647948812
e8fffaab-f310-4c9c-a833-a837b68f1658,2026-07-01 12:45:00+00:00,9126.11,13930.66,13310.25,14251.745488871042,13738.072312171378
e8fffaab-f310-4c9c-a833-a837b68f1658,2026-07-01 13:00:00+00:00,10140.86,9126.11,12777.07,8288.569997808061,7871.853751082761
e8fffaab-f310-4c9c-a833-a837b68f1658,2026-07-01 13:15:00+00:00,11503.28,10140.86,8900.31,10314.477574304616,9868.50783615227
e8fffaab-f310-4c9c-a833-a837b68f1658,2026-07-01 13:30:00+00:00,11776.17,11503.28,13257.05,12123.873012250657,11534.369141466115
e8fffaab-f310-4c9c-a833-a837b68f1658,2026-07-01 13:45:00+00:00,16376.69,11776.17,13218.87,11921.098256098576,11376.97850536662
e8fffaab-f310-4c9c-a833-a837b68f1658,2026-07-01 14:00:00+00:00,16060.36,16376.69,15066.52,16588.332387039147,15974.568685588118
e8fffaab-f310-4c9c-a833-a837b68f1658,2026-07-01 14:15:00+00:00,15766.35,16060.36,12660.5,15176.697095526153,14598.946247150097
e8fffaab-f310-4c9c-a833-a837b68f1658,2026-07-01 14:30:00+00:00,17785.77,15766.35,10925.26,14821.641918203415,14269.8597387345
e8fffaab-f310-4c9c-a833-a837b68f1658,2026-07-01 14:45:00+00:00,19064.26,17785.77,11601.94,16815.91255247728,16241.041244861264
e8fffaab-f310-4c9c-a833-a837b68f1658,2026-07-01 15:00:00+00:00,12940.72,19064.26,8310.37,17479.30055612515,16936.690443162675
e8fffaab-f310-4c9c-a833-a837b68f1658,2026-07-01 15:15:00+00:00,9156.69,12940.72,6594.0,11082.12671112828,10599.12474863966
e8fffaab-f310-4c9c-a833-a837b68f1658,2026-07-01 15:30:00+00:00,4484.99,9156.69,4065.49,8461.763528536514,8015.2922407380975
e8fffaab-f310-4c9c-a833-a837b68f1658,2026-07-01 15:45:00+00:00,3573.81,4484.99,6574.23,4666.459735100303,4223.856065351846
e8fffaab-f310-4c9c-a833-a837b68f1658,2026-07-01 16:00:00+00:00,4155.19,3573.81,3245.22,4144.269838899104,3821.6519954770793
e8fffaab-f310-4c9c-a833-a837b68f1658,2026-07-01 16:15:00+00:00,4962.28,4155.19,3215.99,4779.855413458739,4496.372813960741
e8fffaab-f310-4c9c-a833-a837b68f1658,2026-07-01 16:30:00+00:00,5386.01,4962.28,7290.76,5503.198318184601,5223.334619867008
e8fffaab-f310-4c9c-a833-a837b68f1658,2026-07-01 16:45:00+00:00,2982.41,5386.01,4594.64,5586.940499595397,5353.036440008378
e8fffaab-f310-4c9c-a833-a837b68f1658,2026-07-01 17:00:00+00:00,3894.51,2982.41,3153.76,2993.9884051500194,2808.2699777304288
e8fffaab-f310-4c9c-a833-a837b68f1658,2026-07-01 17:15:00+00:00,3969.2,3894.51,4821.05,4473.08015309243,4264.1461018254495
e8fffaab-f310-4c9c-a833-a837b68f1658,2026-07-01 17:30:00+00:00,4644.19,3969.2,4237.13,4375.543450785684,4171.913749617657
e8fffaab-f310-4c9c-a833-a837b68f1658,2026-07-01 17:45:00+00:00,5565.52,4644.19,3368.17,4928.848528499709,4754.707138481981
e8fffaab-f310-4c9c-a833-a837b68f1658,2026-07-01 18:00:00+00:00,5470.22,5565.52,4110.74,5793.653843515914,5601.856817754988
e8fffaab-f310-4c9c-a833-a837b68f1658,2026-07-01 18:15:00+00:00,5842.29,5470.22,13937.11,5936.043428626749,5651.416903176341
e8fffaab-f310-4c9c-a833-a837b68f1658,2026-07-01 18:30:00+00:00,6205.24,5842.29,58031.11,8364.876714549047,7627.70823231585
e8fffaab-f310-4c9c-a833-a837b68f1658,2026-07-01 18:45:00+00:00,5440.77,6205.24,57527.11,8661.936869926973,7921.0922779660805
e8fffaab-f310-4c9c-a833-a837b68f1658,2026-07-01 19:00:00+00:00,5150.11,5440.77,58025.07,7826.900486249988,7094.158908359724
e8fffaab-f310-4c9c-a833-a837b68f1658,2026-07-01 19:15:00+00:00,5136.27,5150.11,47966.49,7218.505234874625,6599.606189229313
e8fffaab-f310-4c9c-a833-a837b68f1658,2026-07-01 19:30:00+00:00,5053.44,5136.27,34764.14,6683.280064279845,6203.445100466253
e8fffaab-f310-4c9c-a833-a837b68f1658,2026-07-01 19:45:00+00:00,5469.8,5053.44,5736.14,5270.782729632407,5100.283293383414
e8fffaab-f310-4c9c-a833-a837b68f1658,2026-07-01 20:00:00+00:00,5537.78,5469.8,5666.91,5704.07376531887,5544.433660942695
e8fffaab-f310-4c9c-a833-a837b68f1658,2026-07-01 20:15:00+00:00,5387.07,5537.78,6077.18,5706.813849145378,5533.516032195962
e8fffaab-f310-4c9c-a833-a837b68f1658,2026-07-01 20:30:00+00:00,5438.02,5387.07,5653.51,5511.986643413738,5338.316981954446
e8fffaab-f310-4c9c-a833-a837b68f1658,2026-07-01 20:45:00+00:00,5410.29,5438.02,5731.93,5593.719591828491,5411.193582328705
e8fffaab-f310-4c9c-a833-a837b68f1658,2026-07-01 21:00:00+00:00,5197.88,5410.29,5582.66,5564.260275924381,5375.817775525899
e8fffaab-f310-4c9c-a833-a837b68f1658,2026-07-01 21:15:00+00:00,5881.28,5197.88,5011.61,5336.70351995678,5142.131593196152
e8fffaab-f310-4c9c-a833-a837b68f1658,2026-07-01 21:30:00+00:00,5879.36,5881.28,5357.07,6112.443192669458,5891.4341619733195
e8fffaab-f310-4c9c-a833-a837b68f1658,2026-07-01 21:45:00+00:00,5949.85,5879.36,5530.48,5990.91860824949,5757.2078678964135
e8fffaab-f310-4c9c-a833-a837b68f1658,2026-07-01 22:00:00+00:00,5692.76,5949.85,5017.12,6028.054376354114,5793.092557148403
e8fffaab-f310-4c9c-a833-a837b68f1658,2026-07-01 22:15:00+00:00,5434.94,5692.76,4900.87,5802.4150914778065,5554.589143757477
e8fffaab-f310-4c9c-a833-a837b68f1658,2026-07-01 22:30:00+00:00,5379.43,5434.94,4782.83,5571.211908254745,5325.701904108818
e8fffaab-f310-4c9c-a833-a837b68f1658,2026-07-01 22:45:00+00:00,5179.24,5379.43,5162.68,5618.144238486475,5361.506084417822
e8fffaab-f310-4c9c-a833-a837b68f1658,2026-07-01 23:00:00+00:00,4686.06,5179.24,4851.47,5427.742123761651,5174.5359960998485
e8fffaab-f310-4c9c-a833-a837b68f1658,2026-07-01 23:15:00+00:00,4662.29,4686.06,4922.46,4990.151311944487,4742.854604393004
e8fffaab-f310-4c9c-a833-a837b68f1658,2026-07-01 23:30:00+00:00,4623.73,4662.29,4671.2,5047.759816251108,4809.617272558286
e8fffaab-f310-4c9c-a833-a837b68f1658,2026-07-01 23:45:00+00:00,4626.37,4623.73,6444.92,5130.566242612821,4877.367932061382
e8fffaab-f310-4c9c-a833-a837b68f1658,2026-07-02 00:00:00+00:00,4544.01,4626.37,5022.4,5026.6194093947515,4818.299923069131
e8fffaab-f310-4c9c-a833-a837b68f1658,2026-07-02 00:15:00+00:00,4386.82,4544.01,4868.12,4975.329825956176,4773.73959759601
e8fffaab-f310-4c9c-a833-a837b68f1658,2026-07-02 00:30:00+00:00,4426.28,4386.82,5101.62,4855.444500243789,4663.568599140467
e8fffaab-f310-4c9c-a833-a837b68f1658,2026-07-02 00:45:00+00:00,4920.82,4426.28,5059.49,5003.358465144971,4813.094320431613
e8fffaab-f310-4c9c-a833-a837b68f1658,2026-07-02 01:00:00+00:00,4273.93,4920.82,5195.48,5442.083245863956,5270.957719786707
e8fffaab-f310-4c9c-a833-a837b68f1658,2026-07-02 01:15:00+00:00,4423.16,4273.93,3665.43,4703.485749077893,4563.282200847748
e8fffaab-f310-4c9c-a833-a837b68f1658,2026-07-02 01:30:00+00:00,4899.61,4423.16,3759.18,4973.663575909625,4855.890446470422
e8fffaab-f310-4c9c-a833-a837b68f1658,2026-07-02 01:45:00+00:00,4017.29,4899.61,3807.96,5482.649730701918,5373.894827247458
e8fffaab-f310-4c9c-a833-a837b68f1658,2026-07-02 02:00:00+00:00,6778.97,4017.29,6504.47,4779.292755707004,4655.398599401979
e8fffaab-f310-4c9c-a833-a837b68f1658,2026-07-02 02:15:00+00:00,6577.59,6778.97,5974.53,7650.712741336332,7534.6941296087825
e8fffaab-f310-4c9c-a833-a837b68f1658,2026-07-02 02:30:00+00:00,6205.8,6577.59,5979.85,7024.972069131465,6910.94843097491
e8fffaab-f310-4c9c-a833-a837b68f1658,2026-07-02 02:45:00+00:00,5958.27,6205.8,6855.89,6696.159549499322,6607.276218481307
e8fffaab-f310-4c9c-a833-a837b68f1658,2026-07-02 03:00:00+00:00,6253.48,5958.27,6720.09,6606.98596142876,6520.309694378202
e8fffaab-f310-4c9c-a833-a837b68f1658,2026-07-02 03:15:00+00:00,6098.63,6253.48,23611.14,7726.344347240874,7485.164048545317
e8fffaab-f310-4c9c-a833-a837b68f1658,2026-07-02 03:30:00+00:00,6438.79,6098.63,15187.99,7183.7712592185635,7040.66716877968
e8fffaab-f310-4c9c-a833-a837b68f1658,2026-07-02 03:45:00+00:00,5671.76,6438.79,6987.3,7187.453764955588,7143.917266825374
e8fffaab-f310-4c9c-a833-a837b68f1658,2026-07-02 04:00:00+00:00,5582.74,5671.76,7640.18,6366.119412524204,6344.547260223199
e8fffaab-f310-4c9c-a833-a837b68f1658,2026-07-02 04:15:00+00:00,5934.18,5582.74,9252.19,6637.492302056562,6579.57872754094
e8fffaab-f310-4c9c-a833-a837b68f1658,2026-07-02 04:30:00+00:00,6108.47,5934.18,8862.02,6963.360249164802,6909.73256922814
e8fffaab-f310-4c9c-a833-a837b68f1658,2026-07-02 04:45:00+00:00,8009.41,6108.47,7909.77,7162.646097504916,7099.059986029932
e8fffaab-f310-4c9c-a833-a837b68f1658,2026-07-02 05:00:00+00:00,8975.8,8009.41,7925.93,9033.057574903909,8954.488888581633
e8fffaab-f310-4c9c-a833-a837b68f1658,2026-07-02 05:15:00+00:00,9354.04,8975.8,7896.58,9820.995493208125,9695.503148803835
e8fffaab-f310-4c9c-a833-a837b68f1658,2026-07-02 05:30:00+00:00,18376.56,9354.04,13278.92,10633.89376203062,10383.630452399932
e8fffaab-f310-4c9c-a833-a837b68f1658,2026-07-02 05:45:00+00:00,19690.87,18376.56,18016.59,19714.8763448451,19341.73251922488
e8fffaab-f310-4c9c-a833-a837b68f1658,2026-07-02 06:00:00+00:00,18997.54,19690.87,16112.9,19300.225931257744,18903.532580172658
e8fffaab-f310-4c9c-a833-a837b68f1658,2026-07-02 06:15:00+00:00,17292.15,18997.54,16156.48,18381.303084211348,17975.378791095787
e8fffaab-f310-4c9c-a833-a837b68f1658,2026-07-02 06:30:00+00:00,18128.47,17292.15,17698.27,16937.52411760167,16480.295488670352
e8fffaab-f310-4c9c-a833-a837b68f1658,2026-07-02 06:45:00+00:00,18244.8,18128.47,16154.86,18163.03494953083,17680.78403540014
e8fffaab-f310-4c9c-a833-a837b68f1658,2026-07-02 07:00:00+00:00,13637.41,18244.8,20233.13,18323.691334684965,17788.057409101082
e8fffaab-f310-4c9c-a833-a837b68f1658,2026-07-02 07:15:00+00:00,14320.47,13637.41,20497.15,13579.226319373902,13094.96632506689
e8fffaab-f310-4c9c-a833-a837b68f1658,2026-07-02 07:30:00+00:00,4345.91,14320.47,13443.95,14647.376393560146,14246.208986725265
e8fffaab-f310-4c9c-a833-a837b68f1658,2026-07-02 07:45:00+00:00,11522.03,4345.91,12531.89,4508.132324700756,4184.080870787242
e8fffaab-f310-4c9c-a833-a837b68f1658,2026-07-02 08:00:00+00:00,10091.15,11522.03,21017.48,13675.375993084084,13266.622256386334
e8fffaab-f310-4c9c-a833-a837b68f1658,2026-07-02 08:15:00+00:00,8315.71,10091.15,21632.56,10988.746079262542,10541.322197424899
e8fffaab-f310-4c9c-a833-a837b68f1658,2026-07-02 08:30:00+00:00,9536.93,8315.71,18396.53,9191.370077763691,8828.475280614071
e8fffaab-f310-4c9c-a833-a837b68f1658,2026-07-02 08:45:00+00:00,10743.1,9536.93,16829.13,10619.150416331806,10223.090872381506
e8fffaab-f310-4c9c-a833-a837b68f1658,2026-07-02 09:00:00+00:00,9176.0,10743.1,14705.06,11629.746447654752,11202.079794585788
e8fffaab-f310-4c9c-a833-a837b68f1658,2026-07-02 09:15:00+00:00,10017.57,9176.0,8766.74,9172.247524047756,8899.465407267058
e8fffaab-f310-4c9c-a833-a837b68f1658,2026-07-02 09:30:00+00:00,14706.42,10017.57,6625.28,10293.921084094998,10034.436730265435
e8fffaab-f310-4c9c-a833-a837b68f1658,2026-07-02 09:45:00+00:00,27234.63,14706.42,6496.28,14910.147491071044,14605.772151674351
e8fffaab-f310-4c9c-a833-a837b68f1658,2026-07-02 10:00:00+00:00,16899.77,27234.63,7544.77,26245.862445645787,25894.064803042736
e8fffaab-f310-4c9c-a833-a837b68f1658,2026-07-02 10:15:00+00:00,10240.58,16899.77,12110.93,13700.56835762879,13427.743433156626
e8fffaab-f310-4c9c-a833-a837b68f1658,2026-07-02 10:30:00+00:00,10069.45,10240.58,7239.38,9185.207610089303,8995.512940132623
e8fffaab-f310-4c9c-a833-a837b68f1658,2026-07-02 10:45:00+00:00,8264.66,10069.45,6762.72,10740.939537908862,10490.134574562317
e8fffaab-f310-4c9c-a833-a837b68f1658,2026-07-02 11:00:00+00:00,9966.01,8264.66,2997.72,8826.958070063605,8706.221355803154
e8fffaab-f310-4c9c-a833-a837b68f1658,2026-07-02 11:15:00+00:00,11926.44,9966.01,11328.67,10992.656882177216,10842.341182555474
e8fffaab-f310-4c9c-a833-a837b68f1658,2026-07-02 11:30:00+00:00,12755.89,11926.44,9941.38,12425.087015047688,12293.761935876635
e8fffaab-f310-4c9c-a833-a837b68f1658,2026-07-02 11:45:00+00:00,13216.83,12755.89,10571.51,13069.376383523275,12902.475029416499
e8fffaab-f310-4c9c-a833-a837b68f1658,2026-07-02 12:00:00+00:00,10528.91,13216.83,2922.18,12768.531811062381,12704.499988427327
e8fffaab-f310-4c9c-a833-a837b68f1658,2026-07-02 12:15:00+00:00,12829.21,10528.91,9188.09,10349.524818943943,10258.1646775325
e8fffaab-f310-4c9c-a833-a837b68f1658,2026-07-02 12:30:00+00:00,11813.52,12829.21,13930.66,13327.954127261428,13208.043123306119
e8fffaab-f310-4c9c-a833-a837b68f1658,2026-07-02 12:45:00+00:00,11874.34,11813.52,9126.11,11707.28053755309,11660.83850303225
e8fffaab-f310-4c9c-a833-a837b68f1658,2026-07-02 13:00:00+00:00,9428.38,11874.34,10140.86,11626.862452777472,11667.46530000829
e8fffaab-f310-4c9c-a833-a837b68f1658,2026-07-02 13:15:00+00:00,6838.7,9428.38,11503.28,9451.144179580846,9418.067977655499
e8fffaab-f310-4c9c-a833-a837b68f1658,2026-07-02 13:30:00+00:00,8400.08,6838.7,11776.17,7080.686895263036,7074.267881157494
e8fffaab-f310-4c9c-a833-a837b68f1658,2026-07-02 13:45:00+00:00,13435.02,8400.08,16376.69,9087.593006476243,9024.591543734969
e8fffaab-f310-4c9c-a833-a837b68f1658,2026-07-02 14:00:00+00:00,13669.76,13435.02,16060.36,13913.002070164777,13761.1871948524
e8fffaab-f310-4c9c-a833-a837b68f1658,2026-07-02 14:15:00+00:00,7410.3,13669.76,15766.35,13254.346263470641,13029.206821750202
e8fffaab-f310-4c9c-a833-a837b68f1658,2026-07-02 14:30:00+00:00,10230.48,7410.3,17785.77,7010.727618189943,6748.336088808746
e8fffaab-f310-4c9c-a833-a837b68f1658,2026-07-02 14:45:00+00:00,6655.92,10230.48,19064.26,11219.689766380627,10818.885833868992
e8fffaab-f310-4c9c-a833-a837b68f1658,2026-07-02 15:00:00+00:00,4650.17,6655.92,12940.72,6817.719351333819,6436.343703302337
e8fffaab-f310-4c9c-a833-a837b68f1658,2026-07-02 15:15:00+00:00,6881.49,4650.17,9156.69,5098.07140731746,4849.895081108501
e8fffaab-f310-4c9c-a833-a837b68f1658,2026-07-02 15:30:00+00:00,1077.16,6881.49,4484.99,7562.29170650533,7341.401405415382
e8fffaab-f310-4c9c-a833-a837b68f1658,2026-07-02 15:45:00+00:00,3361.8,1077.16,3573.81,1353.7661241793721,1206.539266345777
e8fffaab-f310-4c9c-a833-a837b68f1658,2026-07-02 16:00:00+00:00,4214.17,3361.8,4155.19,4314.017073861588,4242.228428291878
e8fffaab-f310-4c9c-a833-a837b68f1658,2026-07-02 16:15:00+00:00,3357.19,4214.17,4962.28,4766.622486679786,4660.371826535299
e8fffaab-f310-4c9c-a833-a837b68f1658,2026-07-02 16:30:00+00:00,2626.98,3357.19,5386.01,3629.8909654632944,3558.1761499925915
e8fffaab-f310-4c9c-a833-a837b68f1658,2026-07-02 16:45:00+00:00,3285.31,2626.98,2982.41,3040.5908523138924,2967.9845528509077
e8fffaab-f310-4c9c-a833-a837b68f1658,2026-07-02 17:00:00+00:00,3321.19,3285.31,3894.51,3917.1999601148436,3811.4934035004526
e8fffaab-f310-4c9c-a833-a837b68f1658,2026-07-02 17:15:00+00:00,3105.58,3321.19,3969.2,3882.151382208196,3777.820773992842
e8fffaab-f310-4c9c-a833-a837b68f1658,2026-07-02 17:30:00+00:00,5902.04,3105.58,4644.19,3710.8469813336915,3608.943245315615
e8fffaab-f310-4c9c-a833-a837b68f1658,2026-07-02 17:45:00+00:00,4803.8,5902.04,5565.52,6459.365066737853,6351.92362247783
e8fffaab-f310-4c9c-a833-a837b68f1658,2026-07-02 18:00:00+00:00,4556.04,4803.8,5470.22,4781.587897720462,4696.515534789584
e8fffaab-f310-4c9c-a833-a837b68f1658,2026-07-02 18:15:00+00:00,4698.17,4556.04,5842.29,4728.844799311113,4659.890971826586
e8fffaab-f310-4c9c-a833-a837b68f1658,2026-07-02 18:30:00+00:00,5188.37,4698.17,6205.24,5027.667555027063,4941.075780015918
e8fffaab-f310-4c9c-a833-a837b68f1658,2026-07-02 18:45:00+00:00,4652.28,5188.37,5440.77,5410.509215499812,5350.7967177683495
e8fffaab-f310-4c9c-a833-a837b68f1658,2026-07-02 19:00:00+00:00,4820.11,4652.28,5150.11,4809.197710298865,4763.725147114576
e8fffaab-f310-4c9c-a833-a837b68f1658,2026-07-02 19:15:00+00:00,4924.75,4820.11,5136.27,5050.959601996467,5010.2051587380065
e8fffaab-f310-4c9c-a833-a837b68f1658,2026-07-02 19:30:00+00:00,5667.04,4924.75,5053.44,5114.834227362495,5075.515794958592
e8fffaab-f310-4c9c-a833-a837b68f1658,2026-07-02 19:45:00+00:00,5098.84,5667.04,5469.8,5840.498303279053,5798.841273277135
e8fffaab-f310-4c9c-a833-a837b68f1658,2026-07-02 20:00:00+00:00,5174.31,5098.84,5537.78,5138.584137082524,5103.6979013676355
e8fffaab-f310-4c9c-a833-a837b68f1658,2026-07-02 20:15:00+00:00,5384.59,5174.31,5387.07,5349.341049131795,5297.562691862957
e8fffaab-f310-4c9c-a833-a837b68f1658,2026-07-02 20:30:00+00:00,5490.22,5384.59,5438.02,5560.6907286082605,5490.606698633719
e8fffaab-f310-4c9c-a833-a837b68f1658,2026-07-02 20:45:00+00:00,4993.81,5490.22,5410.29,5594.08950988321,5520.289768158759
e8fffaab-f310-4c9c-a833-a837b68f1658,2026-07-02 21:00:00+00:00,4582.48,4993.81,5197.88,5083.069969957808,5004.399458297256
e8fffaab-f310-4c9c-a833-a837b68f1658,2026-07-02 21:15:00+00:00,4913.57,4582.48,5881.28,4800.680875015165,4705.372215214079
e8fffaab-f310-4c9c-a833-a837b68f1658,2026-07-02 21:30:00+00:00,4706.87,4913.57,5879.36,5253.1764879185885,5137.692461767528
e8fffaab-f310-4c9c-a833-a837b68f1658,2026-07-02 21:45:00+00:00,4768.12,4706.87,5949.85,5000.072457391453,4875.904849372956
e8fffaab-f310-4c9c-a833-a837b68f1658,2026-07-02 22:00:00+00:00,4304.65,4768.12,5692.76,5051.181343988061,4929.4525630067965
e8fffaab-f310-4c9c-a833-a837b68f1658,2026-07-02 22:15:00+00:00,4371.06,4304.65,5434.94,4581.504123283043,4457.781266509593
e8fffaab-f310-4c9c-a833-a837b68f1658,2026-07-02 22:30:00+00:00,4355.22,4371.06,5379.43,4794.906699426845,4660.120842687956
e8fffaab-f310-4c9c-a833-a837b68f1658,2026-07-02 22:45:00+00:00,4281.71,4355.22,5179.24,4763.770390724418,4629.037460993629
e8fffaab-f310-4c9c-a833-a837b68f1658,2026-07-02 23:00:00+00:00,4293.29,4281.71,4686.06,4660.514353123512,4535.718863993128
e8fffaab-f310-4c9c-a833-a837b68f1658,2026-07-02 23:15:00+00:00,5357.58,4293.29,4662.29,4726.789445910418,4603.450383937833
e8fffaab-f310-4c9c-a833-a837b68f1658,2026-07-02 23:30:00+00:00,6019.02,5357.58,4623.73,5790.4128787527,5668.1735011314395
e8fffaab-f310-4c9c-a833-a837b68f1658,2026-07-02 23:45:00+00:00,4121.19,6019.02,4626.37,6224.745599583892,6111.908747099707
e8fffaab-f310-4c9c-a833-a837b68f1658,2026-07-03 00:00:00+00:00,4250.76,4121.19,4544.01,4264.782052231988,4164.198033942264
e8fffaab-f310-4c9c-a833-a837b68f1658,2026-07-03 00:15:00+00:00,4428.1,4250.76,4386.82,4799.726493023812,4699.053528342988
e8fffaab-f310-4c9c-a833-a837b68f1658,2026-07-03 00:30:00+00:00,4283.73,4428.1,4426.28,5004.739043219409,4902.913908297486
e8fffaab-f310-4c9c-a833-a837b68f1658,2026-07-03 00:45:00+00:00,3871.36,4283.73,4920.82,4811.909584080919,4731.69125409982
e8fffaab-f310-4c9c-a833-a837b68f1658,2026-07-03 01:00:00+00:00,3487.41,3871.36,4273.93,4415.810069575643,4356.920233399798
e8fffaab-f310-4c9c-a833-a837b68f1658,2026-07-03 01:15:00+00:00,3642.57,3487.41,4423.16,4194.940449020629,4139.528256052195
e8fffaab-f310-4c9c-a833-a837b68f1658,2026-07-03 01:30:00+00:00,3765.56,3642.57,4899.61,4437.022909226717,4393.562748637676
e8fffaab-f310-4c9c-a833-a837b68f1658,2026-07-03 01:45:00+00:00,3711.03,3765.56,4017.29,4496.251947097638,4478.45489789346
e8fffaab-f310-4c9c-a833-a837b68f1658,2026-07-03 02:00:00+00:00,6437.59,3711.03,6778.97,4722.996502104731,4669.769590066104
e8fffaab-f310-4c9c-a833-a837b68f1658,2026-07-03 02:15:00+00:00,5846.44,6437.59,6577.59,7444.320907861333,7393.45568855981
e8fffaab-f310-4c9c-a833-a837b68f1658,2026-07-03 02:30:00+00:00,5936.88,5846.44,6205.8,6375.00632766354,6343.987172279649
e8fffaab-f310-4c9c-a833-a837b68f1658,2026-07-03 02:45:00+00:00,6707.23,5936.88,5958.27,6550.225301148679,6549.052539494487
e8fffaab-f310-4c9c-a833-a837b68f1658,2026-07-03 03:00:00+00:00,8312.27,6707.23,6253.48,7433.30028539171,7420.417880063655
e8fffaab-f310-4c9c-a833-a837b68f1658,2026-07-03 03:15:00+00:00,6713.75,8312.27,6098.63,8853.942596683788,8855.763523353362
e8fffaab-f310-4c9c-a833-a837b68f1658,2026-07-03 03:30:00+00:00,6431.69,6713.75,6438.79,6940.887744704626,6975.3978265749665
e8fffaab-f310-4c9c-a833-a837b68f1658,2026-07-03 03:45:00+00:00,6254.63,6431.69,5671.76,7065.274960366575,7108.911312816316
e8fffaab-f310-4c9c-a833-a837b68f1658,2026-07-03 04:00:00+00:00,5675.73,6254.63,5582.74,6961.710857190139,7020.965533700299
e8fffaab-f310-4c9c-a833-a837b68f1658,2026-07-03 04:15:00+00:00,5905.92,5675.73,5934.18,6596.6414740914925,6633.902922953664
e8fffaab-f310-4c9c-a833-a837b68f1658,2026-07-03 04:30:00+00:00,5969.97,5905.92,6108.47,6827.763486802323,6878.583457593671
e8fffaab-f310-4c9c-a833-a837b68f1658,2026-07-03 04:45:00+00:00,7022.59,5969.97,8009.41,7006.6890282138065,7024.354536377576
e8fffaab-f310-4c9c-a833-a837b68f1658,2026-07-03 05:00:00+00:00,8666.58,7022.59,8975.8,8066.342922749367,8069.195120595786
e8fffaab-f310-4c9c-a833-a837b68f1658,2026-07-03 05:15:00+00:00,8682.26,8666.58,9354.04,9581.481011720492,9540.167304675027
e8fffaab-f310-4c9c-a833-a837b68f1658,2026-07-03 05:30:00+00:00,8323.57,8682.26,18376.56,9692.803453169248,9542.532775985883
e8fffaab-f310-4c9c-a833-a837b68f1658,2026-07-03 05:45:00+00:00,8194.38,8323.57,19690.87,9560.75093474248,9353.03864456892
e8fffaab-f310-4c9c-a833-a837b68f1658,2026-07-03 06:00:00+00:00,9898.51,8194.38,18997.54,9469.966447280982,9247.5694707743
e8fffaab-f310-4c9c-a833-a837b68f1658,2026-07-03 06:15:00+00:00,8201.38,9898.51,17292.15,11055.474635416524,10836.244245858941
e8fffaab-f310-4c9c-a833-a837b68f1658,2026-07-03 06:30:00+00:00,9301.74,8201.38,18128.47,9295.274289894389,9035.072143346606
e8fffaab-f310-4c9c-a833-a837b68f1658,2026-07-03 06:45:00+00:00,9552.01,9301.74,18244.8,10570.439894527148,10314.795787607494
e8fffaab-f310-4c9c-a833-a837b68f1658,2026-07-03 07:00:00+00:00,10217.64,9552.01,13637.41,10362.762137416934,10137.993116344694
e8fffaab-f310-4c9c-a833-a837b68f1658,2026-07-03 07:15:00+00:00,8884.99,10217.64,14320.47,10899.928422648994,10677.15995930241
e8fffaab-f310-4c9c-a833-a837b68f1658,2026-07-03 07:30:00+00:00,9748.43,8884.99,4345.91,9145.418468781114,8994.293276619805
e8fffaab-f310-4c9c-a833-a837b68f1658,2026-07-03 07:45:00+00:00,9254.85,9748.43,11522.03,10563.131208775503,10326.051517598817
e8fffaab-f310-4c9c-a833-a837b68f1658,2026-07-03 08:00:00+00:00,8619.16,9254.85,10091.15,9915.532821638257,9669.432258293851
e8fffaab-f310-4c9c-a833-a837b68f1658,2026-07-03 08:15:00+00:00,10065.95,8619.16,8315.71,9864.815774004524,9549.326231540723
e8fffaab-f310-4c9c-a833-a837b68f1658,2026-07-03 08:30:00+00:00,6654.01,10065.95,9536.93,11303.388947503061,10981.281920091193
e8fffaab-f310-4c9c-a833-a837b68f1658,2026-07-03 08:45:00+00:00,5932.97,6654.01,10743.1,7830.440839442121,7488.945534453812
e8fffaab-f310-4c9c-a833-a837b68f1658,2026-07-03 09:00:00+00:00,8668.91,5932.97,9176.0,7188.361630390173,6940.864303420085
e8fffaab-f310-4c9c-a833-a837b68f1658,2026-07-03 09:15:00+00:00,9681.0,8668.91,10017.57,9796.49891562945,9560.969069685327
e8fffaab-f310-4c9c-a833-a837b68f1658,2026-07-03 09:30:00+00:00,8746.86,9681.0,14706.42,10274.32275116593,10026.464194916702
e8fffaab-f310-4c9c-a833-a837b68f1658,2026-07-03 09:45:00+00:00,9275.62,8746.86,27234.63,10252.953097275347,9800.2398566967
e8fffaab-f310-4c9c-a833-a837b68f1658,2026-07-03 10:00:00+00:00,10327.89,9275.62,16899.77,10121.81736646565,9812.299324537467
e8fffaab-f310-4c9c-a833-a837b68f1658,2026-07-03 10:15:00+00:00,12108.08,10327.89,10240.58,10940.378070611878,10621.614750359597
e8fffaab-f310-4c9c-a833-a837b68f1658,2026-07-03 10:30:00+00:00,18486.3,12108.08,10069.45,12181.547067644271,11865.774917299239
e8fffaab-f310-4c9c-a833-a837b68f1658,2026-07-03 10:45:00+00:00,13739.92,18486.3,8264.66,18348.705240155527,17921.564095271366
e8fffaab-f310-4c9c-a833-a837b68f1658,2026-07-03 11:00:00+00:00,16863.74,13739.92,9966.01,12313.967120460662,11880.23687255915
e8fffaab-f310-4c9c-a833-a837b68f1658,2026-07-03 11:15:00+00:00,24072.45,16863.74,11926.44,16578.761715104352,16081.945880595344
e8fffaab-f310-4c9c-a833-a837b68f1658,2026-07-03 11:30:00+00:00,21198.74,24072.45,12755.89,23184.29167471677,22606.55071149308
e8fffaab-f310-4c9c-a833-a837b68f1658,2026-07-03 11:45:00+00:00,11176.27,21198.74,13216.83,19095.794876623135,18528.887596752204
e8fffaab-f310-4c9c-a833-a837b68f1658,2026-07-03 12:00:00+00:00,16329.9,11176.27,10528.91,9520.357997888877,9052.800733884676
e8fffaab-f310-4c9c-a833-a837b68f1658,2026-07-03 12:15:00+00:00,14339.47,16329.9,12829.21,16812.307053027573,16215.301202008039
e8fffaab-f310-4c9c-a833-a837b68f1658,2026-07-03 12:30:00+00:00,7850.85,14339.47,11813.52,14362.748716893155,13677.836472482686
e8fffaab-f310-4c9c-a833-a837b68f1658,2026-07-03 12:45:00+00:00,10336.82,7850.85,11874.34,7929.704254310884,7354.927648612307
e8fffaab-f310-4c9c-a833-a837b68f1658,2026-07-03 13:00:00+00:00,10272.88,10336.82,9428.38,11613.202738165483,10985.445207914725
e8fffaab-f310-4c9c-a833-a837b68f1658,2026-07-03 13:15:00+00:00,9051.54,10272.88,6838.7,10869.59333502005,10301.26621819042
e8fffaab-f310-4c9c-a833-a837b68f1658,2026-07-03 13:30:00+00:00,8578.27,9051.54,8400.08,9347.622980756481,8870.060015823401
e8fffaab-f310-4c9c-a833-a837b68f1658,2026-07-03 13:45:00+00:00,7914.48,8578.27,13435.02,9613.184374551549,9048.643063447953
e8fffaab-f310-4c9c-a833-a837b68f1658,2026-07-03 14:00:00+00:00,11872.36,7914.48,13669.76,8790.09869127122,8280.007759893611
e8fffaab-f310-4c9c-a833-a837b68f1658,2026-07-03 14:15:00+00:00,10039.62,11872.36,7410.3,12668.95980387451,12188.457087090243
e8fffaab-f310-4c9c-a833-a837b68f1658,2026-07-03 14:30:00+00:00,11882.96,10039.62,10230.48,9965.03170653511,9513.021809199852
e8fffaab-f310-4c9c-a833-a837b68f1658,2026-07-03 14:45:00+00:00,10625.63,11882.96,6655.92,11851.378065000685,11451.094115515305
e8fffaab-f310-4c9c-a833-a837b68f1658,2026-07-03 15:00:00+00:00,12106.12,10625.63,4650.17,10322.923291198129,9913.232011000344
e8fffaab-f310-4c9c-a833-a837b68f1658,2026-07-03 15:15:00+00:00,8804.5,12106.12,6881.49,11973.032996774546,11568.740110484337
e8fffaab-f310-4c9c-a833-a837b68f1658,2026-07-03 15:30:00+00:00,3517.09,8804.5,1077.16,8161.086387609801,7832.975531214723
e8fffaab-f310-4c9c-a833-a837b68f1658,2026-07-03 15:45:00+00:00,4953.55,3517.09,3361.8,3526.2155193795734,3242.545345834401
e8fffaab-f310-4c9c-a833-a837b68f1658,2026-07-03 16:00:00+00:00,653.26,4953.55,4214.17,5772.620061086863,5508.523449151156
e8fffaab-f310-4c9c-a833-a837b68f1658,2026-07-03 16:15:00+00:00,1245.48,653.26,3357.19,1001.852372215204,822.5402616709216
e8fffaab-f310-4c9c-a833-a837b68f1658,2026-07-03 16:30:00+00:00,3276.76,1245.48,2626.98,2279.241066332528,2146.561424093333
e8fffaab-f310-4c9c-a833-a837b68f1658,2026-07-03 16:45:00+00:00,2863.03,3276.76,3285.31,4195.943223349066,4043.989968756786
e8fffaab-f310-4c9c-a833-a837b68f1658,2026-07-03 17:00:00+00:00,3118.63,2863.03,3321.19,3281.437956974052,3168.70943134711
e8fffaab-f310-4c9c-a833-a837b68f1658,2026-07-03 17:15:00+00:00,3491.5,3118.63,3105.58,3601.8855410560636,3500.386814593905
e8fffaab-f310-4c9c-a833-a837b68f1658,2026-07-03 17:30:00+00:00,3222.71,3491.5,5902.04,4097.588048133232,3962.6528208046366
e8fffaab-f310-4c9c-a833-a837b68f1658,2026-07-03 17:45:00+00:00,4474.37,3222.71,4803.8,3698.2599018138244,3591.6556399438105
e8fffaab-f310-4c9c-a833-a837b68f1658,2026-07-03 18:00:00+00:00,4556.51,4474.37,4556.04,4957.775565598033,4860.518130017215
e8fffaab-f310-4c9c-a833-a837b68f1658,2026-07-03 18:15:00+00:00,5014.74,4556.51,4698.17,4812.253863863531,4720.301611257734
e8fffaab-f310-4c9c-a833-a837b68f1658,2026-07-03 18:30:00+00:00,5081.19,5014.74,5188.37,5257.364496955673,5171.898382636144
e8fffaab-f310-4c9c-a833-a837b68f1658,2026-07-03 18:45:00+00:00,4900.44,5081.19,4652.28,5244.21777769733,5165.4498713014045
e8fffaab-f310-4c9c-a833-a837b68f1658,2026-07-03 19:00:00+00:00,4651.91,4900.44,4820.11,5046.798055556576,4981.9045299206755
e8fffaab-f310-4c9c-a833-a837b68f1658,2026-07-03 19:15:00+00:00,4617.49,4651.91,4924.75,4876.784962129158,4813.849345549774
e8fffaab-f310-4c9c-a833-a837b68f1658,2026-07-03 19:30:00+00:00,4566.81,4617.49,5667.04,4926.120980176794,4865.192827629555
e8fffaab-f310-4c9c-a833-a837b68f1658,2026-07-03 19:45:00+00:00,4494.72,4566.81,5098.84,4869.387818581468,4823.87412269241
e8fffaab-f310-4c9c-a833-a837b68f1658,2026-07-03 20:00:00+00:00,4698.63,4494.72,5174.31,4833.169908708762,4796.703582315447
e8fffaab-f310-4c9c-a833-a837b68f1658,2026-07-03 20:15:00+00:00,4737.53,4698.63,5384.59,5043.656140553468,4995.679403582951
e8fffaab-f310-4c9c-a833-a837b68f1658,2026-07-03 20:30:00+00:00,5072.23,4737.53,5490.22,5026.87244643929,4971.7138961426635
e8fffaab-f310-4c9c-a833-a837b68f1658,2026-07-03 20:45:00+00:00,4843.56,5072.23,4993.81,5336.861208671236,5275.58209312221
e8fffaab-f310-4c9c-a833-a837b68f1658,2026-07-03 21:00:00+00:00,4697.75,4843.56,4582.48,5050.02909125271,4983.641764446777
e8fffaab-f310-4c9c-a833-a837b68f1658,2026-07-03 21:15:00+00:00,5481.86,4697.75,4913.57,4948.744404596462,4870.599652709706
e8fffaab-f310-4c9c-a833-a837b68f1658,2026-07-03 21:30:00+00:00,5135.71,5481.86,4706.87,5777.449234206623,5679.47644010279
e8fffaab-f310-4c9c-a833-a837b68f1658,2026-07-03 21:45:00+00:00,4976.21,5135.71,4768.12,5283.956495076269,5179.804535313517
e8fffaab-f310-4c9c-a833-a837b68f1658,2026-07-03 22:00:00+00:00,5118.54,4976.21,4304.65,5149.117133404654,5048.135736220937
e8fffaab-f310-4c9c-a833-a837b68f1658,2026-07-03 22:15:00+00:00,5056.59,5118.54,4371.06,5388.113465512743,5267.963117726011
e8fffaab-f310-4c9c-a833-a837b68f1658,2026-07-03 22:30:00+00:00,5106.21,5056.59,4355.22,5285.3218764403955,5166.1051584235465
e8fffaab-f310-4c9c-a833-a837b68f1658,2026-07-03 22:45:00+00:00,5295.08,5106.21,4281.71,5356.982036473052,5235.546265235376
e8fffaab-f310-4c9c-a833-a837b68f1658,2026-07-03 23:00:00+00:00,3803.94,5295.08,4293.29,5554.560260191974,5428.9176114442425
e8fffaab-f310-4c9c-a833-a837b68f1658,2026-07-03 23:15:00+00:00,3775.4,3803.94,5357.58,4139.277509381615,4011.678751311655
e8fffaab-f310-4c9c-a833-a837b68f1658,2026-07-03 23:30:00+00:00,3857.89,3775.4,6019.02,4435.207162550681,4309.157992595211
e8fffaab-f310-4c9c-a833-a837b68f1658,2026-07-03 23:45:00+00:00,3809.21,3857.89,4121.19,4476.89968251479,4372.469654677112
e8fffaab-f310-4c9c-a833-a837b68f1658,2026-07-04 00:00:00+00:00,4184.09,3809.21,4250.76,3905.6152130066903,3695.3513966705123
e8fffaab-f310-4c9c-a833-a837b68f1658,2026-07-04 00:15:00+00:00,3834.5,4184.09,4428.1,4294.115472068141,4089.1584033324516
e8fffaab-f310-4c9c-a833-a837b68f1658,2026-07-04 00:30:00+00:00,4735.14,3834.5,4283.73,3901.679464007275,3706.0924907069357
e8fffaab-f310-4c9c-a833-a837b68f1658,2026-07-04 00:45:00+00:00,4718.23,4735.14,3871.36,4853.209457599903,4667.37895883599
e8fffaab-f310-4c9c-a833-a837b68f1658,2026-07-04 01:00:00+00:00,4725.24,4718.23,3487.41,4687.310239162011,4511.640056666811
e8fffaab-f310-4c9c-a833-a837b68f1658,2026-07-04 01:15:00+00:00,4072.87,4725.24,3642.57,4745.382728040804,4578.607636028439
e8fffaab-f310-4c9c-a833-a837b68f1658,2026-07-04 01:30:00+00:00,4114.58,4072.87,3765.56,4122.2144820587955,3969.6596889386938
e8fffaab-f310-4c9c-a833-a837b68f1658,2026-07-04 01:45:00+00:00,4676.79,4114.58,3711.03,4310.812846256302,4173.991954438909
e8fffaab-f310-4c9c-a833-a837b68f1658,2026-07-04 02:00:00+00:00,4803.15,4676.79,6437.59,4998.320604400171,4848.1533189783495
e8fffaab-f310-4c9c-a833-a837b68f1658,2026-07-04 02:15:00+00:00,4067.12,4803.15,5846.44,5018.7586509419725,4888.535751400483
e8fffaab-f310-4c9c-a833-a837b68f1658,2026-07-04 02:30:00+00:00,3812.03,4067.12,5936.88,4293.969547040353,4182.640573612947
e8fffaab-f310-4c9c-a833-a837b68f1658,2026-07-04 02:45:00+00:00,3849.77,3812.03,6707.23,4273.4875780789125,4165.995561632169
e8fffaab-f310-4c9c-a833-a837b68f1658,2026-07-04 03:00:00+00:00,4465.53,3849.77,8312.27,4452.222225860244,4346.252429501335
e8fffaab-f310-4c9c-a833-a837b68f1658,2026-07-04 03:15:00+00:00,4909.04,4465.53,6713.75,4954.68140565113,4883.87601587933
e8fffaab-f310-4c9c-a833-a837b68f1658,2026-07-04 03:30:00+00:00,4379.92,4909.04,6431.69,5313.56925549455,5252.254588539734
e8fffaab-f310-4c9c-a833-a837b68f1658,2026-07-04 03:45:00+00:00,3485.38,4379.92,6254.63,4683.900356453081,4647.343356193463
e8fffaab-f310-4c9c-a833-a837b68f1658,2026-07-04 04:00:00+00:00,3323.86,3485.38,5675.73,3921.718803584833,3906.1520597229865
e8fffaab-f310-4c9c-a833-a837b68f1658,2026-07-04 04:15:00+00:00,3596.3,3323.86,5905.92,3972.350949486192,3958.742980444299
e8fffaab-f310-4c9c-a833-a837b68f1658,2026-07-04 04:30:00+00:00,3530.66,3596.3,5969.97,4259.831369139382,4257.343849829256
e8fffaab-f310-4c9c-a833-a837b68f1658,2026-07-04 04:45:00+00:00,2562.89,3530.66,7022.59,4167.445711896593,4170.7515112859455
e8fffaab-f310-4c9c-a833-a837b68f1658,2026-07-04 05:00:00+00:00,1821.86,2562.89,8666.58,3261.837612695147,3270.6785785713146
e8fffaab-f310-4c9c-a833-a837b68f1658,2026-07-04 05:15:00+00:00,1708.48,1821.86,8682.26,2651.844755330424,2656.8557024045576
e8fffaab-f310-4c9c-a833-a837b68f1658,2026-07-04 05:30:00+00:00,2376.95,1708.48,8323.57,2766.6146694334802,2742.5456243979015
e8fffaab-f310-4c9c-a833-a837b68f1658,2026-07-04 05:45:00+00:00,1219.82,2376.95,8194.38,3436.0661366372033,3395.2105104221473
e8fffaab-f310-4c9c-a833-a837b68f1658,2026-07-04 06:00:00+00:00,1981.93,1219.82,9898.51,2206.5339484316555,2144.829553213467
e8fffaab-f310-4c9c-a833-a837b68f1658,2026-07-04 06:15:00+00:00,-374.19,1981.93,8201.38,3078.859630259707,3022.6168795534277
e8fffaab-f310-4c9c-a833-a837b68f1658,2026-07-04 06:30:00+00:00,1239.71,-374.19,9301.74,731.4132489263393,651.3447665197418
e8fffaab-f310-4c9c-a833-a837b68f1658,2026-07-04 06:45:00+00:00,-1.72,1239.71,9552.01,2752.1083321709684,2657.854105539983
e8fffaab-f310-4c9c-a833-a837b68f1658,2026-07-04 07:00:00+00:00,-2420.65,-1.72,10217.64,1172.933650640456,1073.3632921632652
e8fffaab-f310-4c9c-a833-a837b68f1658,2026-07-04 07:15:00+00:00,-32.81,-2420.65,8884.99,-1132.0641880611474,-1196.989116151075
e8fffaab-f310-4c9c-a833-a837b68f1658,2026-07-04 07:30:00+00:00,-654.04,-32.81,9748.43,1789.5142807623743,1668.5220517518137
e8fffaab-f310-4c9c-a833-a837b68f1658,2026-07-04 07:45:00+00:00,-119.96,-654.04,9254.85,413.0250130242057,327.86186693439413
e8fffaab-f310-4c9c-a833-a837b68f1658,2026-07-04 08:00:00+00:00,-3114.35,-119.96,8619.16,1126.4406940378558,1017.0940914953662
e8fffaab-f310-4c9c-a833-a837b68f1658,2026-07-04 08:15:00+00:00,709.75,-3114.35,10065.95,-1864.245267850214,-1999.4393949366622
e8fffaab-f310-4c9c-a833-a837b68f1658,2026-07-04 08:30:00+00:00,3296.71,709.75,6654.01,2384.6970401630115,2234.0943159458466
e8fffaab-f310-4c9c-a833-a837b68f1658,2026-07-04 08:45:00+00:00,702.68,3296.71,5932.97,4219.056167977738,4024.013137719303
e8fffaab-f310-4c9c-a833-a837b68f1658,2026-07-04 09:00:00+00:00,-3744.34,702.68,8668.91,1097.1326310945606,904.3123925037726
e8fffaab-f310-4c9c-a833-a837b68f1658,2026-07-04 09:15:00+00:00,-2755.03,-3744.34,9681.0,-2900.4563050696943,-3078.793395932071
e8fffaab-f310-4c9c-a833-a837b68f1658,2026-07-04 09:30:00+00:00,-3827.0,-2755.03,8746.86,-750.2177671952268,-1004.9806820365138
e8fffaab-f310-4c9c-a833-a837b68f1658,2026-07-04 09:45:00+00:00,-1452.89,-3827.0,9275.62,-2184.295198414109,-2414.481116722178
e8fffaab-f310-4c9c-a833-a837b68f1658,2026-07-04 10:00:00+00:00,-1383.05,-1452.89,10327.89,301.25937410561164,59.982333483188995
e8fffaab-f310-4c9c-a833-a837b68f1658,2026-07-04 10:15:00+00:00,869.78,-1383.05,12108.08,-95.60903418614726,-351.7566066847867
e8fffaab-f310-4c9c-a833-a837b68f1658,2026-07-04 10:30:00+00:00,-4269.81,869.78,18486.3,2566.9171073015714,2203.571998471184
e8fffaab-f310-4c9c-a833-a837b68f1658,2026-07-04 10:45:00+00:00,-868.92,-4269.81,13739.92,-3275.6797546040652,-3559.7969316764375
e8fffaab-f310-4c9c-a833-a837b68f1658,2026-07-04 11:00:00+00:00,3234.25,-868.92,16863.74,1486.01283293282,1098.518051399813
e8fffaab-f310-4c9c-a833-a837b68f1658,2026-07-04 11:15:00+00:00,33.03,3234.25,24072.45,5309.248642160349,4782.953983941826
e8fffaab-f310-4c9c-a833-a837b68f1658,2026-07-04 11:30:00+00:00,2880.47,33.03,21198.74,1014.9365956837191,570.0630167023646
e8fffaab-f310-4c9c-a833-a837b68f1658,2026-07-04 11:45:00+00:00,358.07,2880.47,11176.27,3711.345110722993,3364.3521098553983
e8fffaab-f310-4c9c-a833-a837b68f1658,2026-07-04 12:00:00+00:00,321.49,358.07,16329.9,1176.3776293160117,713.863485255546
e8fffaab-f310-4c9c-a833-a837b68f1658,2026-07-04 12:15:00+00:00,854.31,321.49,14339.47,1675.0452632722627,1271.4264039683567
e8fffaab-f310-4c9c-a833-a837b68f1658,2026-07-04 12:30:00+00:00,1719.05,854.31,7850.85,1892.1481731435033,1589.302391802341
e8fffaab-f310-4c9c-a833-a837b68f1658,2026-07-04 12:45:00+00:00,2003.47,1719.05,10336.82,2272.9742078772806,2068.511377263182
e8fffaab-f310-4c9c-a833-a837b68f1658,2026-07-04 13:00:00+00:00,3286.97,2003.47,10272.88,2558.8812733520836,2367.622293581064
e8fffaab-f310-4c9c-a833-a837b68f1658,2026-07-04 13:15:00+00:00,4193.57,3286.97,9051.54,3722.822663859385,3510.2990736278252
e8fffaab-f310-4c9c-a833-a837b68f1658,2026-07-04 13:30:00+00:00,888.46,4193.57,8578.27,4492.546054202886,4228.669383665085
e8fffaab-f310-4c9c-a833-a837b68f1658,2026-07-04 13:45:00+00:00,301.72,888.46,7914.48,976.867506587636,720.6628581789464
e8fffaab-f310-4c9c-a833-a837b68f1658,2026-07-04 14:00:00+00:00,72.48,301.72,11872.36,1264.6508585546835,934.9664141808989
e8fffaab-f310-4c9c-a833-a837b68f1658,2026-07-04 14:15:00+00:00,-1364.87,72.48,10039.62,783.7806157047053,496.9519856045408
e8fffaab-f310-4c9c-a833-a837b68f1658,2026-07-04 14:30:00+00:00,-1681.99,-1364.87,11882.96,-340.3789874140548,-671.2814686100573
e8fffaab-f310-4c9c-a833-a837b68f1658,2026-07-04 14:45:00+00:00,252.46,-1681.99,10625.63,-551.3354860845393,-867.4389705662088
e8fffaab-f310-4c9c-a833-a837b68f1658,2026-07-04 15:00:00+00:00,2817.89,252.46,12106.12,1592.92744257927,1211.7693872894251
e8fffaab-f310-4c9c-a833-a837b68f1658,2026-07-04 15:15:00+00:00,4085.1,2817.89,8804.5,3526.9438018131914,3181.1962370023884
e8fffaab-f310-4c9c-a833-a837b68f1658,2026-07-04 15:30:00+00:00,3304.3,4085.1,3517.09,4075.8140359542167,3771.1434171211786
e8fffaab-f310-4c9c-a833-a837b68f1658,2026-07-04 15:45:00+00:00,3909.27,3304.3,4953.55,3140.5397530584632,2816.87966543941
e8fffaab-f310-4c9c-a833-a837b68f1658,2026-07-04 16:00:00+00:00,6444.41,3909.27,653.26,3737.3928894059736,3437.4481694244787
e8fffaab-f310-4c9c-a833-a837b68f1658,2026-07-04 16:15:00+00:00,6361.76,6444.41,1245.48,6157.609017424185,5851.3863779613675
e8fffaab-f310-4c9c-a833-a837b68f1658,2026-07-04 16:30:00+00:00,8619.53,6361.76,3276.76,5803.468768375173,5480.087198684285
e8fffaab-f310-4c9c-a833-a837b68f1658,2026-07-04 16:45:00+00:00,7605.0,8619.53,2863.03,8003.463546597943,7692.933488752431
e8fffaab-f310-4c9c-a833-a837b68f1658,2026-07-04 17:00:00+00:00,5446.37,7605.0,3118.63,6595.906567781063,6296.37059698188
e8fffaab-f310-4c9c-a833-a837b68f1658,2026-07-04 17:15:00+00:00,1853.17,5446.37,3491.5,4663.314804622114,4371.335270677575
e8fffaab-f310-4c9c-a833-a837b68f1658,2026-07-04 17:30:00+00:00,4241.26,1853.17,3222.71,1590.6702215127661,1300.633010451873
e8fffaab-f310-4c9c-a833-a837b68f1658,2026-07-04 17:45:00+00:00,4532.8,4241.26,4474.37,4644.962793083234,4336.692191816879
e8fffaab-f310-4c9c-a833-a837b68f1658,2026-07-04 18:00:00+00:00,4652.16,4532.8,4556.51,4388.808574447499,4093.1799423030607
e8fffaab-f310-4c9c-a833-a837b68f1658,2026-07-04 18:15:00+00:00,4287.72,4652.16,5014.74,4350.964754236046,4087.6393062541247
e8fffaab-f310-4c9c-a833-a837b68f1658,2026-07-04 18:30:00+00:00,4568.56,4287.72,5081.19,4044.1785073463043,3768.863696949802
e8fffaab-f310-4c9c-a833-a837b68f1658,2026-07-04 18:45:00+00:00,4874.66,4568.56,4900.44,4394.481104706277,4123.881079972863
e8fffaab-f310-4c9c-a833-a837b68f1658,2026-07-04 19:00:00+00:00,5050.36,4874.66,4651.91,4623.388531975294,4361.974907873878
e8fffaab-f310-4c9c-a833-a837b68f1658,2026-07-04 19:15:00+00:00,4755.44,5050.36,4617.49,4727.499181705185,4464.174888191085
e8fffaab-f310-4c9c-a833-a837b68f1658,2026-07-04 19:30:00+00:00,5115.18,4755.44,4566.81,4403.644346861423,4138.301012695804
e8fffaab-f310-4c9c-a833-a837b68f1658,2026-07-04 19:45:00+00:00,5006.87,5115.18,4494.72,4824.334130802662,4553.066374363947
e8fffaab-f310-4c9c-a833-a837b68f1658,2026-07-04 20:00:00+00:00,5445.92,5006.87,4698.63,4691.354940416617,4412.07107330461
e8fffaab-f310-4c9c-a833-a837b68f1658,2026-07-04 20:15:00+00:00,5195.21,5445.92,4737.53,5132.348909151441,4841.786151517188
e8fffaab-f310-4c9c-a833-a837b68f1658,2026-07-04 20:30:00+00:00,4838.88,5195.21,5072.23,4857.677247727105,4546.795413546352
e8fffaab-f310-4c9c-a833-a837b68f1658,2026-07-04 20:45:00+00:00,4824.57,4838.88,4843.56,4537.650717771153,4223.945853595757
e8fffaab-f310-4c9c-a833-a837b68f1658,2026-07-04 21:00:00+00:00,4541.88,4824.57,4697.75,4612.126088625243,4287.089694434772
e8fffaab-f310-4c9c-a833-a837b68f1658,2026-07-04 21:15:00+00:00,4489.1,4541.88,5481.86,4343.613703962402,4008.619727193098
e8fffaab-f310-4c9c-a833-a837b68f1658,2026-07-04 21:30:00+00:00,4990.75,4489.1,5135.71,4360.77097105303,4018.758597524672
e8fffaab-f310-4c9c-a833-a837b68f1658,2026-07-04 21:45:00+00:00,4673.95,4990.75,4976.21,4845.983276852761,4498.802827956506
e8fffaab-f310-4c9c-a833-a837b68f1658,2026-07-04 22:00:00+00:00,4400.48,4673.95,5118.54,4412.806989333301,4067.5806303664476
e8fffaab-f310-4c9c-a833-a837b68f1658,2026-07-04 22:15:00+00:00,4531.44,4400.48,5056.59,4221.87856048809,3871.3488713400266
e8fffaab-f310-4c9c-a833-a837b68f1658,2026-07-04 22:30:00+00:00,5336.17,4531.44,5106.21,4439.344049732663,4077.724135747724
e8fffaab-f310-4c9c-a833-a837b68f1658,2026-07-04 22:45:00+00:00,4457.07,5336.17,5295.08,5217.315743623935,4848.742218539408
e8fffaab-f310-4c9c-a833-a837b68f1658,2026-07-04 23:00:00+00:00,4608.81,4457.07,3803.94,4148.189482622876,3797.9141743000664
e8fffaab-f310-4c9c-a833-a837b68f1658,2026-07-04 23:15:00+00:00,5528.82,4608.81,3775.4,4467.75332688828,4109.694141639832
e8fffaab-f310-4c9c-a833-a837b68f1658,2026-07-04 23:30:00+00:00,4591.11,5528.82,3857.89,5422.092184271784,5038.131737918983
e8fffaab-f310-4c9c-a833-a837b68f1658,2026-07-04 23:45:00+00:00,4660.06,4591.11,3809.21,4314.207469581775,3936.297817208956
e8fffaab-f310-4c9c-a833-a837b68f1658,2026-07-05 00:00:00+00:00,4082.77,4660.06,4184.09,4701.239207037605,4280.430353653302
e8fffaab-f310-4c9c-a833-a837b68f1658,2026-07-05 00:15:00+00:00,3860.52,4082.77,3834.5,4113.30009086895,3702.912498532325
e8fffaab-f310-4c9c-a833-a837b68f1658,2026-07-05 00:30:00+00:00,3571.5,3860.52,4735.14,4062.7488734542567,3655.9792905653885
e8fffaab-f310-4c9c-a833-a837b68f1658,2026-07-05 00:45:00+00:00,3761.16,3571.5,4718.23,3838.5563291112585,3442.5844236405046
e8fffaab-f310-4c9c-a833-a837b68f1658,2026-07-05 01:00:00+00:00,3432.97,3761.16,4725.24,4083.0112344621357,3701.514029289662
e8fffaab-f310-4c9c-a833-a837b68f1658,2026-07-05 01:15:00+00:00,3175.47,3432.97,4072.87,3682.6248515509906,3330.0811536136925
e8fffaab-f310-4c9c-a833-a837b68f1658,2026-07-05 01:30:00+00:00,3327.36,3175.47,4114.58,3535.785721620994,3198.6934743386837
e8fffaab-f310-4c9c-a833-a837b68f1658,2026-07-05 01:45:00+00:00,3844.06,3327.36,4676.79,3757.5839963492945,3435.102699577579
e8fffaab-f310-4c9c-a833-a837b68f1658,2026-07-05 02:00:00+00:00,4041.57,3844.06,4803.15,4281.768154899891,3972.597800497033
e8fffaab-f310-4c9c-a833-a837b68f1658,2026-07-05 02:15:00+00:00,3655.17,4041.57,4067.12,4354.9322710268225,4074.3019668696525
e8fffaab-f310-4c9c-a833-a837b68f1658,2026-07-05 02:30:00+00:00,4367.42,3655.17,3812.03,3949.38232203643,3693.837533319708
e8fffaab-f310-4c9c-a833-a837b68f1658,2026-07-05 02:45:00+00:00,3278.0,4367.42,3849.77,4766.777279231558,4524.835323965558
e8fffaab-f310-4c9c-a833-a837b68f1658,2026-07-05 03:00:00+00:00,4009.58,3278.0,4465.53,3622.5422199516233,3400.7328924113026
e8fffaab-f310-4c9c-a833-a837b68f1658,2026-07-05 03:15:00+00:00,3620.72,4009.58,4909.04,4563.22779524168,4358.364265299399
e8fffaab-f310-4c9c-a833-a837b68f1658,2026-07-05 03:30:00+00:00,3718.13,3620.72,4379.92,4083.9162854158685,3895.734778124909
e8fffaab-f310-4c9c-a833-a837b68f1658,2026-07-05 03:45:00+00:00,3513.53,3718.13,3485.38,4198.935440537288,4049.428392562794
e8fffaab-f310-4c9c-a833-a837b68f1658,2026-07-05 04:00:00+00:00,3222.44,3513.53,3323.86,4004.4410474334873,3874.222028970058
e8fffaab-f310-4c9c-a833-a837b68f1658,2026-07-05 04:15:00+00:00,3912.99,3222.44,3596.3,3795.78338401968,3663.808245664676
e8fffaab-f310-4c9c-a833-a837b68f1658,2026-07-05 04:30:00+00:00,3465.23,3912.99,3530.66,4514.3410407748315,4383.443214511739
e8fffaab-f310-4c9c-a833-a837b68f1658,2026-07-05 04:45:00+00:00,3611.91,3465.23,2562.89,3904.764548162313,3787.7929263139104
e8fffaab-f310-4c9c-a833-a837b68f1658,2026-07-05 05:00:00+00:00,2461.48,3611.91,1821.86,4043.6206242122726,3946.5622931393746
e8fffaab-f310-4c9c-a833-a837b68f1658,2026-07-05 05:15:00+00:00,2880.15,2461.48,1708.48,2930.70792627457,2818.850046283421
e8fffaab-f310-4c9c-a833-a837b68f1658,2026-07-05 05:30:00+00:00,3039.06,2880.15,2376.95,3620.2092574737017,3485.84229464237
e8fffaab-f310-4c9c-a833-a837b68f1658,2026-07-05 05:45:00+00:00,4040.33,3039.06,1219.82,3551.0383086647334,3429.2375821134647
e8fffaab-f310-4c9c-a833-a837b68f1658,2026-07-05 06:00:00+00:00,1902.15,4040.33,1981.93,4566.691968831641,4419.201109499654
e8fffaab-f310-4c9c-a833-a837b68f1658,2026-07-05 06:15:00+00:00,2561.15,1902.15,-374.19,2077.6127775776904,1968.7290246638859
e8fffaab-f310-4c9c-a833-a837b68f1658,2026-07-05 06:30:00+00:00,-221.51,2561.15,1239.71,3358.043457256793,3197.78980158944
e8fffaab-f310-4c9c-a833-a837b68f1658,2026-07-05 06:45:00+00:00,3514.05,-221.51,-1.72,461.077392404839,311.5599985538174
e8fffaab-f310-4c9c-a833-a837b68f1658,2026-07-05 07:00:00+00:00,3421.23,3514.05,-2420.65,4296.8165981549255,4191.206890059031
e8fffaab-f310-4c9c-a833-a837b68f1658,2026-07-05 07:15:00+00:00,1926.81,3421.23,-32.81,3765.5318662940745,3603.91234123696
e8fffaab-f310-4c9c-a833-a837b68f1658,2026-07-05 07:30:00+00:00,2962.18,1926.81,-654.04,2128.5064266373565,2014.4995029389083
e8fffaab-f310-4c9c-a833-a837b68f1658,2026-07-05 07:45:00+00:00,3086.73,2962.18,-119.96,3445.4084083962007,3307.0525509451436
e8fffaab-f310-4c9c-a833-a837b68f1658,2026-07-05 08:00:00+00:00,1900.66,3086.73,-3114.35,3398.6463907841653,3259.1339428481915
e8fffaab-f310-4c9c-a833-a837b68f1658,2026-07-05 08:15:00+00:00,-335.87,1900.66,709.75,2096.676491563254,1983.7370291142506
e8fffaab-f310-4c9c-a833-a837b68f1658,2026-07-05 08:30:00+00:00,3871.19,-335.87,3296.71,373.1252354432254,230.1404526360402
e8fffaab-f310-4c9c-a833-a837b68f1658,2026-07-05 08:45:00+00:00,2532.25,3871.19,702.68,4798.3968872745345,4668.187710021845
e8fffaab-f310-4c9c-a833-a837b68f1658,2026-07-05 09:00:00+00:00,2216.61,2532.25,-3744.34,4091.289851203398,3763.2216725598637
e8fffaab-f310-4c9c-a833-a837b68f1658,2026-07-05 09:15:00+00:00,-714.25,2216.61,-2755.03,4992.095704181491,4572.654778777474
e8fffaab-f310-4c9c-a833-a837b68f1658,2026-07-05 09:30:00+00:00,133.53,-714.25,-3827.0,2405.5018514593758,2003.0906813633128
e8fffaab-f310-4c9c-a833-a837b68f1658,2026-07-05 09:45:00+00:00,1505.23,133.53,-1452.89,3952.6373455652847,3569.4872094185293
e8fffaab-f310-4c9c-a833-a837b68f1658,2026-07-05 10:00:00+00:00,4444.35,1505.23,-1383.05,5397.067998345333,5011.73134086799
e8fffaab-f310-4c9c-a833-a837b68f1658,2026-07-05 10:15:00+00:00,2720.91,4444.35,869.78,6486.278361744026,6323.132446675291
e8fffaab-f310-4c9c-a833-a837b68f1658,2026-07-05 10:30:00+00:00,844.9,2720.91,-4269.81,3026.5776821100653,3063.561731527462
e8fffaab-f310-4c9c-a833-a837b68f1658,2026-07-05 10:45:00+00:00,-589.73,844.9,-868.92,1223.7372065323434,1293.1468600978442
e8fffaab-f310-4c9c-a833-a837b68f1658,2026-07-05 11:00:00+00:00,-3256.37,-589.73,3234.25,79.32805637045931,138.56955537044269
e8fffaab-f310-4c9c-a833-a837b68f1658,2026-07-05 11:15:00+00:00,-7096.18,-3256.37,33.03,-2289.5134405887147,-2266.495742927129
e8fffaab-f310-4c9c-a833-a837b68f1658,2026-07-05 11:30:00+00:00,-990.38,-7096.18,2880.47,-5323.326582025304,-5387.59215856682
e8fffaab-f310-4c9c-a833-a837b68f1658,2026-07-05 11:45:00+00:00,2604.3,-990.38,358.07,803.1047251596938,741.9226168468485
e8fffaab-f310-4c9c-a833-a837b68f1658,2026-07-05 12:00:00+00:00,1851.4,2604.3,321.49,3576.2248309661245,3358.632200534501
e8fffaab-f310-4c9c-a833-a837b68f1658,2026-07-05 12:15:00+00:00,4232.33,1851.4,854.31,2078.685458691035,1851.3123378317614
e8fffaab-f310-4c9c-a833-a837b68f1658,2026-07-05 12:30:00+00:00,-448.43,4232.33,1719.05,4461.310868392072,4177.156326911571
e8fffaab-f310-4c9c-a833-a837b68f1658,2026-07-05 12:45:00+00:00,-1.46,-448.43,2003.47,-548.0911475544563,-867.1000663039977
e8fffaab-f310-4c9c-a833-a837b68f1658,2026-07-05 13:00:00+00:00,-1686.0,-1.46,3286.97,1072.9050779903519,670.0079960195199
e8fffaab-f310-4c9c-a833-a837b68f1658,2026-07-05 13:15:00+00:00,-3061.53,-1686.0,4193.57,-1058.9951061608135,-1388.026436951077
e8fffaab-f310-4c9c-a833-a837b68f1658,2026-07-05 13:30:00+00:00,-2350.97,-3061.53,888.46,-2327.2849145332257,-2570.366740369149
e8fffaab-f310-4c9c-a833-a837b68f1658,2026-07-05 13:45:00+00:00,3478.81,-2350.97,301.72,-1011.8028777617292,-1301.8166015641418
e8fffaab-f310-4c9c-a833-a837b68f1658,2026-07-05 14:00:00+00:00,4338.41,3478.81,72.48,4287.908585937434,4028.132333356072
e8fffaab-f310-4c9c-a833-a837b68f1658,2026-07-05 14:15:00+00:00,1106.41,4338.41,-1364.87,4007.968533988087,3766.3126994515815
e8fffaab-f310-4c9c-a833-a837b68f1658,2026-07-05 14:30:00+00:00,4406.13,1106.41,-1681.99,794.3532631145154,564.0949724019192
e8fffaab-f310-4c9c-a833-a837b68f1658,2026-07-05 14:45:00+00:00,-191.02,4406.13,252.46,4817.481753925432,4534.5888706373125
e8fffaab-f310-4c9c-a833-a837b68f1658,2026-07-05 15:00:00+00:00,2928.03,-191.02,2817.89,-184.7408033433294,-465.0962282377641
e8fffaab-f310-4c9c-a833-a837b68f1658,2026-07-05 15:15:00+00:00,3932.68,2928.03,4085.1,3689.7040097263416,3424.5243825091593
e8fffaab-f310-4c9c-a833-a837b68f1658,2026-07-05 15:30:00+00:00,1672.25,3932.68,3304.3,4143.653057204569,3859.2894030866064
e8fffaab-f310-4c9c-a833-a837b68f1658,2026-07-05 15:45:00+00:00,1437.89,1672.25,3909.27,1566.4637507591233,1341.9435924177196
e8fffaab-f310-4c9c-a833-a837b68f1658,2026-07-05 16:00:00+00:00,1984.9,1437.89,6444.41,1976.5429218362478,1711.0810450368117
e8fffaab-f310-4c9c-a833-a837b68f1658,2026-07-05 16:15:00+00:00,1467.93,1984.9,6361.76,2620.8928869038546,2326.7370942667003
e8fffaab-f310-4c9c-a833-a837b68f1658,2026-07-05 16:30:00+00:00,1936.05,1467.93,8619.53,2006.484700693136,1703.3384707439436
e8fffaab-f310-4c9c-a833-a837b68f1658,2026-07-05 16:45:00+00:00,3020.84,1936.05,7605.0,2498.9928189380216,2194.4428829781173
e8fffaab-f310-4c9c-a833-a837b68f1658,2026-07-05 17:00:00+00:00,1622.38,3020.84,5446.37,3365.7203163166787,3062.67998598094
e8fffaab-f310-4c9c-a833-a837b68f1658,2026-07-05 17:15:00+00:00,2999.3,1622.38,1853.17,1612.8343550510326,1356.1366032665992
e8fffaab-f310-4c9c-a833-a837b68f1658,2026-07-05 17:30:00+00:00,2993.25,2999.3,4241.26,3312.334093811275,3028.655868421808
e8fffaab-f310-4c9c-a833-a837b68f1658,2026-07-05 17:45:00+00:00,4357.42,2993.25,4532.8,3093.4685691573604,2796.5474296303782
e8fffaab-f310-4c9c-a833-a837b68f1658,2026-07-05 18:00:00+00:00,4274.38,4357.42,4652.16,4430.132292158152,4132.075523813293
e8fffaab-f310-4c9c-a833-a837b68f1658,2026-07-05 18:15:00+00:00,5414.68,4274.38,4287.72,4086.710819296716,3790.2874639338415
e8fffaab-f310-4c9c-a833-a837b68f1658,2026-07-05 18:30:00+00:00,4645.61,5414.68,4568.56,5262.79709251469,4959.766108791396
e8fffaab-f310-4c9c-a833-a837b68f1658,2026-07-05 18:45:00+00:00,4974.54,4645.61,4874.66,4291.556987244229,3992.8557916706304
e8fffaab-f310-4c9c-a833-a837b68f1658,2026-07-05 19:00:00+00:00,5666.96,4974.54,5050.36,4775.844744977077,4481.625508089827
e8fffaab-f310-4c9c-a833-a837b68f1658,2026-07-05 19:15:00+00:00,4960.66,5666.96,4755.44,5396.62194322089,5101.506790418504
e8fffaab-f310-4c9c-a833-a837b68f1658,2026-07-05 19:30:00+00:00,4267.03,4960.66,5115.18,4580.009757134736,4296.253294872557
e8fffaab-f310-4c9c-a833-a837b68f1658,2026-07-05 19:45:00+00:00,4460.64,4267.03,5006.87,3998.665292351284,3732.9455582708215
e8fffaab-f310-4c9c-a833-a837b68f1658,2026-07-05 20:00:00+00:00,4879.0,4460.64,5445.92,4410.115323318946,4136.40994536016
e8fffaab-f310-4c9c-a833-a837b68f1658,2026-07-05 20:15:00+00:00,4678.85,4879.0,5195.21,4752.34693764182,4471.937873479318
e8fffaab-f310-4c9c-a833-a837b68f1658,2026-07-05 20:30:00+00:00,4794.39,4678.85,4838.88,4444.326923248255,4161.952741626464
e8fffaab-f310-4c9c-a833-a837b68f1658,2026-07-05 20:45:00+00:00,4415.44,4794.39,4824.57,4615.194365788638,4318.988123028226
e8fffaab-f310-4c9c-a833-a837b68f1658,2026-07-05 21:00:00+00:00,4210.99,4415.44,4541.88,4190.100186863243,3891.8115359040576
e8fffaab-f310-4c9c-a833-a837b68f1658,2026-07-05 21:15:00+00:00,4163.64,4210.99,4489.1,4089.3990079111336,3776.2557243166757
e8fffaab-f310-4c9c-a833-a837b68f1658,2026-07-05 21:30:00+00:00,4365.17,4163.64,4990.75,4149.151251982395,3812.831160569128
e8fffaab-f310-4c9c-a833-a837b68f1658,2026-07-05 21:45:00+00:00,5204.8,4365.17,4673.95,4348.8433866339465,4005.4293026532523
e8fffaab-f310-4c9c-a833-a837b68f1658,2026-07-05 22:00:00+00:00,4876.35,5204.8,4400.48,5105.6539262157075,4755.933993236787
e8fffaab-f310-4c9c-a833-a837b68f1658,2026-07-05 22:15:00+00:00,4604.57,4876.35,4531.44,4634.073513395019,4276.357457574103
e8fffaab-f310-4c9c-a833-a837b68f1658,2026-07-05 22:30:00+00:00,4781.0,4604.57,5336.17,4474.4893677870095,4103.263757799032
e8fffaab-f310-4c9c-a833-a837b68f1658,2026-07-05 22:45:00+00:00,4753.08,4781.0,4457.07,4690.0655630304345,4315.825171798106
e8fffaab-f310-4c9c-a833-a837b68f1658,2026-07-05 23:00:00+00:00,4489.23,4753.08,4608.81,4667.662220337305,4286.553135072361
e8fffaab-f310-4c9c-a833-a837b68f1658,2026-07-05 23:15:00+00:00,4195.48,4489.23,5528.82,4436.6448883562,4054.86031613627
e8fffaab-f310-4c9c-a833-a837b68f1658,2026-07-05 23:30:00+00:00,4167.68,4195.48,4591.11,4181.735817540305,3811.5412616450503
e8fffaab-f310-4c9c-a833-a837b68f1658,2026-07-05 23:45:00+00:00,4394.7,4167.68,4660.06,4242.1500267653055,3874.1835384847936
e8fffaab-f310-4c9c-a833-a837b68f1658,2026-07-06 00:00:00+00:00,3733.13,4394.7,4082.77,5020.1836246222665,4755.9462726256625
e8fffaab-f310-4c9c-a833-a837b68f1658,2026-07-06 00:15:00+00:00,3616.27,3733.13,3860.52,4334.122552558445,4080.785095678324
e8fffaab-f310-4c9c-a833-a837b68f1658,2026-07-06 00:30:00+00:00,3634.51,3616.27,3571.5,4357.640151916131,4113.305452657396
e8fffaab-f310-4c9c-a833-a837b68f1658,2026-07-06 00:45:00+00:00,3613.74,3634.51,3761.16,4424.140003635045,4184.776966886361
e8fffaab-f310-4c9c-a833-a837b68f1658,2026-07-06 01:00:00+00:00,3441.89,3613.74,3432.97,4429.092691309583,4200.788420451852
e8fffaab-f310-4c9c-a833-a837b68f1658,2026-07-06 01:15:00+00:00,3406.01,3441.89,3175.47,4261.24755620368,4047.363903641265
e8fffaab-f310-4c9c-a833-a837b68f1658,2026-07-06 01:30:00+00:00,4978.03,3406.01,3327.36,4274.612707048837,4071.506952611103
e8fffaab-f310-4c9c-a833-a837b68f1658,2026-07-06 01:45:00+00:00,4461.85,4978.03,3844.06,5921.156569019561,5708.018235375055
e8fffaab-f310-4c9c-a833-a837b68f1658,2026-07-06 02:00:00+00:00,6532.1,4461.85,4041.57,5261.154440887269,5042.637485898006
e8fffaab-f310-4c9c-a833-a837b68f1658,2026-07-06 02:15:00+00:00,6580.22,6532.1,3655.17,7380.617568028372,7172.377146206771
e8fffaab-f310-4c9c-a833-a837b68f1658,2026-07-06 02:30:00+00:00,6248.18,6580.22,4367.42,7129.791377515423,6915.485032964781
e8fffaab-f310-4c9c-a833-a837b68f1658,2026-07-06 02:45:00+00:00,5734.52,6248.18,3278.0,6754.441726887446,6573.483905160203
e8fffaab-f310-4c9c-a833-a837b68f1658,2026-07-06 03:00:00+00:00,6100.84,5734.52,4009.58,6434.027011640508,6248.983613382414
e8fffaab-f310-4c9c-a833-a837b68f1658,2026-07-06 03:15:00+00:00,5756.1,6100.84,3620.72,6888.16367724862,6725.998654249506
e8fffaab-f310-4c9c-a833-a837b68f1658,2026-07-06 03:30:00+00:00,5679.09,5756.1,3718.13,6473.562945179998,6338.531270501229
e8fffaab-f310-4c9c-a833-a837b68f1658,2026-07-06 03:45:00+00:00,5243.71,5679.09,3513.53,6450.9601531888475,6345.62486429386
e8fffaab-f310-4c9c-a833-a837b68f1658,2026-07-06 04:00:00+00:00,16373.78,5243.71,3222.44,6511.771041707176,6358.972462890757
e8fffaab-f310-4c9c-a833-a837b68f1658,2026-07-06 04:15:00+00:00,20452.59,16373.78,3912.99,18125.044280799506,17832.137751347665
e8fffaab-f310-4c9c-a833-a837b68f1658,2026-07-06 04:30:00+00:00,11892.79,20452.59,3465.23,19356.233353490315,19150.17423460765
e8fffaab-f310-4c9c-a833-a837b68f1658,2026-07-06 04:45:00+00:00,6466.16,11892.79,3611.91,10039.268602042286,9913.114588488103
e8fffaab-f310-4c9c-a833-a837b68f1658,2026-07-06 05:00:00+00:00,9146.31,6466.16,2461.48,6627.1807868425585,6472.762958621703
e8fffaab-f310-4c9c-a833-a837b68f1658,2026-07-06 05:15:00+00:00,8226.59,9146.31,2880.15,10502.839841846499,10305.29923134652
e8fffaab-f310-4c9c-a833-a837b68f1658,2026-07-06 05:30:00+00:00,14691.68,8226.59,3039.06,8840.228908863384,8729.245527496576
e8fffaab-f310-4c9c-a833-a837b68f1658,2026-07-06 05:45:00+00:00,19446.92,14691.68,4040.33,15255.6036294147,15158.978595031178
e8fffaab-f310-4c9c-a833-a837b68f1658,2026-07-06 06:00:00+00:00,19301.55,19446.92,1902.15,18795.93065389978,18662.178411050147
e8fffaab-f310-4c9c-a833-a837b68f1658,2026-07-06 06:15:00+00:00,18040.09,19301.55,2561.15,17756.141206050204,17606.171679776377
e8fffaab-f310-4c9c-a833-a837b68f1658,2026-07-06 06:30:00+00:00,17778.7,18040.09,-221.51,16512.33155148455,16346.505581301448
e8fffaab-f310-4c9c-a833-a837b68f1658,2026-07-06 06:45:00+00:00,18959.28,17778.7,3514.05,16769.248216114214,16521.66933591927
e8fffaab-f310-4c9c-a833-a837b68f1658,2026-07-06 07:00:00+00:00,17792.48,18959.28,3421.23,17950.311923066412,17687.566933891947
e8fffaab-f310-4c9c-a833-a837b68f1658,2026-07-06 07:15:00+00:00,19282.37,17792.48,1926.81,16498.099851669038,16223.667764141559
e8fffaab-f310-4c9c-a833-a837b68f1658,2026-07-06 07:30:00+00:00,17965.04,19282.37,2962.18,18278.17858832162,17940.387925117102
e8fffaab-f310-4c9c-a833-a837b68f1658,2026-07-06 07:45:00+00:00,15196.73,17965.04,3086.73,16618.80245053898,16254.381345246591
e8fffaab-f310-4c9c-a833-a837b68f1658,2026-07-06 08:00:00+00:00,10510.3,15196.73,1900.66,14177.14166436377,13790.736319274947
e8fffaab-f310-4c9c-a833-a837b68f1658,2026-07-06 08:15:00+00:00,12810.58,10510.3,-335.87,9777.795288904128,9452.48774906735
e8fffaab-f310-4c9c-a833-a837b68f1658,2026-07-06 08:30:00+00:00,12068.76,12810.58,3871.19,12908.20499966253,12550.487246867036
e8fffaab-f310-4c9c-a833-a837b68f1658,2026-07-06 08:45:00+00:00,12884.46,12068.76,2532.25,14171.008107772584,13424.296858505593
e8fffaab-f310-4c9c-a833-a837b68f1658,2026-07-06 09:00:00+00:00,11992.75,12884.46,2216.61,14469.02888894643,13814.386563139595
e8fffaab-f310-4c9c-a833-a837b68f1658,2026-07-06 09:15:00+00:00,8884.25,11992.75,-714.25,11517.626247392382,11155.703849526517
e8fffaab-f310-4c9c-a833-a837b68f1658,2026-07-06 09:30:00+00:00,13930.8,8884.25,133.53,9042.564902804617,8618.682035776168
e8fffaab-f310-4c9c-a833-a837b68f1658,2026-07-06 09:45:00+00:00,14081.12,13930.8,1505.23,14624.232004143943,14146.699671838134
e8fffaab-f310-4c9c-a833-a837b68f1658,2026-07-06 10:00:00+00:00,12195.67,14081.12,4444.35,13926.45529109028,13400.53445796994
e8fffaab-f310-4c9c-a833-a837b68f1658,2026-07-06 10:15:00+00:00,14048.03,12195.67,2720.91,11799.277629628414,11312.685103835183
e8fffaab-f310-4c9c-a833-a837b68f1658,2026-07-06 10:30:00+00:00,24125.49,14048.03,844.9,13734.849582585251,13238.162140121533
e8fffaab-f310-4c9c-a833-a837b68f1658,2026-07-06 10:45:00+00:00,20195.62,24125.49,-589.73,23225.11863577141,22654.90082805038
e8fffaab-f310-4c9c-a833-a837b68f1658,2026-07-06 11:00:00+00:00,16660.32,20195.62,-3256.37,17291.311611341687,16740.016091796577
e8fffaab-f310-4c9c-a833-a837b68f1658,2026-07-06 11:15:00+00:00,21346.26,16660.32,-7096.18,14364.199742092573,13866.41823454093
e8fffaab-f310-4c9c-a833-a837b68f1658,2026-07-06 11:30:00+00:00,20112.42,21346.26,-990.38,20328.156749876198,19638.42562381032
e8fffaab-f310-4c9c-a833-a837b68f1658,2026-07-06 11:45:00+00:00,11471.5,20112.42,2604.3,18191.688298645975,17503.00459879245
e8fffaab-f310-4c9c-a833-a837b68f1658,2026-07-06 12:00:00+00:00,15565.85,11471.5,1851.4,9791.34336025056,9177.317639564975
e8fffaab-f310-4c9c-a833-a837b68f1658,2026-07-06 12:15:00+00:00,18058.24,15565.85,4232.33,15798.21836939736,15089.759715371572
e8fffaab-f310-4c9c-a833-a837b68f1658,2026-07-06 12:30:00+00:00,13425.46,18058.24,-448.43,17103.978064369934,16447.624279871674
e8fffaab-f310-4c9c-a833-a837b68f1658,2026-07-06 12:45:00+00:00,4867.07,13425.46,-1.46,11609.247519059387,11072.030937510146
e8fffaab-f310-4c9c-a833-a837b68f1658,2026-07-06 13:00:00+00:00,11588.26,4867.07,-1686.0,4242.3121005485455,3712.7355264241696
e8fffaab-f310-4c9c-a833-a837b68f1658,2026-07-06 13:15:00+00:00,13223.47,11588.26,-3061.53,12662.845032209254,12058.728676774736
e8fffaab-f310-4c9c-a833-a837b68f1658,2026-07-06 13:30:00+00:00,9750.72,13223.47,-2350.97,12751.592487580981,12170.41543249363
e8fffaab-f310-4c9c-a833-a837b68f1658,2026-07-06 13:45:00+00:00,10801.87,9750.72,3478.81,8795.05820142979,8266.762454927028
e8fffaab-f310-4c9c-a833-a837b68f1658,2026-07-06 14:00:00+00:00,5490.38,10801.87,4338.41,10847.604289035366,10217.547131312027
e8fffaab-f310-4c9c-a833-a837b68f1658,2026-07-06 14:15:00+00:00,9615.85,5490.38,1106.41,5387.84472526392,4816.224103603712
e8fffaab-f310-4c9c-a833-a837b68f1658,2026-07-06 14:30:00+00:00,12381.71,9615.85,4406.13,10277.453982497002,9738.200964261976
e8fffaab-f310-4c9c-a833-a837b68f1658,2026-07-06 14:45:00+00:00,11286.63,12381.71,-191.02,12148.973116944166,11627.541935484542
e8fffaab-f310-4c9c-a833-a837b68f1658,2026-07-06 15:00:00+00:00,5827.29,11286.63,2928.03,10703.990067297782,10187.881001001339
e8fffaab-f310-4c9c-a833-a837b68f1658,2026-07-06 15:15:00+00:00,7542.14,5827.29,3932.68,5271.032576720982,4805.352687161042
e8fffaab-f310-4c9c-a833-a837b68f1658,2026-07-06 15:30:00+00:00,1247.82,7542.14,1672.25,7950.0227840658945,7476.762411406427
e8fffaab-f310-4c9c-a833-a837b68f1658,2026-07-06 15:45:00+00:00,4501.0,1247.82,1437.89,1293.4656697736664,872.2780529759766
e8fffaab-f310-4c9c-a833-a837b68f1658,2026-07-06 16:00:00+00:00,2501.71,4501.0,1984.9,5550.832222299394,5148.880969597078
e8fffaab-f310-4c9c-a833-a837b68f1658,2026-07-06 16:15:00+00:00,4392.91,2501.71,1467.93,3099.6344138682844,2687.4416374865586
e8fffaab-f310-4c9c-a833-a837b68f1658,2026-07-06 16:30:00+00:00,5303.8,4392.91,1936.05,5083.655468467086,4731.60129835721
e8fffaab-f310-4c9c-a833-a837b68f1658,2026-07-06 16:45:00+00:00,3341.77,5303.8,3020.84,5718.327828808805,5335.732862726179
e8fffaab-f310-4c9c-a833-a837b68f1658,2026-07-06 17:00:00+00:00,3613.98,3341.77,1622.38,3431.2637284458524,3105.64215027671
e8fffaab-f310-4c9c-a833-a837b68f1658,2026-07-06 17:15:00+00:00,4114.56,3613.98,2999.3,4173.44022510254,3827.4953207798417
e8fffaab-f310-4c9c-a833-a837b68f1658,2026-07-06 17:30:00+00:00,3374.13,4114.56,2993.25,4644.575583278397,4293.428561846525
e8fffaab-f310-4c9c-a833-a837b68f1658,2026-07-06 17:45:00+00:00,4665.69,3374.13,4357.42,3849.0119688732075,3506.3391006193033
e8fffaab-f310-4c9c-a833-a837b68f1658,2026-07-06 18:00:00+00:00,4705.88,4665.69,4274.38,5249.976335507541,4908.088096789001
e8fffaab-f310-4c9c-a833-a837b68f1658,2026-07-06 18:15:00+00:00,4268.14,4705.88,5414.68,5069.96415940886,4726.721572582788
e8fffaab-f310-4c9c-a833-a837b68f1658,2026-07-06 18:30:00+00:00,4744.7,4268.14,4645.61,4595.403416247854,4275.128408757083
e8fffaab-f310-4c9c-a833-a837b68f1658,2026-07-06 18:45:00+00:00,4570.61,4744.7,4974.54,5193.708105472653,4868.903976668847
e8fffaab-f310-4c9c-a833-a837b68f1658,2026-07-06 19:00:00+00:00,4397.81,4570.61,5666.96,4991.907687911015,4667.342292462965
e8fffaab-f310-4c9c-a833-a837b68f1658,2026-07-06 19:15:00+00:00,5034.01,4397.81,4960.66,4788.002392291444,4488.768967106457
e8fffaab-f310-4c9c-a833-a837b68f1658,2026-07-06 19:30:00+00:00,4780.65,5034.01,4267.03,5437.338866740622,5147.442651692796
e8fffaab-f310-4c9c-a833-a837b68f1658,2026-07-06 19:45:00+00:00,4982.61,4780.65,4460.64,5061.847318535354,4785.682060189296
e8fffaab-f310-4c9c-a833-a837b68f1658,2026-07-06 20:00:00+00:00,5543.89,4982.61,4879.0,5323.071484421232,5056.409385324117
e8fffaab-f310-4c9c-a833-a837b68f1658,2026-07-06 20:15:00+00:00,4992.31,5543.89,4678.85,5867.469961916602,5581.315002898722
e8fffaab-f310-4c9c-a833-a837b68f1658,2026-07-06 20:30:00+00:00,5067.59,4992.31,4794.39,5201.706259302054,4913.044262594861
e8fffaab-f310-4c9c-a833-a837b68f1658,2026-07-06 20:45:00+00:00,4789.65,5067.59,4415.44,5375.86517318281,5081.7058253528585
e8fffaab-f310-4c9c-a833-a837b68f1658,2026-07-06 21:00:00+00:00,4546.88,4789.65,4210.99,5076.726001572895,4779.167046095232
e8fffaab-f310-4c9c-a833-a837b68f1658,2026-07-06 21:15:00+00:00,4620.18,4546.88,4163.64,4883.901116689149,4579.474184191075
e8fffaab-f310-4c9c-a833-a837b68f1658,2026-07-06 21:30:00+00:00,4735.88,4620.18,4365.17,5031.43786091464,4711.3030562009335
e8fffaab-f310-4c9c-a833-a837b68f1658,2026-07-06 21:45:00+00:00,5171.27,4735.88,5204.8,5180.414742623388,4841.994973403929
e8fffaab-f310-4c9c-a833-a837b68f1658,2026-07-06 22:00:00+00:00,4501.05,5171.27,4876.35,5579.215900923923,5234.573806159137
e8fffaab-f310-4c9c-a833-a837b68f1658,2026-07-06 22:15:00+00:00,4430.92,4501.05,4604.57,4822.025913211526,4479.404902140238
e8fffaab-f310-4c9c-a833-a837b68f1658,2026-07-06 22:30:00+00:00,4443.25,4430.92,4781.0,4935.765496646322,4582.198695230812
e8fffaab-f310-4c9c-a833-a837b68f1658,2026-07-06 22:45:00+00:00,5229.1,4443.25,4753.08,4990.795508495053,4630.530661764304
e8fffaab-f310-4c9c-a833-a837b68f1658,2026-07-06 23:00:00+00:00,4743.96,5229.1,4489.23,5730.547154475491,5375.156115153718
e8fffaab-f310-4c9c-a833-a837b68f1658,2026-07-06 23:15:00+00:00,4793.09,4743.96,4195.48,5118.640030077565,4769.0138976560875
e8fffaab-f310-4c9c-a833-a837b68f1658,2026-07-06 23:30:00+00:00,4978.77,4793.09,4167.68,5280.67497720068,4934.854839013914
e8fffaab-f310-4c9c-a833-a837b68f1658,2026-07-06 23:45:00+00:00,4373.15,4978.77,4394.7,5483.240820369579,5137.019563026014
e8fffaab-f310-4c9c-a833-a837b68f1658,2026-07-07 00:00:00+00:00,4347.56,4373.15,3733.13,4764.91424309907,4464.547345883349
e8fffaab-f310-4c9c-a833-a837b68f1658,2026-07-07 00:15:00+00:00,4310.61,4347.56,3616.27,4871.692641068256,4579.777037609146
e8fffaab-f310-4c9c-a833-a837b68f1658,2026-07-07 00:30:00+00:00,4545.74,4310.61,3634.51,4862.881089784548,4578.875283094605
e8fffaab-f310-4c9c-a833-a837b68f1658,2026-07-07 00:45:00+00:00,4272.65,4545.74,3613.74,5115.865085055611,4844.202415287637
e8fffaab-f310-4c9c-a833-a837b68f1658,2026-07-07 01:00:00+00:00,4414.01,4272.65,3441.89,4810.2909282453165,4554.696482297806
e8fffaab-f310-4c9c-a833-a837b68f1658,2026-07-07 01:15:00+00:00,4017.09,4414.01,3406.01,5076.787128844576,4824.043629723202
e8fffaab-f310-4c9c-a833-a837b68f1658,2026-07-07 01:30:00+00:00,4230.84,4017.09,4978.03,4690.962116287725,4446.583789904296
e8fffaab-f310-4c9c-a833-a837b68f1658,2026-07-07 01:45:00+00:00,4081.24,4230.84,4461.85,4967.807030449674,4744.654947965087
e8fffaab-f310-4c9c-a833-a837b68f1658,2026-07-07 02:00:00+00:00,7619.99,4081.24,6532.1,5032.281842509815,4783.101262051508
e8fffaab-f310-4c9c-a833-a837b68f1658,2026-07-07 02:15:00+00:00,6410.88,7619.99,6580.22,8603.749669140652,8349.872667934005
e8fffaab-f310-4c9c-a833-a837b68f1658,2026-07-07 02:30:00+00:00,6279.63,6410.88,6248.18,6748.711130470912,6521.9732002778965
e8fffaab-f310-4c9c-a833-a837b68f1658,2026-07-07 02:45:00+00:00,5871.88,6279.63,5734.52,6849.8195229877065,6653.163818069244
e8fffaab-f310-4c9c-a833-a837b68f1658,2026-07-07 03:00:00+00:00,6483.32,5871.88,6100.84,6597.459553559624,6397.2101872564745
e8fffaab-f310-4c9c-a833-a837b68f1658,2026-07-07 03:15:00+00:00,6860.15,6483.32,5756.1,8116.241983860403,7810.9623043282645
e8fffaab-f310-4c9c-a833-a837b68f1658,2026-07-07 03:30:00+00:00,6856.36,6860.15,5679.09,7773.552503774801,7586.045269742003
e8fffaab-f310-4c9c-a833-a837b68f1658,2026-07-07 03:45:00+00:00,5291.6,6856.36,5243.71,7364.662390975238,7258.617966120011
e8fffaab-f310-4c9c-a833-a837b68f1658,2026-07-07 04:00:00+00:00,9384.93,5291.6,16373.78,6416.006810489331,6218.732727365179
e8fffaab-f310-4c9c-a833-a837b68f1658,2026-07-07 04:15:00+00:00,10113.03,9384.93,20452.59,11065.076679135762,10786.375660586424
e8fffaab-f310-4c9c-a833-a837b68f1658,2026-07-07 04:30:00+00:00,6770.32,10113.03,11892.79,10579.013606269606,10388.399768560075
e8fffaab-f310-4c9c-a833-a837b68f1658,2026-07-07 04:45:00+00:00,6170.45,6770.32,6466.16,6841.375642343227,6744.400551381054
e8fffaab-f310-4c9c-a833-a837b68f1658,2026-07-07 05:00:00+00:00,7319.45,6170.45,9146.31,7216.8716573483325,7057.730853738209
e8fffaab-f310-4c9c-a833-a837b68f1658,2026-07-07 05:15:00+00:00,9342.25,7319.45,8226.59,8473.674914977515,8328.741335599732
e8fffaab-f310-4c9c-a833-a837b68f1658,2026-07-07 05:30:00+00:00,17978.81,9342.25,14691.68,10576.330555027502,10381.789496899914
e8fffaab-f310-4c9c-a833-a837b68f1658,2026-07-07 05:45:00+00:00,12787.6,17978.81,19446.92,18796.843700134305,18544.2829075516
e8fffaab-f310-4c9c-a833-a837b68f1658,2026-07-07 06:00:00+00:00,11426.6,12787.6,19301.55,12296.951641167023,12043.358546383513
e8fffaab-f310-4c9c-a833-a837b68f1658,2026-07-07 06:15:00+00:00,11658.95,11426.6,18040.09,11918.355913459778,11636.352928778384
e8fffaab-f310-4c9c-a833-a837b68f1658,2026-07-07 06:30:00+00:00,8161.53,11658.95,17778.7,12690.897586189638,12291.20225383488
e8fffaab-f310-4c9c-a833-a837b68f1658,2026-07-07 06:45:00+00:00,9757.81,8161.53,18959.28,8968.609472132477,8597.742130856139
e8fffaab-f310-4c9c-a833-a837b68f1658,2026-07-07 07:00:00+00:00,9313.61,9757.81,17792.48,11011.122822618656,10629.394992030404
e8fffaab-f310-4c9c-a833-a837b68f1658,2026-07-07 07:15:00+00:00,9432.59,9313.61,19282.37,10332.507362894181,9921.89339034514
e8fffaab-f310-4c9c-a833-a837b68f1658,2026-07-07 07:30:00+00:00,10951.27,9432.59,17965.04,10357.35972103425,9974.865235642255
e8fffaab-f310-4c9c-a833-a837b68f1658,2026-07-07 07:45:00+00:00,9192.79,10951.27,15196.73,11900.179065505092,11483.087493513925
e8fffaab-f310-4c9c-a833-a837b68f1658,2026-07-07 08:00:00+00:00,8563.95,9192.79,10510.3,9611.684327012581,9242.553983107424
e8fffaab-f310-4c9c-a833-a837b68f1658,2026-07-07 08:15:00+00:00,8449.42,8563.95,12810.58,9473.150865693831,9057.852177839135
e8fffaab-f310-4c9c-a833-a837b68f1658,2026-07-07 08:30:00+00:00,5800.11,8449.42,12068.76,9409.693121801209,8980.596481431694
e8fffaab-f310-4c9c-a833-a837b68f1658,2026-07-07 08:45:00+00:00,4645.46,5800.11,12884.46,6800.01256157433,6369.62394191259
e8fffaab-f310-4c9c-a833-a837b68f1658,2026-07-07 09:00:00+00:00,3818.28,4645.46,11992.75,6172.694761090449,5729.853617979175
e8fffaab-f310-4c9c-a833-a837b68f1658,2026-07-07 09:15:00+00:00,9099.53,3818.28,8884.25,5599.32922219249,5155.976333774985
e8fffaab-f310-4c9c-a833-a837b68f1658,2026-07-07 09:30:00+00:00,17811.38,9099.53,13930.8,11124.863048979465,10605.951859441964
e8fffaab-f310-4c9c-a833-a837b68f1658,2026-07-07 09:45:00+00:00,14190.97,17811.38,14081.12,19003.667027355317,18368.525341197572
e8fffaab-f310-4c9c-a833-a837b68f1658,2026-07-07 10:00:00+00:00,16256.2,14190.97,12195.67,13624.748143161156,13017.204687369202
e8fffaab-f310-4c9c-a833-a837b68f1658,2026-07-07 10:15:00+00:00,11772.83,16256.2,14048.03,16195.610790584306,15568.713139667143
e8fffaab-f310-4c9c-a833-a837b68f1658,2026-07-07 10:30:00+00:00,12440.51,11772.83,24125.49,12043.604431465832,11264.543956216467
e8fffaab-f310-4c9c-a833-a837b68f1658,2026-07-07 10:45:00+00:00,8484.32,12440.51,20195.62,13216.168130067997,12501.103485041149
e8fffaab-f310-4c9c-a833-a837b68f1658,2026-07-07 11:00:00+00:00,21787.14,8484.32,16660.32,9512.955987652234,8756.606961639938
e8fffaab-f310-4c9c-a833-a837b68f1658,2026-07-07 11:15:00+00:00,15878.05,21787.14,21346.26,23174.07034517354,22368.942693661647
e8fffaab-f310-4c9c-a833-a837b68f1658,2026-07-07 11:30:00+00:00,20848.84,15878.05,20112.42,14791.204402154164,14003.369204985996
e8fffaab-f310-4c9c-a833-a837b68f1658,2026-07-07 11:45:00+00:00,20453.04,20848.84,11471.5,20462.846776383612,19734.306887814655
e8fffaab-f310-4c9c-a833-a837b68f1658,2026-07-07 12:00:00+00:00,17931.86,20453.04,15565.85,19584.88590653491,18708.38159462362
e8fffaab-f310-4c9c-a833-a837b68f1658,2026-07-07 12:15:00+00:00,19513.18,17931.86,18058.24,17052.205270073693,16219.397720387933
e8fffaab-f310-4c9c-a833-a837b68f1658,2026-07-07 12:30:00+00:00,16111.77,19513.18,13425.46,19031.596095785753,18189.96180949232
e8fffaab-f310-4c9c-a833-a837b68f1658,2026-07-07 12:45:00+00:00,7648.08,16111.77,4867.07,14730.253044721438,14026.930210869195
e8fffaab-f310-4c9c-a833-a837b68f1658,2026-07-07 13:00:00+00:00,8063.87,7648.08,11588.26,7198.858343485724,6502.949796539425
e8fffaab-f310-4c9c-a833-a837b68f1658,2026-07-07 13:15:00+00:00,8063.99,8063.87,13223.47,9118.23035396705,8475.394403982078
e8fffaab-f310-4c9c-a833-a837b68f1658,2026-07-07 13:30:00+00:00,14064.92,8063.99,9750.72,8994.395162698615,8420.317246931832
e8fffaab-f310-4c9c-a833-a837b68f1658,2026-07-07 13:45:00+00:00,10147.3,14064.92,10801.87,14722.396393858351,14207.5859319204
e8fffaab-f310-4c9c-a833-a837b68f1658,2026-07-07 14:00:00+00:00,7875.22,10147.3,5490.38,9540.053534769966,9121.500006283464
e8fffaab-f310-4c9c-a833-a837b68f1658,2026-07-07 14:15:00+00:00,13845.81,7875.22,9615.85,8079.70448031807,7669.004838271427
e8fffaab-f310-4c9c-a833-a837b68f1658,2026-07-07 14:30:00+00:00,10771.35,13845.81,12381.71,14588.847536898931,14091.409778785153
e8fffaab-f310-4c9c-a833-a837b68f1658,2026-07-07 14:45:00+00:00,7658.08,10771.35,11286.63,10261.372106612058,9823.879133794977
e8fffaab-f310-4c9c-a833-a837b68f1658,2026-07-07 15:00:00+00:00,5935.89,7658.08,5827.29,7264.0531346510725,6957.130479580319
e8fffaab-f310-4c9c-a833-a837b68f1658,2026-07-07 15:15:00+00:00,6726.84,5935.89,7542.14,6281.276065092305,5915.797508039528
e8fffaab-f310-4c9c-a833-a837b68f1658,2026-07-07 15:30:00+00:00,4393.1,6726.84,1247.82,6867.548893853837,6583.166088286165
e8fffaab-f310-4c9c-a833-a837b68f1658,2026-07-07 15:45:00+00:00,5099.52,4393.1,4501.0,4584.203782612316,4260.2742421495
e8fffaab-f310-4c9c-a833-a837b68f1658,2026-07-07 16:00:00+00:00,2599.94,5099.52,2501.71,5395.462139536599,5104.792751761931
e8fffaab-f310-4c9c-a833-a837b68f1658,2026-07-07 16:15:00+00:00,4106.13,2599.94,4392.91,2874.2402886171158,2621.424359569217
e8fffaab-f310-4c9c-a833-a837b68f1658,2026-07-07 16:30:00+00:00,5337.14,4106.13,5303.8,5018.107269740736,4779.313397091719
e8fffaab-f310-4c9c-a833-a837b68f1658,2026-07-07 16:45:00+00:00,4478.02,5337.14,3341.77,5715.680477961591,5550.60706193212
e8fffaab-f310-4c9c-a833-a837b68f1658,2026-07-07 17:00:00+00:00,4457.93,4478.02,3613.98,4482.980922464184,4396.991956876096
e8fffaab-f310-4c9c-a833-a837b68f1658,2026-07-07 17:15:00+00:00,3664.62,4457.93,4114.56,4763.618971219957,4651.073914018661
e8fffaab-f310-4c9c-a833-a837b68f1658,2026-07-07 17:30:00+00:00,4705.94,3664.62,3374.13,3937.2490191618954,3835.711204783275
e8fffaab-f310-4c9c-a833-a837b68f1658,2026-07-07 17:45:00+00:00,5999.92,4705.94,4665.69,5096.270135143823,4992.64625663568
e8fffaab-f310-4c9c-a833-a837b68f1658,2026-07-07 18:00:00+00:00,7089.81,5999.92,4705.88,6205.688028455867,6089.574120947845
e8fffaab-f310-4c9c-a833-a837b68f1658,2026-07-07 18:15:00+00:00,4579.06,7089.81,4268.14,7504.3731999107495,7312.704259188742
e8fffaab-f310-4c9c-a833-a837b68f1658,2026-07-07 18:30:00+00:00,4268.96,4579.06,4744.7,7186.521828790555,6634.061725978441
e8fffaab-f310-4c9c-a833-a837b68f1658,2026-07-07 18:45:00+00:00,4101.87,4268.96,4570.61,7354.450057763615,6806.353189474965
e8fffaab-f310-4c9c-a833-a837b68f1658,2026-07-07 19:00:00+00:00,4325.46,4101.87,4397.81,7291.3728534719785,6738.686299028198
e8fffaab-f310-4c9c-a833-a837b68f1658,2026-07-07 19:15:00+00:00,4457.78,4325.46,5034.01,6971.113660705517,6504.584758616128
e8fffaab-f310-4c9c-a833-a837b68f1658,2026-07-07 19:30:00+00:00,4280.36,4457.78,4780.65,6339.4124054809945,5978.029143795839
e8fffaab-f310-4c9c-a833-a837b68f1658,2026-07-07 19:45:00+00:00,4424.12,4280.36,4982.61,4608.148565480121,4480.917783883066
e8fffaab-f310-4c9c-a833-a837b68f1658,2026-07-07 20:00:00+00:00,4868.3,4424.12,5543.89,4813.960352585091,4672.098138605878
e8fffaab-f310-4c9c-a833-a837b68f1658,2026-07-07 20:15:00+00:00,4937.7,4868.3,4992.31,5229.112510922908,5070.399130885337
e8fffaab-f310-4c9c-a833-a837b68f1658,2026-07-07 20:30:00+00:00,5625.15,4937.7,5067.59,5193.955031976707,5024.695535890211
e8fffaab-f310-4c9c-a833-a837b68f1658,2026-07-07 20:45:00+00:00,4800.62,5625.15,4789.65,5862.397450681212,5676.958653943714
e8fffaab-f310-4c9c-a833-a837b68f1658,2026-07-07 21:00:00+00:00,5296.25,4800.62,4546.88,4916.529723586724,4724.6584204608425
e8fffaab-f310-4c9c-a833-a837b68f1658,2026-07-07 21:15:00+00:00,5087.04,5296.25,4620.18,5549.392185699231,5341.502182680851
e8fffaab-f310-4c9c-a833-a837b68f1658,2026-07-07 21:30:00+00:00,4931.64,5087.04,4735.88,5300.807289241394,5068.908864602279
e8fffaab-f310-4c9c-a833-a837b68f1658,2026-07-07 21:45:00+00:00,4871.68,4931.64,5171.27,5206.982777454747,4962.7631169836895
e8fffaab-f310-4c9c-a833-a837b68f1658,2026-07-07 22:00:00+00:00,4542.38,4871.68,4501.05,5147.184917446522,4898.079369258533
e8fffaab-f310-4c9c-a833-a837b68f1658,2026-07-07 22:15:00+00:00,4511.94,4542.38,4430.92,4833.643757023651,4580.467959045755
e8fffaab-f310-4c9c-a833-a837b68f1658,2026-07-07 22:30:00+00:00,4264.77,4511.94,4443.25,4873.613262541556,4615.046143713339
e8fffaab-f310-4c9c-a833-a837b68f1658,2026-07-07 22:45:00+00:00,4192.58,4264.77,5229.1,4707.392409564775,4433.553665818452
e8fffaab-f310-4c9c-a833-a837b68f1658,2026-07-07 23:00:00+00:00,4327.85,4192.58,4743.96,4655.126582236658,4387.393530328849
e8fffaab-f310-4c9c-a833-a837b68f1658,2026-07-07 23:15:00+00:00,4320.81,4327.85,4793.09,4828.103507060601,4553.4047818782265
e8fffaab-f310-4c9c-a833-a837b68f1658,2026-07-07 23:30:00+00:00,4201.19,4320.81,4978.77,4804.964685738519,4528.763223743999
e8fffaab-f310-4c9c-a833-a837b68f1658,2026-07-07 23:45:00+00:00,4141.3,4201.19,4373.15,4774.33232157416,4488.937720690042
e8fffaab-f310-4c9c-a833-a837b68f1658,2026-07-08 00:00:00+00:00,5776.5,4141.3,4347.56,4603.849612421741,4364.258150883451
e8fffaab-f310-4c9c-a833-a837b68f1658,2026-07-08 00:15:00+00:00,5493.22,5776.5,4310.61,6245.716526518714,5999.713769366078
e8fffaab-f310-4c9c-a833-a837b68f1658,2026-07-08 00:30:00+00:00,4421.62,5493.22,4545.74,5696.266226675374,5451.479823925454
e8fffaab-f310-4c9c-a833-a837b68f1658,2026-07-08 00:45:00+00:00,5016.92,4421.62,4272.65,4699.192485894427,4470.899185304689
e8fffaab-f310-4c9c-a833-a837b68f1658,2026-07-08 01:00:00+00:00,4290.69,5016.92,4414.01,5575.45576446218,5336.2901244280865
e8fffaab-f310-4c9c-a833-a837b68f1658,2026-07-08 01:15:00+00:00,3357.52,4290.69,4017.09,4661.878968857389,4454.674201300236
e8fffaab-f310-4c9c-a833-a837b68f1658,2026-07-08 01:30:00+00:00,3532.32,3357.52,4230.84,3889.6842803459203,3704.8636481078884
e8fffaab-f310-4c9c-a833-a837b68f1658,2026-07-08 01:45:00+00:00,3468.41,3532.32,4081.24,4278.401491286045,4101.52879063449
e8fffaab-f310-4c9c-a833-a837b68f1658,2026-07-08 02:00:00+00:00,6156.04,3468.41,7619.99,4491.664216590331,4275.924266769965
e8fffaab-f310-4c9c-a833-a837b68f1658,2026-07-08 02:15:00+00:00,5689.5,6156.04,6410.88,7078.539116875299,6884.6369916882595
e8fffaab-f310-4c9c-a833-a837b68f1658,2026-07-08 02:30:00+00:00,5609.56,5689.5,6279.63,6126.147679882515,5949.60303127363
e8fffaab-f310-4c9c-a833-a837b68f1658,2026-07-08 02:45:00+00:00,6000.31,5609.56,5871.88,6187.0301823928585,6026.546160107514
e8fffaab-f310-4c9c-a833-a837b68f1658,2026-07-08 03:00:00+00:00,6575.55,6000.31,6483.32,6705.341544750673,6535.436953994062
e8fffaab-f310-4c9c-a833-a837b68f1658,2026-07-08 03:15:00+00:00,5640.07,6575.55,6860.15,8120.809420304064,7826.099276317385
e8fffaab-f310-4c9c-a833-a837b68f1658,2026-07-08 03:30:00+00:00,6188.1,5640.07,6856.36,6660.503671672774,6463.257413579719
e8fffaab-f310-4c9c-a833-a837b68f1658,2026-07-08 03:45:00+00:00,5874.97,6188.1,5291.6,6908.9391510569585,6811.908188307822
e8fffaab-f310-4c9c-a833-a837b68f1658,2026-07-08 04:00:00+00:00,7165.16,5874.97,9384.93,6752.0034575165755,6628.150337231649
e8fffaab-f310-4c9c-a833-a837b68f1658,2026-07-08 04:15:00+00:00,10909.35,7165.16,10113.03,8201.319867409245,8071.584800496477
e8fffaab-f310-4c9c-a833-a837b68f1658,2026-07-08 04:30:00+00:00,10786.06,10909.35,6770.32,11517.064586218847,11411.035543707621
e8fffaab-f310-4c9c-a833-a837b68f1658,2026-07-08 04:45:00+00:00,8977.17,10786.06,6170.45,10609.58937909689,10534.510683381968
e8fffaab-f310-4c9c-a833-a837b68f1658,2026-07-08 05:00:00+00:00,8660.97,8977.17,7319.45,8948.992159948755,8881.077927126626
e8fffaab-f310-4c9c-a833-a837b68f1658,2026-07-08 05:15:00+00:00,7549.65,8660.97,9342.25,9189.142496244725,9087.973802574952
e8fffaab-f310-4c9c-a833-a837b68f1658,2026-07-08 05:30:00+00:00,20254.35,7549.65,17978.81,8840.173182622424,8628.230556202983
e8fffaab-f310-4c9c-a833-a837b68f1658,2026-07-08 05:45:00+00:00,24607.35,20254.35,12787.6,21593.842499666993,21340.43146039968
e8fffaab-f310-4c9c-a833-a837b68f1658,2026-07-08 06:00:00+00:00,34788.4,24607.35,11426.6,23303.978935655992,23056.902271611267
e8fffaab-f310-4c9c-a833-a837b68f1658,2026-07-08 06:15:00+00:00,36540.85,34788.4,11658.95,32530.048712542193,32217.91943224809
e8fffaab-f310-4c9c-a833-a837b68f1658,2026-07-08 06:30:00+00:00,34661.96,36540.85,8161.53,32582.165243961328,32171.84154961018
e8fffaab-f310-4c9c-a833-a837b68f1658,2026-07-08 06:45:00+00:00,33200.03,34661.96,9757.81,30502.60350331508,30063.442092652745
e8fffaab-f310-4c9c-a833-a837b68f1658,2026-07-08 07:00:00+00:00,58833.64,33200.03,9313.61,29889.595150239027,29349.658425608868
e8fffaab-f310-4c9c-a833-a837b68f1658,2026-07-08 07:15:00+00:00,80015.29,58833.64,9432.59,55586.283867152844,54829.67439144764
e8fffaab-f310-4c9c-a833-a837b68f1658,2026-07-08 07:30:00+00:00,72464.15,80015.29,10951.27,71267.4816007816,70375.45180243276
e8fffaab-f310-4c9c-a833-a837b68f1658,2026-07-08 07:45:00+00:00,51417.17,72464.15,9192.79,59574.828159890705,58714.490665153615
e8fffaab-f310-4c9c-a833-a837b68f1658,2026-07-08 08:00:00+00:00,15533.82,51417.17,8563.95,41313.774784265195,40293.80938042705
e8fffaab-f310-4c9c-a833-a837b68f1658,2026-07-08 08:15:00+00:00,18345.76,15533.82,8449.42,10454.369947553758,9496.839608358036
e8fffaab-f310-4c9c-a833-a837b68f1658,2026-07-08 08:30:00+00:00,19530.2,18345.76,5800.11,19610.941260983716,18758.303915734035
e8fffaab-f310-4c9c-a833-a837b68f1658,2026-07-08 08:45:00+00:00,16409.01,19530.2,4645.46,19538.282597515783,18844.775432316164
e8fffaab-f310-4c9c-a833-a837b68f1658,2026-07-08 09:00:00+00:00,14979.47,16409.01,3818.28,15107.055679654855,14717.574093312447
e8fffaab-f310-4c9c-a833-a837b68f1658,2026-07-08 09:15:00+00:00,13713.37,14979.47,9099.53,14283.704607440794,13882.017567291885
e8fffaab-f310-4c9c-a833-a837b68f1658,2026-07-08 09:30:00+00:00,15060.16,13713.37,17811.38,13610.111220702012,13138.868206067335
e8fffaab-f310-4c9c-a833-a837b68f1658,2026-07-08 09:45:00+00:00,15091.58,15060.16,14190.97,14916.22004971961,14498.056194160257
e8fffaab-f310-4c9c-a833-a837b68f1658,2026-07-08 10:00:00+00:00,13760.43,15091.58,16256.2,14786.488713834522,14345.955983247593
e8fffaab-f310-4c9c-a833-a837b68f1658,2026-07-08 10:15:00+00:00,16388.02,13760.43,11772.83,13451.81590872164,13040.697136673403
e8fffaab-f310-4c9c-a833-a837b68f1658,2026-07-08 10:30:00+00:00,16741.23,16388.02,12440.51,16097.078146374422,15695.59324127385
e8fffaab-f310-4c9c-a833-a837b68f1658,2026-07-08 10:45:00+00:00,14011.34,16741.23,8484.32,15720.066619664705,15358.316916326243
e8fffaab-f310-4c9c-a833-a837b68f1658,2026-07-08 11:00:00+00:00,14081.51,14011.34,21787.14,13305.890621165205,12867.99690799182
e8fffaab-f310-4c9c-a833-a837b68f1658,2026-07-08 11:15:00+00:00,15373.66,14081.51,15878.05,14119.47845650095,13624.86613307162
e8fffaab-f310-4c9c-a833-a837b68f1658,2026-07-08 11:30:00+00:00,17472.27,15373.66,20848.84,15525.369912965467,14951.175487829234
e8fffaab-f310-4c9c-a833-a837b68f1658,2026-07-08 11:45:00+00:00,16900.36,17472.27,20453.04,17273.17809284851,16672.80907570632
e8fffaab-f310-4c9c-a833-a837b68f1658,2026-07-08 12:00:00+00:00,15686.32,16900.36,17931.86,15765.06200755493,15221.9479508731
e8fffaab-f310-4c9c-a833-a837b68f1658,2026-07-08 12:15:00+00:00,15265.21,15686.32,19513.18,15088.754382645828,14533.27391868315
e8fffaab-f310-4c9c-a833-a837b68f1658,2026-07-08 12:30:00+00:00,16276.95,15265.21,16111.77,15032.689610467263,14515.171254271234
e8fffaab-f310-4c9c-a833-a837b68f1658,2026-07-08 12:45:00+00:00,14502.38,16276.95,7648.08,15433.790342256776,15094.028037193462
e8fffaab-f310-4c9c-a833-a837b68f1658,2026-07-08 13:00:00+00:00,13420.6,14502.38,8063.87,13500.44595730428,13220.666060799298
e8fffaab-f310-4c9c-a833-a837b68f1658,2026-07-08 13:15:00+00:00,14271.63,13420.6,8063.99,12806.359287737629,12507.822469929153
e8fffaab-f310-4c9c-a833-a837b68f1658,2026-07-08 13:30:00+00:00,17917.18,14271.63,14064.92,14144.989187628478,13750.477526339202
e8fffaab-f310-4c9c-a833-a837b68f1658,2026-07-08 13:45:00+00:00,24064.25,17917.18,10147.3,17578.511421221563,17152.54491073265
e8fffaab-f310-4c9c-a833-a837b68f1658,2026-07-08 14:00:00+00:00,22235.14,24064.25,7875.22,22783.76953989711,22325.439409662045
e8fffaab-f310-4c9c-a833-a837b68f1658,2026-07-08 14:15:00+00:00,21092.32,22235.14,13845.81,20051.72349332703,19504.847448096523
e8fffaab-f310-4c9c-a833-a837b68f1658,2026-07-08 14:30:00+00:00,18136.64,21092.32,10771.35,19311.299200862286,18726.71544056516
e8fffaab-f310-4c9c-a833-a837b68f1658,2026-07-08 14:45:00+00:00,8703.07,18136.64,7658.08,16673.113947355505,16047.778688795577
e8fffaab-f310-4c9c-a833-a837b68f1658,2026-07-08 15:00:00+00:00,10624.22,8703.07,5935.89,7435.900206136552,6921.802807216046
e8fffaab-f310-4c9c-a833-a837b68f1658,2026-07-08 15:15:00+00:00,10458.53,10624.22,6726.84,10924.931943245081,10467.569690744418
e8fffaab-f310-4c9c-a833-a837b68f1658,2026-07-08 15:30:00+00:00,10981.21,10458.53,4393.1,9937.685199845739,9593.362076478097
e8fffaab-f310-4c9c-a833-a837b68f1658,2026-07-08 15:45:00+00:00,8693.66,10981.21,5099.52,10196.045940824664,9949.647637098991
e8fffaab-f310-4c9c-a833-a837b68f1658,2026-07-08 16:00:00+00:00,4914.67,8693.66,2599.94,7780.965841974339,7580.643691683532
e8fffaab-f310-4c9c-a833-a837b68f1658,2026-07-08 16:15:00+00:00,3449.32,4914.67,4106.13,4569.349347203008,4368.617707483082
e8fffaab-f310-4c9c-a833-a837b68f1658,2026-07-08 16:30:00+00:00,3786.3,3449.32,5337.14,3917.905842292371,3703.0084296253435
e8fffaab-f310-4c9c-a833-a837b68f1658,2026-07-08 16:45:00+00:00,4306.51,3786.3,4478.02,4286.477436225527,4109.928151593668
e8fffaab-f310-4c9c-a833-a837b68f1658,2026-07-08 17:00:00+00:00,4643.13,4306.51,4457.93,4665.883095322328,4500.220541650421
e8fffaab-f310-4c9c-a833-a837b68f1658,2026-07-08 17:15:00+00:00,2511.1,4643.13,3664.62,4812.251151173282,4660.325309375177
e8fffaab-f310-4c9c-a833-a837b68f1658,2026-07-08 17:30:00+00:00,3557.72,2511.1,4705.94,2717.7233394082477,2557.931466256884
e8fffaab-f310-4c9c-a833-a837b68f1658,2026-07-08 17:45:00+00:00,3623.94,3557.72,5999.92,4270.1650040559325,4077.8887881932806
e8fffaab-f310-4c9c-a833-a837b68f1658,2026-07-08 18:00:00+00:00,4213.36,3623.94,7089.81,4177.633384154865,3968.6549840742646
e8fffaab-f310-4c9c-a833-a837b68f1658,2026-07-08 18:15:00+00:00,4552.85,4213.36,4579.06,4586.275557935161,4421.961099780937
e8fffaab-f310-4c9c-a833-a837b68f1658,2026-07-08 18:30:00+00:00,4205.66,4552.85,4268.96,4834.000329945934,4668.955293402601
e8fffaab-f310-4c9c-a833-a837b68f1658,2026-07-08 18:45:00+00:00,4716.35,4205.66,4101.87,4372.870894685781,4227.726659719794
e8fffaab-f310-4c9c-a833-a837b68f1658,2026-07-08 19:00:00+00:00,5005.7,4716.35,4325.46,4950.089202710125,4808.387806129641
e8fffaab-f310-4c9c-a833-a837b68f1658,2026-07-08 19:15:00+00:00,4675.36,5005.7,4457.78,5149.511598382962,5001.656714504214
e8fffaab-f310-4c9c-a833-a837b68f1658,2026-07-08 19:30:00+00:00,4760.1,4675.36,4280.36,4744.091311958109,4604.0354048391
e8fffaab-f310-4c9c-a833-a837b68f1658,2026-07-08 19:45:00+00:00,4850.25,4760.1,4424.12,4933.497622049012,4785.7953229499535
e8fffaab-f310-4c9c-a833-a837b68f1658,2026-07-08 20:00:00+00:00,4725.11,4850.25,4868.3,5039.744928025864,4886.540026405115
e8fffaab-f310-4c9c-a833-a837b68f1658,2026-07-08 20:15:00+00:00,4858.97,4725.11,4937.7,4888.491759482816,4728.641183735955
e8fffaab-f310-4c9c-a833-a837b68f1658,2026-07-08 20:30:00+00:00,4502.01,4858.97,5625.15,5086.188477036938,4908.159281358924
e8fffaab-f310-4c9c-a833-a837b68f1658,2026-07-08 20:45:00+00:00,4454.14,4502.01,4800.62,4677.5652095501455,4501.357225757182
e8fffaab-f310-4c9c-a833-a837b68f1658,2026-07-08 21:00:00+00:00,4033.06,4454.14,5296.25,4714.893814202582,4530.063920165571
e8fffaab-f310-4c9c-a833-a837b68f1658,2026-07-08 21:15:00+00:00,4152.17,4033.06,5087.04,4347.675393135138,4147.076265278002
e8fffaab-f310-4c9c-a833-a837b68f1658,2026-07-08 21:30:00+00:00,4276.8,4152.17,4931.64,4540.706899711766,4331.5321761916775
e8fffaab-f310-4c9c-a833-a837b68f1658,2026-07-08 21:45:00+00:00,4308.81,4276.8,4871.68,4653.612177556182,4432.879999176294
e8fffaab-f310-4c9c-a833-a837b68f1658,2026-07-08 22:00:00+00:00,3994.93,4308.81,4542.38,4635.691696568884,4413.885387700176
e8fffaab-f310-4c9c-a833-a837b68f1658,2026-07-08 22:15:00+00:00,3931.47,3994.93,4511.94,4322.880547290928,4096.71584294742
e8fffaab-f310-4c9c-a833-a837b68f1658,2026-07-08 22:30:00+00:00,4942.97,3931.47,4264.77,4326.204928776628,4096.414326473571
e8fffaab-f310-4c9c-a833-a837b68f1658,2026-07-08 22:45:00+00:00,4438.65,4942.97,4192.58,5343.556736860445,5104.803262640859
e8fffaab-f310-4c9c-a833-a837b68f1658,2026-07-08 23:00:00+00:00,4211.23,4438.65,4327.85,4641.922750729377,4407.855989028552
e8fffaab-f310-4c9c-a833-a837b68f1658,2026-07-08 23:15:00+00:00,4733.83,4211.23,4320.81,4530.600118813462,4300.983643061152
e8fffaab-f310-4c9c-a833-a837b68f1658,2026-07-08 23:30:00+00:00,5112.04,4733.83,4201.19,5131.657493604288,4895.997660855201
e8fffaab-f310-4c9c-a833-a837b68f1658,2026-07-08 23:45:00+00:00,4028.44,5112.04,4141.3,5411.476335141171,5182.691579592262
e8fffaab-f310-4c9c-a833-a837b68f1658,2026-07-09 00:00:00+00:00,4204.9,4028.44,5776.5,4310.341157551402,4099.921030765627
e8fffaab-f310-4c9c-a833-a837b68f1658,2026-07-09 00:15:00+00:00,3980.03,4204.9,5493.22,4708.684848242002,4502.608909233338
e8fffaab-f310-4c9c-a833-a837b68f1658,2026-07-09 00:30:00+00:00,4256.42,3980.03,4421.62,4439.926997264543,4248.899800066806
e8fffaab-f310-4c9c-a833-a837b68f1658,2026-07-09 00:45:00+00:00,4101.95,4256.42,5016.92,4805.20077506622,4618.784991502936
e8fffaab-f310-4c9c-a833-a837b68f1658,2026-07-09 01:00:00+00:00,3381.23,4101.95,4290.69,4561.815172447146,4397.0400463114875
e8fffaab-f310-4c9c-a833-a837b68f1658,2026-07-09 01:15:00+00:00,3234.7,3381.23,3357.52,3863.259162722108,3721.641531700391
e8fffaab-f310-4c9c-a833-a837b68f1658,2026-07-09 01:30:00+00:00,3346.95,3234.7,3532.32,3922.3719895337763,3784.408171905249
e8fffaab-f310-4c9c-a833-a837b68f1658,2026-07-09 01:45:00+00:00,3256.08,3346.95,3468.41,4033.13277357046,3915.282539796315
e8fffaab-f310-4c9c-a833-a837b68f1658,2026-07-09 02:00:00+00:00,6036.98,3256.08,6156.04,4196.494281630126,4047.6575167921537
e8fffaab-f310-4c9c-a833-a837b68f1658,2026-07-09 02:15:00+00:00,6713.87,6036.98,5689.5,6953.047685538684,6810.219832262188
e8fffaab-f310-4c9c-a833-a837b68f1658,2026-07-09 02:30:00+00:00,6421.14,6713.87,5609.56,7094.158027025371,6965.454705978348
e8fffaab-f310-4c9c-a833-a837b68f1658,2026-07-09 02:45:00+00:00,6765.81,6421.14,6000.31,6701.8280384551,6592.2745294611295
e8fffaab-f310-4c9c-a833-a837b68f1658,2026-07-09 03:00:00+00:00,6774.33,6765.81,6575.55,7238.983384948371,7117.634080973696
e8fffaab-f310-4c9c-a833-a837b68f1658,2026-07-09 03:15:00+00:00,18799.72,6774.33,5640.07,7172.052481528797,7070.143932488616
e8fffaab-f310-4c9c-a833-a837b68f1658,2026-07-09 03:30:00+00:00,12889.32,18799.72,6188.1,19119.306405410105,18948.92682391263
e8fffaab-f310-4c9c-a833-a837b68f1658,2026-07-09 03:45:00+00:00,5361.09,12889.32,5874.97,10947.295867088356,10828.460821735962
e8fffaab-f310-4c9c-a833-a837b68f1658,2026-07-09 04:00:00+00:00,5188.15,5361.09,7165.16,4711.050226953492,4650.3593845022215
e8fffaab-f310-4c9c-a833-a837b68f1658,2026-07-09 04:15:00+00:00,5857.39,5188.15,10909.35,6513.487007539297,6334.644979778026
e8fffaab-f310-4c9c-a833-a837b68f1658,2026-07-09 04:30:00+00:00,7668.08,5857.39,10786.06,7072.950013939084,6945.456883831886
e8fffaab-f310-4c9c-a833-a837b68f1658,2026-07-09 04:45:00+00:00,6501.87,7668.08,8977.17,8569.780291262476,8501.277369016505
e8fffaab-f310-4c9c-a833-a837b68f1658,2026-07-09 05:00:00+00:00,6897.8,6501.87,8660.97,7118.437915828575,7063.031836969786
e8fffaab-f310-4c9c-a833-a837b68f1658,2026-07-09 05:15:00+00:00,7394.0,6897.8,7549.65,7735.992980851626,7686.41385149746
e8fffaab-f310-4c9c-a833-a837b68f1658,2026-07-09 05:30:00+00:00,13767.94,7394.0,20254.35,9269.94443530422,9004.280255535527
e8fffaab-f310-4c9c-a833-a837b68f1658,2026-07-09 05:45:00+00:00,19243.76,13767.94,24607.35,15727.073743317947,15378.907141173344
e8fffaab-f310-4c9c-a833-a837b68f1658,2026-07-09 06:00:00+00:00,18262.14,19243.76,34788.4,20369.93168744418,19886.02108492702
e8fffaab-f310-4c9c-a833-a837b68f1658,2026-07-09 06:15:00+00:00,16532.65,18262.14,36540.85,18362.793845581597,17881.964498050227
e8fffaab-f310-4c9c-a833-a837b68f1658,2026-07-09 06:30:00+00:00,17794.77,16532.65,34661.96,16977.79192971288,16479.446041509287
e8fffaab-f310-4c9c-a833-a837b68f1658,2026-07-09 06:45:00+00:00,15410.86,17794.77,33200.03,18649.575926622318,18123.38202426363
e8fffaab-f310-4c9c-a833-a837b68f1658,2026-07-09 07:00:00+00:00,15375.0,15410.86,58833.64,16954.620302359475,16237.745682914498
e8fffaab-f310-4c9c-a833-a837b68f1658,2026-07-09 07:15:00+00:00,17430.87,15375.0,80015.29,18335.139478260848,17402.306396659416
e8fffaab-f310-4c9c-a833-a837b68f1658,2026-07-09 07:30:00+00:00,16860.04,17430.87,72464.15,19538.252924490134,18728.42825440507
e8fffaab-f310-4c9c-a833-a837b68f1658,2026-07-09 07:45:00+00:00,16934.3,16860.04,51417.17,17935.629103135732,17284.891412021327
e8fffaab-f310-4c9c-a833-a837b68f1658,2026-07-09 08:00:00+00:00,16545.42,16934.3,15533.82,16403.341562817637,16111.663879023978
e8fffaab-f310-4c9c-a833-a837b68f1658,2026-07-09 08:15:00+00:00,16115.67,16545.42,18345.76,16090.515691426048,15742.243892289349
e8fffaab-f310-4c9c-a833-a837b68f1658,2026-07-09 08:30:00+00:00,11902.6,16115.67,19530.2,15838.385010575297,15444.997405935355
e8fffaab-f310-4c9c-a833-a837b68f1658,2026-07-09 08:45:00+00:00,6307.42,11902.6,16409.01,11671.502992747855,11294.79981217199
e8fffaab-f310-4c9c-a833-a837b68f1658,2026-07-09 09:00:00+00:00,5236.69,6307.42,14979.47,6779.325378561878,6439.6847718828685
e8fffaab-f310-4c9c-a833-a837b68f1658,2026-07-09 09:15:00+00:00,8670.79,5236.69,13713.37,6758.035556443752,6436.8500184400455
e8fffaab-f310-4c9c-a833-a837b68f1658,2026-07-09 09:30:00+00:00,8712.8,8670.79,15060.16,10544.335074545499,10178.53189092776
e8fffaab-f310-4c9c-a833-a837b68f1658,2026-07-09 09:45:00+00:00,11683.49,8712.8,15091.58,10429.562707962752,9994.686411728966
e8fffaab-f310-4c9c-a833-a837b68f1658,2026-07-09 10:00:00+00:00,12477.17,11683.49,13760.43,12708.848441114063,12356.0947734093
e8fffaab-f310-4c9c-a833-a837b68f1658,2026-07-09 10:15:00+00:00,9796.95,12477.17,16388.02,12768.441138976941,12384.061028104485
e8fffaab-f310-4c9c-a833-a837b68f1658,2026-07-09 10:30:00+00:00,11500.57,9796.95,16741.23,9957.482346985937,9559.406368355641
e8fffaab-f310-4c9c-a833-a837b68f1658,2026-07-09 10:45:00+00:00,5260.29,11500.57,14011.34,11997.029852588774,11579.94564813733
e8fffaab-f310-4c9c-a833-a837b68f1658,2026-07-09 11:00:00+00:00,9833.7,5260.29,14081.51,5595.350223465984,5164.909190450993
e8fffaab-f310-4c9c-a833-a837b68f1658,2026-07-09 11:15:00+00:00,10657.32,9833.7,15373.66,11383.983417774176,10876.981778604706
e8fffaab-f310-4c9c-a833-a837b68f1658,2026-07-09 11:30:00+00:00,6490.03,10657.32,17472.27,11486.14176545481,10883.44021497134
e8fffaab-f310-4c9c-a833-a837b68f1658,2026-07-09 11:45:00+00:00,6883.56,6490.03,16900.36,7016.98817390224,6444.078184885453
e8fffaab-f310-4c9c-a833-a837b68f1658,2026-07-09 12:00:00+00:00,9901.06,6883.56,15686.32,8106.499457778268,7484.640301296915
e8fffaab-f310-4c9c-a833-a837b68f1658,2026-07-09 12:15:00+00:00,10377.16,9901.06,15265.21,11115.855347793307,10455.110074271986
e8fffaab-f310-4c9c-a833-a837b68f1658,2026-07-09 12:30:00+00:00,8093.35,10377.16,16276.95,10865.391236668509,10230.446351060513
e8fffaab-f310-4c9c-a833-a837b68f1658,2026-07-09 12:45:00+00:00,7953.84,8093.35,14502.38,8424.129682856881,7816.770724362821
e8fffaab-f310-4c9c-a833-a837b68f1658,2026-07-09 13:00:00+00:00,7886.94,7953.84,13420.6,8600.8026755023,8001.202096960718
e8fffaab-f310-4c9c-a833-a837b68f1658,2026-07-09 13:15:00+00:00,7187.69,7886.94,14271.63,8450.762775618998,7857.064077337391
e8fffaab-f310-4c9c-a833-a837b68f1658,2026-07-09 13:30:00+00:00,6166.56,7187.69,17917.18,7934.574172309087,7308.024698360488
e8fffaab-f310-4c9c-a833-a837b68f1658,2026-07-09 13:45:00+00:00,11935.88,6166.56,24064.25,7576.373328084434,6847.185134415359
e8fffaab-f310-4c9c-a833-a837b68f1658,2026-07-09 14:00:00+00:00,11377.96,11935.88,22235.14,13378.705841442144,12621.604246699175
e8fffaab-f310-4c9c-a833-a837b68f1658,2026-07-09 14:15:00+00:00,10581.3,11377.96,21092.32,11294.585549192712,10616.050878053611
e8fffaab-f310-4c9c-a833-a837b68f1658,2026-07-09 14:30:00+00:00,7511.53,10581.3,18136.64,10575.863109377678,9926.380832684274
e8fffaab-f310-4c9c-a833-a837b68f1658,2026-07-09 14:45:00+00:00,8096.55,7511.53,8703.07,7203.478756955396,6662.308597929444
e8fffaab-f310-4c9c-a833-a837b68f1658,2026-07-09 15:00:00+00:00,6889.25,8096.55,10624.22,8312.703084595374,7778.707368505894
e8fffaab-f310-4c9c-a833-a837b68f1658,2026-07-09 15:15:00+00:00,37020.47,6889.25,10458.53,7072.525615532591,6548.949440561792
e8fffaab-f310-4c9c-a833-a837b68f1658,2026-07-09 15:30:00+00:00,8391.39,37020.47,10981.21,36710.280922709135,36072.76187758413
e8fffaab-f310-4c9c-a833-a837b68f1658,2026-07-09 15:45:00+00:00,4405.74,8391.39,8693.66,2638.4060802783215,2172.8672871099643
e8fffaab-f310-4c9c-a833-a837b68f1658,2026-07-09 16:00:00+00:00,4171.84,4405.74,4914.67,4001.824809322903,3636.7349799446174
e8fffaab-f310-4c9c-a833-a837b68f1658,2026-07-09 16:15:00+00:00,3560.55,4171.84,3449.32,5207.737510431197,4647.297522122867
e8fffaab-f310-4c9c-a833-a837b68f1658,2026-07-09 16:30:00+00:00,3279.74,3560.55,3786.3,3840.1377530258405,3522.030412151503
e8fffaab-f310-4c9c-a833-a837b68f1658,2026-07-09 16:45:00+00:00,3596.28,3279.74,4306.51,3613.637453609648,3330.0092741616063
e8fffaab-f310-4c9c-a833-a837b68f1658,2026-07-09 17:00:00+00:00,2237.34,3596.28,4643.13,3974.7516821741583,3698.8644467874446
e8fffaab-f310-4c9c-a833-a837b68f1658,2026-07-09 17:15:00+00:00,5270.33,2237.34,2511.1,2429.958943148964,2209.014421785322
e8fffaab-f310-4c9c-a833-a837b68f1658,2026-07-09 17:30:00+00:00,4629.75,5270.33,3557.72,5863.505864508245,5610.609435304705
e8fffaab-f310-4c9c-a833-a837b68f1658,2026-07-09 17:45:00+00:00,4340.04,4629.75,3623.94,4589.754104331849,4362.707511601747
e8fffaab-f310-4c9c-a833-a837b68f1658,2026-07-09 18:00:00+00:00,4478.11,4340.04,4213.36,4392.291228995497,4192.571107767913
e8fffaab-f310-4c9c-a833-a837b68f1658,2026-07-09 18:15:00+00:00,4580.66,4478.11,4552.85,4678.799281864305,4463.361617719416
e8fffaab-f310-4c9c-a833-a837b68f1658,2026-07-09 18:30:00+00:00,4183.23,4580.66,4205.66,4738.624161022218,4540.316357858163
e8fffaab-f310-4c9c-a833-a837b68f1658,2026-07-09 18:45:00+00:00,4187.72,4183.23,4716.35,4306.687337160166,4126.333355450356
e8fffaab-f310-4c9c-a833-a837b68f1658,2026-07-09 19:00:00+00:00,4264.82,4187.72,5005.7,4408.167335030914,4237.101443677262
e8fffaab-f310-4c9c-a833-a837b68f1658,2026-07-09 19:15:00+00:00,4132.86,4264.82,4675.36,4473.524074956947,4312.34448191689
e8fffaab-f310-4c9c-a833-a837b68f1658,2026-07-09 19:30:00+00:00,4447.11,4132.86,4760.1,4359.187254040428,4204.306586149133
e8fffaab-f310-4c9c-a833-a837b68f1658,2026-07-09 19:45:00+00:00,4595.36,4447.11,4850.25,4669.472868442974,4526.723151976818
e8fffaab-f310-4c9c-a833-a837b68f1658,2026-07-09 20:00:00+00:00,4798.47,4595.36,4725.11,4757.950040929346,4625.201532879801
e8fffaab-f310-4c9c-a833-a837b68f1658,2026-07-09 20:15:00+00:00,5054.19,4798.47,4858.97,4947.48493877225,4801.54039238656
e8fffaab-f310-4c9c-a833-a837b68f1658,2026-07-09 20:30:00+00:00,5300.56,5054.19,4502.01,5164.1816298733065,5008.095860163121
e8fffaab-f310-4c9c-a833-a837b68f1658,2026-07-09 20:45:00+00:00,5224.37,5300.56,4454.14,5340.987129448144,5179.153686654211
e8fffaab-f310-4c9c-a833-a837b68f1658,2026-07-09 21:00:00+00:00,5107.19,5224.37,4033.06,5191.162844565172,5029.561835234795
e8fffaab-f310-4c9c-a833-a837b68f1658,2026-07-09 21:15:00+00:00,5251.06,5107.19,4152.17,5129.474103544768,4948.728115823135
e8fffaab-f310-4c9c-a833-a837b68f1658,2026-07-09 21:30:00+00:00,4775.53,5251.06,4276.8,5306.840682631684,5111.196635647423
e8fffaab-f310-4c9c-a833-a837b68f1658,2026-07-09 21:45:00+00:00,4627.92,4775.53,4308.81,4824.498916027798,4620.4310873824625
e8fffaab-f310-4c9c-a833-a837b68f1658,2026-07-09 22:00:00+00:00,4325.65,4627.92,3994.93,4741.8686460444915,4537.458547492575
e8fffaab-f310-4c9c-a833-a837b68f1658,2026-07-09 22:15:00+00:00,4125.09,4325.65,3931.47,4491.256651661415,4278.25299796016
e8fffaab-f310-4c9c-a833-a837b68f1658,2026-07-09 22:30:00+00:00,4219.12,4125.09,4942.97,4400.246396353673,4174.422870114941
e8fffaab-f310-4c9c-a833-a837b68f1658,2026-07-09 22:45:00+00:00,4448.56,4219.12,4438.65,4518.836598043952,4293.047020121814
e8fffaab-f310-4c9c-a833-a837b68f1658,2026-07-09 23:00:00+00:00,4299.64,4448.56,4211.23,4729.0079078655335,4501.536564903793
e8fffaab-f310-4c9c-a833-a837b68f1658,2026-07-09 23:15:00+00:00,4125.82,4299.64,4733.83,4632.762771211337,4401.173631915707
e8fffaab-f310-4c9c-a833-a837b68f1658,2026-07-09 23:30:00+00:00,4088.63,4125.82,5112.04,4565.337083548598,4334.339946228049
e8fffaab-f310-4c9c-a833-a837b68f1658,2026-07-09 23:45:00+00:00,4043.9,4088.63,4028.44,4440.242973101216,4245.679170478664
e8fffaab-f310-4c9c-a833-a837b68f1658,2026-07-10 00:00:00+00:00,5185.51,4043.9,4204.9,4466.038019430404,4271.882916121256
e8fffaab-f310-4c9c-a833-a837b68f1658,2026-07-10 00:15:00+00:00,4651.04,5185.51,3980.03,5621.435036904286,5425.122400801236
e8fffaab-f310-4c9c-a833-a837b68f1658,2026-07-10 00:30:00+00:00,4758.38,4651.04,4256.42,4902.272072212035,4711.931597039747
e8fffaab-f310-4c9c-a833-a837b68f1658,2026-07-10 00:45:00+00:00,4340.87,4758.38,4101.95,5105.321546498137,4926.47215668063
e8fffaab-f310-4c9c-a833-a837b68f1658,2026-07-10 01:00:00+00:00,4092.72,4340.87,3381.23,4674.195480035133,4507.576991463358
e8fffaab-f310-4c9c-a833-a837b68f1658,2026-07-10 01:15:00+00:00,3477.17,4092.72,3234.7,4521.238076602276,4378.141291792358
e8fffaab-f310-4c9c-a833-a837b68f1658,2026-07-10 01:30:00+00:00,3438.0,3477.17,3346.95,3999.9626916258894,3876.845288128983
e8fffaab-f310-4c9c-a833-a837b68f1658,2026-07-10 01:45:00+00:00,3442.86,3438.0,3256.08,4086.37514385528,3988.9420207981366
e8fffaab-f310-4c9c-a833-a837b68f1658,2026-07-10 02:00:00+00:00,6531.78,3442.86,6036.98,4388.443075921314,4263.9663439967735
e8fffaab-f310-4c9c-a833-a837b68f1658,2026-07-10 02:15:00+00:00,5574.97,6531.78,6713.87,7450.227472546663,7327.900807807739
e8fffaab-f310-4c9c-a833-a837b68f1658,2026-07-10 02:30:00+00:00,5883.9,5574.97,6421.14,5927.575154060751,5831.975910425903
e8fffaab-f310-4c9c-a833-a837b68f1658,2026-07-10 02:45:00+00:00,5664.11,5883.9,6765.81,6497.482494459277,6412.526875264106
e8fffaab-f310-4c9c-a833-a837b68f1658,2026-07-10 03:00:00+00:00,5863.98,5664.11,6774.33,6412.878434090522,6314.521904097398
e8fffaab-f310-4c9c-a833-a837b68f1658,2026-07-10 03:15:00+00:00,6171.95,5863.98,18799.72,7114.4246455580815,6933.636384586017
e8fffaab-f310-4c9c-a833-a837b68f1658,2026-07-10 03:30:00+00:00,6759.18,6171.95,12889.32,7127.165051779684,7023.886504518489
e8fffaab-f310-4c9c-a833-a837b68f1658,2026-07-10 03:45:00+00:00,6404.82,6759.18,5361.09,7312.165606532865,7304.962458519982
e8fffaab-f310-4c9c-a833-a837b68f1658,2026-07-10 04:00:00+00:00,8054.01,6404.82,5188.15,6837.170190511573,6858.621710659483
e8fffaab-f310-4c9c-a833-a837b68f1658,2026-07-10 04:15:00+00:00,6998.68,8054.01,5857.39,8606.858780843375,8602.549400126487
e8fffaab-f310-4c9c-a833-a837b68f1658,2026-07-10 04:30:00+00:00,6270.59,6998.68,7668.08,7368.073153985511,7342.15740353924
e8fffaab-f310-4c9c-a833-a837b68f1658,2026-07-10 04:45:00+00:00,5951.4,6270.59,6501.87,6861.222460578094,6843.383438950239
e8fffaab-f310-4c9c-a833-a837b68f1658,2026-07-10 05:00:00+00:00,6436.26,5951.4,6897.8,6850.900022483334,6802.320414126138
e8fffaab-f310-4c9c-a833-a837b68f1658,2026-07-10 05:15:00+00:00,6700.83,6436.26,7394.0,7402.130376998799,7336.741829210455
e8fffaab-f310-4c9c-a833-a837b68f1658,2026-07-10 05:30:00+00:00,8402.17,6700.83,13767.94,7837.1717516959225,7697.2233390070705
e8fffaab-f310-4c9c-a833-a837b68f1658,2026-07-10 05:45:00+00:00,9345.97,8402.17,19243.76,9715.825224274937,9496.212285581489
e8fffaab-f310-4c9c-a833-a837b68f1658,2026-07-10 06:00:00+00:00,9223.78,9345.97,18262.14,10392.594329629845,10140.540185673191
e8fffaab-f310-4c9c-a833-a837b68f1658,2026-07-10 06:15:00+00:00,8893.7,9223.78,16532.65,9939.014672113612,9703.250682557473
e8fffaab-f310-4c9c-a833-a837b68f1658,2026-07-10 06:30:00+00:00,9627.1,8893.7,17794.77,9805.386489929373,9523.185771414488
e8fffaab-f310-4c9c-a833-a837b68f1658,2026-07-10 06:45:00+00:00,7723.3,9627.1,15410.86,10530.066884400676,10244.066416376063
e8fffaab-f310-4c9c-a833-a837b68f1658,2026-07-10 07:00:00+00:00,9045.25,7723.3,15375.0,8542.204541749334,8249.245814629943
e8fffaab-f310-4c9c-a833-a837b68f1658,2026-07-10 07:15:00+00:00,10653.45,9045.25,17430.87,10231.826642499062,9902.856042547444
e8fffaab-f310-4c9c-a833-a837b68f1658,2026-07-10 07:30:00+00:00,12673.78,10653.45,16860.04,11609.595111946272,11239.327492860117
e8fffaab-f310-4c9c-a833-a837b68f1658,2026-07-10 07:45:00+00:00,6692.9,12673.78,16934.3,13225.502065903147,12835.582974269493
e8fffaab-f310-4c9c-a833-a837b68f1658,2026-07-10 08:00:00+00:00,5048.14,6692.9,16545.42,6906.63532833917,6528.228965004251
e8fffaab-f310-4c9c-a833-a837b68f1658,2026-07-10 08:15:00+00:00,7129.42,5048.14,16115.67,6522.690348745435,6120.340000104438
e8fffaab-f310-4c9c-a833-a837b68f1658,2026-07-10 08:30:00+00:00,5680.17,7129.42,11902.6,8572.202342588005,8192.611772384265
e8fffaab-f310-4c9c-a833-a837b68f1658,2026-07-10 08:45:00+00:00,6931.44,5680.17,6307.42,6280.43621429378,5996.117134564315
e8fffaab-f310-4c9c-a833-a837b68f1658,2026-07-10 09:00:00+00:00,2310.81,6931.44,5236.69,7839.021385068203,7525.911429897126
e8fffaab-f310-4c9c-a833-a837b68f1658,2026-07-10 09:15:00+00:00,8157.57,2310.81,8670.79,3286.326791326782,2935.95254035579
e8fffaab-f310-4c9c-a833-a837b68f1658,2026-07-10 09:30:00+00:00,12961.18,8157.57,8712.8,9855.460916410973,9481.455914566308
e8fffaab-f310-4c9c-a833-a837b68f1658,2026-07-10 09:45:00+00:00,295.27,12961.18,11683.49,13669.327688517604,13205.727248967924
e8fffaab-f310-4c9c-a833-a837b68f1658,2026-07-10 10:00:00+00:00,6667.56,295.27,12477.17,178.7375690956942,-198.87298352992366
e8fffaab-f310-4c9c-a833-a837b68f1658,2026-07-10 10:15:00+00:00,9176.5,6667.56,9796.95,9019.25992024055,8562.632423848547
e8fffaab-f310-4c9c-a833-a837b68f1658,2026-07-10 10:30:00+00:00,19806.68,9176.5,11500.57,10805.96953230286,10203.898962436284
e8fffaab-f310-4c9c-a833-a837b68f1658,2026-07-10 10:45:00+00:00,18038.35,19806.68,5260.29,19944.205672573276,19454.61752172971
e8fffaab-f310-4c9c-a833-a837b68f1658,2026-07-10 11:00:00+00:00,28049.75,18038.35,9833.7,16684.045882992574,16055.828630013399
e8fffaab-f310-4c9c-a833-a837b68f1658,2026-07-10 11:15:00+00:00,24693.12,28049.75,10657.32,27388.081706880854,26593.628665579527
e8fffaab-f310-4c9c-a833-a837b68f1658,2026-07-10 11:30:00+00:00,21414.57,24693.12,6490.03,22071.89913662622,21257.3120833129
e8fffaab-f310-4c9c-a833-a837b68f1658,2026-07-10 11:45:00+00:00,10251.57,21414.57,6883.56,18891.62590388192,18175.73509811289
e8fffaab-f310-4c9c-a833-a837b68f1658,2026-07-10 12:00:00+00:00,12000.97,10251.57,9901.06,9136.683205227688,8323.981846071249
e8fffaab-f310-4c9c-a833-a837b68f1658,2026-07-10 12:15:00+00:00,10776.58,12000.97,10377.16,12808.464827765772,12032.53469602482
e8fffaab-f310-4c9c-a833-a837b68f1658,2026-07-10 12:30:00+00:00,7622.06,10776.58,8093.35,10703.465328582712,10036.033954488856
e8fffaab-f310-4c9c-a833-a837b68f1658,2026-07-10 12:45:00+00:00,11599.77,7622.06,7953.84,7620.80469127234,7040.1788127244445
e8fffaab-f310-4c9c-a833-a837b68f1658,2026-07-10 13:00:00+00:00,3979.71,11599.77,7886.94,12173.864417605597,11553.725688060156
e8fffaab-f310-4c9c-a833-a837b68f1658,2026-07-10 13:15:00+00:00,5707.06,3979.71,7187.69,3722.433909843925,3179.005175523791
e8fffaab-f310-4c9c-a833-a837b68f1658,2026-07-10 13:30:00+00:00,6295.88,5707.06,6166.56,6709.110172119504,6201.886932871714
e8fffaab-f310-4c9c-a833-a837b68f1658,2026-07-10 13:45:00+00:00,15908.39,6295.88,11935.88,7269.415792583264,6674.202610343837
e8fffaab-f310-4c9c-a833-a837b68f1658,2026-07-10 14:00:00+00:00,9634.48,15908.39,11377.96,16616.42182898113,15990.054263770471
e8fffaab-f310-4c9c-a833-a837b68f1658,2026-07-10 14:15:00+00:00,8481.78,9634.48,10581.3,8458.683967775345,7886.67939843411
e8fffaab-f310-4c9c-a833-a837b68f1658,2026-07-10 14:30:00+00:00,12687.02,8481.78,7511.53,8469.239459331973,7931.229117439811
e8fffaab-f310-4c9c-a833-a837b68f1658,2026-07-10 14:45:00+00:00,8914.69,12687.02,8096.55,13041.07407318111,12415.667810283627
e8fffaab-f310-4c9c-a833-a837b68f1658,2026-07-10 15:00:00+00:00,9855.84,8914.69,6889.25,8336.625856914208,7788.968448774171
e8fffaab-f310-4c9c-a833-a837b68f1658,2026-07-10 15:15:00+00:00,8819.32,9855.84,37020.47,11135.45928324657,10327.724428516229
e8fffaab-f310-4c9c-a833-a837b68f1658,2026-07-10 15:30:00+00:00,8591.08,8819.32,8391.39,8434.451900752729,7941.713525975963
e8fffaab-f310-4c9c-a833-a837b68f1658,2026-07-10 15:45:00+00:00,5293.07,8591.08,4405.74,8178.691740323623,7754.193754004107
e8fffaab-f310-4c9c-a833-a837b68f1658,2026-07-10 16:00:00+00:00,1032.47,5293.07,4171.84,4727.256022019269,4362.595960872033
e8fffaab-f310-4c9c-a833-a837b68f1658,2026-07-10 16:15:00+00:00,3878.21,1032.47,3560.55,1101.774834880578,786.2428964700994
e8fffaab-f310-4c9c-a833-a837b68f1658,2026-07-10 16:30:00+00:00,2514.05,3878.21,3279.74,4801.494341773034,4467.740159733735
e8fffaab-f310-4c9c-a833-a837b68f1658,2026-07-10 16:45:00+00:00,3066.45,2514.05,3596.28,2793.8045058646076,2501.0624999219363
e8fffaab-f310-4c9c-a833-a837b68f1658,2026-07-10 17:00:00+00:00,3999.3,3066.45,2237.34,3422.2990166324507,3180.015419313292
e8fffaab-f310-4c9c-a833-a837b68f1658,2026-07-10 17:15:00+00:00,4608.55,3999.3,5270.33,4457.657052745188,4169.053975887785
e8fffaab-f310-4c9c-a833-a837b68f1658,2026-07-10 17:30:00+00:00,4230.8,4608.55,4629.75,4787.408664006734,4529.305113483408
e8fffaab-f310-4c9c-a833-a837b68f1658,2026-07-10 17:45:00+00:00,4394.99,4230.8,4340.04,4352.284514768085,4100.130505706882
e8fffaab-f310-4c9c-a833-a837b68f1658,2026-07-10 18:00:00+00:00,4293.2,4394.99,4478.11,4611.44549318474,4365.065788331341
e8fffaab-f310-4c9c-a833-a837b68f1658,2026-07-10 18:15:00+00:00,4691.8,4293.2,4580.66,4514.9002624767845,4269.254468332313
e8fffaab-f310-4c9c-a833-a837b68f1658,2026-07-10 18:30:00+00:00,6921.52,4691.8,4183.23,4895.747298865927,4664.11743486684
e8fffaab-f310-4c9c-a833-a837b68f1658,2026-07-10 18:45:00+00:00,6856.24,6921.52,4187.72,7012.719821067583,6777.047970366528
e8fffaab-f310-4c9c-a833-a837b68f1658,2026-07-10 19:00:00+00:00,5109.69,6856.24,4264.82,6503.745344337181,6279.779949247328
e8fffaab-f310-4c9c-a833-a837b68f1658,2026-07-10 19:15:00+00:00,4620.87,5109.69,4132.86,4788.813795832885,4584.259007185414
e8fffaab-f310-4c9c-a833-a837b68f1658,2026-07-10 19:30:00+00:00,4816.6,4620.87,4447.11,4709.795371228485,4499.978762584216
e8fffaab-f310-4c9c-a833-a837b68f1658,2026-07-10 19:45:00+00:00,5027.12,4816.6,4595.36,4998.281595113348,4798.308515790559
e8fffaab-f310-4c9c-a833-a837b68f1658,2026-07-10 20:00:00+00:00,5210.03,5027.12,4798.47,5144.033722211,4964.4392518954955
e8fffaab-f310-4c9c-a833-a837b68f1658,2026-07-10 20:15:00+00:00,5045.35,5210.03,5054.19,5288.613756103326,5096.779650026519
e8fffaab-f310-4c9c-a833-a837b68f1658,2026-07-10 20:30:00+00:00,5182.26,5045.35,5300.56,5129.944268073679,4921.545412572615
e8fffaab-f310-4c9c-a833-a837b68f1658,2026-07-10 20:45:00+00:00,5083.58,5182.26,5224.37,5293.593967830703,5075.960498466241
e8fffaab-f310-4c9c-a833-a837b68f1658,2026-07-10 21:00:00+00:00,4740.08,5083.58,5107.19,5169.867587481337,4945.492075919805
e8fffaab-f310-4c9c-a833-a837b68f1658,2026-07-10 21:15:00+00:00,4692.18,4740.08,5251.06,4902.5439020705035,4660.005028149243
e8fffaab-f310-4c9c-a833-a837b68f1658,2026-07-10 21:30:00+00:00,4723.54,4692.18,4775.53,4895.968230134735,4648.265095930453
e8fffaab-f310-4c9c-a833-a837b68f1658,2026-07-10 21:45:00+00:00,5841.42,4723.54,4627.92,4931.123143259866,4675.946683857087
e8fffaab-f310-4c9c-a833-a837b68f1658,2026-07-10 22:00:00+00:00,5147.28,5841.42,4325.65,6029.23901853841,5761.978910730534
e8fffaab-f310-4c9c-a833-a837b68f1658,2026-07-10 22:15:00+00:00,4656.3,5147.28,4125.09,5130.505232077981,4861.067326585404
e8fffaab-f310-4c9c-a833-a837b68f1658,2026-07-10 22:30:00+00:00,5211.78,4656.3,4219.12,4802.57231177243,4528.208716052171
e8fffaab-f310-4c9c-a833-a837b68f1658,2026-07-10 22:45:00+00:00,4686.23,5211.78,4448.56,5514.287608847703,5218.72524681581
e8fffaab-f310-4c9c-a833-a837b68f1658,2026-07-10 23:00:00+00:00,4561.3,4686.23,4299.64,4803.1170515622625,4526.1068950671015
e8fffaab-f310-4c9c-a833-a837b68f1658,2026-07-10 23:15:00+00:00,4721.16,4561.3,4125.82,4777.913341695354,4508.475909498355
e8fffaab-f310-4c9c-a833-a837b68f1658,2026-07-10 23:30:00+00:00,5188.02,4721.16,4088.63,4998.614851357765,4725.838884243163
e8fffaab-f310-4c9c-a833-a837b68f1658,2026-07-10 23:45:00+00:00,4509.66,5188.02,4043.9,5433.001107794648,5165.988947105625
e8fffaab-f310-4c9c-a833-a837b68f1658,2026-07-11 00:00:00+00:00,4289.01,4509.66,5185.51,4279.928299722918,3882.2420734488232
e8fffaab-f310-4c9c-a833-a837b68f1658,2026-07-11 00:15:00+00:00,4411.32,4289.01,4651.04,4176.624341269498,3794.675071245275
e8fffaab-f310-4c9c-a833-a837b68f1658,2026-07-11 00:30:00+00:00,4340.14,4411.32,4758.38,4428.9425237794485,4042.5634308403005
e8fffaab-f310-4c9c-a833-a837b68f1658,2026-07-11 00:45:00+00:00,4159.93,4340.14,4340.87,4321.604468707281,3955.3043299378496
e8fffaab-f310-4c9c-a833-a837b68f1658,2026-07-11 01:00:00+00:00,4152.9,4159.93,4092.72,4165.1296778942005,3815.940102843064
e8fffaab-f310-4c9c-a833-a837b68f1658,2026-07-11 01:15:00+00:00,4469.22,4152.9,3477.17,4158.5935987832945,3833.7535559635025
e8fffaab-f310-4c9c-a833-a837b68f1658,2026-07-11 01:30:00+00:00,4923.36,4469.22,3438.0,4496.5955992924155,4185.356742192122
e8fffaab-f310-4c9c-a833-a837b68f1658,2026-07-11 01:45:00+00:00,4509.15,4923.36,3442.86,4935.595796862815,4634.39060027123
e8fffaab-f310-4c9c-a833-a837b68f1658,2026-07-11 02:00:00+00:00,4715.74,4509.15,6531.78,4611.734473770834,4298.711942761311
e8fffaab-f310-4c9c-a833-a837b68f1658,2026-07-11 02:15:00+00:00,5460.09,4715.74,5574.97,4846.439854233539,4565.234004072686
e8fffaab-f310-4c9c-a833-a837b68f1658,2026-07-11 02:30:00+00:00,4172.54,5460.09,5883.9,5580.532142817401,5310.664469655977
e8fffaab-f310-4c9c-a833-a837b68f1658,2026-07-11 02:45:00+00:00,3746.1,4172.54,5664.11,4170.1692091787745,3935.2329115487673
e8fffaab-f310-4c9c-a833-a837b68f1658,2026-07-11 03:00:00+00:00,4658.74,3746.1,5863.98,4066.420005171488,3849.796039156773
e8fffaab-f310-4c9c-a833-a837b68f1658,2026-07-11 03:15:00+00:00,4508.74,4658.74,6171.95,5131.411470114638,4911.671337367175
e8fffaab-f310-4c9c-a833-a837b68f1658,2026-07-11 03:30:00+00:00,3573.53,4508.74,6759.18,4795.3420235387475,4600.377492853314
e8fffaab-f310-4c9c-a833-a837b68f1658,2026-07-11 03:45:00+00:00,3417.25,3573.53,6404.82,3846.401075331233,3688.8858686014264
e8fffaab-f310-4c9c-a833-a837b68f1658,2026-07-11 04:00:00+00:00,3537.72,3417.25,8054.01,3983.2107630690743,3822.7953861038695
e8fffaab-f310-4c9c-a833-a837b68f1658,2026-07-11 04:15:00+00:00,3923.2,3537.72,6998.68,4114.641024716191,3961.5631004650268
e8fffaab-f310-4c9c-a833-a837b68f1658,2026-07-11 04:30:00+00:00,3645.15,3923.2,6270.59,4430.081552548475,4288.627651471505
e8fffaab-f310-4c9c-a833-a837b68f1658,2026-07-11 04:45:00+00:00,3721.32,3645.15,5951.4,4029.2619572891917,3901.317175078415
e8fffaab-f310-4c9c-a833-a837b68f1658,2026-07-11 05:00:00+00:00,3608.69,3721.32,6436.26,4160.6825395729265,4032.7406074072405
e8fffaab-f310-4c9c-a833-a837b68f1658,2026-07-11 05:15:00+00:00,3644.99,3608.69,6700.83,4066.4946243701215,3927.9064261488147
e8fffaab-f310-4c9c-a833-a837b68f1658,2026-07-11 05:30:00+00:00,3121.7,3644.99,8402.17,4243.530878515243,4077.8384645754923
e8fffaab-f310-4c9c-a833-a837b68f1658,2026-07-11 05:45:00+00:00,3444.93,3121.7,9345.97,3715.6468086871073,3546.4750982631977
e8fffaab-f310-4c9c-a833-a837b68f1658,2026-07-11 06:00:00+00:00,3330.86,3444.93,9223.78,4178.405213485359,3996.889859654315
e8fffaab-f310-4c9c-a833-a837b68f1658,2026-07-11 06:15:00+00:00,5003.45,3330.86,8893.7,3874.622706609044,3692.446544812141
e8fffaab-f310-4c9c-a833-a837b68f1658,2026-07-11 06:30:00+00:00,7094.24,5003.45,9627.1,5663.274384257307,5429.516923468473
e8fffaab-f310-4c9c-a833-a837b68f1658,2026-07-11 06:45:00+00:00,7264.19,7094.24,7723.3,7272.878330077798,7026.758688723701
e8fffaab-f310-4c9c-a833-a837b68f1658,2026-07-11 07:00:00+00:00,59257.67,7264.19,9045.25,6974.524796386566,6708.323967071556
e8fffaab-f310-4c9c-a833-a837b68f1658,2026-07-11 07:15:00+00:00,59052.74,59257.67,10653.45,58601.91842607332,57935.71704210098
e8fffaab-f310-4c9c-a833-a837b68f1658,2026-07-11 07:30:00+00:00,59528.86,59052.74,12673.78,48554.41209188313,47800.51815989814
e8fffaab-f310-4c9c-a833-a837b68f1658,2026-07-11 07:45:00+00:00,19509.74,59528.86,6692.9,48824.38326712824,48105.868659953194
e8fffaab-f310-4c9c-a833-a837b68f1658,2026-07-11 08:00:00+00:00,215.51,19509.74,5048.14,10316.720639226034,9475.47843324728
e8fffaab-f310-4c9c-a833-a837b68f1658,2026-07-11 08:15:00+00:00,-2424.17,215.51,7129.42,-806.1147243682826,-1552.8390587613285
e8fffaab-f310-4c9c-a833-a837b68f1658,2026-07-11 08:30:00+00:00,-259.92,-2424.17,5680.17,358.78934202718483,-378.33859886311984
e8fffaab-f310-4c9c-a833-a837b68f1658,2026-07-11 08:45:00+00:00,-2426.53,-259.92,6931.44,1847.5326269910547,1405.9109171557793
e8fffaab-f310-4c9c-a833-a837b68f1658,2026-07-11 09:00:00+00:00,-9233.79,-2426.53,2310.81,-1679.734183452516,-1889.9719561912061
e8fffaab-f310-4c9c-a833-a837b68f1658,2026-07-11 09:15:00+00:00,-7225.96,-9233.79,8157.57,-7757.190187239667,-7982.515912043262
e8fffaab-f310-4c9c-a833-a837b68f1658,2026-07-11 09:30:00+00:00,-5045.39,-7225.96,12961.18,-4258.597463979102,-4563.391993721229
e8fffaab-f310-4c9c-a833-a837b68f1658,2026-07-11 09:45:00+00:00,110.08,-5045.39,295.27,-3009.954346676095,-3222.7788102920167
e8fffaab-f310-4c9c-a833-a837b68f1658,2026-07-11 10:00:00+00:00,-8631.47,110.08,6667.56,1768.2130784707388,1489.92621900206
e8fffaab-f310-4c9c-a833-a837b68f1658,2026-07-11 10:15:00+00:00,3115.3,-8631.47,9176.5,-7591.635264224529,-7894.890965005219
e8fffaab-f310-4c9c-a833-a837b68f1658,2026-07-11 10:30:00+00:00,-3288.35,3115.3,19806.68,5953.199764266744,5480.569033951606
e8fffaab-f310-4c9c-a833-a837b68f1658,2026-07-11 10:45:00+00:00,6163.96,-3288.35,18038.35,-2410.4165802061707,-2922.712610645549
e8fffaab-f310-4c9c-a833-a837b68f1658,2026-07-11 11:00:00+00:00,-2214.26,6163.96,28049.75,8583.860360953573,7926.195560629633
e8fffaab-f310-4c9c-a833-a837b68f1658,2026-07-11 11:15:00+00:00,-1288.44,-2214.26,24693.12,-1540.1876586618437,-2191.1381252255396
e8fffaab-f310-4c9c-a833-a837b68f1658,2026-07-11 11:30:00+00:00,880.38,-1288.44,21414.57,789.1351098639643,187.84457311150982
e8fffaab-f310-4c9c-a833-a837b68f1658,2026-07-11 11:45:00+00:00,-1293.06,880.38,10251.57,2344.509944690004,1776.183230289309
e8fffaab-f310-4c9c-a833-a837b68f1658,2026-07-11 12:00:00+00:00,-3359.68,-1293.06,12000.97,-389.20309888284646,-911.1080548316604
e8fffaab-f310-4c9c-a833-a837b68f1658,2026-07-11 12:15:00+00:00,-768.65,-3359.68,10776.58,-2042.7133956695543,-2545.29650621379
e8fffaab-f310-4c9c-a833-a837b68f1658,2026-07-11 12:30:00+00:00,-495.69,-768.65,7622.06,851.0830177783755,342.93876066482517
e8fffaab-f310-4c9c-a833-a837b68f1658,2026-07-11 12:45:00+00:00,2416.32,-495.69,11599.77,738.3516061661685,200.96838469423164
e8fffaab-f310-4c9c-a833-a837b68f1658,2026-07-11 13:00:00+00:00,-13.26,2416.32,3979.71,3205.635219605023,2729.948003499112
e8fffaab-f310-4c9c-a833-a837b68f1658,2026-07-11 13:15:00+00:00,-2685.25,-13.26,5707.06,416.12174892524126,-88.00935808777649
e8fffaab-f310-4c9c-a833-a837b68f1658,2026-07-11 13:30:00+00:00,-3909.25,-2685.25,6295.88,-1926.516022537966,-2390.1327735020423
e8fffaab-f310-4c9c-a833-a837b68f1658,2026-07-11 13:45:00+00:00,-1914.52,-3909.25,15908.39,-2165.011838090115,-2732.9701697065593
e8fffaab-f310-4c9c-a833-a837b68f1658,2026-07-11 14:00:00+00:00,-1047.68,-1914.52,9634.48,-346.67461662372625,-843.597690038654
e8fffaab-f310-4c9c-a833-a837b68f1658,2026-07-11 14:15:00+00:00,-1618.25,-1047.68,8481.78,-96.93621159352006,-551.3255908758383
e8fffaab-f310-4c9c-a833-a837b68f1658,2026-07-11 14:30:00+00:00,1557.94,-1618.25,12687.02,-709.80880240634,-1187.431038973822
e8fffaab-f310-4c9c-a833-a837b68f1658,2026-07-11 14:45:00+00:00,204.99,1557.94,8914.69,2499.281932046192,2010.6974184501478
e8fffaab-f310-4c9c-a833-a837b68f1658,2026-07-11 15:00:00+00:00,1484.87,204.99,9855.84,730.6833035467698,212.23786554525395
e8fffaab-f310-4c9c-a833-a837b68f1658,2026-07-11 15:15:00+00:00,5613.37,1484.87,8819.32,2236.5247932283037,1724.8303105203922
e8fffaab-f310-4c9c-a833-a837b68f1658,2026-07-11 15:30:00+00:00,2338.63,5613.37,8591.08,6084.154079695334,5537.359107440638
e8fffaab-f310-4c9c-a833-a837b68f1658,2026-07-11 15:45:00+00:00,4142.76,2338.63,5293.07,1878.4475520202832,1395.8988425319185
e8fffaab-f310-4c9c-a833-a837b68f1658,2026-07-11 16:00:00+00:00,4267.39,4142.76,1032.47,4242.740301984159,3769.92231928198
e8fffaab-f310-4c9c-a833-a837b68f1658,2026-07-11 16:15:00+00:00,3282.19,4267.39,3878.21,4236.055430759284,3712.3725277083868
e8fffaab-f310-4c9c-a833-a837b68f1658,2026-07-11 16:30:00+00:00,4830.5,3282.19,2514.05,3188.558176615581,2702.6039216863874
e8fffaab-f310-4c9c-a833-a837b68f1658,2026-07-11 16:45:00+00:00,4846.81,4830.5,3066.45,4910.205729526893,4414.355427845406
e8fffaab-f310-4c9c-a833-a837b68f1658,2026-07-11 17:00:00+00:00,4569.28,4846.81,3999.3,4544.711776906176,4065.2188434811824
e8fffaab-f310-4c9c-a833-a837b68f1658,2026-07-11 17:15:00+00:00,4416.66,4569.28,4608.55,4063.156591349658,3629.269036836342
e8fffaab-f310-4c9c-a833-a837b68f1658,2026-07-11 17:30:00+00:00,4696.23,4416.66,4230.8,4101.858936247503,3653.2112633357356
e8fffaab-f310-4c9c-a833-a837b68f1658,2026-07-11 17:45:00+00:00,5067.19,4696.23,4394.99,4418.2624656326925,3975.8694102115196
e8fffaab-f310-4c9c-a833-a837b68f1658,2026-07-11 18:00:00+00:00,4739.03,5067.19,4293.2,4714.601124165627,4283.978694477839
e8fffaab-f310-4c9c-a833-a837b68f1658,2026-07-11 18:15:00+00:00,4689.45,4739.03,4691.8,4304.2164402274475,3890.2599658603694
e8fffaab-f310-4c9c-a833-a837b68f1658,2026-07-11 18:30:00+00:00,4761.11,4689.45,6921.52,4434.011391869743,4008.5586052334475
e8fffaab-f310-4c9c-a833-a837b68f1658,2026-07-11 18:45:00+00:00,4872.41,4761.11,6856.24,4531.010701584865,4115.663348317452
e8fffaab-f310-4c9c-a833-a837b68f1658,2026-07-11 19:00:00+00:00,4652.27,4872.41,5109.69,4543.31841803754,4161.728251149242
e8fffaab-f310-4c9c-a833-a837b68f1658,2026-07-11 19:15:00+00:00,5002.25,4652.27,4620.87,4261.863205735909,3900.1781090825307
e8fffaab-f310-4c9c-a833-a837b68f1658,2026-07-11 19:30:00+00:00,5142.16,5002.25,4816.6,4678.403833056021,4320.640980526964
e8fffaab-f310-4c9c-a833-a837b68f1658,2026-07-11 19:45:00+00:00,5043.14,5142.16,5027.12,4756.631725408009,4407.946105635973
e8fffaab-f310-4c9c-a833-a837b68f1658,2026-07-11 20:00:00+00:00,5788.23,5043.14,5210.03,4659.336328694277,4320.647429438376
e8fffaab-f310-4c9c-a833-a837b68f1658,2026-07-11 20:15:00+00:00,5415.12,5788.23,5045.35,5407.059228091824,5054.201058167929
e8fffaab-f310-4c9c-a833-a837b68f1658,2026-07-11 20:30:00+00:00,5592.11,5415.12,5182.26,4891.544510788347,4531.635617404751
e8fffaab-f310-4c9c-a833-a837b68f1658,2026-07-11 20:45:00+00:00,5605.54,5592.11,5083.58,5136.793613379506,4769.756251364894
e8fffaab-f310-4c9c-a833-a837b68f1658,2026-07-11 21:00:00+00:00,4888.82,5605.54,4740.08,5113.71765784839,4739.548070787318
e8fffaab-f310-4c9c-a833-a837b68f1658,2026-07-11 21:15:00+00:00,5189.01,4888.82,4692.18,4397.281115290565,4020.4095838150542
e8fffaab-f310-4c9c-a833-a837b68f1658,2026-07-11 21:30:00+00:00,5023.34,5189.01,4723.54,4875.444156194352,4481.588703244347
e8fffaab-f310-4c9c-a833-a837b68f1658,2026-07-11 21:45:00+00:00,5053.62,5023.34,5841.42,4701.478974206974,4291.432343992568
e8fffaab-f310-4c9c-a833-a837b68f1658,2026-07-11 22:00:00+00:00,4704.23,5053.62,5147.28,4712.053681293246,4310.046485813412
e8fffaab-f310-4c9c-a833-a837b68f1658,2026-07-11 22:15:00+00:00,4709.05,4704.23,4656.3,4368.86047794476,3964.15939437181
e8fffaab-f310-4c9c-a833-a837b68f1658,2026-07-11 22:30:00+00:00,4739.69,4709.05,5211.78,4520.850037462902,4100.558399278097
e8fffaab-f310-4c9c-a833-a837b68f1658,2026-07-11 22:45:00+00:00,4739.9,4739.69,4686.23,4498.590302320531,4087.2990568122977
e8fffaab-f310-4c9c-a833-a837b68f1658,2026-07-11 23:00:00+00:00,5363.47,4739.9,4561.3,4505.066569108694,4094.965078623375
e8fffaab-f310-4c9c-a833-a837b68f1658,2026-07-11 23:15:00+00:00,4736.33,5363.47,4721.16,5197.91293154591,4775.351298383943
e8fffaab-f310-4c9c-a833-a837b68f1658,2026-07-11 23:30:00+00:00,4982.53,4736.33,5188.02,4451.997780476905,4038.445612576408
e8fffaab-f310-4c9c-a833-a837b68f1658,2026-07-11 23:45:00+00:00,5086.2,4982.53,4509.66,4810.356677967855,4406.300731503375
e8fffaab-f310-4c9c-a833-a837b68f1658,2026-07-12 00:00:00+00:00,4456.96,5086.2,4289.01,4935.8366877261915,4509.628585788638
e8fffaab-f310-4c9c-a833-a837b68f1658,2026-07-12 00:15:00+00:00,4526.05,4456.96,4411.32,4294.3213049772185,3882.354670106275
e8fffaab-f310-4c9c-a833-a837b68f1658,2026-07-12 00:30:00+00:00,4907.99,4526.05,4340.14,4495.332217719802,4091.082959273206
e8fffaab-f310-4c9c-a833-a837b68f1658,2026-07-12 00:45:00+00:00,4499.15,4907.99,4159.93,4888.910260706752,4489.688672432675
e8fffaab-f310-4c9c-a833-a837b68f1658,2026-07-12 01:00:00+00:00,4144.1,4499.15,4152.9,4401.887278124189,4022.4768445232685
e8fffaab-f310-4c9c-a833-a837b68f1658,2026-07-12 01:15:00+00:00,4147.27,4144.1,4469.22,4156.990907825,3792.503135208345
e8fffaab-f310-4c9c-a833-a837b68f1658,2026-07-12 01:30:00+00:00,4466.44,4147.27,4923.36,4292.468143452226,3934.870854379694
e8fffaab-f310-4c9c-a833-a837b68f1658,2026-07-12 01:45:00+00:00,4566.47,4466.44,4509.15,4630.36860078763,4290.723483553213
e8fffaab-f310-4c9c-a833-a837b68f1658,2026-07-12 02:00:00+00:00,4350.86,4566.47,4715.74,4703.846815493906,4380.752991925652
e8fffaab-f310-4c9c-a833-a837b68f1658,2026-07-12 02:15:00+00:00,4254.73,4350.86,5460.09,4510.255597076193,4202.588039220917
e8fffaab-f310-4c9c-a833-a837b68f1658,2026-07-12 02:30:00+00:00,4978.55,4254.73,4172.54,4468.888345875083,4186.324267071725
e8fffaab-f310-4c9c-a833-a837b68f1658,2026-07-12 02:45:00+00:00,5021.15,4978.55,3746.1,5153.156649840465,4899.585666354539
e8fffaab-f310-4c9c-a833-a837b68f1658,2026-07-12 03:00:00+00:00,4829.4,5021.15,4658.74,5155.182978452078,4909.308540608016
e8fffaab-f310-4c9c-a833-a837b68f1658,2026-07-12 03:15:00+00:00,4919.49,4829.4,4508.74,4950.871738468048,4732.280662564126
e8fffaab-f310-4c9c-a833-a837b68f1658,2026-07-12 03:30:00+00:00,4665.94,4919.49,3573.53,5081.292512351951,4886.8080687481415
e8fffaab-f310-4c9c-a833-a837b68f1658,2026-07-12 03:45:00+00:00,5082.36,4665.94,3417.25,4818.462832435179,4650.953901617133
e8fffaab-f310-4c9c-a833-a837b68f1658,2026-07-12 04:00:00+00:00,3794.12,5082.36,3537.72,5284.852738558784,5140.843669825584
e8fffaab-f310-4c9c-a833-a837b68f1658,2026-07-12 04:15:00+00:00,4136.09,3794.12,3923.2,4007.844995329823,3859.702729404119
e8fffaab-f310-4c9c-a833-a837b68f1658,2026-07-12 04:30:00+00:00,3888.63,4136.09,3645.15,4568.709642285439,4426.741253257857
e8fffaab-f310-4c9c-a833-a837b68f1658,2026-07-12 04:45:00+00:00,3820.21,3888.63,3721.32,4298.76760023741,4152.194680362001
e8fffaab-f310-4c9c-a833-a837b68f1658,2026-07-12 05:00:00+00:00,4775.36,3820.21,3608.69,4194.772704647973,4069.30920973869
e8fffaab-f310-4c9c-a833-a837b68f1658,2026-07-12 05:15:00+00:00,5467.7,4775.36,3644.99,5200.697700701394,5051.039421567581
e8fffaab-f310-4c9c-a833-a837b68f1658,2026-07-12 05:30:00+00:00,3935.75,5467.7,3121.7,5694.25898586084,5533.835569835492
e8fffaab-f310-4c9c-a833-a837b68f1658,2026-07-12 05:45:00+00:00,3321.32,3935.75,3444.93,4125.281822638764,3951.783722187278
e8fffaab-f310-4c9c-a833-a837b68f1658,2026-07-12 06:00:00+00:00,2469.68,3321.32,3330.86,3729.6436728850385,3561.4565411009944
e8fffaab-f310-4c9c-a833-a837b68f1658,2026-07-12 06:15:00+00:00,2213.72,2469.68,5003.45,3144.5467438401456,2937.5886028168616
e8fffaab-f310-4c9c-a833-a837b68f1658,2026-07-12 06:30:00+00:00,3667.96,2213.72,7094.24,2969.919142617973,2762.0353923937673
e8fffaab-f310-4c9c-a833-a837b68f1658,2026-07-12 06:45:00+00:00,2307.26,3667.96,7264.19,4652.332406996612,4389.506833497008
e8fffaab-f310-4c9c-a833-a837b68f1658,2026-07-12 07:00:00+00:00,2876.24,2307.26,59257.67,5376.912678207282,4586.77119418723
e8fffaab-f310-4c9c-a833-a837b68f1658,2026-07-12 07:15:00+00:00,351.74,2876.24,59052.74,6108.233259547171,5315.271629940137
e8fffaab-f310-4c9c-a833-a837b68f1658,2026-07-12 07:30:00+00:00,2560.41,351.74,59528.86,3619.882818590634,2800.5287697556087
e8fffaab-f310-4c9c-a833-a837b68f1658,2026-07-12 07:45:00+00:00,-3907.72,2560.41,19509.74,4432.318318090581,3995.416367336281
e8fffaab-f310-4c9c-a833-a837b68f1658,2026-07-12 08:00:00+00:00,1887.64,-3907.72,215.51,-3315.98924892192,-3532.1453771364468
e8fffaab-f310-4c9c-a833-a837b68f1658,2026-07-12 08:15:00+00:00,-6141.98,1887.64,-2424.17,3344.2445409378897,3144.1662413083986
e8fffaab-f310-4c9c-a833-a837b68f1658,2026-07-12 08:30:00+00:00,-320.43,-6141.98,-259.92,-5330.728140978152,-5575.397105273696
e8fffaab-f310-4c9c-a833-a837b68f1658,2026-07-12 08:45:00+00:00,-3950.89,-320.43,-2426.53,1614.9007126290871,1403.637043435352
e8fffaab-f310-4c9c-a833-a837b68f1658,2026-07-12 09:00:00+00:00,-1351.52,-3950.89,-9233.79,-3270.79630483258,-3457.413888992827
e8fffaab-f310-4c9c-a833-a837b68f1658,2026-07-12 09:15:00+00:00,2015.11,-1351.52,-7225.96,-292.88478871827647,-443.41506430951085
e8fffaab-f310-4c9c-a833-a837b68f1658,2026-07-12 09:30:00+00:00,3519.3,2015.11,-5045.39,2826.770913641637,2559.7208858986924
e8fffaab-f310-4c9c-a833-a837b68f1658,2026-07-12 09:45:00+00:00,-4961.11,3519.3,110.08,3866.951135508434,3532.6647642254384
e8fffaab-f310-4c9c-a833-a837b68f1658,2026-07-12 10:00:00+00:00,5672.05,-4961.11,-8631.47,-4994.798837527373,-5253.340622242344
e8fffaab-f310-4c9c-a833-a837b68f1658,2026-07-12 10:15:00+00:00,1646.73,5672.05,3115.3,7663.453086570232,7200.85558147174
e8fffaab-f310-4c9c-a833-a837b68f1658,2026-07-12 10:30:00+00:00,1704.68,1646.73,-3288.35,1277.981897427724,887.7218058365761
e8fffaab-f310-4c9c-a833-a837b68f1658,2026-07-12 10:45:00+00:00,2858.31,1704.68,6163.96,2216.9443771230854,1797.1830850421975
e8fffaab-f310-4c9c-a833-a837b68f1658,2026-07-12 11:00:00+00:00,-2275.42,2858.31,-2214.26,3088.6125124429873,2668.2781260471293
e8fffaab-f310-4c9c-a833-a837b68f1658,2026-07-12 11:15:00+00:00,-535.56,-2275.42,-1288.44,-2497.48756541741,-2835.6454411839586
e8fffaab-f310-4c9c-a833-a837b68f1658,2026-07-12 11:30:00+00:00,-3734.02,-535.56,880.38,608.7610598936153,184.53332733502975
e8fffaab-f310-4c9c-a833-a837b68f1658,2026-07-12 11:45:00+00:00,-5297.16,-3734.02,-1293.06,-2787.4968122874834,-3217.021800777711
e8fffaab-f310-4c9c-a833-a837b68f1658,2026-07-12 12:00:00+00:00,-2937.3,-5297.16,-3359.68,-4014.56131246947,-4373.520608345287
e8fffaab-f310-4c9c-a833-a837b68f1658,2026-07-12 12:15:00+00:00,-2070.04,-2937.3,-768.65,-1114.4507687342339,-1546.5731387378764
e8fffaab-f310-4c9c-a833-a837b68f1658,2026-07-12 12:30:00+00:00,-3448.53,-2070.04,-495.69,-1053.7604130003783,-1433.5751857995328
e8fffaab-f310-4c9c-a833-a837b68f1658,2026-07-12 12:45:00+00:00,-1294.06,-3448.53,2416.32,-2492.9080219234966,-2888.4297297667745
e8fffaab-f310-4c9c-a833-a837b68f1658,2026-07-12 13:00:00+00:00,-2579.12,-1294.06,-13.26,-260.1407519599925,-653.0248572502987
e8fffaab-f310-4c9c-a833-a837b68f1658,2026-07-12 13:15:00+00:00,2301.55,-2579.12,-2685.25,-2140.25124772486,-2500.6232891568143
e8fffaab-f310-4c9c-a833-a837b68f1658,2026-07-12 13:30:00+00:00,1495.35,2301.55,-3909.25,2851.60901142672,2470.6447417094496
e8fffaab-f310-4c9c-a833-a837b68f1658,2026-07-12 13:45:00+00:00,2598.42,1495.35,-1914.52,1550.8501416937725,1076.9081980660176
e8fffaab-f310-4c9c-a833-a837b68f1658,2026-07-12 14:00:00+00:00,1617.78,2598.42,-1047.68,2821.345456795658,2324.832284178762
e8fffaab-f310-4c9c-a833-a837b68f1658,2026-07-12 14:15:00+00:00,-859.51,1617.78,-1618.25,1548.7122409637795,1066.3450744554011
e8fffaab-f310-4c9c-a833-a837b68f1658,2026-07-12 14:30:00+00:00,855.73,-859.51,1557.94,-440.068916193075,-946.1090401711845
e8fffaab-f310-4c9c-a833-a837b68f1658,2026-07-12 14:45:00+00:00,2302.21,855.73,204.99,1430.7635838675615,970.464314519566
e8fffaab-f310-4c9c-a833-a837b68f1658,2026-07-12 15:00:00+00:00,-2413.43,2302.21,1484.87,2705.537042406462,2213.595755386358
e8fffaab-f310-4c9c-a833-a837b68f1658,2026-07-12 15:15:00+00:00,2860.17,-2413.43,5613.37,-2082.7793499011623,-2559.420090682317
e8fffaab-f310-4c9c-a833-a837b68f1658,2026-07-12 15:30:00+00:00,3256.82,2860.17,2338.63,3789.5721751628507,3336.7961144330447
e8fffaab-f310-4c9c-a833-a837b68f1658,2026-07-12 15:45:00+00:00,3453.18,3256.82,4142.76,3258.018808008671,2785.667303432787
e8fffaab-f310-4c9c-a833-a837b68f1658,2026-07-12 16:00:00+00:00,1322.04,3453.18,4267.39,3263.613544998926,2834.574963912366
e8fffaab-f310-4c9c-a833-a837b68f1658,2026-07-12 16:15:00+00:00,2061.32,1322.04,3282.19,1167.3289411436308,748.5572456564496
e8fffaab-f310-4c9c-a833-a837b68f1658,2026-07-12 16:30:00+00:00,4537.42,2061.32,4830.5,2393.6053355863814,1972.1126136934363
e8fffaab-f310-4c9c-a833-a837b68f1658,2026-07-12 16:45:00+00:00,4275.87,4537.42,4846.81,4745.8558919920615,4319.468944583404
e8fffaab-f310-4c9c-a833-a837b68f1658,2026-07-12 17:00:00+00:00,3885.8,4275.87,4569.28,3852.517836280337,3478.9304327862137
e8fffaab-f310-4c9c-a833-a837b68f1658,2026-07-12 17:15:00+00:00,4356.19,3885.8,4416.66,3587.158444317777,3218.961399686479
e8fffaab-f310-4c9c-a833-a837b68f1658,2026-07-12 17:30:00+00:00,4538.81,4356.19,4696.23,4191.636734027111,3816.848993855866
e8fffaab-f310-4c9c-a833-a837b68f1658,2026-07-12 17:45:00+00:00,4743.04,4538.81,5067.19,4351.540586416354,3980.2850844729483
e8fffaab-f310-4c9c-a833-a837b68f1658,2026-07-12 18:00:00+00:00,7688.98,4743.04,4739.03,4477.547929343438,4130.072471395702
e8fffaab-f310-4c9c-a833-a837b68f1658,2026-07-12 18:15:00+00:00,5742.67,7688.98,4689.45,7412.4189625268755,7050.395436844586
e8fffaab-f310-4c9c-a833-a837b68f1658,2026-07-12 18:30:00+00:00,4577.6,5742.67,4761.11,4882.829213652887,4552.867471836923
e8fffaab-f310-4c9c-a833-a837b68f1658,2026-07-12 18:45:00+00:00,4847.06,4577.6,4872.41,4125.12667464538,3816.8260307314167
e8fffaab-f310-4c9c-a833-a837b68f1658,2026-07-12 19:00:00+00:00,4716.9,4847.06,4652.27,4715.291889020022,4398.195395059271
e8fffaab-f310-4c9c-a833-a837b68f1658,2026-07-12 19:15:00+00:00,4768.5,4716.9,5002.25,4458.282863478796,4169.964771943927
e8fffaab-f310-4c9c-a833-a837b68f1658,2026-07-12 19:30:00+00:00,4653.3,4768.5,5142.16,4471.2042339348,4207.4392109348155
e8fffaab-f310-4c9c-a833-a837b68f1658,2026-07-12 19:45:00+00:00,4856.48,4653.3,5043.14,4360.421317514857,4106.807738097256
e8fffaab-f310-4c9c-a833-a837b68f1658,2026-07-12 20:00:00+00:00,5099.63,4856.48,5788.23,4637.779934648171,4386.03172857045
e8fffaab-f310-4c9c-a833-a837b68f1658,2026-07-12 20:15:00+00:00,6011.82,5099.63,5415.12,4816.460624869048,4558.394525388021
e8fffaab-f310-4c9c-a833-a837b68f1658,2026-07-12 20:30:00+00:00,5836.95,6011.82,5592.11,5688.011665546467,5413.509468452003
e8fffaab-f310-4c9c-a833-a837b68f1658,2026-07-12 20:45:00+00:00,5264.28,5836.95,5605.54,5332.987067394138,5053.0004651630725
e8fffaab-f310-4c9c-a833-a837b68f1658,2026-07-12 21:00:00+00:00,5521.69,5264.28,4888.82,4771.4673227987805,4496.291161661125
e8fffaab-f310-4c9c-a833-a837b68f1658,2026-07-12 21:15:00+00:00,5280.87,5521.69,5189.01,5181.104762704916,4882.815405392692
e8fffaab-f310-4c9c-a833-a837b68f1658,2026-07-12 21:30:00+00:00,4632.66,5280.87,5023.34,4903.396415698333,4597.029332187648
e8fffaab-f310-4c9c-a833-a837b68f1658,2026-07-12 21:45:00+00:00,4618.09,4632.66,5053.62,4351.821093712913,4037.689975927473
e8fffaab-f310-4c9c-a833-a837b68f1658,2026-07-12 22:00:00+00:00,4315.5,4618.09,4704.23,4449.368036971657,4132.329293067836
e8fffaab-f310-4c9c-a833-a837b68f1658,2026-07-12 22:15:00+00:00,4403.72,4315.5,4709.05,4147.889032617148,3827.1049474580705
e8fffaab-f310-4c9c-a833-a837b68f1658,2026-07-12 22:30:00+00:00,4227.01,4403.72,4739.69,4303.304767851621,3977.265513609259
e8fffaab-f310-4c9c-a833-a837b68f1658,2026-07-12 22:45:00+00:00,4099.61,4227.01,4739.9,4127.834235144303,3796.654209723878
e8fffaab-f310-4c9c-a833-a837b68f1658,2026-07-12 23:00:00+00:00,4072.17,4099.61,5363.47,4061.2651036532325,3724.4593133356266
e8fffaab-f310-4c9c-a833-a837b68f1658,2026-07-12 23:15:00+00:00,4092.58,4072.17,4736.33,4036.9649736909114,3710.4288926571335
e8fffaab-f310-4c9c-a833-a837b68f1658,2026-07-12 23:30:00+00:00,4638.28,4092.58,4982.53,4088.6073594429663,3764.697299354173
e8fffaab-f310-4c9c-a833-a837b68f1658,2026-07-12 23:45:00+00:00,4631.16,4638.28,5086.2,4659.669111546812,4335.602268380942
e8fffaab-f310-4c9c-a833-a837b68f1658,2026-07-13 00:00:00+00:00,5163.14,4631.16,4456.96,5079.5304615561045,4864.123849459508
e8fffaab-f310-4c9c-a833-a837b68f1658,2026-07-13 00:15:00+00:00,4331.35,5163.14,4526.05,5627.947659697633,5414.18809414931
e8fffaab-f310-4c9c-a833-a837b68f1658,2026-07-13 00:30:00+00:00,5097.84,4331.35,4907.99,4760.5932361511395,4550.194672076274
e8fffaab-f310-4c9c-a833-a837b68f1658,2026-07-13 00:45:00+00:00,4722.98,5097.84,4499.15,5682.505662755882,5480.5244846037895
e8fffaab-f310-4c9c-a833-a837b68f1658,2026-07-13 01:00:00+00:00,4103.22,4722.98,4144.1,5178.856338387272,4989.518492969007
e8fffaab-f310-4c9c-a833-a837b68f1658,2026-07-13 01:15:00+00:00,4686.7,4103.22,4147.27,4639.043236700952,4470.953820781175
e8fffaab-f310-4c9c-a833-a837b68f1658,2026-07-13 01:30:00+00:00,3971.47,4686.7,4466.44,5478.3008122320825,5296.422342171119
e8fffaab-f310-4c9c-a833-a837b68f1658,2026-07-13 01:45:00+00:00,3617.8,3971.47,4566.47,4651.913387990017,4493.679006844525
e8fffaab-f310-4c9c-a833-a837b68f1658,2026-07-13 02:00:00+00:00,6606.89,3617.8,4350.86,4547.661093098593,4396.7776130047
e8fffaab-f310-4c9c-a833-a837b68f1658,2026-07-13 02:15:00+00:00,6111.11,6606.89,4254.73,7610.043243470935,7453.152937396673
e8fffaab-f310-4c9c-a833-a837b68f1658,2026-07-13 02:30:00+00:00,6273.28,6111.11,4978.55,6568.335514064034,6431.589450776242
e8fffaab-f310-4c9c-a833-a837b68f1658,2026-07-13 02:45:00+00:00,6202.92,6273.28,5021.15,6813.514117688009,6702.295102371369
e8fffaab-f310-4c9c-a833-a837b68f1658,2026-07-13 03:00:00+00:00,6647.64,6202.92,4829.4,6827.467271026901,6712.902620873261
e8fffaab-f310-4c9c-a833-a837b68f1658,2026-07-13 03:15:00+00:00,7068.26,6647.64,4919.49,7276.750760107669,7186.297542636157
e8fffaab-f310-4c9c-a833-a837b68f1658,2026-07-13 03:30:00+00:00,6421.01,7068.26,4665.94,7618.908784793046,7549.420248980401
e8fffaab-f310-4c9c-a833-a837b68f1658,2026-07-13 03:45:00+00:00,9701.64,6421.01,5082.36,6914.346581574766,6871.689780299865
e8fffaab-f310-4c9c-a833-a837b68f1658,2026-07-13 04:00:00+00:00,9040.33,9701.64,3794.12,10845.202168048294,10722.483589390737
e8fffaab-f310-4c9c-a833-a837b68f1658,2026-07-13 04:15:00+00:00,23855.96,9040.33,4136.09,9825.41272921337,9660.643741836386
e8fffaab-f310-4c9c-a833-a837b68f1658,2026-07-13 04:30:00+00:00,13017.15,23855.96,3888.63,24139.864796353177,23956.366355431746
e8fffaab-f310-4c9c-a833-a837b68f1658,2026-07-13 04:45:00+00:00,7946.79,13017.15,3820.21,10399.113848003357,10292.114240034398
e8fffaab-f310-4c9c-a833-a837b68f1658,2026-07-13 05:00:00+00:00,7371.45,7946.79,4775.36,7646.399005174399,7552.657771028658
e8fffaab-f310-4c9c-a833-a837b68f1658,2026-07-13 05:15:00+00:00,5263.35,7371.45,5467.7,8443.50510383101,8227.385587682807
e8fffaab-f310-4c9c-a833-a837b68f1658,2026-07-13 05:30:00+00:00,10043.53,5263.35,3935.75,6465.432891877459,6294.28633691822
e8fffaab-f310-4c9c-a833-a837b68f1658,2026-07-13 05:45:00+00:00,10384.38,10043.53,3321.32,11696.590849564722,11487.21230243635
e8fffaab-f310-4c9c-a833-a837b68f1658,2026-07-13 06:00:00+00:00,13381.36,10384.38,2469.68,11067.014578237255,10850.602863498762
e8fffaab-f310-4c9c-a833-a837b68f1658,2026-07-13 06:15:00+00:00,9820.14,13381.36,2213.72,13840.061268881336,13614.881490698644
e8fffaab-f310-4c9c-a833-a837b68f1658,2026-07-13 06:30:00+00:00,8813.01,9820.14,3667.96,9932.873151160846,9659.612482905239
e8fffaab-f310-4c9c-a833-a837b68f1658,2026-07-13 06:45:00+00:00,8261.35,8813.01,2307.26,9635.294880970978,9353.334864984214
e8fffaab-f310-4c9c-a833-a837b68f1658,2026-07-13 07:00:00+00:00,9556.27,8261.35,2876.24,9332.02462695836,9015.223998972748
e8fffaab-f310-4c9c-a833-a837b68f1658,2026-07-13 07:15:00+00:00,9245.41,9556.27,351.74,10589.809345235815,10288.144044437397
e8fffaab-f310-4c9c-a833-a837b68f1658,2026-07-13 07:30:00+00:00,5019.24,9245.41,2560.41,10040.03270948957,9717.424325895392
e8fffaab-f310-4c9c-a833-a837b68f1658,2026-07-13 07:45:00+00:00,8598.5,5019.24,-3907.72,5464.379229987281,5242.6151871054435
e8fffaab-f310-4c9c-a833-a837b68f1658,2026-07-13 08:00:00+00:00,9348.82,8598.5,1887.64,9862.696966381953,9571.546523564939
e8fffaab-f310-4c9c-a833-a837b68f1658,2026-07-13 08:15:00+00:00,6725.82,9348.82,-6141.98,9662.56892370137,9414.498870106007
e8fffaab-f310-4c9c-a833-a837b68f1658,2026-07-13 08:30:00+00:00,2282.48,6725.82,-320.43,7033.359234488211,6767.584139064973
e8fffaab-f310-4c9c-a833-a837b68f1658,2026-07-13 08:45:00+00:00,5160.08,2282.48,-3950.89,3108.852771495366,2860.1444847001776
e8fffaab-f310-4c9c-a833-a837b68f1658,2026-07-13 09:00:00+00:00,9722.03,5160.08,-1351.52,6888.826733107593,6583.574228464522
e8fffaab-f310-4c9c-a833-a837b68f1658,2026-07-13 09:15:00+00:00,10675.48,9722.03,2015.11,10757.652812070244,10417.897044098685
e8fffaab-f310-4c9c-a833-a837b68f1658,2026-07-13 09:30:00+00:00,16890.53,10675.48,3519.3,11031.779297107441,10643.12592703473
e8fffaab-f310-4c9c-a833-a837b68f1658,2026-07-13 09:45:00+00:00,19302.51,16890.53,-4961.11,16680.015751222447,16294.276495475853
e8fffaab-f310-4c9c-a833-a837b68f1658,2026-07-13 10:00:00+00:00,10493.6,19302.51,5672.05,18367.3638831477,17814.46856687161
e8fffaab-f310-4c9c-a833-a837b68f1658,2026-07-13 10:15:00+00:00,13457.98,10493.6,1646.73,9119.127296866773,8626.692322651154
e8fffaab-f310-4c9c-a833-a837b68f1658,2026-07-13 10:30:00+00:00,6755.54,13457.98,1704.68,14423.157917682045,13771.880955308658
e8fffaab-f310-4c9c-a833-a837b68f1658,2026-07-13 10:45:00+00:00,253.76,6755.54,2858.31,7118.92263777468,6495.365955903155
e8fffaab-f310-4c9c-a833-a837b68f1658,2026-07-13 11:00:00+00:00,7700.74,253.76,-2275.42,1298.0777586002805,854.6678676696138
e8fffaab-f310-4c9c-a833-a837b68f1658,2026-07-13 11:15:00+00:00,8293.1,7700.74,-535.56,10293.799377746116,9716.653234169084
e8fffaab-f310-4c9c-a833-a837b68f1658,2026-07-13 11:30:00+00:00,7543.51,8293.1,-3734.02,9041.173014031876,8536.013684044992
e8fffaab-f310-4c9c-a833-a837b68f1658,2026-07-13 11:45:00+00:00,11686.38,7543.51,-5297.16,7462.220983885111,7085.21356863117
e8fffaab-f310-4c9c-a833-a837b68f1658,2026-07-13 12:00:00+00:00,4396.65,11686.38,-2937.3,12202.934070777672,11667.446620572715
e8fffaab-f310-4c9c-a833-a837b68f1658,2026-07-13 12:15:00+00:00,9882.78,4396.65,-2070.04,4364.652055285522,3830.7969621200937
e8fffaab-f310-4c9c-a833-a837b68f1658,2026-07-13 12:30:00+00:00,6719.9,9882.78,-3448.53,10834.098550959257,10319.307172826124
e8fffaab-f310-4c9c-a833-a837b68f1658,2026-07-13 12:45:00+00:00,8764.7,6719.9,-1294.06,6387.308753209078,5894.409383861586
e8fffaab-f310-4c9c-a833-a837b68f1658,2026-07-13 13:00:00+00:00,17723.14,8764.7,-2579.12,9092.226285945333,8589.442004052335
e8fffaab-f310-4c9c-a833-a837b68f1658,2026-07-13 13:15:00+00:00,12990.42,17723.14,2301.55,17989.392483977157,17324.610607637533
e8fffaab-f310-4c9c-a833-a837b68f1658,2026-07-13 13:30:00+00:00,15211.88,12990.42,1495.35,11262.793656919663,10684.631053541894
e8fffaab-f310-4c9c-a833-a837b68f1658,2026-07-13 13:45:00+00:00,21005.11,15211.88,2598.42,14501.377890636595,13876.941540217536
e8fffaab-f310-4c9c-a833-a837b68f1658,2026-07-13 14:00:00+00:00,16154.97,21005.11,1617.78,19692.824665592558,19012.04358503443
e8fffaab-f310-4c9c-a833-a837b68f1658,2026-07-13 14:15:00+00:00,16171.02,16154.97,-859.51,13740.401949103772,13122.219868072892
e8fffaab-f310-4c9c-a833-a837b68f1658,2026-07-13 14:30:00+00:00,10116.12,16171.02,855.73,14944.56651886491,14279.691955475548
e8fffaab-f310-4c9c-a833-a837b68f1658,2026-07-13 14:45:00+00:00,16342.64,10116.12,2302.21,9092.744066720761,8422.242060133025
e8fffaab-f310-4c9c-a833-a837b68f1658,2026-07-13 15:00:00+00:00,8536.64,16342.64,-2413.43,15752.177771970193,15181.854286615004
e8fffaab-f310-4c9c-a833-a837b68f1658,2026-07-13 15:15:00+00:00,6224.9,8536.64,2860.17,7148.689383457485,6561.3294989727365
e8fffaab-f310-4c9c-a833-a837b68f1658,2026-07-13 15:30:00+00:00,8651.29,6224.9,3256.82,5858.8757619488715,5392.5449915756735
e8fffaab-f310-4c9c-a833-a837b68f1658,2026-07-13 15:45:00+00:00,7035.62,8651.29,3453.18,9026.646409823194,8472.12026094387
e8fffaab-f310-4c9c-a833-a837b68f1658,2026-07-13 16:00:00+00:00,3954.7,7035.62,1322.04,6531.364161105619,6086.731751219286
e8fffaab-f310-4c9c-a833-a837b68f1658,2026-07-13 16:15:00+00:00,5648.85,3954.7,2061.32,3846.251530180013,3426.182465200818
e8fffaab-f310-4c9c-a833-a837b68f1658,2026-07-13 16:30:00+00:00,4255.12,5648.85,4537.42,6318.717833305707,5846.673394261551
e8fffaab-f310-4c9c-a833-a837b68f1658,2026-07-13 16:45:00+00:00,3088.39,4255.12,4275.87,4439.161485418922,4013.776066762791
e8fffaab-f310-4c9c-a833-a837b68f1658,2026-07-13 17:00:00+00:00,4049.65,3088.39,3885.8,3450.026168338284,3066.0460599951675
e8fffaab-f310-4c9c-a833-a837b68f1658,2026-07-13 17:15:00+00:00,3668.5,4049.65,4356.19,4701.923934094428,4298.055757791088
e8fffaab-f310-4c9c-a833-a837b68f1658,2026-07-13 17:30:00+00:00,4800.5,3668.5,4538.81,4058.713569835989,3679.0731550482597
e8fffaab-f310-4c9c-a833-a837b68f1658,2026-07-13 17:45:00+00:00,5768.62,4800.5,4743.04,5284.882790893944,4901.817759426797
e8fffaab-f310-4c9c-a833-a837b68f1658,2026-07-13 18:00:00+00:00,5204.39,5768.62,7688.98,6176.341423529002,5755.931150726489
e8fffaab-f310-4c9c-a833-a837b68f1658,2026-07-13 18:15:00+00:00,5035.57,5204.39,5742.67,5301.1688925298695,4946.516133478102
e8fffaab-f310-4c9c-a833-a837b68f1658,2026-07-13 18:30:00+00:00,5293.75,5035.57,4577.6,5236.593506351155,4919.385382889993
e8fffaab-f310-4c9c-a833-a837b68f1658,2026-07-13 18:45:00+00:00,4981.49,5293.75,4847.06,5546.714932182182,5256.50670029804
e8fffaab-f310-4c9c-a833-a837b68f1658,2026-07-13 19:00:00+00:00,5049.43,4981.49,4716.9,5153.441063251257,4910.04478704293
e8fffaab-f310-4c9c-a833-a837b68f1658,2026-07-13 19:15:00+00:00,5041.0,5049.43,4768.5,5308.705458348211,5057.142872584002
e8fffaab-f310-4c9c-a833-a837b68f1658,2026-07-13 19:30:00+00:00,4898.73,5041.0,4653.3,5274.026744207802,5020.94946399527
e8fffaab-f310-4c9c-a833-a837b68f1658,2026-07-13 19:45:00+00:00,5424.44,4898.73,4856.48,5146.645633881315,4891.244421398608
e8fffaab-f310-4c9c-a833-a837b68f1658,2026-07-13 20:00:00+00:00,5721.96,5424.44,5099.63,5738.078578035966,5470.71506659273
e8fffaab-f310-4c9c-a833-a837b68f1658,2026-07-13 20:15:00+00:00,5804.09,5721.96,6011.82,5947.158605156724,5660.056305070935
e8fffaab-f310-4c9c-a833-a837b68f1658,2026-07-13 20:30:00+00:00,5860.59,5804.09,5836.95,5968.608044473868,5671.222544360627
e8fffaab-f310-4c9c-a833-a837b68f1658,2026-07-13 20:45:00+00:00,5392.84,5860.59,5264.28,5988.637424644041,5684.2362635078025
e8fffaab-f310-4c9c-a833-a837b68f1658,2026-07-13 21:00:00+00:00,5224.4,5392.84,5521.69,5530.394831367179,5216.767285195727
e8fffaab-f310-4c9c-a833-a837b68f1658,2026-07-13 21:15:00+00:00,6117.35,5224.4,5280.87,5458.34551703109,5137.6499547582
e8fffaab-f310-4c9c-a833-a837b68f1658,2026-07-13 21:30:00+00:00,5741.66,6117.35,4632.66,6362.964134688475,6033.4700830054535
e8fffaab-f310-4c9c-a833-a837b68f1658,2026-07-13 21:45:00+00:00,5649.43,5741.66,4618.09,5843.018888006063,5508.568448821602
e8fffaab-f310-4c9c-a833-a837b68f1658,2026-07-13 22:00:00+00:00,5741.12,5649.43,4315.5,5784.229808453982,5455.3059031462635
e8fffaab-f310-4c9c-a833-a837b68f1658,2026-07-13 22:15:00+00:00,5221.49,5741.12,4403.72,5932.294276910283,5585.8705406522195
e8fffaab-f310-4c9c-a833-a837b68f1658,2026-07-13 22:30:00+00:00,4914.34,5221.49,4227.01,5400.26363407535,5053.630001256436
e8fffaab-f310-4c9c-a833-a837b68f1658,2026-07-13 22:45:00+00:00,5072.57,4914.34,4099.61,5247.4148108946065,4892.193250165177
e8fffaab-f310-4c9c-a833-a837b68f1658,2026-07-13 23:00:00+00:00,5029.82,5072.57,4072.17,5457.42165990873,5100.255873210918
e8fffaab-f310-4c9c-a833-a837b68f1658,2026-07-13 23:15:00+00:00,4972.45,5029.82,4092.58,5394.672021080359,5043.11881509061
e8fffaab-f310-4c9c-a833-a837b68f1658,2026-07-13 23:30:00+00:00,5229.3,4972.45,4638.28,5393.8002988661065,5041.741929610858
e8fffaab-f310-4c9c-a833-a837b68f1658,2026-07-13 23:45:00+00:00,5054.99,5229.3,4631.16,5652.689683355498,5308.363814986988
e8fffaab-f310-4c9c-a833-a837b68f1658,2026-07-14 00:00:00+00:00,4830.41,5054.99,5163.14,5414.843321990065,5097.98591802036
e8fffaab-f310-4c9c-a833-a837b68f1658,2026-07-14 00:15:00+00:00,4742.35,4830.41,4331.35,5208.244958405897,4906.650591172194
e8fffaab-f310-4c9c-a833-a837b68f1658,2026-07-14 00:30:00+00:00,4777.9,4742.35,5097.84,5242.546687002539,4936.2295792555915
e8fffaab-f310-4c9c-a833-a837b68f1658,2026-07-14 00:45:00+00:00,5255.28,4777.9,4722.98,5282.927674390306,4991.752953064016
e8fffaab-f310-4c9c-a833-a837b68f1658,2026-07-14 01:00:00+00:00,5090.92,5255.28,4103.22,5746.295073753192,5468.374683277409
e8fffaab-f310-4c9c-a833-a837b68f1658,2026-07-14 01:15:00+00:00,4900.49,5090.92,4686.7,5520.7714482929005,5253.329231149358
e8fffaab-f310-4c9c-a833-a837b68f1658,2026-07-14 01:30:00+00:00,5118.78,4900.49,3971.47,5368.948410808815,5121.26502255364
e8fffaab-f310-4c9c-a833-a837b68f1658,2026-07-14 01:45:00+00:00,5416.08,5118.78,3617.8,5635.410745202284,5402.317489099786
e8fffaab-f310-4c9c-a833-a837b68f1658,2026-07-14 02:00:00+00:00,7274.55,5416.08,6606.89,6232.016074054052,5954.727330402875
e8fffaab-f310-4c9c-a833-a837b68f1658,2026-07-14 02:15:00+00:00,6842.12,7274.55,6111.11,7946.271349361824,7695.106367022072
e8fffaab-f310-4c9c-a833-a837b68f1658,2026-07-14 02:30:00+00:00,6812.38,6842.12,6273.28,7193.794202691493,6964.822582883511
e8fffaab-f310-4c9c-a833-a837b68f1658,2026-07-14 02:45:00+00:00,6852.3,6812.38,6202.92,7254.92931207215,7052.6863339335
e8fffaab-f310-4c9c-a833-a837b68f1658,2026-07-14 03:00:00+00:00,7791.09,6852.3,6647.64,7426.456138841486,7225.483956649401
e8fffaab-f310-4c9c-a833-a837b68f1658,2026-07-14 03:15:00+00:00,7684.61,7791.09,7068.26,8398.092785609142,8209.66600891622
e8fffaab-f310-4c9c-a833-a837b68f1658,2026-07-14 03:30:00+00:00,6974.7,7684.61,6421.01,8105.164102996216,7947.101632071181
e8fffaab-f310-4c9c-a833-a837b68f1658,2026-07-14 03:45:00+00:00,7653.13,6974.7,9701.64,7513.488936325302,7364.30291916453
e8fffaab-f310-4c9c-a833-a837b68f1658,2026-07-14 04:00:00+00:00,8377.78,7653.13,9040.33,8552.867325738336,8390.479707761435
e8fffaab-f310-4c9c-a833-a837b68f1658,2026-07-14 04:15:00+00:00,22085.82,8377.78,23855.96,9870.963908190794,9547.743689440504
e8fffaab-f310-4c9c-a833-a837b68f1658,2026-07-14 04:30:00+00:00,14059.11,22085.82,13017.15,22615.83284618098,22345.656098040214
e8fffaab-f310-4c9c-a833-a837b68f1658,2026-07-14 04:45:00+00:00,8836.68,14059.11,7946.79,11825.507623878986,11646.9956306039
e8fffaab-f310-4c9c-a833-a837b68f1658,2026-07-14 05:00:00+00:00,11895.62,8836.68,7371.45,8269.915229820219,8122.694398037591
e8fffaab-f310-4c9c-a833-a837b68f1658,2026-07-14 05:15:00+00:00,20027.72,11895.62,5263.35,12688.093302290847,12413.683706482385
e8fffaab-f310-4c9c-a833-a837b68f1658,2026-07-14 05:30:00+00:00,24827.74,20027.72,10043.53,20617.422651360343,20221.40709484939
e8fffaab-f310-4c9c-a833-a837b68f1658,2026-07-14 05:45:00+00:00,30950.13,24827.74,10384.38,23419.667975986707,23057.584367461037
e8fffaab-f310-4c9c-a833-a837b68f1658,2026-07-14 06:00:00+00:00,30483.31,30950.13,13381.36,28711.652540619023,28254.349898915203
e8fffaab-f310-4c9c-a833-a837b68f1658,2026-07-14 06:15:00+00:00,28360.14,30483.31,9820.14,27154.02033176658,26649.04848567472
e8fffaab-f310-4c9c-a833-a837b68f1658,2026-07-14 06:30:00+00:00,27000.71,28360.14,8813.01,25049.561624844086,24543.956769310244
e8fffaab-f310-4c9c-a833-a837b68f1658,2026-07-14 06:45:00+00:00,17164.15,27000.71,8261.35,24341.609842504004,23774.05129821283
e8fffaab-f310-4c9c-a833-a837b68f1658,2026-07-14 07:00:00+00:00,17706.86,17164.15,9556.27,14903.409565306836,14377.320635033286
e8fffaab-f310-4c9c-a833-a837b68f1658,2026-07-14 07:15:00+00:00,14666.43,17706.86,9245.41,17263.244728072637,16742.915340523567
e8fffaab-f310-4c9c-a833-a837b68f1658,2026-07-14 07:30:00+00:00,16008.41,14666.43,5019.24,14005.597853777463,13526.914934705926
e8fffaab-f310-4c9c-a833-a837b68f1658,2026-07-14 07:45:00+00:00,3786.41,16008.41,8598.5,15722.200016682724,15273.625771699291
e8fffaab-f310-4c9c-a833-a837b68f1658,2026-07-14 08:00:00+00:00,4826.14,3786.41,9348.82,3393.4216204755285,2996.341978515212
e8fffaab-f310-4c9c-a833-a837b68f1658,2026-07-14 08:15:00+00:00,7937.73,4826.14,6725.82,6552.784116060611,6196.089422994077
e8fffaab-f310-4c9c-a833-a837b68f1658,2026-07-14 08:30:00+00:00,9754.02,7937.73,2282.48,9118.448263652306,8782.191592949648
e8fffaab-f310-4c9c-a833-a837b68f1658,2026-07-14 08:45:00+00:00,4857.44,9754.02,5160.08,10054.931459176123,9764.11814662931
e8fffaab-f310-4c9c-a833-a837b68f1658,2026-07-14 09:00:00+00:00,2857.53,4857.44,9722.03,5048.978309391368,4723.698252604805
e8fffaab-f310-4c9c-a833-a837b68f1658,2026-07-14 09:15:00+00:00,13453.49,2857.53,10675.48,4405.81060080866,4007.9493409654297
e8fffaab-f310-4c9c-a833-a837b68f1658,2026-07-14 09:30:00+00:00,10981.25,13453.49,16890.53,16048.025288793022,15420.89842409267
e8fffaab-f310-4c9c-a833-a837b68f1658,2026-07-14 09:45:00+00:00,8490.83,10981.25,19302.51,11348.090673178645,10757.874371683858
e8fffaab-f310-4c9c-a833-a837b68f1658,2026-07-14 10:00:00+00:00,5390.78,8490.83,10493.6,8998.944444579414,8498.006987855833
e8fffaab-f310-4c9c-a833-a837b68f1658,2026-07-14 10:15:00+00:00,5337.5,5390.78,13457.98,6576.624949480985,6013.941990875275
e8fffaab-f310-4c9c-a833-a837b68f1658,2026-07-14 10:30:00+00:00,8437.99,5337.5,6755.54,6764.564466061838,6275.760475066056
e8fffaab-f310-4c9c-a833-a837b68f1658,2026-07-14 10:45:00+00:00,2350.03,8437.99,253.76,9250.178631306719,8847.386608437686
e8fffaab-f310-4c9c-a833-a837b68f1658,2026-07-14 11:00:00+00:00,4318.37,2350.03,7700.74,3577.424978811032,3036.1652953600924
e8fffaab-f310-4c9c-a833-a837b68f1658,2026-07-14 11:15:00+00:00,3497.98,4318.37,8293.1,6383.036028220751,5873.130572544079
e8fffaab-f310-4c9c-a833-a837b68f1658,2026-07-14 11:30:00+00:00,4722.08,3497.98,7543.51,5485.160411856681,4914.710668598592
e8fffaab-f310-4c9c-a833-a837b68f1658,2026-07-14 11:45:00+00:00,10204.03,4722.08,11686.38,6835.929096991761,6259.274312829772
e8fffaab-f310-4c9c-a833-a837b68f1658,2026-07-14 12:00:00+00:00,9661.63,10204.03,4396.65,11586.053382046952,11042.443407639343
e8fffaab-f310-4c9c-a833-a837b68f1658,2026-07-14 12:15:00+00:00,6022.3,9661.63,9882.78,10287.830539947565,9690.951490260051
e8fffaab-f310-4c9c-a833-a837b68f1658,2026-07-14 12:30:00+00:00,12642.61,6022.3,6719.9,6477.586615038817,5963.372959324644
e8fffaab-f310-4c9c-a833-a837b68f1658,2026-07-14 12:45:00+00:00,5241.45,12642.61,8764.7,13488.844444407317,12948.300221751344
e8fffaab-f310-4c9c-a833-a837b68f1658,2026-07-14 13:00:00+00:00,9001.78,5241.45,17723.14,5293.15669054289,4710.268600942705
e8fffaab-f310-4c9c-a833-a837b68f1658,2026-07-14 13:15:00+00:00,22078.54,9001.78,12990.42,10091.087711763575,9562.061454930063
e8fffaab-f310-4c9c-a833-a837b68f1658,2026-07-14 13:30:00+00:00,27102.33,22078.54,15211.88,22871.64669372616,22125.58442921177
e8fffaab-f310-4c9c-a833-a837b68f1658,2026-07-14 13:45:00+00:00,10318.22,27102.33,21005.11,25167.545577905097,24403.350224987116
e8fffaab-f310-4c9c-a833-a837b68f1658,2026-07-14 14:00:00+00:00,8671.32,10318.22,16154.97,7342.332446707394,6712.592373604803
e8fffaab-f310-4c9c-a833-a837b68f1658,2026-07-14 14:15:00+00:00,7193.32,8671.32,16171.02,9570.651025366202,8819.471389141067
e8fffaab-f310-4c9c-a833-a837b68f1658,2026-07-14 14:30:00+00:00,12017.96,7193.32,10116.12,8095.3822026001835,7407.402326978254
e8fffaab-f310-4c9c-a833-a837b68f1658,2026-07-14 14:45:00+00:00,5782.14,12017.96,16342.64,12795.219311937368,12174.85223262546
e8fffaab-f310-4c9c-a833-a837b68f1658,2026-07-14 15:00:00+00:00,5728.99,5782.14,8536.64,5189.519049131989,4713.829067586823
e8fffaab-f310-4c9c-a833-a837b68f1658,2026-07-14 15:15:00+00:00,1392.96,5728.99,6224.9,6205.1368109205405,5772.478092746666
e8fffaab-f310-4c9c-a833-a837b68f1658,2026-07-14 15:30:00+00:00,9473.85,1392.96,8651.29,2021.2785404293272,1582.454255613553
e8fffaab-f310-4c9c-a833-a837b68f1658,2026-07-14 15:45:00+00:00,3369.05,9473.85,7035.62,10617.54640169932,10196.527360655999
e8fffaab-f310-4c9c-a833-a837b68f1658,2026-07-14 16:00:00+00:00,5855.91,3369.05,3954.7,2737.501898832287,2408.378071716992
e8fffaab-f310-4c9c-a833-a837b68f1658,2026-07-14 16:15:00+00:00,3827.66,5855.91,5648.85,6387.081237290733,6062.31258778652
e8fffaab-f310-4c9c-a833-a837b68f1658,2026-07-14 16:30:00+00:00,3721.14,3827.66,4255.12,4103.645328160658,3741.457324322684
e8fffaab-f310-4c9c-a833-a837b68f1658,2026-07-14 16:45:00+00:00,4636.39,3721.14,3088.39,4107.090650879833,3823.941318401038
e8fffaab-f310-4c9c-a833-a837b68f1658,2026-07-14 17:00:00+00:00,8722.94,4636.39,4049.65,5125.125267611881,4817.065515436317
e8fffaab-f310-4c9c-a833-a837b68f1658,2026-07-14 17:15:00+00:00,4388.52,8722.94,3668.5,8861.658789493971,8560.952144660801
e8fffaab-f310-4c9c-a833-a837b68f1658,2026-07-14 17:30:00+00:00,5143.14,4388.52,4800.5,3882.5424947533747,3595.3514494365245
e8fffaab-f310-4c9c-a833-a837b68f1658,2026-07-14 17:45:00+00:00,4687.65,5143.14,5768.62,5583.624809074802,5275.4155654635615
e8fffaab-f310-4c9c-a833-a837b68f1658,2026-07-14 18:00:00+00:00,4736.88,4687.65,5204.39,5118.686875046378,4785.659716784683
e8fffaab-f310-4c9c-a833-a837b68f1658,2026-07-14 18:15:00+00:00,4508.95,4736.88,5035.57,4988.577961500505,4723.354820935817
e8fffaab-f310-4c9c-a833-a837b68f1658,2026-07-14 18:30:00+00:00,5268.51,4508.95,5293.75,4761.235111170507,4503.178647803862
e8fffaab-f310-4c9c-a833-a837b68f1658,2026-07-14 18:45:00+00:00,8123.27,5268.51,4981.49,5514.221403109071,5271.566328031175
e8fffaab-f310-4c9c-a833-a837b68f1658,2026-07-14 19:00:00+00:00,5816.76,8123.27,5049.43,8202.915422744612,7950.807242933651
e8fffaab-f310-4c9c-a833-a837b68f1658,2026-07-14 19:15:00+00:00,5603.5,5816.76,5041.0,5372.516958638632,5140.313884254361
e8fffaab-f310-4c9c-a833-a837b68f1658,2026-07-14 19:30:00+00:00,5382.19,5603.5,4898.73,5606.419466342274,5381.723009718903
e8fffaab-f310-4c9c-a833-a837b68f1658,2026-07-14 19:45:00+00:00,6015.1,5382.19,5424.44,5536.458406247683,5292.700820350391
e8fffaab-f310-4c9c-a833-a837b68f1658,2026-07-14 20:00:00+00:00,5573.85,6015.1,5721.96,6181.820422835138,5954.438686159581
e8fffaab-f310-4c9c-a833-a837b68f1658,2026-07-14 20:15:00+00:00,5609.88,5573.85,5804.09,5629.3542941000605,5391.14480794073
e8fffaab-f310-4c9c-a833-a837b68f1658,2026-07-14 20:30:00+00:00,5837.67,5609.88,5860.59,5787.580347750079,5532.600374324232
e8fffaab-f310-4c9c-a833-a837b68f1658,2026-07-14 20:45:00+00:00,5494.77,5837.67,5392.84,5964.560872829916,5703.586393779177
e8fffaab-f310-4c9c-a833-a837b68f1658,2026-07-14 21:00:00+00:00,5140.16,5494.77,5224.4,5596.827392629086,5329.014198671703
e8fffaab-f310-4c9c-a833-a837b68f1658,2026-07-14 21:15:00+00:00,5118.77,5140.16,6117.35,5352.30652243317,5066.058150763984
e8fffaab-f310-4c9c-a833-a837b68f1658,2026-07-14 21:30:00+00:00,5043.21,5118.77,5741.66,5391.146393669919,5096.568404802977
e8fffaab-f310-4c9c-a833-a837b68f1658,2026-07-14 21:45:00+00:00,5142.05,5043.21,5649.43,5316.756412163733,5016.191908397593
e8fffaab-f310-4c9c-a833-a837b68f1658,2026-07-14 22:00:00+00:00,4822.58,5142.05,5741.12,5420.434750295438,5114.803336610966
e8fffaab-f310-4c9c-a833-a837b68f1658,2026-07-14 22:15:00+00:00,4901.54,4822.58,5221.49,5075.247730600422,4770.03044582755
e8fffaab-f310-4c9c-a833-a837b68f1658,2026-07-14 22:30:00+00:00,5640.64,4901.54,4914.34,5202.2445924392305,4896.891091309058
e8fffaab-f310-4c9c-a833-a837b68f1658,2026-07-14 22:45:00+00:00,6086.97,5640.64,5072.57,5942.021310295454,5626.083958792329
e8fffaab-f310-4c9c-a833-a837b68f1658,2026-07-14 23:00:00+00:00,5169.76,6086.97,5029.82,6257.571834599365,5937.659446972339
e8fffaab-f310-4c9c-a833-a837b68f1658,2026-07-14 23:15:00+00:00,5042.66,5169.76,4972.45,5284.428069589773,4963.892639464165
e8fffaab-f310-4c9c-a833-a837b68f1658,2026-07-14 23:30:00+00:00,5430.3,5042.66,5229.3,5380.805999599033,5049.9836430123305
e8fffaab-f310-4c9c-a833-a837b68f1658,2026-07-14 23:45:00+00:00,4955.24,5430.3,5054.99,5811.326497766071,5474.102681731305
e8fffaab-f310-4c9c-a833-a837b68f1658,2026-07-15 00:00:00+00:00,4705.01,4955.24,4830.41,5257.626211622182,4952.310128263493
e8fffaab-f310-4c9c-a833-a837b68f1658,2026-07-15 00:15:00+00:00,4701.64,4705.01,4742.35,5102.315906704433,4809.1240314633615
e8fffaab-f310-4c9c-a833-a837b68f1658,2026-07-15 00:30:00+00:00,4604.19,4701.64,4777.9,5126.320396923289,4846.465701046104
e8fffaab-f310-4c9c-a833-a837b68f1658,2026-07-15 00:45:00+00:00,4685.2,4604.19,5255.28,5095.720113612842,4819.672820128982
e8fffaab-f310-4c9c-a833-a837b68f1658,2026-07-15 01:00:00+00:00,4516.68,4685.2,5090.92,5166.828150796453,4910.8938952837425
e8fffaab-f310-4c9c-a833-a837b68f1658,2026-07-15 01:15:00+00:00,4175.53,4516.68,4900.49,4951.736384343883,4723.675051628473
e8fffaab-f310-4c9c-a833-a837b68f1658,2026-07-15 01:30:00+00:00,4457.86,4175.53,5118.78,4688.637328545155,4478.716048268311
e8fffaab-f310-4c9c-a833-a837b68f1658,2026-07-15 01:45:00+00:00,4291.77,4457.86,5416.08,5070.924379066967,4876.568557991581
e8fffaab-f310-4c9c-a833-a837b68f1658,2026-07-15 02:00:00+00:00,7179.75,4291.77,7274.55,5100.352517493182,4888.7020367466475
e8fffaab-f310-4c9c-a833-a837b68f1658,2026-07-15 02:15:00+00:00,7748.19,7179.75,6842.12,7959.527228050884,7760.070259146803
e8fffaab-f310-4c9c-a833-a837b68f1658,2026-07-15 02:30:00+00:00,7142.79,7748.19,6812.38,7995.158244721422,7809.59679434071
e8fffaab-f310-4c9c-a833-a837b68f1658,2026-07-15 02:45:00+00:00,6678.27,7142.79,6852.3,7330.1766587293205,7168.099834576544
e8fffaab-f310-4c9c-a833-a837b68f1658,2026-07-15 03:00:00+00:00,7450.28,6678.27,7791.09,7161.348959596808,6989.56082606207
e8fffaab-f310-4c9c-a833-a837b68f1658,2026-07-15 03:15:00+00:00,26001.11,7450.28,7684.61,7998.03444358587,7850.089470645575
e8fffaab-f310-4c9c-a833-a837b68f1658,2026-07-15 03:30:00+00:00,13989.3,26001.11,6974.7,26196.768260626042,25960.652916797408
e8fffaab-f310-4c9c-a833-a837b68f1658,2026-07-15 03:45:00+00:00,5388.13,13989.3,7653.13,10788.899194292158,10640.710560123336
e8fffaab-f310-4c9c-a833-a837b68f1658,2026-07-15 04:00:00+00:00,5458.94,5388.13,8377.78,4728.27182297058,4648.05521701942
e8fffaab-f310-4c9c-a833-a837b68f1658,2026-07-15 04:15:00+00:00,7819.81,5458.94,22085.82,7785.732971865747,7401.827955608824
e8fffaab-f310-4c9c-a833-a837b68f1658,2026-07-15 04:30:00+00:00,8920.39,7819.81,14059.11,9431.812702299992,9212.583940792278
e8fffaab-f310-4c9c-a833-a837b68f1658,2026-07-15 04:45:00+00:00,7376.99,8920.39,8836.68,9521.756568636385,9433.16777640959
e8fffaab-f310-4c9c-a833-a837b68f1658,2026-07-15 05:00:00+00:00,9083.02,7376.99,11895.62,7926.120995207887,7823.1290238302745
e8fffaab-f310-4c9c-a833-a837b68f1658,2026-07-15 05:15:00+00:00,8559.74,9083.02,20027.72,10299.46606127177,10083.56877122607
e8fffaab-f310-4c9c-a833-a837b68f1658,2026-07-15 05:30:00+00:00,16850.47,8559.74,24827.74,10389.539809509532,10001.022996735024
e8fffaab-f310-4c9c-a833-a837b68f1658,2026-07-15 05:45:00+00:00,20389.93,16850.47,30950.13,19168.69639615895,18629.297853637196
e8fffaab-f310-4c9c-a833-a837b68f1658,2026-07-15 06:00:00+00:00,17526.07,20389.93,30483.31,21654.112425497282,20979.866691049792
e8fffaab-f310-4c9c-a833-a837b68f1658,2026-07-15 06:15:00+00:00,20092.51,17526.07,28360.14,18135.61599342568,17471.724641731038
e8fffaab-f310-4c9c-a833-a837b68f1658,2026-07-15 06:30:00+00:00,22482.83,20092.51,27000.71,21290.5023993295,20560.589702936362
e8fffaab-f310-4c9c-a833-a837b68f1658,2026-07-15 06:45:00+00:00,16485.58,22482.83,17164.15,22737.558710895548,22056.987013466656
e8fffaab-f310-4c9c-a833-a837b68f1658,2026-07-15 07:00:00+00:00,19371.56,16485.58,17706.86,17658.17600442802,16800.403934248974
e8fffaab-f310-4c9c-a833-a837b68f1658,2026-07-15 07:15:00+00:00,17477.1,19371.56,14666.43,22714.434096484445,21661.131288267643
e8fffaab-f310-4c9c-a833-a837b68f1658,2026-07-15 07:30:00+00:00,5753.55,17477.1,16008.41,20015.541455937462,18986.20954205523
e8fffaab-f310-4c9c-a833-a837b68f1658,2026-07-15 07:45:00+00:00,7359.47,5753.55,3786.41,6954.866812751341,6330.614984276849
e8fffaab-f310-4c9c-a833-a837b68f1658,2026-07-15 08:00:00+00:00,9359.1,7359.47,4826.14,9013.976281574456,8636.344294909168
e8fffaab-f310-4c9c-a833-a837b68f1658,2026-07-15 08:15:00+00:00,8801.64,9359.1,7937.73,10920.15422688959,10476.32666963088
e8fffaab-f310-4c9c-a833-a837b68f1658,2026-07-15 08:30:00+00:00,7801.56,8801.64,9754.02,9812.719856093925,9421.045457114942
e8fffaab-f310-4c9c-a833-a837b68f1658,2026-07-15 08:45:00+00:00,5204.72,7801.56,4857.44,8578.493092336521,8242.337658234965
e8fffaab-f310-4c9c-a833-a837b68f1658,2026-07-15 09:00:00+00:00,6746.6,5204.72,2857.53,6080.691251763339,5763.110894730615
e8fffaab-f310-4c9c-a833-a837b68f1658,2026-07-15 09:15:00+00:00,3122.93,6746.6,13453.49,8494.502592814017,8063.183830687522
e8fffaab-f310-4c9c-a833-a837b68f1658,2026-07-15 09:30:00+00:00,-81.59,3122.93,10981.25,4536.329687137173,4133.307134839836
e8fffaab-f310-4c9c-a833-a837b68f1658,2026-07-15 09:45:00+00:00,962.31,-81.59,8490.83,1867.744459696587,1516.6150651867683
e8fffaab-f310-4c9c-a833-a837b68f1658,2026-07-15 10:00:00+00:00,6639.31,962.31,5390.78,3329.19252397921,2985.8817521370784
e8fffaab-f310-4c9c-a833-a837b68f1658,2026-07-15 10:15:00+00:00,5152.76,6639.31,5337.5,8766.834412449498,8390.170694890532
e8fffaab-f310-4c9c-a833-a837b68f1658,2026-07-15 10:30:00+00:00,10476.16,5152.76,8437.99,6266.802467779755,5881.599223590225
e8fffaab-f310-4c9c-a833-a837b68f1658,2026-07-15 10:45:00+00:00,8362.11,10476.16,2350.03,11403.34451330538,11054.928580936734
e8fffaab-f310-4c9c-a833-a837b68f1658,2026-07-15 11:00:00+00:00,12460.64,8362.11,4318.37,8519.15203556593,8107.740553896642
e8fffaab-f310-4c9c-a833-a837b68f1658,2026-07-15 11:15:00+00:00,16753.7,12460.64,3497.98,12947.872627422188,12512.512949771208
e8fffaab-f310-4c9c-a833-a837b68f1658,2026-07-15 11:30:00+00:00,5302.56,16753.7,4722.08,16695.723836190664,16147.995310374681
e8fffaab-f310-4c9c-a833-a837b68f1658,2026-07-15 11:45:00+00:00,10999.38,5302.56,10204.03,4691.259021911291,4168.337471550604
e8fffaab-f310-4c9c-a833-a837b68f1658,2026-07-15 12:00:00+00:00,9306.19,10999.38,9661.63,12516.217510802788,11935.958411186253
e8fffaab-f310-4c9c-a833-a837b68f1658,2026-07-15 12:15:00+00:00,10629.08,9306.19,6022.3,9653.517585590376,9083.235807014727
e8fffaab-f310-4c9c-a833-a837b68f1658,2026-07-15 12:30:00+00:00,11214.71,10629.08,12642.61,11311.167147306498,10743.043056025801
e8fffaab-f310-4c9c-a833-a837b68f1658,2026-07-15 12:45:00+00:00,17332.34,11214.71,5241.45,11333.153119294157,10798.701400274209
e8fffaab-f310-4c9c-a833-a837b68f1658,2026-07-15 13:00:00+00:00,18737.27,17332.34,9001.78,17314.286485825858,16716.03517251828
e8fffaab-f310-4c9c-a833-a837b68f1658,2026-07-15 13:15:00+00:00,14140.92,18737.27,22078.54,18183.05701421027,17425.677513126793
e8fffaab-f310-4c9c-a833-a837b68f1658,2026-07-15 13:30:00+00:00,20743.22,14140.92,27102.33,13781.169770427226,12969.363044015188
e8fffaab-f310-4c9c-a833-a837b68f1658,2026-07-15 13:45:00+00:00,19993.67,20743.22,10318.22,20888.087316779427,20108.685549607944
e8fffaab-f310-4c9c-a833-a837b68f1658,2026-07-15 14:00:00+00:00,22519.7,19993.67,8671.32,18722.322051469797,17962.907586844667
e8fffaab-f310-4c9c-a833-a837b68f1658,2026-07-15 14:15:00+00:00,17281.07,22519.7,7193.32,21087.768762520413,20377.184844745057
e8fffaab-f310-4c9c-a833-a837b68f1658,2026-07-15 14:30:00+00:00,22544.42,17281.07,12017.96,15639.125573240437,14887.83568448772
e8fffaab-f310-4c9c-a833-a837b68f1658,2026-07-15 14:45:00+00:00,12326.09,22544.42,5782.14,21019.404433739463,20387.343098828904
e8fffaab-f310-4c9c-a833-a837b68f1658,2026-07-15 15:00:00+00:00,9318.68,12326.09,5728.99,10049.57264003138,9444.67713492666
e8fffaab-f310-4c9c-a833-a837b68f1658,2026-07-15 15:15:00+00:00,8633.5,9318.68,1392.96,8663.473023788754,8176.341687268527
e8fffaab-f310-4c9c-a833-a837b68f1658,2026-07-15 15:30:00+00:00,4905.35,8633.5,9473.85,9076.399703609306,8472.41124247645
e8fffaab-f310-4c9c-a833-a837b68f1658,2026-07-15 15:45:00+00:00,7079.9,4905.35,3369.05,4826.517847540018,4409.656311457685
e8fffaab-f310-4c9c-a833-a837b68f1658,2026-07-15 16:00:00+00:00,3352.1,7079.9,5855.91,7503.106736312722,7106.483378388043
e8fffaab-f310-4c9c-a833-a837b68f1658,2026-07-15 16:15:00+00:00,3455.36,3352.1,3827.66,3191.8998744029677,2867.6134038507407
e8fffaab-f310-4c9c-a833-a837b68f1658,2026-07-15 16:30:00+00:00,3622.37,3455.36,3721.14,3902.445882903582,3619.2582861001592
e8fffaab-f310-4c9c-a833-a837b68f1658,2026-07-15 16:45:00+00:00,3955.32,3622.37,4636.39,4157.319479677589,3853.3801946522926
e8fffaab-f310-4c9c-a833-a837b68f1658,2026-07-15 17:00:00+00:00,4509.25,3955.32,8722.94,4542.365781738576,4231.742931261212
e8fffaab-f310-4c9c-a833-a837b68f1658,2026-07-15 17:15:00+00:00,4850.78,4509.25,4388.52,4703.213796737079,4465.10484053301
e8fffaab-f310-4c9c-a833-a837b68f1658,2026-07-15 17:30:00+00:00,4458.67,4850.78,5143.14,5014.99658502831,4772.161213729222
e8fffaab-f310-4c9c-a833-a837b68f1658,2026-07-15 17:45:00+00:00,4262.04,4458.67,4687.65,4540.837590993492,4317.2120674871285
e8fffaab-f310-4c9c-a833-a837b68f1658,2026-07-15 18:00:00+00:00,4968.13,4262.04,4736.88,4458.606978802767,4242.418288123469
e8fffaab-f310-4c9c-a833-a837b68f1658,2026-07-15 18:15:00+00:00,4787.46,4968.13,4508.95,5201.529148900321,4988.535809662163
e8fffaab-f310-4c9c-a833-a837b68f1658,2026-07-15 18:30:00+00:00,4799.41,4787.46,5268.51,4885.306139470067,4682.294810895164
e8fffaab-f310-4c9c-a833-a837b68f1658,2026-07-15 18:45:00+00:00,4779.81,4799.41,8123.27,5077.2079304172,4854.260695521004
e8fffaab-f310-4c9c-a833-a837b68f1658,2026-07-15 19:00:00+00:00,5220.76,4779.81,5816.76,4979.649308366654,4784.142257553013
e8fffaab-f310-4c9c-a833-a837b68f1658,2026-07-15 19:15:00+00:00,5249.5,5220.76,5603.5,5384.164212489577,5197.943076632438
e8fffaab-f310-4c9c-a833-a837b68f1658,2026-07-15 19:30:00+00:00,4841.84,5249.5,5382.19,5321.230644824438,5142.412526967953
e8fffaab-f310-4c9c-a833-a837b68f1658,2026-07-15 19:45:00+00:00,5317.12,4841.84,6015.1,4945.818240028629,4769.966032985611
e8fffaab-f310-4c9c-a833-a837b68f1658,2026-07-15 20:00:00+00:00,5710.75,5317.12,5573.85,5480.686222108274,5312.408199489116
e8fffaab-f310-4c9c-a833-a837b68f1658,2026-07-15 20:15:00+00:00,6349.78,5710.75,5609.88,5791.748308188242,5603.85050789749
e8fffaab-f310-4c9c-a833-a837b68f1658,2026-07-15 20:30:00+00:00,5575.43,6349.78,5837.67,6333.866096969246,6131.484497337224
e8fffaab-f310-4c9c-a833-a837b68f1658,2026-07-15 20:45:00+00:00,5689.46,5575.43,5494.77,5446.933079733553,5236.48098885764
e8fffaab-f310-4c9c-a833-a837b68f1658,2026-07-15 21:00:00+00:00,5659.19,5689.46,5140.16,5688.378231110807,5470.384495719938
e8fffaab-f310-4c9c-a833-a837b68f1658,2026-07-15 21:15:00+00:00,5205.28,5659.19,5118.77,5668.814197112851,5429.10310246478
e8fffaab-f310-4c9c-a833-a837b68f1658,2026-07-15 21:30:00+00:00,5158.43,5205.28,5043.21,5219.525583843566,4973.888675394971
e8fffaab-f310-4c9c-a833-a837b68f1658,2026-07-15 21:45:00+00:00,5097.77,5158.43,5142.05,5282.192651168892,5021.896303731371
e8fffaab-f310-4c9c-a833-a837b68f1658,2026-07-15 22:00:00+00:00,4760.36,5097.77,4822.58,5213.389154382594,4947.923843659008
e8fffaab-f310-4c9c-a833-a837b68f1658,2026-07-15 22:15:00+00:00,4805.77,4760.36,4901.54,4895.010777559553,4624.360164692978
e8fffaab-f310-4c9c-a833-a837b68f1658,2026-07-15 22:30:00+00:00,4783.07,4805.77,5640.64,5107.330479175367,4812.063121036905
e8fffaab-f310-4c9c-a833-a837b68f1658,2026-07-15 22:45:00+00:00,4698.39,4783.07,6086.97,5086.269347262155,4783.849818376035
e8fffaab-f310-4c9c-a833-a837b68f1658,2026-07-15 23:00:00+00:00,4817.64,4698.39,5169.76,4963.153316315766,4669.326101777993
e8fffaab-f310-4c9c-a833-a837b68f1658,2026-07-15 23:15:00+00:00,4798.74,4817.64,5042.66,5140.55856704606,4842.060535574178
e8fffaab-f310-4c9c-a833-a837b68f1658,2026-07-15 23:30:00+00:00,5052.8,4798.74,5430.3,5157.26959858793,4853.07325611711
e8fffaab-f310-4c9c-a833-a837b68f1658,2026-07-15 23:45:00+00:00,5297.3,5052.8,4955.24,5352.909001108317,5064.452615056908
e8fffaab-f310-4c9c-a833-a837b68f1658,2026-07-16 00:00:00+00:00,5088.76,5297.3,4705.01,5525.778901898456,5258.987046991898
e8fffaab-f310-4c9c-a833-a837b68f1658,2026-07-16 00:15:00+00:00,4846.91,5088.76,4701.64,5283.674957639701,5029.176803632956
e8fffaab-f310-4c9c-a833-a837b68f1658,2026-07-16 00:30:00+00:00,5039.06,4846.91,4604.19,5125.534333518752,4880.240617502566
e8fffaab-f310-4c9c-a833-a837b68f1658,2026-07-16 00:45:00+00:00,4911.77,5039.06,4685.2,5388.497874167098,5153.1837243617765
e8fffaab-f310-4c9c-a833-a837b68f1658,2026-07-16 01:00:00+00:00,4426.69,4911.77,4516.68,5199.365041245312,4988.138166834314
e8fffaab-f310-4c9c-a833-a837b68f1658,2026-07-16 01:15:00+00:00,4420.93,4426.69,4175.53,4739.513761288571,4550.380790084188
e8fffaab-f310-4c9c-a833-a837b68f1658,2026-07-16 01:30:00+00:00,4540.85,4420.93,4457.86,4876.0649094394075,4695.944760461664
e8fffaab-f310-4c9c-a833-a837b68f1658,2026-07-16 01:45:00+00:00,4460.15,4540.85,4291.77,5005.365687902132,4843.274741803457
e8fffaab-f310-4c9c-a833-a837b68f1658,2026-07-16 02:00:00+00:00,7180.42,4460.15,7179.75,5193.770855228871,5000.458005659259
e8fffaab-f310-4c9c-a833-a837b68f1658,2026-07-16 02:15:00+00:00,6775.15,7180.42,7748.19,7985.847447377842,7781.526239928137
e8fffaab-f310-4c9c-a833-a837b68f1658,2026-07-16 02:30:00+00:00,6487.08,6775.15,7142.79,7048.929063077634,6871.798965668576
e8fffaab-f310-4c9c-a833-a837b68f1658,2026-07-16 02:45:00+00:00,7087.21,6487.08,6678.27,6861.126063237646,6709.047114847966
e8fffaab-f310-4c9c-a833-a837b68f1658,2026-07-16 03:00:00+00:00,7182.18,7087.21,7450.28,7642.183632497144,7478.976361579129
e8fffaab-f310-4c9c-a833-a837b68f1658,2026-07-16 03:15:00+00:00,7857.83,7182.18,26001.11,9115.871681816276,8689.817072707407
e8fffaab-f310-4c9c-a833-a837b68f1658,2026-07-16 03:30:00+00:00,7701.62,7857.83,13989.3,8920.333564445764,8685.652303631028
e8fffaab-f310-4c9c-a833-a837b68f1658,2026-07-16 03:45:00+00:00,9484.49,7701.62,5388.13,7883.941111218339,7818.610898050609
e8fffaab-f310-4c9c-a833-a837b68f1658,2026-07-16 04:00:00+00:00,7982.33,9484.49,5458.94,9694.5103588721,9642.732673586748
e8fffaab-f310-4c9c-a833-a837b68f1658,2026-07-16 04:15:00+00:00,7920.99,7982.33,7819.81,8048.80370049882,7979.348182954618
e8fffaab-f310-4c9c-a833-a837b68f1658,2026-07-16 04:30:00+00:00,9048.82,7920.99,8920.39,8436.787333061957,8353.27024844631
e8fffaab-f310-4c9c-a833-a837b68f1658,2026-07-16 04:45:00+00:00,19850.64,9048.82,7376.99,9497.269473145658,9427.66172686537
e8fffaab-f310-4c9c-a833-a837b68f1658,2026-07-16 05:00:00+00:00,20264.8,19850.64,9083.02,20037.53815527753,19898.59536904384
e8fffaab-f310-4c9c-a833-a837b68f1658,2026-07-16 05:15:00+00:00,8856.87,20264.8,8559.74,18393.635128195034,18241.577254025302
e8fffaab-f310-4c9c-a833-a837b68f1658,2026-07-16 05:30:00+00:00,8986.32,8856.87,16850.47,7793.34141574245,7566.081688853103
e8fffaab-f310-4c9c-a833-a837b68f1658,2026-07-16 05:45:00+00:00,11822.7,8986.32,20389.93,10859.611634632402,10472.170288644269
e8fffaab-f310-4c9c-a833-a837b68f1658,2026-07-16 06:00:00+00:00,12699.12,11822.7,17526.07,13479.178937778168,13103.95437277725
e8fffaab-f310-4c9c-a833-a837b68f1658,2026-07-16 06:15:00+00:00,11744.76,12699.12,20092.51,13532.501456042986,13232.15538016989
e8fffaab-f310-4c9c-a833-a837b68f1658,2026-07-16 06:30:00+00:00,11245.69,11744.76,22482.83,12608.21862146026,12282.808383016192
e8fffaab-f310-4c9c-a833-a837b68f1658,2026-07-16 06:45:00+00:00,10961.54,11245.69,16485.58,11980.29503409351,11721.779695639478
e8fffaab-f310-4c9c-a833-a837b68f1658,2026-07-16 07:00:00+00:00,12030.51,10961.54,19371.56,11952.988865666002,11665.26318098422
e8fffaab-f310-4c9c-a833-a837b68f1658,2026-07-16 07:15:00+00:00,12025.99,12030.51,17477.1,13064.48618196763,12819.733062256451
e8fffaab-f310-4c9c-a833-a837b68f1658,2026-07-16 07:30:00+00:00,12399.64,12025.99,5753.55,12278.514866934052,12199.255962389054
e8fffaab-f310-4c9c-a833-a837b68f1658,2026-07-16 07:45:00+00:00,12291.44,12399.64,7359.47,12718.345926007594,12660.77079584021
e8fffaab-f310-4c9c-a833-a837b68f1658,2026-07-16 08:00:00+00:00,11957.11,12291.44,9359.1,12637.2463740762,12592.60059826669
e8fffaab-f310-4c9c-a833-a837b68f1658,2026-07-16 08:15:00+00:00,10416.25,11957.11,8801.64,12275.705762102394,12231.503916337839
e8fffaab-f310-4c9c-a833-a837b68f1658,2026-07-16 08:30:00+00:00,12079.6,10416.25,7801.56,10552.630331556606,10548.780775552621
e8fffaab-f310-4c9c-a833-a837b68f1658,2026-07-16 08:45:00+00:00,19675.33,12079.6,5204.72,12068.679804978925,12115.633971365332
e8fffaab-f310-4c9c-a833-a837b68f1658,2026-07-16 09:00:00+00:00,18836.78,19675.33,6746.6,19257.33165130386,19235.249211504255
e8fffaab-f310-4c9c-a833-a837b68f1658,2026-07-16 09:15:00+00:00,20565.44,18836.78,3122.93,16938.195541300804,16908.268728911607
e8fffaab-f310-4c9c-a833-a837b68f1658,2026-07-16 09:30:00+00:00,17156.54,20565.44,-81.59,18697.42646924124,18647.540995775093
e8fffaab-f310-4c9c-a833-a837b68f1658,2026-07-16 09:45:00+00:00,14417.98,17156.54,962.31,15390.527613896662,15236.87124632103
e8fffaab-f310-4c9c-a833-a837b68f1658,2026-07-16 10:00:00+00:00,13022.25,14417.98,6639.31,13600.006894804545,13378.068981256223
e8fffaab-f310-4c9c-a833-a837b68f1658,2026-07-16 10:15:00+00:00,14202.75,13022.25,5152.76,12565.706415276292,12353.092411837646
e8fffaab-f310-4c9c-a833-a837b68f1658,2026-07-16 10:30:00+00:00,13141.01,14202.75,10476.16,14225.357662575407,13937.605827856729
e8fffaab-f310-4c9c-a833-a837b68f1658,2026-07-16 10:45:00+00:00,9980.8,13141.01,8362.11,12431.56701661313,12215.346793393117
e8fffaab-f310-4c9c-a833-a837b68f1658,2026-07-16 11:00:00+00:00,12311.04,9980.8,12460.64,9882.449076732672,9588.294387587657
e8fffaab-f310-4c9c-a833-a837b68f1658,2026-07-16 11:15:00+00:00,13886.07,12311.04,16753.7,13042.862603902646,12715.769051191164
e8fffaab-f310-4c9c-a833-a837b68f1658,2026-07-16 11:30:00+00:00,11557.16,13886.07,5302.56,13361.54704471018,13218.009437746437
e8fffaab-f310-4c9c-a833-a837b68f1658,2026-07-16 11:45:00+00:00,10673.49,11557.16,10999.38,10930.995839803392,10800.644948609248
e8fffaab-f310-4c9c-a833-a837b68f1658,2026-07-16 12:00:00+00:00,12341.39,10673.49,9306.19,10625.274941218417,10510.035012936314
e8fffaab-f310-4c9c-a833-a837b68f1658,2026-07-16 12:15:00+00:00,17946.54,12341.39,10629.08,12547.97947671021,12298.739263815967
e8fffaab-f310-4c9c-a833-a837b68f1658,2026-07-16 12:30:00+00:00,65216.85,17946.54,11214.71,17590.472268200425,17238.877489232233
e8fffaab-f310-4c9c-a833-a837b68f1658,2026-07-16 12:45:00+00:00,16575.93,65216.85,17332.34,63481.98757628746,62669.011063598926
e8fffaab-f310-4c9c-a833-a837b68f1658,2026-07-16 13:00:00+00:00,11175.49,16575.93,18737.27,6408.227074870017,5745.32911965616
e8fffaab-f310-4c9c-a833-a837b68f1658,2026-07-16 13:15:00+00:00,11020.0,11175.49,14140.92,10265.546813392764,9684.745825807833
e8fffaab-f310-4c9c-a833-a837b68f1658,2026-07-16 13:30:00+00:00,9853.31,11020.0,20743.22,12632.474346978986,11628.254900581316
e8fffaab-f310-4c9c-a833-a837b68f1658,2026-07-16 13:45:00+00:00,10582.31,9853.31,19993.67,10453.302508516537,9791.70627979131
e8fffaab-f310-4c9c-a833-a837b68f1658,2026-07-16 14:00:00+00:00,13519.68,10582.31,22519.7,11313.619219342034,10664.338018373397
e8fffaab-f310-4c9c-a833-a837b68f1658,2026-07-16 14:15:00+00:00,8470.17,13519.68,17281.07,13768.073890559188,13166.738685905742
e8fffaab-f310-4c9c-a833-a837b68f1658,2026-07-16 14:30:00+00:00,4727.88,8470.17,22544.42,8233.827020081353,7649.8911316824815
e8fffaab-f310-4c9c-a833-a837b68f1658,2026-07-16 14:45:00+00:00,8529.99,4727.88,12326.09,5060.669596763256,4601.7471895534545
e8fffaab-f310-4c9c-a833-a837b68f1658,2026-07-16 15:00:00+00:00,3534.79,8529.99,9318.68,9390.786577814282,8930.913013335816
e8fffaab-f310-4c9c-a833-a837b68f1658,2026-07-16 15:15:00+00:00,1104.4,3534.79,8633.5,5126.8748375925925,4531.045038128141
e8fffaab-f310-4c9c-a833-a837b68f1658,2026-07-16 15:30:00+00:00,3542.45,1104.4,4905.35,1873.6187753411523,1641.319416597793
e8fffaab-f310-4c9c-a833-a837b68f1658,2026-07-16 15:45:00+00:00,5517.79,3542.45,7079.9,4718.176449635646,4491.38279915219
e8fffaab-f310-4c9c-a833-a837b68f1658,2026-07-16 16:00:00+00:00,3573.03,5517.79,3352.1,5867.251814761119,5741.025102054868
e8fffaab-f310-4c9c-a833-a837b68f1658,2026-07-16 16:15:00+00:00,4813.65,3573.03,3455.36,3453.0423647313546,3359.8162435085196
e8fffaab-f310-4c9c-a833-a837b68f1658,2026-07-16 16:30:00+00:00,4947.07,4813.65,3622.37,5091.326904452815,4971.756511565099
e8fffaab-f310-4c9c-a833-a837b68f1658,2026-07-16 16:45:00+00:00,3723.72,4947.07,3955.32,5052.414692703162,4907.542310350643
e8fffaab-f310-4c9c-a833-a837b68f1658,2026-07-16 17:00:00+00:00,4084.13,3723.72,4509.25,3701.869902296632,3583.2528988175845
e8fffaab-f310-4c9c-a833-a837b68f1658,2026-07-16 17:15:00+00:00,3688.96,4084.13,4850.78,4486.414940040737,4323.79250071505
e8fffaab-f310-4c9c-a833-a837b68f1658,2026-07-16 17:30:00+00:00,3986.49,3688.96,4458.67,3964.3698352327638,3807.821089440302
e8fffaab-f310-4c9c-a833-a837b68f1658,2026-07-16 17:45:00+00:00,5681.14,3986.49,4262.04,4264.649913910303,4115.946340067749
e8fffaab-f310-4c9c-a833-a837b68f1658,2026-07-16 18:00:00+00:00,4916.74,5681.14,4968.13,5921.342105264731,5745.934038980246
e8fffaab-f310-4c9c-a833-a837b68f1658,2026-07-16 18:15:00+00:00,5386.57,4916.74,4787.46,4817.772911502397,4639.646167883171
e8fffaab-f310-4c9c-a833-a837b68f1658,2026-07-16 18:30:00+00:00,4791.7,5386.57,4799.41,5408.203603244116,5218.470803494856
e8fffaab-f310-4c9c-a833-a837b68f1658,2026-07-16 18:45:00+00:00,4858.73,4791.7,4779.81,4768.139082444625,4559.158647637153
e8fffaab-f310-4c9c-a833-a837b68f1658,2026-07-16 19:00:00+00:00,5394.13,4858.73,5220.76,4947.268570165826,4730.070071950563
e8fffaab-f310-4c9c-a833-a837b68f1658,2026-07-16 19:15:00+00:00,4756.71,5394.13,5249.5,5467.507527940593,5256.998212254679
e8fffaab-f310-4c9c-a833-a837b68f1658,2026-07-16 19:30:00+00:00,4794.91,4756.71,4841.84,4715.173824673038,4528.240777606365
e8fffaab-f310-4c9c-a833-a837b68f1658,2026-07-16 19:45:00+00:00,5928.8,4794.91,5317.12,4906.470471346616,4727.8381783378845
e8fffaab-f310-4c9c-a833-a837b68f1658,2026-07-16 20:00:00+00:00,6706.16,5928.8,5710.75,6065.130452076253,5884.815253509116
e8fffaab-f310-4c9c-a833-a837b68f1658,2026-07-16 20:15:00+00:00,5337.5,6706.16,6349.78,6645.580800773598,6448.581226560993
e8fffaab-f310-4c9c-a833-a837b68f1658,2026-07-16 20:30:00+00:00,4974.38,5337.5,5575.43,5127.053491857093,4937.6983302380095
e8fffaab-f310-4c9c-a833-a837b68f1658,2026-07-16 20:45:00+00:00,5118.55,4974.38,5689.46,5068.373520175737,4868.260925407733
e8fffaab-f310-4c9c-a833-a837b68f1658,2026-07-16 21:00:00+00:00,4841.14,5118.55,5659.19,5301.962132805883,5092.850675230828
e8fffaab-f310-4c9c-a833-a837b68f1658,2026-07-16 21:15:00+00:00,4816.06,4841.14,5205.28,4960.133270292811,4752.922501409459
e8fffaab-f310-4c9c-a833-a837b68f1658,2026-07-16 21:30:00+00:00,5012.64,4816.06,5158.43,4962.7970088853635,4750.832428328634
e8fffaab-f310-4c9c-a833-a837b68f1658,2026-07-16 21:45:00+00:00,6019.93,5012.64,5097.77,5168.042699479887,4944.606696890552
e8fffaab-f310-4c9c-a833-a837b68f1658,2026-07-16 22:00:00+00:00,5286.66,6019.93,4760.36,6101.799081133513,5870.345519908578
e8fffaab-f310-4c9c-a833-a837b68f1658,2026-07-16 22:15:00+00:00,5094.63,5286.66,4805.77,5190.059324578361,4959.714844202131
e8fffaab-f310-4c9c-a833-a837b68f1658,2026-07-16 22:30:00+00:00,6066.58,5094.63,4783.07,5166.675397140884,4933.470948621859
e8fffaab-f310-4c9c-a833-a837b68f1658,2026-07-16 22:45:00+00:00,5400.11,6066.58,4698.39,6217.789259343301,5968.59039286505
e8fffaab-f310-4c9c-a833-a837b68f1658,2026-07-16 23:00:00+00:00,4989.18,5400.11,4817.64,5369.656298002492,5130.452247264725
e8fffaab-f310-4c9c-a833-a837b68f1658,2026-07-16 23:15:00+00:00,5025.15,4989.18,4798.74,5096.026112162966,4872.308365639607
e8fffaab-f310-4c9c-a833-a837b68f1658,2026-07-16 23:30:00+00:00,4547.32,5025.15,5052.8,5267.11094234672,5044.5483473485465
e8fffaab-f310-4c9c-a833-a837b68f1658,2026-07-16 23:45:00+00:00,4452.22,4547.32,5297.3,4800.73506205877,4596.9392230267595
e8fffaab-f310-4c9c-a833-a837b68f1658,2026-07-17 00:00:00+00:00,4416.38,4452.22,5088.76,4890.1066973175275,4686.362401300219
e8fffaab-f310-4c9c-a833-a837b68f1658,2026-07-17 00:15:00+00:00,4680.41,4416.38,4846.91,4858.052991416809,4663.13042329405
e8fffaab-f310-4c9c-a833-a837b68f1658,2026-07-17 00:30:00+00:00,4308.9,4680.41,5039.06,5151.743971127371,4959.639085373937
e8fffaab-f310-4c9c-a833-a837b68f1658,2026-07-17 00:45:00+00:00,5088.2,4308.9,4911.77,4727.928320241627,4548.78824478575
e8fffaab-f310-4c9c-a833-a837b68f1658,2026-07-17 01:00:00+00:00,3764.44,5088.2,4426.69,5558.420829556944,5388.702124666058
e8fffaab-f310-4c9c-a833-a837b68f1658,2026-07-17 01:15:00+00:00,4040.2,3764.44,4420.93,4099.586464995173,3955.0662002280524
e8fffaab-f310-4c9c-a833-a837b68f1658,2026-07-17 01:30:00+00:00,4793.19,4040.2,4540.85,4644.706224923465,4517.1883406978595
e8fffaab-f310-4c9c-a833-a837b68f1658,2026-07-17 01:45:00+00:00,3982.97,4793.19,4460.15,5379.267535568804,5258.570474824043
e8fffaab-f310-4c9c-a833-a837b68f1658,2026-07-17 02:00:00+00:00,6750.77,3982.97,7180.42,4711.225956947934,4571.009048579596
e8fffaab-f310-4c9c-a833-a837b68f1658,2026-07-17 02:15:00+00:00,6635.96,6750.77,6775.15,7566.782532661451,7434.74075404907
e8fffaab-f310-4c9c-a833-a837b68f1658,2026-07-17 02:30:00+00:00,6410.79,6635.96,6487.08,6971.198154274604,6848.957394033649
e8fffaab-f310-4c9c-a833-a837b68f1658,2026-07-17 02:45:00+00:00,5881.79,6410.79,7087.21,6789.137131468071,6688.619625168787
e8fffaab-f310-4c9c-a833-a837b68f1658,2026-07-17 03:00:00+00:00,6170.83,5881.79,7182.18,6422.14459672363,6320.290828885089
e8fffaab-f310-4c9c-a833-a837b68f1658,2026-07-17 03:15:00+00:00,6202.01,6170.83,7857.83,6876.780159948752,6783.072220321232
e8fffaab-f310-4c9c-a833-a837b68f1658,2026-07-17 03:30:00+00:00,6427.07,6202.01,7701.62,6892.891062207087,6816.234812750493
e8fffaab-f310-4c9c-a833-a837b68f1658,2026-07-17 03:45:00+00:00,6220.78,6427.07,9484.49,7179.848748239597,7110.766618751809
e8fffaab-f310-4c9c-a833-a837b68f1658,2026-07-17 04:00:00+00:00,5398.3,6220.78,7982.33,6980.259546669155,6932.249706641671
e8fffaab-f310-4c9c-a833-a837b68f1658,2026-07-17 04:15:00+00:00,7868.22,5398.3,7920.99,6168.817568608829,6133.377870949509
e8fffaab-f310-4c9c-a833-a837b68f1658,2026-07-17 04:30:00+00:00,8014.58,7868.22,9048.82,8806.70883063056,8747.434635336289
e8fffaab-f310-4c9c-a833-a837b68f1658,2026-07-17 04:45:00+00:00,7103.43,8014.58,19850.64,8966.402841105484,8798.573119940462
e8fffaab-f310-4c9c-a833-a837b68f1658,2026-07-17 05:00:00+00:00,7194.11,7103.43,20264.8,8076.618905503459,7912.153209194669
e8fffaab-f310-4c9c-a833-a837b68f1658,2026-07-17 05:15:00+00:00,8607.86,7194.11,8856.87,7915.967881996648,7829.258822792347
e8fffaab-f310-4c9c-a833-a837b68f1658,2026-07-17 05:30:00+00:00,9705.71,8607.86,8986.32,9410.388190753345,9282.07788198763
e8fffaab-f310-4c9c-a833-a837b68f1658,2026-07-17 05:45:00+00:00,11877.07,9705.71,11822.7,10392.650756176106,10211.023831347278
e8fffaab-f310-4c9c-a833-a837b68f1658,2026-07-17 06:00:00+00:00,10201.01,11877.07,12699.12,12376.49596700844,12155.632271658516
e8fffaab-f310-4c9c-a833-a837b68f1658,2026-07-17 06:15:00+00:00,11293.99,10201.01,11744.76,10289.613319087564,10058.909893473792
e8fffaab-f310-4c9c-a833-a837b68f1658,2026-07-17 06:30:00+00:00,8639.28,11293.99,11245.69,11744.972735652844,11478.377235515887
e8fffaab-f310-4c9c-a833-a837b68f1658,2026-07-17 06:45:00+00:00,7309.75,8639.28,10961.54,8861.43608307077,8591.95732256047
e8fffaab-f310-4c9c-a833-a837b68f1658,2026-07-17 07:00:00+00:00,9123.01,7309.75,12030.51,8134.116721220476,7845.204391702306
e8fffaab-f310-4c9c-a833-a837b68f1658,2026-07-17 07:15:00+00:00,7056.15,9123.01,12025.99,10299.154224663935,9962.037867714054
e8fffaab-f310-4c9c-a833-a837b68f1658,2026-07-17 07:30:00+00:00,7194.53,7056.15,12399.64,7962.462305702424,7620.926055087824
e8fffaab-f310-4c9c-a833-a837b68f1658,2026-07-17 07:45:00+00:00,8542.77,7194.53,12291.44,8138.384751737014,7841.672172338182
e8fffaab-f310-4c9c-a833-a837b68f1658,2026-07-17 08:00:00+00:00,10244.52,8542.77,11957.11,9389.548447175148,9068.799632500903
e8fffaab-f310-4c9c-a833-a837b68f1658,2026-07-17 08:15:00+00:00,3514.05,10244.52,10416.25,10795.084188504454,10469.676653872157
e8fffaab-f310-4c9c-a833-a837b68f1658,2026-07-17 08:30:00+00:00,2043.74,3514.05,12079.6,3811.6731491225046,3514.631831134523
e8fffaab-f310-4c9c-a833-a837b68f1658,2026-07-17 08:45:00+00:00,9951.86,2043.74,19675.33,4089.3505321453713,3700.6010063787116
e8fffaab-f310-4c9c-a833-a837b68f1658,2026-07-17 09:00:00+00:00,10861.44,9951.86,18836.78,11945.414267385302,11529.998734008408
e8fffaab-f310-4c9c-a833-a837b68f1658,2026-07-17 09:15:00+00:00,10010.49,10861.44,20565.44,11527.960387751209,11077.267187401305
e8fffaab-f310-4c9c-a833-a837b68f1658,2026-07-17 09:30:00+00:00,8892.12,10010.49,17156.54,10560.195847432147,10109.352120345386
e8fffaab-f310-4c9c-a833-a837b68f1658,2026-07-17 09:45:00+00:00,8685.94,8892.12,14417.98,9021.267702415456,8637.599925998129
e8fffaab-f310-4c9c-a833-a837b68f1658,2026-07-17 10:00:00+00:00,11783.38,8685.94,13022.25,9315.17846954832,8873.92017430309
e8fffaab-f310-4c9c-a833-a837b68f1658,2026-07-17 10:15:00+00:00,6174.82,11783.38,14202.75,12565.753962513554,12068.23374792385
e8fffaab-f310-4c9c-a833-a837b68f1658,2026-07-17 10:30:00+00:00,6119.98,6174.82,13141.01,6893.51259035049,6348.73396122414
e8fffaab-f310-4c9c-a833-a837b68f1658,2026-07-17 10:45:00+00:00,7558.39,6119.98,9980.8,7652.645579163922,7147.432743534088
e8fffaab-f310-4c9c-a833-a837b68f1658,2026-07-17 11:00:00+00:00,7609.6,7558.39,12311.04,9784.96161384614,9124.281839224119
e8fffaab-f310-4c9c-a833-a837b68f1658,2026-07-17 11:15:00+00:00,5491.31,7609.6,13886.07,9284.111549557365,8672.157219759849
e8fffaab-f310-4c9c-a833-a837b68f1658,2026-07-17 11:30:00+00:00,11369.9,5491.31,11557.16,6877.420297204748,6323.028987507481
e8fffaab-f310-4c9c-a833-a837b68f1658,2026-07-17 11:45:00+00:00,3707.62,11369.9,10673.49,12481.861623163011,11972.850469082146
e8fffaab-f310-4c9c-a833-a837b68f1658,2026-07-17 12:00:00+00:00,11183.57,3707.62,12341.39,3926.069408891787,3419.292427667793
e8fffaab-f310-4c9c-a833-a837b68f1658,2026-07-17 12:15:00+00:00,11488.44,11183.57,17946.54,12897.256252368301,12325.161895894475
e8fffaab-f310-4c9c-a833-a837b68f1658,2026-07-17 12:30:00+00:00,12288.81,11488.44,65216.85,13888.738549401318,12817.450530407737
e8fffaab-f310-4c9c-a833-a837b68f1658,2026-07-17 12:45:00+00:00,9474.5,12288.81,16575.93,12384.058931288633,11827.50570312171
e8fffaab-f310-4c9c-a833-a837b68f1658,2026-07-17 13:00:00+00:00,714.08,9474.5,11175.49,8973.51312292494,8495.691443887841
e8fffaab-f310-4c9c-a833-a837b68f1658,2026-07-17 13:15:00+00:00,13176.95,714.08,11020.0,917.4387923269987,497.4377941022922
e8fffaab-f310-4c9c-a833-a837b68f1658,2026-07-17 13:30:00+00:00,12436.9,13176.95,9853.31,14893.435465827508,14413.174915572341
e8fffaab-f310-4c9c-a833-a837b68f1658,2026-07-17 13:45:00+00:00,11303.16,12436.9,10582.31,12214.833250561902,11674.842265648025
e8fffaab-f310-4c9c-a833-a837b68f1658,2026-07-17 14:00:00+00:00,15121.12,11303.16,13519.68,10778.06879783299,10346.532510135994
e8fffaab-f310-4c9c-a833-a837b68f1658,2026-07-17 14:15:00+00:00,7985.8,15121.12,8470.17,14787.42442287518,14300.305297232066
e8fffaab-f310-4c9c-a833-a837b68f1658,2026-07-17 14:30:00+00:00,12137.28,7985.8,4727.88,7007.391171697671,6575.26404291428
e8fffaab-f310-4c9c-a833-a837b68f1658,2026-07-17 14:45:00+00:00,2220.23,12137.28,8529.99,12398.619783614167,11949.628485482532
e8fffaab-f310-4c9c-a833-a837b68f1658,2026-07-17 15:00:00+00:00,3999.87,2220.23,3534.79,1697.0323544907696,1322.6024619615637
e8fffaab-f310-4c9c-a833-a837b68f1658,2026-07-17 15:15:00+00:00,6487.34,3999.87,1104.4,4976.889396964838,4684.150803966043
e8fffaab-f310-4c9c-a833-a837b68f1658,2026-07-17 15:30:00+00:00,5376.7,6487.34,3542.45,7283.001872763141,6913.094767491776
e8fffaab-f310-4c9c-a833-a837b68f1658,2026-07-17 15:45:00+00:00,5659.62,5376.7,5517.79,5336.67485471769,5051.288324276927
e8fffaab-f310-4c9c-a833-a837b68f1658,2026-07-17 16:00:00+00:00,3045.5,5659.62,3573.03,5541.696424594459,5290.29642883764
e8fffaab-f310-4c9c-a833-a837b68f1658,2026-07-17 16:15:00+00:00,2175.72,3045.5,4813.65,3156.111454812245,2889.8774398095147
e8fffaab-f310-4c9c-a833-a837b68f1658,2026-07-17 16:30:00+00:00,1417.37,2175.72,4947.07,2682.0917450007482,2465.7621958406507
e8fffaab-f310-4c9c-a833-a837b68f1658,2026-07-17 16:45:00+00:00,3909.01,1417.37,3723.72,2061.944318347045,1879.7434383492782
e8fffaab-f310-4c9c-a833-a837b68f1658,2026-07-17 17:00:00+00:00,5742.98,3909.01,4084.13,4650.210372660879,4484.12627527263
e8fffaab-f310-4c9c-a833-a837b68f1658,2026-07-17 17:15:00+00:00,5316.3,5742.98,3688.96,5961.83874764851,5794.770508390551
e8fffaab-f310-4c9c-a833-a837b68f1658,2026-07-17 17:30:00+00:00,5594.02,5316.3,3986.49,5147.817318077679,4995.130547182185
e8fffaab-f310-4c9c-a833-a837b68f1658,2026-07-17 17:45:00+00:00,6631.95,5594.02,5681.14,5644.171836509492,5459.162839073584
e8fffaab-f310-4c9c-a833-a837b68f1658,2026-07-17 18:00:00+00:00,5770.47,6631.95,4916.74,6614.931109643679,6424.298073066117
e8fffaab-f310-4c9c-a833-a837b68f1658,2026-07-17 18:15:00+00:00,4488.15,5770.47,5386.57,5585.676671419067,5402.370304756164
e8fffaab-f310-4c9c-a833-a837b68f1658,2026-07-17 18:30:00+00:00,4287.66,4488.15,4791.7,4572.8844829729505,4391.441019059668
e8fffaab-f310-4c9c-a833-a837b68f1658,2026-07-17 18:45:00+00:00,4834.39,4287.66,4858.73,4641.191567767929,4461.876227469707
e8fffaab-f310-4c9c-a833-a837b68f1658,2026-07-17 19:00:00+00:00,4761.34,4834.39,5394.13,5124.356506246528,4966.06161104501
e8fffaab-f310-4c9c-a833-a837b68f1658,2026-07-17 19:15:00+00:00,4971.14,4761.34,4756.71,4854.919355547875,4721.57985807242
e8fffaab-f310-4c9c-a833-a837b68f1658,2026-07-17 19:30:00+00:00,4900.82,4971.14,4794.91,5081.526977870883,4951.588565694321
e8fffaab-f310-4c9c-a833-a837b68f1658,2026-07-17 19:45:00+00:00,5066.29,4900.82,5928.8,5049.357048182387,4908.226053331497
e8fffaab-f310-4c9c-a833-a837b68f1658,2026-07-17 20:00:00+00:00,5119.34,5066.29,6706.16,5271.37459734674,5127.325922601832
e8fffaab-f310-4c9c-a833-a837b68f1658,2026-07-17 20:15:00+00:00,5076.92,5119.34,5337.5,5230.003329467941,5084.287776920887
e8fffaab-f310-4c9c-a833-a837b68f1658,2026-07-17 20:30:00+00:00,5135.24,5076.92,4974.38,5171.731411384499,5015.704814994386
e8fffaab-f310-4c9c-a833-a837b68f1658,2026-07-17 20:45:00+00:00,5323.66,5135.24,5118.55,5249.966590363923,5079.248387458528
e8fffaab-f310-4c9c-a833-a837b68f1658,2026-07-17 21:00:00+00:00,5963.85,5323.66,4841.14,5403.951395436762,5226.032706976453
e8fffaab-f310-4c9c-a833-a837b68f1658,2026-07-17 21:15:00+00:00,5906.22,5963.85,4816.06,6005.874504723029,5813.013949544231
e8fffaab-f310-4c9c-a833-a837b68f1658,2026-07-17 21:30:00+00:00,5481.0,5906.22,5012.64,5849.729118605455,5643.794665648908
e8fffaab-f310-4c9c-a833-a837b68f1658,2026-07-17 21:45:00+00:00,5441.5,5481.0,6019.93,5563.187841805544,5330.34999765278
e8fffaab-f310-4c9c-a833-a837b68f1658,2026-07-17 22:00:00+00:00,4857.68,5441.5,5286.66,5566.74605866941,5335.448694330365
e8fffaab-f310-4c9c-a833-a837b68f1658,2026-07-17 22:15:00+00:00,4700.13,4857.68,5094.63,4976.283856068656,4745.448438425339
e8fffaab-f310-4c9c-a833-a837b68f1658,2026-07-17 22:30:00+00:00,4439.94,4700.13,6066.58,5011.505169729701,4762.847669241004
e8fffaab-f310-4c9c-a833-a837b68f1658,2026-07-17 22:45:00+00:00,4314.2,4439.94,5400.11,4743.180831312211,4501.182467485784
e8fffaab-f310-4c9c-a833-a837b68f1658,2026-07-17 23:00:00+00:00,4291.32,4314.2,4989.18,4646.888430194212,4410.772458349103
e8fffaab-f310-4c9c-a833-a837b68f1658,2026-07-17 23:15:00+00:00,4341.14,4291.32,5025.15,4674.443548707204,4441.774004748246
e8fffaab-f310-4c9c-a833-a837b68f1658,2026-07-17 23:30:00+00:00,4323.64,4341.14,4547.32,4745.1995101707535,4520.57368330669
e8fffaab-f310-4c9c-a833-a837b68f1658,2026-07-17 23:45:00+00:00,4331.42,4323.64,4452.22,4696.813613797401,4486.961175685972
e8fffaab-f310-4c9c-a833-a837b68f1658,2026-07-18 00:00:00+00:00,4344.8,4331.42,4416.38,4232.5383169140305,3907.1445429222176
e8fffaab-f310-4c9c-a833-a837b68f1658,2026-07-18 00:15:00+00:00,4196.89,4344.8,4680.41,4287.6250802544255,3959.330437626456
e8fffaab-f310-4c9c-a833-a837b68f1658,2026-07-18 00:30:00+00:00,5234.06,4196.89,4308.9,4141.709758653455,3821.7783913810827
e8fffaab-f310-4c9c-a833-a837b68f1658,2026-07-18 00:45:00+00:00,4887.63,5234.06,5088.2,5246.4079709389425,4918.0966417574045
e8fffaab-f310-4c9c-a833-a837b68f1658,2026-07-18 01:00:00+00:00,5164.35,4887.63,3764.44,4669.673520309757,4362.33690803525
e8fffaab-f310-4c9c-a833-a837b68f1658,2026-07-18 01:15:00+00:00,5118.8,5164.35,4040.2,5060.224506728085,4755.735827643309
e8fffaab-f310-4c9c-a833-a837b68f1658,2026-07-18 01:30:00+00:00,4249.18,5118.8,4793.19,5073.623569164973,4759.913989872752
e8fffaab-f310-4c9c-a833-a837b68f1658,2026-07-18 01:45:00+00:00,3953.19,4249.18,3982.97,4179.725871906075,3897.673832886615
e8fffaab-f310-4c9c-a833-a837b68f1658,2026-07-18 02:00:00+00:00,3538.64,3953.19,6750.77,4223.573280153348,3925.513290090581
e8fffaab-f310-4c9c-a833-a837b68f1658,2026-07-18 02:15:00+00:00,3531.93,3538.64,6635.96,3928.4559595575583,3642.541124081141
e8fffaab-f310-4c9c-a833-a837b68f1658,2026-07-18 02:30:00+00:00,3843.73,3531.93,6410.79,3924.518385789788,3674.0097533844573
e8fffaab-f310-4c9c-a833-a837b68f1658,2026-07-18 02:45:00+00:00,3576.15,3843.73,5881.79,4204.035635251595,3979.1996190657756
e8fffaab-f310-4c9c-a833-a837b68f1658,2026-07-18 03:00:00+00:00,3942.44,3576.15,6170.83,3954.1019517347895,3741.1340065451277
e8fffaab-f310-4c9c-a833-a837b68f1658,2026-07-18 03:15:00+00:00,4104.11,3942.44,6202.01,4384.310973273954,4192.575664491493
e8fffaab-f310-4c9c-a833-a837b68f1658,2026-07-18 03:30:00+00:00,3573.58,4104.11,6427.07,4465.881397347088,4299.286490531544
e8fffaab-f310-4c9c-a833-a837b68f1658,2026-07-18 03:45:00+00:00,3334.69,3573.58,6220.78,3907.4323305183198,3773.8962606582845
e8fffaab-f310-4c9c-a833-a837b68f1658,2026-07-18 04:00:00+00:00,3195.32,3334.69,5398.3,3772.586868896138,3670.554621532947
e8fffaab-f310-4c9c-a833-a837b68f1658,2026-07-18 04:15:00+00:00,4541.61,3195.32,7868.22,3838.0156211315452,3715.5625744176195
e8fffaab-f310-4c9c-a833-a837b68f1658,2026-07-18 04:30:00+00:00,3655.61,4541.61,8014.58,5192.784479310218,5075.173251615456
e8fffaab-f310-4c9c-a833-a837b68f1658,2026-07-18 04:45:00+00:00,3096.72,3655.61,7103.43,4032.729115563706,3939.111014195837
e8fffaab-f310-4c9c-a833-a837b68f1658,2026-07-18 05:00:00+00:00,3751.28,3096.72,7194.11,3660.975473881773,3582.1253817746656
e8fffaab-f310-4c9c-a833-a837b68f1658,2026-07-18 05:15:00+00:00,2238.3,3751.28,8607.86,4533.105247637754,4415.1360667751005
e8fffaab-f310-4c9c-a833-a837b68f1658,2026-07-18 05:30:00+00:00,2794.87,2238.3,9705.71,2924.370655262671,2805.7303835786306
e8fffaab-f310-4c9c-a833-a837b68f1658,2026-07-18 05:45:00+00:00,2494.76,2794.87,11877.07,3878.413867957782,3727.108871526795
e8fffaab-f310-4c9c-a833-a837b68f1658,2026-07-18 06:00:00+00:00,2748.75,2494.76,10201.01,3421.2061354133557,3273.9845368220267
e8fffaab-f310-4c9c-a833-a837b68f1658,2026-07-18 06:15:00+00:00,3530.06,2748.75,11293.99,3837.352294803235,3677.991821853261
e8fffaab-f310-4c9c-a833-a837b68f1658,2026-07-18 06:30:00+00:00,2082.22,3530.06,8639.28,4573.733257540764,4416.263948377259
e8fffaab-f310-4c9c-a833-a837b68f1658,2026-07-18 06:45:00+00:00,1422.65,2082.22,7309.75,2939.1940380795513,2806.5016004195886
e8fffaab-f310-4c9c-a833-a837b68f1658,2026-07-18 07:00:00+00:00,2554.58,1422.65,9123.01,5408.722731745352,4829.368468513968
e8fffaab-f310-4c9c-a833-a837b68f1658,2026-07-18 07:15:00+00:00,2233.05,2554.58,7056.15,6573.385622606789,5993.37982899248
e8fffaab-f310-4c9c-a833-a837b68f1658,2026-07-18 07:30:00+00:00,2846.17,2233.05,7194.53,6032.9267378680215,5448.969091517906
e8fffaab-f310-4c9c-a833-a837b68f1658,2026-07-18 07:45:00+00:00,2723.14,2846.17,8542.77,4627.938385780215,4353.3041983273615
e8fffaab-f310-4c9c-a833-a837b68f1658,2026-07-18 08:00:00+00:00,3214.58,2723.14,10244.52,3474.47819274032,3322.09721780587
e8fffaab-f310-4c9c-a833-a837b68f1658,2026-07-18 08:15:00+00:00,1051.39,3214.58,3514.05,3525.395592758219,3463.6796063036
e8fffaab-f310-4c9c-a833-a837b68f1658,2026-07-18 08:30:00+00:00,1071.82,1051.39,2043.74,1350.9889230298395,1295.1723857303696
e8fffaab-f310-4c9c-a833-a837b68f1658,2026-07-18 08:45:00+00:00,2555.32,1071.82,9951.86,2021.8070082563472,1906.017702794752
e8fffaab-f310-4c9c-a833-a837b68f1658,2026-07-18 09:00:00+00:00,1878.46,2555.32,10861.44,3171.1564161574534,3087.320383325573
e8fffaab-f310-4c9c-a833-a837b68f1658,2026-07-18 09:15:00+00:00,-45.11,1878.46,10010.49,2217.3599501788294,2158.4510861100616
e8fffaab-f310-4c9c-a833-a837b68f1658,2026-07-18 09:30:00+00:00,1686.67,-45.11,8892.12,498.5267859218038,457.1816507363692
e8fffaab-f310-4c9c-a833-a837b68f1658,2026-07-18 09:45:00+00:00,1566.11,1686.67,8685.94,2869.665529196871,2776.423952797536
e8fffaab-f310-4c9c-a833-a837b68f1658,2026-07-18 10:00:00+00:00,-668.44,1566.11,11783.38,2065.302110404119,2026.9447149020443
e8fffaab-f310-4c9c-a833-a837b68f1658,2026-07-18 10:15:00+00:00,2499.87,-668.44,6174.82,177.32549541628396,121.21384734829735
e8fffaab-f310-4c9c-a833-a837b68f1658,2026-07-18 10:30:00+00:00,1684.15,2499.87,6119.98,3426.6577986514994,3384.672555356333
e8fffaab-f310-4c9c-a833-a837b68f1658,2026-07-18 10:45:00+00:00,3174.17,1684.15,7558.39,2557.322365781579,2416.5030849946015
e8fffaab-f310-4c9c-a833-a837b68f1658,2026-07-18 11:00:00+00:00,2717.52,3174.17,7609.6,3667.2664318081443,3593.2414337208756
e8fffaab-f310-4c9c-a833-a837b68f1658,2026-07-18 11:15:00+00:00,2286.05,2717.52,5491.31,2947.1172271082423,2844.14272954253
e8fffaab-f310-4c9c-a833-a837b68f1658,2026-07-18 11:30:00+00:00,1897.24,2286.05,11369.9,2947.8177867662826,2755.6728401240407
e8fffaab-f310-4c9c-a833-a837b68f1658,2026-07-18 11:45:00+00:00,289.78,1897.24,3707.62,2199.383573560275,2070.7435339928334
e8fffaab-f310-4c9c-a833-a837b68f1658,2026-07-18 12:00:00+00:00,-2831.47,289.78,11183.57,881.0357206121589,683.7199264924711
e8fffaab-f310-4c9c-a833-a837b68f1658,2026-07-18 12:15:00+00:00,-3882.63,-2831.47,11488.44,-1781.4433448135042,-1948.0757109541773
e8fffaab-f310-4c9c-a833-a837b68f1658,2026-07-18 12:30:00+00:00,3240.46,-3882.63,12288.81,-2206.379035869597,-2342.1968112464237
e8fffaab-f310-4c9c-a833-a837b68f1658,2026-07-18 12:45:00+00:00,883.25,3240.46,9474.5,4996.593654436087,4859.368108986197
e8fffaab-f310-4c9c-a833-a837b68f1658,2026-07-18 13:00:00+00:00,-525.67,883.25,714.08,664.5006085185196,695.1025820513951
e8fffaab-f310-4c9c-a833-a837b68f1658,2026-07-18 13:15:00+00:00,-2828.59,-525.67,13176.95,96.77579322138627,20.388311996215634
e8fffaab-f310-4c9c-a833-a837b68f1658,2026-07-18 13:30:00+00:00,74.82,-2828.59,12436.9,-1843.809531521847,-1966.449528334928
e8fffaab-f310-4c9c-a833-a837b68f1658,2026-07-18 13:45:00+00:00,907.33,74.82,11303.16,1433.7201815747248,1281.4571343142889
e8fffaab-f310-4c9c-a833-a837b68f1658,2026-07-18 14:00:00+00:00,1919.88,907.33,15121.12,1857.6154342111531,1635.5377462994875
e8fffaab-f310-4c9c-a833-a837b68f1658,2026-07-18 14:15:00+00:00,2571.47,1919.88,7985.8,2256.947506205832,2130.9504455177694
e8fffaab-f310-4c9c-a833-a837b68f1658,2026-07-18 14:30:00+00:00,-1722.88,2571.47,12137.28,3117.352504690605,2902.7238696481018
e8fffaab-f310-4c9c-a833-a837b68f1658,2026-07-18 14:45:00+00:00,3324.71,-1722.88,2220.23,-1779.982523219438,-1856.5489503076951
e8fffaab-f310-4c9c-a833-a837b68f1658,2026-07-18 15:00:00+00:00,-1233.53,3324.71,3999.87,4185.880774637246,4048.5954399898073
e8fffaab-f310-4c9c-a833-a837b68f1658,2026-07-18 15:15:00+00:00,2033.21,-1233.53,6487.34,-962.6958146257275,-1138.6803464428758
e8fffaab-f310-4c9c-a833-a837b68f1658,2026-07-18 15:30:00+00:00,2984.6,2033.21,5376.7,2779.408741673542,2657.43295943686
e8fffaab-f310-4c9c-a833-a837b68f1658,2026-07-18 15:45:00+00:00,1876.81,2984.6,5659.62,3315.6384475982377,3126.2133425006396
e8fffaab-f310-4c9c-a833-a837b68f1658,2026-07-18 16:00:00+00:00,2078.49,1876.81,3045.5,1782.3254661161536,1657.9096630315544
e8fffaab-f310-4c9c-a833-a837b68f1658,2026-07-18 16:15:00+00:00,98.77,2078.49,2175.72,2169.48216569152,2069.08892841338
e8fffaab-f310-4c9c-a833-a837b68f1658,2026-07-18 16:30:00+00:00,2042.49,98.77,1417.37,226.95125509489662,158.82954879305726
e8fffaab-f310-4c9c-a833-a837b68f1658,2026-07-18 16:45:00+00:00,3635.99,2042.49,3909.01,2595.230170994946,2531.3512025711343
e8fffaab-f310-4c9c-a833-a837b68f1658,2026-07-18 17:00:00+00:00,3314.83,3635.99,5742.98,3856.19400955769,3794.142606262074
e8fffaab-f310-4c9c-a833-a837b68f1658,2026-07-18 17:15:00+00:00,3339.13,3314.83,5316.3,3137.4415600549255,3108.144607141052
e8fffaab-f310-4c9c-a833-a837b68f1658,2026-07-18 17:30:00+00:00,3051.83,3339.13,5594.02,3288.3971694975644,3249.7388990593663
e8fffaab-f310-4c9c-a833-a837b68f1658,2026-07-18 17:45:00+00:00,3725.35,3051.83,6631.95,3096.6037852419076,3044.575761327399
e8fffaab-f310-4c9c-a833-a837b68f1658,2026-07-18 18:00:00+00:00,4120.52,3725.35,5770.47,3741.2426458990667,3709.835295602962
e8fffaab-f310-4c9c-a833-a837b68f1658,2026-07-18 18:15:00+00:00,4355.45,4120.52,4488.15,3932.8495961517146,3894.3719825928147
e8fffaab-f310-4c9c-a833-a837b68f1658,2026-07-18 18:30:00+00:00,4250.35,4355.45,4287.66,4068.31862896818,4014.8342691359285
e8fffaab-f310-4c9c-a833-a837b68f1658,2026-07-18 18:45:00+00:00,4622.87,4250.35,4834.39,3961.726578479733,3880.6086413297207
e8fffaab-f310-4c9c-a833-a837b68f1658,2026-07-18 19:00:00+00:00,4666.81,4622.87,4761.34,4340.940690146025,4241.063909356156
e8fffaab-f310-4c9c-a833-a837b68f1658,2026-07-18 19:15:00+00:00,4564.5,4666.81,4971.14,4344.148848402806,4235.275583459065
e8fffaab-f310-4c9c-a833-a837b68f1658,2026-07-18 19:30:00+00:00,4552.63,4564.5,4900.82,4234.36933870346,4125.667218015659
e8fffaab-f310-4c9c-a833-a837b68f1658,2026-07-18 19:45:00+00:00,5376.04,4552.63,5066.29,4254.59252878582,4142.304040503864
e8fffaab-f310-4c9c-a833-a837b68f1658,2026-07-18 20:00:00+00:00,4865.06,5376.04,5119.34,5115.823320155917,4992.04312160073
e8fffaab-f310-4c9c-a833-a837b68f1658,2026-07-18 20:15:00+00:00,4451.83,4865.06,5076.92,4431.789646725678,4299.526264531589
e8fffaab-f310-4c9c-a833-a837b68f1658,2026-07-18 20:30:00+00:00,4491.09,4451.83,5135.24,4137.822843455552,3992.3214070929434
e8fffaab-f310-4c9c-a833-a837b68f1658,2026-07-18 20:45:00+00:00,4391.19,4491.09,5323.66,4293.800079506299,4126.778983642366
e8fffaab-f310-4c9c-a833-a837b68f1658,2026-07-18 21:00:00+00:00,4264.58,4391.19,5963.85,4173.368201820801,3998.552755733649
e8fffaab-f310-4c9c-a833-a837b68f1658,2026-07-18 21:15:00+00:00,4024.38,4264.58,5906.22,4079.3112994891835,3894.6597718414487
e8fffaab-f310-4c9c-a833-a837b68f1658,2026-07-18 21:30:00+00:00,4427.55,4024.38,5481.0,3850.258913775305,3661.9754482423396
e8fffaab-f310-4c9c-a833-a837b68f1658,2026-07-18 21:45:00+00:00,4294.13,4427.55,5441.5,4304.847657933442,4105.897094519665
e8fffaab-f310-4c9c-a833-a837b68f1658,2026-07-18 22:00:00+00:00,3725.01,4294.13,4857.68,4061.364028861285,3865.0867807282557
e8fffaab-f310-4c9c-a833-a837b68f1658,2026-07-18 22:15:00+00:00,3701.55,3725.01,4700.13,3526.3451384495193,3328.9603497877224
e8fffaab-f310-4c9c-a833-a837b68f1658,2026-07-18 22:30:00+00:00,4303.81,3701.55,4439.94,3629.5369395108037,3425.30306468214
e8fffaab-f310-4c9c-a833-a837b68f1658,2026-07-18 22:45:00+00:00,4032.82,4303.81,4314.2,4238.291524418098,4027.4538412644415
e8fffaab-f310-4c9c-a833-a837b68f1658,2026-07-18 23:00:00+00:00,3691.69,4032.82,4291.32,3890.813356864308,3677.340662335442
e8fffaab-f310-4c9c-a833-a837b68f1658,2026-07-18 23:15:00+00:00,3792.24,3691.69,4341.14,3594.097719401835,3386.89801796325
e8fffaab-f310-4c9c-a833-a837b68f1658,2026-07-18 23:30:00+00:00,4143.56,3792.24,4323.64,3808.382704727326,3594.884658028298
e8fffaab-f310-4c9c-a833-a837b68f1658,2026-07-18 23:45:00+00:00,3609.72,4143.56,4331.42,4157.144749800995,3944.8309432719934
e8fffaab-f310-4c9c-a833-a837b68f1658,2026-07-19 00:00:00+00:00,3435.9,3609.72,4344.8,3614.2265610191307,3387.4521986211894
e8fffaab-f310-4c9c-a833-a837b68f1658,2026-07-19 00:15:00+00:00,3397.29,3435.9,4196.89,3567.72959434109,3346.2585210498983
e8fffaab-f310-4c9c-a833-a837b68f1658,2026-07-19 00:30:00+00:00,3350.68,3397.29,5234.06,3663.8408297572005,3431.6976794014436
e8fffaab-f310-4c9c-a833-a837b68f1658,2026-07-19 00:45:00+00:00,4016.88,3350.68,4887.63,3598.0073040299667,3384.2437352294955
e8fffaab-f310-4c9c-a833-a837b68f1658,2026-07-19 01:00:00+00:00,3112.16,4016.88,5164.35,4279.817775287641,4071.9421573424415
e8fffaab-f310-4c9c-a833-a837b68f1658,2026-07-19 01:15:00+00:00,3189.48,3112.16,5118.8,3279.824703026713,3085.5972814420857
e8fffaab-f310-4c9c-a833-a837b68f1658,2026-07-19 01:30:00+00:00,3285.4,3189.48,4249.18,3530.944161403503,3352.5928951329643
e8fffaab-f310-4c9c-a833-a837b68f1658,2026-07-19 01:45:00+00:00,3360.4,3285.4,3953.19,3645.9886314476353,3474.5979273920284
e8fffaab-f310-4c9c-a833-a837b68f1658,2026-07-19 02:00:00+00:00,3386.76,3360.4,3538.64,3672.6082070831744,3525.826807628333
e8fffaab-f310-4c9c-a833-a837b68f1658,2026-07-19 02:15:00+00:00,4549.5,3386.76,3531.93,3706.1565706789142,3575.052094156197
e8fffaab-f310-4c9c-a833-a837b68f1658,2026-07-19 02:30:00+00:00,3808.85,4549.5,3843.73,4930.819099131718,4799.213039997425
e8fffaab-f310-4c9c-a833-a837b68f1658,2026-07-19 02:45:00+00:00,3673.6,3808.85,3576.15,3992.2431020390577,3884.44452084782
e8fffaab-f310-4c9c-a833-a837b68f1658,2026-07-19 03:00:00+00:00,4258.89,3673.6,3942.44,4031.7073642401547,3942.4717595516804
e8fffaab-f310-4c9c-a833-a837b68f1658,2026-07-19 03:15:00+00:00,4267.38,4258.89,4104.11,4703.041289287096,4618.537846975474
e8fffaab-f310-4c9c-a833-a837b68f1658,2026-07-19 03:30:00+00:00,3716.05,4267.38,3573.58,4564.627304007156,4513.674887566376
e8fffaab-f310-4c9c-a833-a837b68f1658,2026-07-19 03:45:00+00:00,3120.21,3716.05,3334.69,4047.301608252821,4021.6475416522226
e8fffaab-f310-4c9c-a833-a837b68f1658,2026-07-19 04:00:00+00:00,3582.37,3120.21,3195.32,3525.9884353158905,3534.7563030256015
e8fffaab-f310-4c9c-a833-a837b68f1658,2026-07-19 04:15:00+00:00,3562.77,3582.37,4541.61,4196.964841230909,4190.905732180687
e8fffaab-f310-4c9c-a833-a837b68f1658,2026-07-19 04:30:00+00:00,3064.86,3562.77,3655.61,4039.83461757631,4053.580307832478
e8fffaab-f310-4c9c-a833-a837b68f1658,2026-07-19 04:45:00+00:00,2859.56,3064.86,3096.72,3524.1016367084167,3557.183678757113
e8fffaab-f310-4c9c-a833-a837b68f1658,2026-07-19 05:00:00+00:00,2585.36,2859.56,3751.28,3525.9123851469485,3548.2040612801566
e8fffaab-f310-4c9c-a833-a837b68f1658,2026-07-19 05:15:00+00:00,2757.67,2585.36,2238.3,3276.592708890308,3292.660119365237
e8fffaab-f310-4c9c-a833-a837b68f1658,2026-07-19 05:30:00+00:00,2760.55,2757.67,2794.87,3444.5986168054515,3453.1659712998453
e8fffaab-f310-4c9c-a833-a837b68f1658,2026-07-19 05:45:00+00:00,2504.76,2760.55,2494.76,3375.3839122206364,3375.9449108751014
e8fffaab-f310-4c9c-a833-a837b68f1658,2026-07-19 06:00:00+00:00,2339.27,2504.76,2748.75,3092.2680878087904,3083.4944432244993
e8fffaab-f310-4c9c-a833-a837b68f1658,2026-07-19 06:15:00+00:00,2820.03,2339.27,3530.06,3013.9854453046983,2989.442027432736
e8fffaab-f310-4c9c-a833-a837b68f1658,2026-07-19 06:30:00+00:00,3737.06,2820.03,2082.22,3540.1175813312766,3504.8272479508987
e8fffaab-f310-4c9c-a833-a837b68f1658,2026-07-19 06:45:00+00:00,3671.91,3737.06,1422.65,4252.386251668823,4220.110097621561
e8fffaab-f310-4c9c-a833-a837b68f1658,2026-07-19 07:00:00+00:00,1623.75,3671.91,2554.58,4094.4357042267147,4035.8379596703853
e8fffaab-f310-4c9c-a833-a837b68f1658,2026-07-19 07:15:00+00:00,2358.84,1623.75,2233.05,1949.5515629610454,1927.9039341347407
e8fffaab-f310-4c9c-a833-a837b68f1658,2026-07-19 07:30:00+00:00,174.82,2358.84,2846.17,3239.7253964124648,3185.681820250021
e8fffaab-f310-4c9c-a833-a837b68f1658,2026-07-19 07:45:00+00:00,377.62,174.82,2723.14,589.7354495392065,606.437738449722
e8fffaab-f310-4c9c-a833-a837b68f1658,2026-07-19 08:00:00+00:00,-19.93,377.62,3214.58,1481.1256948188475,1461.7156078095031
e8fffaab-f310-4c9c-a833-a837b68f1658,2026-07-19 08:15:00+00:00,605.27,-19.93,1051.39,542.0656523001089,593.3121887060715
e8fffaab-f310-4c9c-a833-a837b68f1658,2026-07-19 08:30:00+00:00,823.33,605.27,1071.82,1481.832404175986,1481.8877216040473
e8fffaab-f310-4c9c-a833-a837b68f1658,2026-07-19 08:45:00+00:00,20414.33,823.33,2555.32,1452.0847683111242,1446.9416635732541
e8fffaab-f310-4c9c-a833-a837b68f1658,2026-07-19 09:00:00+00:00,51528.63,20414.33,1878.46,20870.065977967948,20708.158079126137
e8fffaab-f310-4c9c-a833-a837b68f1658,2026-07-19 09:15:00+00:00,36653.26,51528.63,-45.11,47980.321162304754,47570.5060668619
e8fffaab-f310-4c9c-a833-a837b68f1658,2026-07-19 09:30:00+00:00,379.78,36653.26,1686.67,27462.958504240127,27073.554383594474
e8fffaab-f310-4c9c-a833-a837b68f1658,2026-07-19 09:45:00+00:00,-1725.93,379.78,1566.11,-5497.916390429842,-5742.024575345333
e8fffaab-f310-4c9c-a833-a837b68f1658,2026-07-19 10:00:00+00:00,2514.48,-1725.93,-668.44,648.1139820532899,116.56872884962831
e8fffaab-f310-4c9c-a833-a837b68f1658,2026-07-19 10:15:00+00:00,-3121.24,2514.48,2499.87,4762.818863853027,4325.184152705987
e8fffaab-f310-4c9c-a833-a837b68f1658,2026-07-19 10:30:00+00:00,2930.64,-3121.24,1684.15,-2643.409679736993,-2757.0932200367934
e8fffaab-f310-4c9c-a833-a837b68f1658,2026-07-19 10:45:00+00:00,848.64,2930.64,3174.17,4475.238868542303,4317.583817750462
e8fffaab-f310-4c9c-a833-a837b68f1658,2026-07-19 11:00:00+00:00,-277.2,848.64,2717.52,1058.9006897329273,921.2140690380475
e8fffaab-f310-4c9c-a833-a837b68f1658,2026-07-19 11:15:00+00:00,2792.95,-277.2,2286.05,245.95640722400458,140.9178613162203
e8fffaab-f310-4c9c-a833-a837b68f1658,2026-07-19 11:30:00+00:00,-505.58,2792.95,1897.24,3451.2762573743394,3298.8667296900776
e8fffaab-f310-4c9c-a833-a837b68f1658,2026-07-19 11:45:00+00:00,21.19,-505.58,289.78,-632.3275324823335,-733.9941260395535
e8fffaab-f310-4c9c-a833-a837b68f1658,2026-07-19 12:00:00+00:00,-115.37,21.19,-2831.47,450.0514202916347,352.97430677523334
e8fffaab-f310-4c9c-a833-a837b68f1658,2026-07-19 12:15:00+00:00,-645.89,-115.37,-3882.63,270.62235002719535,160.64044058520994
e8fffaab-f310-4c9c-a833-a837b68f1658,2026-07-19 12:30:00+00:00,-445.58,-645.89,3240.46,-88.11635438435769,-223.66242347238403
e8fffaab-f310-4c9c-a833-a837b68f1658,2026-07-19 12:45:00+00:00,3485.49,-445.58,883.25,207.56183394047548,76.69063513928086
e8fffaab-f310-4c9c-a833-a837b68f1658,2026-07-19 13:00:00+00:00,2747.77,3485.49,-525.67,3895.500786686818,3767.2176095901314
e8fffaab-f310-4c9c-a833-a837b68f1658,2026-07-19 13:15:00+00:00,2732.35,2747.77,-2828.59,2526.570813831515,2425.60344705054
e8fffaab-f310-4c9c-a833-a837b68f1658,2026-07-19 13:30:00+00:00,-3171.06,2732.35,74.82,2722.4574990654883,2635.52887278415
e8fffaab-f310-4c9c-a833-a837b68f1658,2026-07-19 13:45:00+00:00,306.29,-3171.06,907.33,-2935.971528860455,-2997.02043750502
e8fffaab-f310-4c9c-a833-a837b68f1658,2026-07-19 14:00:00+00:00,-2044.47,306.29,1919.88,1582.8156825321184,1542.2859831835485
e8fffaab-f310-4c9c-a833-a837b68f1658,2026-07-19 14:15:00+00:00,773.91,-2044.47,2571.47,-1534.802421296643,-1565.3197550310615
e8fffaab-f310-4c9c-a833-a837b68f1658,2026-07-19 14:30:00+00:00,731.3,773.91,-1722.88,1414.5350031606886,1424.844316623472
e8fffaab-f310-4c9c-a833-a837b68f1658,2026-07-19 14:45:00+00:00,2328.73,731.3,3324.71,1207.6328947461825,1106.7551272229102
e8fffaab-f310-4c9c-a833-a837b68f1658,2026-07-19 15:00:00+00:00,1834.95,2328.73,-1233.53,2251.15377011032,2223.244691460598
e8fffaab-f310-4c9c-a833-a837b68f1658,2026-07-19 15:15:00+00:00,1767.58,1834.95,2033.21,1936.6970734215965,1818.713713334204
e8fffaab-f310-4c9c-a833-a837b68f1658,2026-07-19 15:30:00+00:00,103.44,1767.58,2984.6,2005.1734507274705,1881.3378357878719
e8fffaab-f310-4c9c-a833-a837b68f1658,2026-07-19 15:45:00+00:00,2135.73,103.44,1876.81,353.16340758925253,242.17385216856746
e8fffaab-f310-4c9c-a833-a837b68f1658,2026-07-19 16:00:00+00:00,282.94,2135.73,2078.49,2543.77954841261,2444.7395455215174
e8fffaab-f310-4c9c-a833-a837b68f1658,2026-07-19 16:15:00+00:00,3235.32,282.94,98.77,249.22200782844266,179.42856473902248
e8fffaab-f310-4c9c-a833-a837b68f1658,2026-07-19 16:30:00+00:00,2628.76,3235.32,2042.49,3679.656227879559,3569.0485815808133
e8fffaab-f310-4c9c-a833-a837b68f1658,2026-07-19 16:45:00+00:00,3430.13,2628.76,3635.99,2609.5148473089275,2474.225130956239
e8fffaab-f310-4c9c-a833-a837b68f1658,2026-07-19 17:00:00+00:00,4637.52,3430.13,3314.83,3416.62486877801,3300.69933440941
e8fffaab-f310-4c9c-a833-a837b68f1658,2026-07-19 17:15:00+00:00,3286.9,4637.52,3339.13,4546.531634616696,4412.55996481174
e8fffaab-f310-4c9c-a833-a837b68f1658,2026-07-19 17:30:00+00:00,3287.41,3286.9,3051.83,2945.968931692675,2843.2906370398186
e8fffaab-f310-4c9c-a833-a837b68f1658,2026-07-19 17:45:00+00:00,3967.08,3287.41,3725.35,3255.5708079467195,3156.636197741299
e8fffaab-f310-4c9c-a833-a837b68f1658,2026-07-19 18:00:00+00:00,3903.67,3967.08,4120.52,4122.514548127468,3998.6945095900683
e8fffaab-f310-4c9c-a833-a837b68f1658,2026-07-19 18:15:00+00:00,3788.02,3903.67,4355.45,3791.6030367119565,3688.825422876931
e8fffaab-f310-4c9c-a833-a837b68f1658,2026-07-19 18:30:00+00:00,4166.88,3788.02,4250.35,3614.90877814316,3520.7748778719633
e8fffaab-f310-4c9c-a833-a837b68f1658,2026-07-19 18:45:00+00:00,4379.49,4166.88,4622.87,4054.620214733396,3944.3173407997256
e8fffaab-f310-4c9c-a833-a837b68f1658,2026-07-19 19:00:00+00:00,4135.84,4379.49,4666.81,4180.818518091953,4067.9759171395426
e8fffaab-f310-4c9c-a833-a837b68f1658,2026-07-19 19:15:00+00:00,4144.36,4135.84,4564.5,3890.8956351200222,3786.4113290746336
e8fffaab-f310-4c9c-a833-a837b68f1658,2026-07-19 19:30:00+00:00,4159.37,4144.36,4552.63,3947.924217490826,3847.878549381322
e8fffaab-f310-4c9c-a833-a837b68f1658,2026-07-19 19:45:00+00:00,4746.01,4159.37,5376.04,4015.209141047405,3910.398757957808
e8fffaab-f310-4c9c-a833-a837b68f1658,2026-07-19 20:00:00+00:00,5821.26,4746.01,4865.06,4577.200726498357,4481.517615838263
e8fffaab-f310-4c9c-a833-a837b68f1658,2026-07-19 20:15:00+00:00,5291.43,5821.26,4451.83,5561.062314300572,5437.364913302042
e8fffaab-f310-4c9c-a833-a837b68f1658,2026-07-19 20:30:00+00:00,4713.66,5291.43,4491.09,4829.125670426061,4692.932360691117
e8fffaab-f310-4c9c-a833-a837b68f1658,2026-07-19 20:45:00+00:00,5185.47,4713.66,4391.19,4346.827312339942,4201.19076490393
e8fffaab-f310-4c9c-a833-a837b68f1658,2026-07-19 21:00:00+00:00,4379.76,5185.47,4264.58,4968.904417132065,4797.888494582202
e8fffaab-f310-4c9c-a833-a837b68f1658,2026-07-19 21:15:00+00:00,4426.86,4379.76,4024.38,4053.7415440011973,3880.762369522424
e8fffaab-f310-4c9c-a833-a837b68f1658,2026-07-19 21:30:00+00:00,4405.04,4426.86,4427.55,4234.650172118268,4053.9028139780667
e8fffaab-f310-4c9c-a833-a837b68f1658,2026-07-19 21:45:00+00:00,4378.1,4405.04,4294.13,4222.587972447576,4027.242141628387
e8fffaab-f310-4c9c-a833-a837b68f1658,2026-07-19 22:00:00+00:00,4511.57,4378.1,3725.01,4150.803629063593,3959.234909632808
e8fffaab-f310-4c9c-a833-a837b68f1658,2026-07-19 22:15:00+00:00,3756.44,4511.57,3701.55,4308.3316288673905,4105.879879209299
e8fffaab-f310-4c9c-a833-a837b68f1658,2026-07-19 22:30:00+00:00,3826.59,3756.44,4303.81,3570.4240629011374,3360.766510255723
e8fffaab-f310-4c9c-a833-a837b68f1658,2026-07-19 22:45:00+00:00,3458.63,3826.59,4032.82,3782.6731368308265,3571.277881260913
e8fffaab-f310-4c9c-a833-a837b68f1658,2026-07-19 23:00:00+00:00,3604.94,3458.63,3691.69,3411.1001322491866,3200.418403392334
e8fffaab-f310-4c9c-a833-a837b68f1658,2026-07-19 23:15:00+00:00,3798.03,3604.94,3792.24,3631.950390798481,3417.1057905710686
e8fffaab-f310-4c9c-a833-a837b68f1658,2026-07-19 23:30:00+00:00,4627.53,3798.03,4143.56,3862.7826594492017,3631.4332564645765
e8fffaab-f310-4c9c-a833-a837b68f1658,2026-07-19 23:45:00+00:00,4290.92,4627.53,3609.72,4633.492610630801,4400.151465557631
e8fffaab-f310-4c9c-a833-a837b68f1658,2026-07-20 00:00:00+00:00,3987.76,4290.92,3435.9,4761.7188986369865,4612.923580953612
e8fffaab-f310-4c9c-a833-a837b68f1658,2026-07-20 00:15:00+00:00,3491.82,3987.76,3397.29,4509.351758370601,4371.687696392988
e8fffaab-f310-4c9c-a833-a837b68f1658,2026-07-20 00:30:00+00:00,3880.73,3491.82,3350.68,4161.719957257505,4019.895793151244
e8fffaab-f310-4c9c-a833-a837b68f1658,2026-07-20 00:45:00+00:00,3762.85,3880.73,4016.88,4667.420125760867,4528.9602694867135
e8fffaab-f310-4c9c-a833-a837b68f1658,2026-07-20 01:00:00+00:00,3469.51,3762.85,3112.16,4419.123999117197,4305.860704587341
e8fffaab-f310-4c9c-a833-a837b68f1658,2026-07-20 01:15:00+00:00,3125.68,3469.51,3189.48,4197.968956574555,4095.1854296540178
e8fffaab-f310-4c9c-a833-a837b68f1658,2026-07-20 01:30:00+00:00,3093.13,3125.68,3285.4,3916.486386479318,3829.9473907468964
e8fffaab-f310-4c9c-a833-a837b68f1658,2026-07-20 01:45:00+00:00,3012.62,3093.13,3360.4,3957.1421796031946,3887.541512023113
e8fffaab-f310-4c9c-a833-a837b68f1658,2026-07-20 02:00:00+00:00,5560.7,3012.62,3386.76,4060.563535057501,3983.431796289663
e8fffaab-f310-4c9c-a833-a837b68f1658,2026-07-20 02:15:00+00:00,5667.11,5560.7,4549.5,6638.380867208085,6558.780812731896
e8fffaab-f310-4c9c-a833-a837b68f1658,2026-07-20 02:30:00+00:00,6126.14,5667.11,3808.85,6254.227213307797,6198.415118559433
e8fffaab-f310-4c9c-a833-a837b68f1658,2026-07-20 02:45:00+00:00,5977.76,6126.14,3673.6,6700.211385236877,6665.345052588599
e8fffaab-f310-4c9c-a833-a837b68f1658,2026-07-20 03:00:00+00:00,5869.98,5977.76,4258.89,6607.934134842808,6566.778184301855
e8fffaab-f310-4c9c-a833-a837b68f1658,2026-07-20 03:15:00+00:00,6069.48,5869.98,4267.38,6578.7045519630865,6553.749855406162
e8fffaab-f310-4c9c-a833-a837b68f1658,2026-07-20 03:30:00+00:00,5839.27,6069.48,3716.05,6772.266682637651,6774.293444816769
e8fffaab-f310-4c9c-a833-a837b68f1658,2026-07-20 03:45:00+00:00,5642.72,5839.27,3120.21,6670.732483336276,6675.638368583565
e8fffaab-f310-4c9c-a833-a837b68f1658,2026-07-20 04:00:00+00:00,5552.79,5642.72,3582.37,6524.781448531683,6555.339321027637
e8fffaab-f310-4c9c-a833-a837b68f1658,2026-07-20 04:15:00+00:00,6106.07,5552.79,3562.77,7281.663097271652,7190.727362789954
e8fffaab-f310-4c9c-a833-a837b68f1658,2026-07-20 04:30:00+00:00,5525.18,6106.07,3064.86,7262.895381807233,7268.67758118985
e8fffaab-f310-4c9c-a833-a837b68f1658,2026-07-20 04:45:00+00:00,8598.75,5525.18,2859.56,6317.601053382934,6376.1423814379805
e8fffaab-f310-4c9c-a833-a837b68f1658,2026-07-20 05:00:00+00:00,8679.44,8598.75,2585.36,9439.456347511446,9490.863555984866
e8fffaab-f310-4c9c-a833-a837b68f1658,2026-07-20 05:15:00+00:00,9170.91,8679.44,2757.67,8856.920934598807,8901.062909731094
e8fffaab-f310-4c9c-a833-a837b68f1658,2026-07-20 05:30:00+00:00,8039.09,9170.91,2760.55,9578.902068687663,9568.884090518573
e8fffaab-f310-4c9c-a833-a837b68f1658,2026-07-20 05:45:00+00:00,8874.56,8039.09,2504.76,8466.758237578688,8423.88074653934
e8fffaab-f310-4c9c-a833-a837b68f1658,2026-07-20 06:00:00+00:00,5993.81,8874.56,2339.27,9674.020632960983,9587.118271704048
e8fffaab-f310-4c9c-a833-a837b68f1658,2026-07-20 06:15:00+00:00,7344.09,5993.81,2820.03,6521.757898872553,6469.46395357193
e8fffaab-f310-4c9c-a833-a837b68f1658,2026-07-20 06:30:00+00:00,6837.92,7344.09,3737.06,8375.25567526149,8319.931389632879
e8fffaab-f310-4c9c-a833-a837b68f1658,2026-07-20 06:45:00+00:00,7524.78,6837.92,3671.91,7612.7243556801905,7553.311413229959
e8fffaab-f310-4c9c-a833-a837b68f1658,2026-07-20 07:00:00+00:00,5599.19,7524.78,1623.75,8291.78409877216,8255.149043936759
e8fffaab-f310-4c9c-a833-a837b68f1658,2026-07-20 07:15:00+00:00,6193.31,5599.19,2358.84,6312.548403583981,6259.245058331871
e8fffaab-f310-4c9c-a833-a837b68f1658,2026-07-20 07:30:00+00:00,7297.94,6193.31,174.82,6933.858038276597,6925.511493471284
e8fffaab-f310-4c9c-a833-a837b68f1658,2026-07-20 07:45:00+00:00,28474.08,7297.94,377.62,8129.154143916515,8061.229908749005
e8fffaab-f310-4c9c-a833-a837b68f1658,2026-07-20 08:00:00+00:00,59578.54,28474.08,-19.93,28825.27279148165,28616.706508468396
e8fffaab-f310-4c9c-a833-a837b68f1658,2026-07-20 08:15:00+00:00,59388.33,59578.54,605.27,55427.122397456755,54997.45665335904
e8fffaab-f310-4c9c-a833-a837b68f1658,2026-07-20 08:30:00+00:00,59294.23,59388.33,823.33,49079.040391114715,48636.655140730785
e8fffaab-f310-4c9c-a833-a837b68f1658,2026-07-20 08:45:00+00:00,59468.96,59294.23,20414.33,50627.89257616707,49783.5891167973
e8fffaab-f310-4c9c-a833-a837b68f1658,2026-07-20 09:00:00+00:00,42141.51,59468.96,51528.63,53302.7747931949,51845.89821972915
e8fffaab-f310-4c9c-a833-a837b68f1658,2026-07-20 09:15:00+00:00,23900.93,42141.51,36653.26,35492.567887773665,34288.39276061413
e8fffaab-f310-4c9c-a833-a837b68f1658,2026-07-20 09:30:00+00:00,2241.47,23900.93,379.78,19436.097884936255,18674.415262196453
e8fffaab-f310-4c9c-a833-a837b68f1658,2026-07-20 09:45:00+00:00,1700.13,2241.47,-1725.93,1536.9405672788962,924.2699700532212
e8fffaab-f310-4c9c-a833-a837b68f1658,2026-07-20 10:00:00+00:00,6862.18,1700.13,2514.48,4401.390993490327,3968.4496069608213
e8fffaab-f310-4c9c-a833-a837b68f1658,2026-07-20 10:15:00+00:00,5321.12,6862.18,-3121.24,9005.832252702747,8714.449216195599
e8fffaab-f310-4c9c-a833-a837b68f1658,2026-07-20 10:30:00+00:00,6671.12,5321.12,2930.64,5818.4395941758785,5695.055015989184
e8fffaab-f310-4c9c-a833-a837b68f1658,2026-07-20 10:45:00+00:00,8520.99,6671.12,848.64,6977.261994866147,6922.658902594027
e8fffaab-f310-4c9c-a833-a837b68f1658,2026-07-20 11:00:00+00:00,4232.89,8520.99,-277.2,9009.225299132962,8845.866981765503
e8fffaab-f310-4c9c-a833-a837b68f1658,2026-07-20 11:15:00+00:00,3070.18,4232.89,2792.95,4524.573439692416,4369.387126697474
e8fffaab-f310-4c9c-a833-a837b68f1658,2026-07-20 11:30:00+00:00,6927.75,3070.18,-505.58,4021.2717102452525,3910.169804292147
e8fffaab-f310-4c9c-a833-a837b68f1658,2026-07-20 11:45:00+00:00,4776.56,6927.75,21.19,8329.06939073672,8142.14559225449
e8fffaab-f310-4c9c-a833-a837b68f1658,2026-07-20 12:00:00+00:00,7225.73,4776.56,-115.37,4933.545769245187,4853.5959555550435
e8fffaab-f310-4c9c-a833-a837b68f1658,2026-07-20 12:15:00+00:00,4703.22,7225.73,-645.89,7978.864452872399,7854.580441694773
e8fffaab-f310-4c9c-a833-a837b68f1658,2026-07-20 12:30:00+00:00,912.68,4703.22,-445.58,4936.236824852855,4819.860902710791
e8fffaab-f310-4c9c-a833-a837b68f1658,2026-07-20 12:45:00+00:00,3360.18,912.68,3485.49,1876.723402910875,1744.6624167190475
e8fffaab-f310-4c9c-a833-a837b68f1658,2026-07-20 13:00:00+00:00,-413.31,3360.18,2747.77,5503.849425554987,5268.784750700361
e8fffaab-f310-4c9c-a833-a837b68f1658,2026-07-20 13:15:00+00:00,2398.05,-413.31,2732.35,959.9300083082908,785.598244020397
e8fffaab-f310-4c9c-a833-a837b68f1658,2026-07-20 13:30:00+00:00,6219.17,2398.05,-3171.06,4184.3461127252895,4042.9959519595704
e8fffaab-f310-4c9c-a833-a837b68f1658,2026-07-20 13:45:00+00:00,6754.19,6219.17,306.29,7929.183803928751,7634.495754427891
e8fffaab-f310-4c9c-a833-a837b68f1658,2026-07-20 14:00:00+00:00,5973.06,6754.19,-2044.47,7236.108368242076,7002.931394678513
e8fffaab-f310-4c9c-a833-a837b68f1658,2026-07-20 14:15:00+00:00,8856.34,5973.06,773.91,6540.614744034665,6265.290522726213
e8fffaab-f310-4c9c-a833-a837b68f1658,2026-07-20 14:30:00+00:00,4967.15,8856.34,731.3,9296.432359280217,9026.554829240435
e8fffaab-f310-4c9c-a833-a837b68f1658,2026-07-20 14:45:00+00:00,4045.06,4967.15,2328.73,5290.269844470392,4972.177939444483
e8fffaab-f310-4c9c-a833-a837b68f1658,2026-07-20 15:00:00+00:00,1750.79,4045.06,1834.95,4643.329067172508,4410.385319197267
e8fffaab-f310-4c9c-a833-a837b68f1658,2026-07-20 15:15:00+00:00,5100.04,1750.79,1767.58,2479.7015555743,2265.722207780398
e8fffaab-f310-4c9c-a833-a837b68f1658,2026-07-20 15:30:00+00:00,4005.66,5100.04,103.44,6156.755124004951,5954.81190332704
e8fffaab-f310-4c9c-a833-a837b68f1658,2026-07-20 15:45:00+00:00,5722.85,4005.66,2135.73,4393.534659275375,4200.146020889882
e8fffaab-f310-4c9c-a833-a837b68f1658,2026-07-20 16:00:00+00:00,4001.59,5722.85,282.94,5971.315166971968,5833.1718656815565
e8fffaab-f310-4c9c-a833-a837b68f1658,2026-07-20 16:15:00+00:00,2849.2,4001.59,3235.32,4234.028477190209,4045.8655898350835
e8fffaab-f310-4c9c-a833-a837b68f1658,2026-07-20 16:30:00+00:00,3203.34,2849.2,2628.76,3274.6098247780174,3131.175945143006
e8fffaab-f310-4c9c-a833-a837b68f1658,2026-07-20 16:45:00+00:00,1530.41,3203.34,3430.13,3848.448211655811,3701.0520603380155
e8fffaab-f310-4c9c-a833-a837b68f1658,2026-07-20 17:00:00+00:00,7293.61,1530.41,4637.52,2169.5588563283727,2034.6858347113002
e8fffaab-f310-4c9c-a833-a837b68f1658,2026-07-20 17:15:00+00:00,54802.11,7293.61,3286.9,8060.887176786962,7930.01688071106
e8fffaab-f310-4c9c-a833-a837b68f1658,2026-07-20 17:30:00+00:00,42011.53,54802.11,3287.41,53989.5095220832,53548.687534557626
e8fffaab-f310-4c9c-a833-a837b68f1658,2026-07-20 17:45:00+00:00,27437.71,42011.53,3967.08,32264.370545442947,31879.74982144654
e8fffaab-f310-4c9c-a833-a837b68f1658,2026-07-20 18:00:00+00:00,3277.79,27437.71,3903.67,20414.283633458144,20108.595230494786
e8fffaab-f310-4c9c-a833-a837b68f1658,2026-07-20 18:15:00+00:00,2936.87,3277.79,3788.02,563.392055900742,72.06783707012801
e8fffaab-f310-4c9c-a833-a837b68f1658,2026-07-20 18:30:00+00:00,3026.41,2936.87,4166.88,4535.961866884671,4174.667193952159
e8fffaab-f310-4c9c-a833-a837b68f1658,2026-07-20 18:45:00+00:00,3125.04,3026.41,4379.49,4286.7437420441565,4054.130234946465
e8fffaab-f310-4c9c-a833-a837b68f1658,2026-07-20 19:00:00+00:00,3207.45,3125.04,4135.84,3708.586040649352,3680.9191237590485
e8fffaab-f310-4c9c-a833-a837b68f1658,2026-07-20 19:15:00+00:00,4219.95,3207.45,4144.36,3758.7721378635924,3737.718765200372
e8fffaab-f310-4c9c-a833-a837b68f1658,2026-07-20 19:30:00+00:00,4016.23,4219.95,4159.37,4738.1446027945185,4716.118519996727
e8fffaab-f310-4c9c-a833-a837b68f1658,2026-07-20 19:45:00+00:00,4013.84,4016.23,4746.01,4399.99844377228,4373.528028342726
e8fffaab-f310-4c9c-a833-a837b68f1658,2026-07-20 20:00:00+00:00,4198.78,4013.84,5821.26,4505.397539873222,4472.184580733101
e8fffaab-f310-4c9c-a833-a837b68f1658,2026-07-20 20:15:00+00:00,4743.86,4198.78,5291.43,4699.385047750871,4643.132419621253
e8fffaab-f310-4c9c-a833-a837b68f1658,2026-07-20 20:30:00+00:00,4513.9,4743.86,4713.66,5179.166091575251,5108.685322759077
e8fffaab-f310-4c9c-a833-a837b68f1658,2026-07-20 20:45:00+00:00,4337.92,4513.9,5185.47,4850.716408890221,4764.124184457067
e8fffaab-f310-4c9c-a833-a837b68f1658,2026-07-20 21:00:00+00:00,3711.63,4337.92,4379.76,4688.296584053322,4596.044677509796
e8fffaab-f310-4c9c-a833-a837b68f1658,2026-07-20 21:15:00+00:00,3805.21,3711.63,4426.86,4176.478624618414,4062.197439273311
e8fffaab-f310-4c9c-a833-a837b68f1658,2026-07-20 21:30:00+00:00,3937.23,3805.21,4405.04,4373.303003009346,4251.399032332133
e8fffaab-f310-4c9c-a833-a837b68f1658,2026-07-20 21:45:00+00:00,3984.92,3937.23,4378.1,4487.880647640587,4356.258348464316
e8fffaab-f310-4c9c-a833-a837b68f1658,2026-07-20 22:00:00+00:00,4161.28,3984.92,4511.57,4518.115689400674,4379.186633042437
e8fffaab-f310-4c9c-a833-a837b68f1658,2026-07-20 22:15:00+00:00,3865.45,4161.28,3756.44,4639.476550175929,4503.569161659571
e8fffaab-f310-4c9c-a833-a837b68f1658,2026-07-20 22:30:00+00:00,4757.07,3865.45,3826.59,4320.462754363769,4181.749729546271
e8fffaab-f310-4c9c-a833-a837b68f1658,2026-07-20 22:45:00+00:00,4559.54,4757.07,3458.63,5269.681008522622,5123.718006799302
e8fffaab-f310-4c9c-a833-a837b68f1658,2026-07-20 23:00:00+00:00,3675.2,4559.54,3604.94,4931.814408484195,4781.843602875193
e8fffaab-f310-4c9c-a833-a837b68f1658,2026-07-20 23:15:00+00:00,3959.58,3675.2,3798.03,4113.271600554125,3975.301432086667
e8fffaab-f310-4c9c-a833-a837b68f1658,2026-07-20 23:30:00+00:00,3454.56,3959.58,4627.53,4660.342901557493,4510.786806368787
e8fffaab-f310-4c9c-a833-a837b68f1658,2026-07-20 23:45:00+00:00,3152.59,3454.56,4290.92,4098.669482912043,3967.2544919622924
e8fffaab-f310-4c9c-a833-a837b68f1658,2026-07-21 00:00:00+00:00,3609.05,3152.59,3987.76,3809.435454576883,3726.8135838414555
e8fffaab-f310-4c9c-a833-a837b68f1658,2026-07-21 00:15:00+00:00,3520.01,3609.05,3491.82,4322.479268891643,4245.833754501121
e8fffaab-f310-4c9c-a833-a837b68f1658,2026-07-21 00:30:00+00:00,3056.06,3520.01,3880.73,4177.175047543579,4107.318860833282
e8fffaab-f310-4c9c-a833-a837b68f1658,2026-07-21 00:45:00+00:00,3159.34,3056.06,3762.85,3771.826553108641,3713.144808912608
e8fffaab-f310-4c9c-a833-a837b68f1658,2026-07-21 01:00:00+00:00,2916.32,3159.34,3469.51,3977.9094042926354,3929.886289441827
e8fffaab-f310-4c9c-a833-a837b68f1658,2026-07-21 01:15:00+00:00,3305.98,2916.32,3125.68,3714.879365631382,3686.585773611725
e8fffaab-f310-4c9c-a833-a837b68f1658,2026-07-21 01:30:00+00:00,4363.45,3305.98,3093.13,4169.7529918990585,4155.3258309453295
e8fffaab-f310-4c9c-a833-a837b68f1658,2026-07-21 01:45:00+00:00,3960.99,4363.45,3012.62,5180.964847186321,5172.49338964028
e8fffaab-f310-4c9c-a833-a837b68f1658,2026-07-21 02:00:00+00:00,6709.62,3960.99,5560.7,4813.759704842723,4784.794226666629
e8fffaab-f310-4c9c-a833-a837b68f1658,2026-07-21 02:15:00+00:00,5828.79,6709.62,5667.11,7626.355499292945,7597.572325614856
e8fffaab-f310-4c9c-a833-a837b68f1658,2026-07-21 02:30:00+00:00,6062.31,5828.79,6126.14,6301.292988615578,6282.82023447258
e8fffaab-f310-4c9c-a833-a837b68f1658,2026-07-21 02:45:00+00:00,5978.37,6062.31,5977.76,6710.060807466995,6715.81201967072
e8fffaab-f310-4c9c-a833-a837b68f1658,2026-07-21 03:00:00+00:00,6336.32,5978.37,5869.98,6724.592784482898,6724.411811068556
e8fffaab-f310-4c9c-a833-a837b68f1658,2026-07-21 03:15:00+00:00,5686.71,6336.32,6069.48,7097.972148740826,7120.747204671156
e8fffaab-f310-4c9c-a833-a837b68f1658,2026-07-21 03:30:00+00:00,5371.97,5686.71,5839.27,6367.985255124338,6421.522546728098
e8fffaab-f310-4c9c-a833-a837b68f1658,2026-07-21 03:45:00+00:00,5241.46,5371.97,5642.72,6227.854635715944,6302.2799107752
e8fffaab-f310-4c9c-a833-a837b68f1658,2026-07-21 04:00:00+00:00,5074.8,5241.46,5552.79,6223.978804461186,6313.743667875964
e8fffaab-f310-4c9c-a833-a837b68f1658,2026-07-21 04:15:00+00:00,5851.44,5074.8,6106.07,6837.175493883995,6810.554868414702
e8fffaab-f310-4c9c-a833-a837b68f1658,2026-07-21 04:30:00+00:00,5044.09,5851.44,5525.18,7196.659966379671,7238.057996992513
e8fffaab-f310-4c9c-a833-a837b68f1658,2026-07-21 04:45:00+00:00,5113.37,5044.09,8598.75,6127.920169975048,6185.668405956527
e8fffaab-f310-4c9c-a833-a837b68f1658,2026-07-21 05:00:00+00:00,5842.44,5113.37,8679.44,6528.806771734089,6560.3653170515045
e8fffaab-f310-4c9c-a833-a837b68f1658,2026-07-21 05:15:00+00:00,5468.94,5842.44,9170.91,7725.148843856451,7652.945239005006
e8fffaab-f310-4c9c-a833-a837b68f1658,2026-07-21 05:30:00+00:00,5010.74,5468.94,8039.09,7410.83920332038,7298.105466736594
e8fffaab-f310-4c9c-a833-a837b68f1658,2026-07-21 05:45:00+00:00,3642.16,5010.74,8874.56,7405.724605566078,7216.2693611472905
e8fffaab-f310-4c9c-a833-a837b68f1658,2026-07-21 06:00:00+00:00,4128.05,3642.16,5993.81,6014.8010389100555,5841.699575207765
e8fffaab-f310-4c9c-a833-a837b68f1658,2026-07-21 06:15:00+00:00,6324.35,4128.05,7344.09,6706.418918017685,6516.78879760951
e8fffaab-f310-4c9c-a833-a837b68f1658,2026-07-21 06:30:00+00:00,5903.35,6324.35,6837.92,8685.919339941154,8479.928849080135
e8fffaab-f310-4c9c-a833-a837b68f1658,2026-07-21 06:45:00+00:00,6299.95,5903.35,7524.78,7329.785865388841,7188.2451225641635
e8fffaab-f310-4c9c-a833-a837b68f1658,2026-07-21 07:00:00+00:00,7143.39,6299.95,5599.19,7761.35581414118,7606.01865799956
e8fffaab-f310-4c9c-a833-a837b68f1658,2026-07-21 07:15:00+00:00,3815.75,7143.39,6193.31,8447.640734911736,8274.497868606166
e8fffaab-f310-4c9c-a833-a837b68f1658,2026-07-21 07:30:00+00:00,4738.23,3815.75,7297.94,5107.274392851526,4920.943942153846
e8fffaab-f310-4c9c-a833-a837b68f1658,2026-07-21 07:45:00+00:00,7727.07,4738.23,28474.08,6986.973776352714,6666.821321421418
e8fffaab-f310-4c9c-a833-a837b68f1658,2026-07-21 08:00:00+00:00,2993.31,7727.07,59578.54,11260.19377230448,10574.492074492715
e8fffaab-f310-4c9c-a833-a837b68f1658,2026-07-21 08:15:00+00:00,1539.81,2993.31,59388.33,6070.200460941782,5398.936921085859
e8fffaab-f310-4c9c-a833-a837b68f1658,2026-07-21 08:30:00+00:00,6304.49,1539.81,59294.23,5651.310992117873,4955.115983656715
e8fffaab-f310-4c9c-a833-a837b68f1658,2026-07-21 08:45:00+00:00,1942.18,6304.49,59468.96,10463.482106086343,9735.423888235295
e8fffaab-f310-4c9c-a833-a837b68f1658,2026-07-21 09:00:00+00:00,4091.93,1942.18,42141.51,4206.087045302708,3711.3749638759136
e8fffaab-f310-4c9c-a833-a837b68f1658,2026-07-21 09:15:00+00:00,6820.41,4091.93,23900.93,6847.371134872674,6431.4563442205335
e8fffaab-f310-4c9c-a833-a837b68f1658,2026-07-21 09:30:00+00:00,1996.25,6820.41,2241.47,8130.908068515018,7878.208224589961
e8fffaab-f310-4c9c-a833-a837b68f1658,2026-07-21 09:45:00+00:00,7856.38,1996.25,1700.13,2552.0535673065297,2367.866510625304
e8fffaab-f310-4c9c-a833-a837b68f1658,2026-07-21 10:00:00+00:00,9512.71,7856.38,6862.18,9385.76132128245,9102.450276158688
e8fffaab-f310-4c9c-a833-a837b68f1658,2026-07-21 10:15:00+00:00,8617.05,9512.71,5321.12,9885.141141082475,9569.448207276891
e8fffaab-f310-4c9c-a833-a837b68f1658,2026-07-21 10:30:00+00:00,4963.39,8617.05,6671.12,8761.878210179055,8435.555034995787
e8fffaab-f310-4c9c-a833-a837b68f1658,2026-07-21 10:45:00+00:00,5255.64,4963.39,8520.99,5221.740450852009,4891.229219173528
e8fffaab-f310-4c9c-a833-a837b68f1658,2026-07-21 11:00:00+00:00,4347.83,5255.64,4232.89,6144.4046042782775,5812.302928982984
e8fffaab-f310-4c9c-a833-a837b68f1658,2026-07-21 11:15:00+00:00,5931.78,4347.83,3070.18,5050.16402128097,4746.74728556163
e8fffaab-f310-4c9c-a833-a837b68f1658,2026-07-21 11:30:00+00:00,8280.9,5931.78,6927.75,6912.15054804771,6574.424081666468
e8fffaab-f310-4c9c-a833-a837b68f1658,2026-07-21 11:45:00+00:00,7199.83,8280.9,4776.56,9109.134943769597,8722.77281536466
e8fffaab-f310-4c9c-a833-a837b68f1658,2026-07-21 12:00:00+00:00,7830.31,7199.83,7225.73,7625.992819007621,7223.969454268122
e8fffaab-f310-4c9c-a833-a837b68f1658,2026-07-21 12:15:00+00:00,6491.18,7830.31,4703.22,8167.869909952529,7803.95044147384
e8fffaab-f310-4c9c-a833-a837b68f1658,2026-07-21 12:30:00+00:00,16098.5,6491.18,912.68,6938.911766054596,6544.088870086027
e8fffaab-f310-4c9c-a833-a837b68f1658,2026-07-21 12:45:00+00:00,61734.37,16098.5,3360.18,16362.1311484166,15946.244007124566
e8fffaab-f310-4c9c-a833-a837b68f1658,2026-07-21 13:00:00+00:00,52388.97,61734.37,-413.31,59665.91835040024,58941.998885612426
e8fffaab-f310-4c9c-a833-a837b68f1658,2026-07-21 13:15:00+00:00,39264.15,52388.97,2398.05,42440.25624723814,41623.351844824516
e8fffaab-f310-4c9c-a833-a837b68f1658,2026-07-21 13:30:00+00:00,14391.19,39264.15,6219.17,31924.24184976328,31053.3099610638
e8fffaab-f310-4c9c-a833-a837b68f1658,2026-07-21 13:45:00+00:00,9184.87,14391.19,6754.19,10175.704797707569,9262.111823968564
e8fffaab-f310-4c9c-a833-a837b68f1658,2026-07-21 14:00:00+00:00,2731.07,9184.87,5973.06,9395.079944305617,8635.600825016012
e8fffaab-f310-4c9c-a833-a837b68f1658,2026-07-21 14:15:00+00:00,8529.18,2731.07,8856.34,3688.066650151807,3085.390391814867
e8fffaab-f310-4c9c-a833-a837b68f1658,2026-07-21 14:30:00+00:00,5861.51,8529.18,4967.15,10045.560303725271,9627.552744961033
e8fffaab-f310-4c9c-a833-a837b68f1658,2026-07-21 14:45:00+00:00,2712.51,5861.51,4045.06,5761.19424746111,5480.287864868973
e8fffaab-f310-4c9c-a833-a837b68f1658,2026-07-21 15:00:00+00:00,5386.78,2712.51,1750.79,2854.4147855296033,2691.467301868981
e8fffaab-f310-4c9c-a833-a837b68f1658,2026-07-21 15:15:00+00:00,5141.5,5386.78,5100.04,6157.183745740777,5950.323711430568
e8fffaab-f310-4c9c-a833-a837b68f1658,2026-07-21 15:30:00+00:00,9283.6,5141.5,4005.66,5685.665114248155,5455.4158658655115
e8fffaab-f310-4c9c-a833-a837b68f1658,2026-07-21 15:45:00+00:00,6013.79,9283.6,5722.85,9477.726259607365,9290.763922504279
e8fffaab-f310-4c9c-a833-a837b68f1658,2026-07-21 16:00:00+00:00,471.37,6013.79,4001.59,5554.328562645077,5371.896662827371
e8fffaab-f310-4c9c-a833-a837b68f1658,2026-07-21 16:15:00+00:00,4089.31,471.37,2849.2,513.8342025184375,397.4205530187719
e8fffaab-f310-4c9c-a833-a837b68f1658,2026-07-21 16:30:00+00:00,3826.21,4089.31,3203.34,5255.485385663676,5081.748235079853
e8fffaab-f310-4c9c-a833-a837b68f1658,2026-07-21 16:45:00+00:00,3319.22,3826.21,1530.41,4168.901312992705,4024.702687459214
e8fffaab-f310-4c9c-a833-a837b68f1658,2026-07-21 17:00:00+00:00,4382.74,3319.22,7293.61,4032.081973113237,3838.114895140292
e8fffaab-f310-4c9c-a833-a837b68f1658,2026-07-21 17:15:00+00:00,3630.55,4382.74,54802.11,7199.906009892873,6544.224704602617
e8fffaab-f310-4c9c-a833-a837b68f1658,2026-07-21 17:30:00+00:00,4032.98,3630.55,42011.53,5687.792718804077,5176.429573349832
e8fffaab-f310-4c9c-a833-a837b68f1658,2026-07-21 17:45:00+00:00,5245.38,4032.98,27437.71,5514.8259897822045,5171.698578734351
e8fffaab-f310-4c9c-a833-a837b68f1658,2026-07-21 18:00:00+00:00,4033.09,5245.38,3277.79,5554.485209945653,5453.659926033521
e8fffaab-f310-4c9c-a833-a837b68f1658,2026-07-21 18:15:00+00:00,4582.78,4033.09,2936.87,4066.0917283141853,3995.42128375177
e8fffaab-f310-4c9c-a833-a837b68f1658,2026-07-21 18:30:00+00:00,5913.12,4582.78,3026.41,4888.841168124442,4817.625301312336
e8fffaab-f310-4c9c-a833-a837b68f1658,2026-07-21 18:45:00+00:00,6626.81,5913.12,3125.04,6280.415041707073,6178.722525075304
e8fffaab-f310-4c9c-a833-a837b68f1658,2026-07-21 19:00:00+00:00,4834.52,6626.81,3207.45,6575.715299531081,6509.462805833418
e8fffaab-f310-4c9c-a833-a837b68f1658,2026-07-21 19:15:00+00:00,5202.9,4834.52,4219.95,4713.09138672916,4648.940900651149
e8fffaab-f310-4c9c-a833-a837b68f1658,2026-07-21 19:30:00+00:00,4651.62,5202.9,4016.23,5433.752121494132,5366.715199075975
e8fffaab-f310-4c9c-a833-a837b68f1658,2026-07-21 19:45:00+00:00,4843.89,4651.62,4013.84,4870.59287494062,4801.344288384483
e8fffaab-f310-4c9c-a833-a837b68f1658,2026-07-21 20:00:00+00:00,4674.01,4843.89,4198.78,5105.246978156721,5057.251499708769
e8fffaab-f310-4c9c-a833-a837b68f1658,2026-07-21 20:15:00+00:00,4602.32,4674.01,4743.86,4940.448299750649,4867.679186968018
e8fffaab-f310-4c9c-a833-a837b68f1658,2026-07-21 20:30:00+00:00,4627.19,4602.32,4513.9,4893.963082658076,4810.576777201806
e8fffaab-f310-4c9c-a833-a837b68f1658,2026-07-21 20:45:00+00:00,4493.26,4627.19,4337.92,4917.927364118482,4822.815753468304
e8fffaab-f310-4c9c-a833-a837b68f1658,2026-07-21 21:00:00+00:00,4314.81,4493.26,3711.63,4737.111226184146,4639.930738763683
e8fffaab-f310-4c9c-a833-a837b68f1658,2026-07-21 21:15:00+00:00,4180.86,4314.81,3805.21,4597.336345914047,4483.270925351235
e8fffaab-f310-4c9c-a833-a837b68f1658,2026-07-21 21:30:00+00:00,4786.33,4180.86,3937.23,4513.076398710912,4382.575621571187
e8fffaab-f310-4c9c-a833-a837b68f1658,2026-07-21 21:45:00+00:00,4420.12,4786.33,3984.92,5154.040075545598,5004.390955744565
e8fffaab-f310-4c9c-a833-a837b68f1658,2026-07-21 22:00:00+00:00,4736.13,4420.12,4161.28,4676.47797504298,4517.431552697965
e8fffaab-f310-4c9c-a833-a837b68f1658,2026-07-21 22:15:00+00:00,5080.83,4736.13,3865.45,5061.752846469631,4892.91005055748
e8fffaab-f310-4c9c-a833-a837b68f1658,2026-07-21 22:30:00+00:00,4379.69,5080.83,4757.07,5454.820954006656,5253.8106946918415
e8fffaab-f310-4c9c-a833-a837b68f1658,2026-07-21 22:45:00+00:00,4693.02,4379.69,4559.54,4718.301618099005,4514.502387445469
e8fffaab-f310-4c9c-a833-a837b68f1658,2026-07-21 23:00:00+00:00,5044.64,4693.02,3675.2,5101.223380293756,4903.580772026077
e8fffaab-f310-4c9c-a833-a837b68f1658,2026-07-21 23:15:00+00:00,5142.12,5044.64,3959.58,5424.554623914991,5216.131524806422
e8fffaab-f310-4c9c-a833-a837b68f1658,2026-07-21 23:30:00+00:00,3697.54,5142.12,3454.56,5453.462809502157,5249.3941946348905
e8fffaab-f310-4c9c-a833-a837b68f1658,2026-07-21 23:45:00+00:00,3567.85,3697.54,3152.59,3997.8756203988696,3807.284218388735
e8fffaab-f310-4c9c-a833-a837b68f1658,2026-07-22 00:00:00+00:00,3567.62,3567.85,3609.05,4102.003968531956,3943.9714546000178
e8fffaab-f310-4c9c-a833-a837b68f1658,2026-07-22 00:15:00+00:00,3536.03,3567.62,3520.01,4148.494562721219,3992.191182446437
e8fffaab-f310-4c9c-a833-a837b68f1658,2026-07-22 00:30:00+00:00,3592.26,3536.03,3056.06,4076.4348189328957,3940.2263603079946
e8fffaab-f310-4c9c-a833-a837b68f1658,2026-07-22 00:45:00+00:00,3876.87,3592.26,3159.34,4168.175931729273,4035.753611164013
e8fffaab-f310-4c9c-a833-a837b68f1658,2026-07-22 01:00:00+00:00,3291.24,3876.87,2916.32,4443.759878218731,4319.767718530407
e8fffaab-f310-4c9c-a833-a837b68f1658,2026-07-22 01:15:00+00:00,3845.08,3291.24,3305.98,3834.2279353465674,3724.7105406783076
e8fffaab-f310-4c9c-a833-a837b68f1658,2026-07-22 01:30:00+00:00,3903.63,3845.08,4363.45,4584.105163088904,4471.344428053866
e8fffaab-f310-4c9c-a833-a837b68f1658,2026-07-22 01:45:00+00:00,4996.42,3903.63,3960.99,4541.762015229075,4446.221713401187
e8fffaab-f310-4c9c-a833-a837b68f1658,2026-07-22 02:00:00+00:00,7150.51,4996.42,6709.62,5898.917539188528,5765.367621342765
e8fffaab-f310-4c9c-a833-a837b68f1658,2026-07-22 02:15:00+00:00,5760.31,7150.51,5828.79,7849.434870377141,7715.875210591499
e8fffaab-f310-4c9c-a833-a837b68f1658,2026-07-22 02:30:00+00:00,6012.22,5760.31,6062.31,6067.157953119517,5959.3514317016725
e8fffaab-f310-4c9c-a833-a837b68f1658,2026-07-22 02:45:00+00:00,6112.57,6012.22,5978.37,6607.951043071336,6513.3709649799675
e8fffaab-f310-4c9c-a833-a837b68f1658,2026-07-22 03:00:00+00:00,6114.63,6112.57,6336.32,6797.71093076905,6694.163538602721
e8fffaab-f310-4c9c-a833-a837b68f1658,2026-07-22 03:15:00+00:00,5662.92,6114.63,5686.71,7718.310553145547,7498.3311473153135
e8fffaab-f310-4c9c-a833-a837b68f1658,2026-07-22 03:30:00+00:00,5685.09,5662.92,5371.97,6651.071982153673,6557.057844483318
e8fffaab-f310-4c9c-a833-a837b68f1658,2026-07-22 03:45:00+00:00,5428.29,5685.09,5241.46,6323.307925300788,6324.382228286592
e8fffaab-f310-4c9c-a833-a837b68f1658,2026-07-22 04:00:00+00:00,5608.66,5428.29,5074.8,6082.403952030627,6109.688838444524
e8fffaab-f310-4c9c-a833-a837b68f1658,2026-07-22 04:15:00+00:00,5626.53,5608.66,5851.44,6478.271963082243,6495.158227808894
e8fffaab-f310-4c9c-a833-a837b68f1658,2026-07-22 04:30:00+00:00,5145.7,5626.53,5044.09,6502.405879739179,6532.958839551718
e8fffaab-f310-4c9c-a833-a837b68f1658,2026-07-22 04:45:00+00:00,5236.17,5145.7,5113.37,5956.089851554767,6019.516463353997
e8fffaab-f310-4c9c-a833-a837b68f1658,2026-07-22 05:00:00+00:00,6423.2,5236.17,5842.44,6282.668978442736,6338.93917596065
e8fffaab-f310-4c9c-a833-a837b68f1658,2026-07-22 05:15:00+00:00,3836.5,6423.2,5468.94,7410.260209360078,7473.567921497659
e8fffaab-f310-4c9c-a833-a837b68f1658,2026-07-22 05:30:00+00:00,5720.87,3836.5,5010.74,5043.827789000907,5069.160628580869
e8fffaab-f310-4c9c-a833-a837b68f1658,2026-07-22 05:45:00+00:00,6669.7,5720.87,3642.16,7542.5605729618965,7548.426593555723
e8fffaab-f310-4c9c-a833-a837b68f1658,2026-07-22 06:00:00+00:00,8742.11,6669.7,4128.05,8033.347508137742,8048.199052408143
e8fffaab-f310-4c9c-a833-a837b68f1658,2026-07-22 06:15:00+00:00,7877.32,8742.11,6324.35,10077.183910051916,10025.377483601334
e8fffaab-f310-4c9c-a833-a837b68f1658,2026-07-22 06:30:00+00:00,6980.83,7877.32,5903.35,8990.701065329886,8883.014835089978
e8fffaab-f310-4c9c-a833-a837b68f1658,2026-07-22 06:45:00+00:00,6898.32,6980.83,6299.95,8002.680348230024,7910.213986952074
e8fffaab-f310-4c9c-a833-a837b68f1658,2026-07-22 07:00:00+00:00,7912.53,6898.32,7143.39,8344.263394045289,8174.019288444815
e8fffaab-f310-4c9c-a833-a837b68f1658,2026-07-22 07:15:00+00:00,5652.95,7912.53,3815.75,9091.070743364582,8995.517783473799
e8fffaab-f310-4c9c-a833-a837b68f1658,2026-07-22 07:30:00+00:00,6326.35,5652.95,4738.23,6062.041635072863,6100.004311889554
e8fffaab-f310-4c9c-a833-a837b68f1658,2026-07-22 07:45:00+00:00,7900.01,6326.35,7727.07,7379.809113386822,7395.964155223079
e8fffaab-f310-4c9c-a833-a837b68f1658,2026-07-22 08:00:00+00:00,7315.98,7900.01,2993.31,8722.084601841381,8773.340801832745
e8fffaab-f310-4c9c-a833-a837b68f1658,2026-07-22 08:15:00+00:00,5768.91,7315.98,1539.81,7683.465842343578,7729.961752872961
e8fffaab-f310-4c9c-a833-a837b68f1658,2026-07-22 08:30:00+00:00,2148.02,5768.91,6304.49,6442.984274266299,6409.7177774905995
e8fffaab-f310-4c9c-a833-a837b68f1658,2026-07-22 08:45:00+00:00,1573.72,2148.02,1942.18,2858.083367133546,2856.341029559164
e8fffaab-f310-4c9c-a833-a837b68f1658,2026-07-22 09:00:00+00:00,5068.76,1573.72,4091.93,3139.6823315373513,3066.9098930599303
e8fffaab-f310-4c9c-a833-a837b68f1658,2026-07-22 09:15:00+00:00,4532.47,5068.76,6820.41,6587.307844600893,6517.9113731434645
e8fffaab-f310-4c9c-a833-a837b68f1658,2026-07-22 09:30:00+00:00,7213.94,4532.47,1996.25,4889.705526781121,4933.848841991784
e8fffaab-f310-4c9c-a833-a837b68f1658,2026-07-22 09:45:00+00:00,7264.78,7213.94,7856.38,7938.322146743607,7910.167898119663
e8fffaab-f310-4c9c-a833-a837b68f1658,2026-07-22 10:00:00+00:00,7283.07,7264.78,9512.71,7929.934049613568,7814.416220514253
e8fffaab-f310-4c9c-a833-a837b68f1658,2026-07-22 10:15:00+00:00,3555.01,7283.07,8617.05,7788.92682486638,7695.0291982254075
e8fffaab-f310-4c9c-a833-a837b68f1658,2026-07-22 10:30:00+00:00,5640.91,3555.01,4963.39,4268.838465736967,4165.165301701854
e8fffaab-f310-4c9c-a833-a837b68f1658,2026-07-22 10:45:00+00:00,7141.9,5640.91,5255.64,6930.552208038047,6823.594812005822
e8fffaab-f310-4c9c-a833-a837b68f1658,2026-07-22 11:00:00+00:00,6146.06,7141.9,4347.83,8171.818647487113,8019.587400055043
e8fffaab-f310-4c9c-a833-a837b68f1658,2026-07-22 11:15:00+00:00,4960.39,6146.06,5931.78,7078.92639663616,6873.646972166853
e8fffaab-f310-4c9c-a833-a837b68f1658,2026-07-22 11:30:00+00:00,7394.32,4960.39,8280.9,5633.413225779084,5454.721034599885
e8fffaab-f310-4c9c-a833-a837b68f1658,2026-07-22 11:45:00+00:00,4294.67,7394.32,7199.83,8537.404347360736,8256.64692832789
e8fffaab-f310-4c9c-a833-a837b68f1658,2026-07-22 12:00:00+00:00,6172.12,4294.67,7830.31,4895.821344642096,4607.873848308345
e8fffaab-f310-4c9c-a833-a837b68f1658,2026-07-22 12:15:00+00:00,3375.14,6172.12,6491.18,7299.837979058044,7014.477268969714
e8fffaab-f310-4c9c-a833-a837b68f1658,2026-07-22 12:30:00+00:00,2987.2,3375.14,16098.5,4684.602044038847,4293.884978737753
e8fffaab-f310-4c9c-a833-a837b68f1658,2026-07-22 12:45:00+00:00,6512.9,2987.2,61734.37,7134.517898883179,6258.860917461921
e8fffaab-f310-4c9c-a833-a837b68f1658,2026-07-22 13:00:00+00:00,3373.59,6512.9,52388.97,10368.464804512856,9533.673393728206
e8fffaab-f310-4c9c-a833-a837b68f1658,2026-07-22 13:15:00+00:00,5602.17,3373.59,39264.15,5646.990748810474,5036.69770973917
e8fffaab-f310-4c9c-a833-a837b68f1658,2026-07-22 13:30:00+00:00,3304.57,5602.17,14391.19,7631.106960724912,7220.825338154594
e8fffaab-f310-4c9c-a833-a837b68f1658,2026-07-22 13:45:00+00:00,2750.2,3304.57,9184.87,4723.979703143129,4369.572904985812
e8fffaab-f310-4c9c-a833-a837b68f1658,2026-07-22 14:00:00+00:00,3861.77,2750.2,2731.07,4345.9451926158235,4075.608061120498
e8fffaab-f310-4c9c-a833-a837b68f1658,2026-07-22 14:15:00+00:00,5928.29,3861.77,8529.18,5573.11973296,5271.066043832981
e8fffaab-f310-4c9c-a833-a837b68f1658,2026-07-22 14:30:00+00:00,7685.57,5928.29,5861.51,7473.929394682378,7164.4637173339
e8fffaab-f310-4c9c-a833-a837b68f1658,2026-07-22 14:45:00+00:00,4050.54,7685.57,2712.51,8092.209582380613,7895.5200901979815
e8fffaab-f310-4c9c-a833-a837b68f1658,2026-07-22 15:00:00+00:00,4021.76,4050.54,5386.78,4129.73857403058,3948.00228245002
e8fffaab-f310-4c9c-a833-a837b68f1658,2026-07-22 15:15:00+00:00,5779.32,4021.76,5141.5,4782.1343971277565,4605.193871685734
e8fffaab-f310-4c9c-a833-a837b68f1658,2026-07-22 15:30:00+00:00,8531.79,5779.32,9283.6,6541.55982231636,6337.49656401541
e8fffaab-f310-4c9c-a833-a837b68f1658,2026-07-22 15:45:00+00:00,6175.64,8531.79,6013.79,8773.224889047713,8600.848774595941
e8fffaab-f310-4c9c-a833-a837b68f1658,2026-07-22 16:00:00+00:00,1464.24,6175.64,471.37,5444.243758799801,5378.903881206516
e8fffaab-f310-4c9c-a833-a837b68f1658,2026-07-22 16:15:00+00:00,3685.54,1464.24,4089.31,1434.3126054256481,1352.9535105821378
e8fffaab-f310-4c9c-a833-a837b68f1658,2026-07-22 16:30:00+00:00,34608.63,3685.54,3826.21,4584.864673199584,4474.813373466056
e8fffaab-f310-4c9c-a833-a837b68f1658,2026-07-22 16:45:00+00:00,56475.94,34608.63,3319.22,34650.30618077293,34360.88048264022
e8fffaab-f310-4c9c-a833-a837b68f1658,2026-07-22 17:00:00+00:00,56248.51,56475.94,4382.74,50283.63533425257,49850.40239490151
e8fffaab-f310-4c9c-a833-a837b68f1658,2026-07-22 17:15:00+00:00,57241.0,56248.51,3630.55,45896.86112374316,45447.79140137008
e8fffaab-f310-4c9c-a833-a837b68f1658,2026-07-22 17:30:00+00:00,46911.48,57241.0,4032.98,47732.4202553183,47048.08105400766
e8fffaab-f310-4c9c-a833-a837b68f1658,2026-07-22 17:45:00+00:00,32607.49,46911.48,5245.38,37945.294618149055,37158.62568692256
e8fffaab-f310-4c9c-a833-a837b68f1658,2026-07-22 18:00:00+00:00,4045.99,32607.49,4033.09,25745.06757798948,25080.163343504944
e8fffaab-f310-4c9c-a833-a837b68f1658,2026-07-22 18:15:00+00:00,3789.92,4045.99,4582.78,275.7813802301607,-193.71352449992628
e8fffaab-f310-4c9c-a833-a837b68f1658,2026-07-22 18:30:00+00:00,3694.21,3789.92,5913.12,5271.764816914422,4905.393327015432
e8fffaab-f310-4c9c-a833-a837b68f1658,2026-07-22 18:45:00+00:00,4076.25,3694.21,6626.81,4868.660872130731,4619.310142846709
e8fffaab-f310-4c9c-a833-a837b68f1658,2026-07-22 19:00:00+00:00,4037.29,4076.25,4834.52,4437.614140403255,4435.1367639891605
e8fffaab-f310-4c9c-a833-a837b68f1658,2026-07-22 19:15:00+00:00,3958.94,4037.29,5202.9,4334.136064840159,4327.229375983227
e8fffaab-f310-4c9c-a833-a837b68f1658,2026-07-22 19:30:00+00:00,4485.11,3958.94,4651.62,4213.284438105993,4214.917466811939
e8fffaab-f310-4c9c-a833-a837b68f1658,2026-07-22 19:45:00+00:00,4900.28,4485.11,4843.89,4792.795299290491,4781.337669128476
e8fffaab-f310-4c9c-a833-a837b68f1658,2026-07-22 20:00:00+00:00,5107.85,4900.28,4674.01,5116.2894550874535,5100.497756860351
e8fffaab-f310-4c9c-a833-a837b68f1658,2026-07-22 20:15:00+00:00,4562.09,5107.85,4602.32,5273.829216178989,5235.409216994785
e8fffaab-f310-4c9c-a833-a837b68f1658,2026-07-22 20:30:00+00:00,4303.24,4562.09,4627.19,4673.690597257113,4624.863828653432
e8fffaab-f310-4c9c-a833-a837b68f1658,2026-07-22 20:45:00+00:00,4929.05,4303.24,4493.26,4539.98161772292,4475.753452433519
e8fffaab-f310-4c9c-a833-a837b68f1658,2026-07-22 21:00:00+00:00,4402.5,4929.05,4314.81,5212.448760351472,5131.400733041339
e8fffaab-f310-4c9c-a833-a837b68f1658,2026-07-22 21:15:00+00:00,3908.62,4402.5,4180.86,4536.969959566922,4450.19222693025
e8fffaab-f310-4c9c-a833-a837b68f1658,2026-07-22 21:30:00+00:00,4062.16,3908.62,4786.33,4179.0224013493635,4075.560380514162
e8fffaab-f310-4c9c-a833-a837b68f1658,2026-07-22 21:45:00+00:00,4119.08,4062.16,4420.12,4435.0718080521265,4315.194559731216
e8fffaab-f310-4c9c-a833-a837b68f1658,2026-07-22 22:00:00+00:00,3805.52,4119.08,4736.13,4458.608709493458,4328.350057337892
e8fffaab-f310-4c9c-a833-a837b68f1658,2026-07-22 22:15:00+00:00,3819.69,3805.52,5080.83,4158.09616634703,4022.4883655038875
e8fffaab-f310-4c9c-a833-a837b68f1658,2026-07-22 22:30:00+00:00,3584.54,3819.69,4379.69,4219.923743352234,4084.8396234603106
e8fffaab-f310-4c9c-a833-a837b68f1658,2026-07-22 22:45:00+00:00,3249.73,3584.54,4693.02,4014.0457620656234,3873.5239753036076
e8fffaab-f310-4c9c-a833-a837b68f1658,2026-07-22 23:00:00+00:00,3539.38,3249.73,5044.64,3761.146486466002,3618.501196622303
e8fffaab-f310-4c9c-a833-a837b68f1658,2026-07-22 23:15:00+00:00,4018.39,3539.38,5142.12,4135.73844491955,3985.9882336461305
e8fffaab-f310-4c9c-a833-a837b68f1658,2026-07-22 23:30:00+00:00,4171.95,4018.39,3697.54,4516.32787168429,4374.6720972697885
e8fffaab-f310-4c9c-a833-a837b68f1658,2026-07-22 23:45:00+00:00,4373.92,4171.95,3567.85,4596.501034791392,4454.212203931665
e8fffaab-f310-4c9c-a833-a837b68f1658,2026-07-23 00:00:00+00:00,3461.99,4373.92,3567.62,4742.168830916021,4617.247506722428
e8fffaab-f310-4c9c-a833-a837b68f1658,2026-07-23 00:15:00+00:00,3653.4,3461.99,3536.03,3823.8161972418966,3708.462743838997
e8fffaab-f310-4c9c-a833-a837b68f1658,2026-07-23 00:30:00+00:00,4188.27,3653.4,3592.26,4228.724809038298,4116.4312067151095
e8fffaab-f310-4c9c-a833-a837b68f1658,2026-07-23 00:45:00+00:00,3810.93,4188.27,3876.87,4757.154277941983,4646.4628851743055
e8fffaab-f310-4c9c-a833-a837b68f1658,2026-07-23 01:00:00+00:00,3159.68,3810.93,3291.24,4229.7294916723995,4148.352957516035
e8fffaab-f310-4c9c-a833-a837b68f1658,2026-07-23 01:15:00+00:00,3029.98,3159.68,3845.08,3713.328224441898,3643.8075790906987
e8fffaab-f310-4c9c-a833-a837b68f1658,2026-07-23 01:30:00+00:00,4072.62,3029.98,3903.63,3758.5263449785252,3700.5458994293776
e8fffaab-f310-4c9c-a833-a837b68f1658,2026-07-23 01:45:00+00:00,3433.01,4072.62,4996.42,4875.250137665589,4820.682135674936
e8fffaab-f310-4c9c-a833-a837b68f1658,2026-07-23 02:00:00+00:00,5796.94,3433.01,7150.51,4293.079632375258,4221.410550422098
e8fffaab-f310-4c9c-a833-a837b68f1658,2026-07-23 02:15:00+00:00,5501.74,5796.94,5760.31,6689.995577262238,6641.17974824278
e8fffaab-f310-4c9c-a833-a837b68f1658,2026-07-23 02:30:00+00:00,5478.95,5501.74,6012.22,5994.216863848773,5957.662885321688
e8fffaab-f310-4c9c-a833-a837b68f1658,2026-07-23 02:45:00+00:00,5974.64,5478.95,6112.57,6071.968478795632,6056.565165652316
e8fffaab-f310-4c9c-a833-a837b68f1658,2026-07-23 03:00:00+00:00,6158.83,5974.64,6114.63,6658.850894723688,6643.980641678165
e8fffaab-f310-4c9c-a833-a837b68f1658,2026-07-23 03:15:00+00:00,6705.27,6158.83,5662.92,6776.685238099323,6781.548164918327
e8fffaab-f310-4c9c-a833-a837b68f1658,2026-07-23 03:30:00+00:00,6371.08,6705.27,5685.09,7296.613536715493,7320.145093155263
e8fffaab-f310-4c9c-a833-a837b68f1658,2026-07-23 03:45:00+00:00,5781.57,6371.08,5428.29,6979.261947334851,7010.380928049417
e8fffaab-f310-4c9c-a833-a837b68f1658,2026-07-23 04:00:00+00:00,5435.91,5781.57,5608.66,6415.147691671754,6482.405416979041
e8fffaab-f310-4c9c-a833-a837b68f1658,2026-07-23 04:15:00+00:00,5830.79,5435.91,5626.53,6218.58471513398,6284.070466834037
e8fffaab-f310-4c9c-a833-a837b68f1658,2026-07-23 04:30:00+00:00,5906.84,5830.79,5145.7,6723.102920002774,6784.433454186673
e8fffaab-f310-4c9c-a833-a837b68f1658,2026-07-23 04:45:00+00:00,5816.27,5906.84,5236.17,7300.2222447387,7275.003574141019
e8fffaab-f310-4c9c-a833-a837b68f1658,2026-07-23 05:00:00+00:00,5242.79,5816.27,6423.2,7279.5823359710685,7243.08583198178
e8fffaab-f310-4c9c-a833-a837b68f1658,2026-07-23 05:15:00+00:00,4181.37,5242.79,3836.5,6034.468265812466,6115.940154463938
e8fffaab-f310-4c9c-a833-a837b68f1658,2026-07-23 05:30:00+00:00,4178.24,4181.37,5720.87,5203.6594522350215,5268.134794837209
e8fffaab-f310-4c9c-a833-a837b68f1658,2026-07-23 05:45:00+00:00,6755.64,4178.24,6669.7,5607.426991449963,5636.69253529112
e8fffaab-f310-4c9c-a833-a837b68f1658,2026-07-23 06:00:00+00:00,7346.09,6755.64,8742.11,8293.320916242992,8278.527266105992
e8fffaab-f310-4c9c-a833-a837b68f1658,2026-07-23 06:15:00+00:00,8467.12,7346.09,7877.32,8274.690918827158,8263.16522647273
e8fffaab-f310-4c9c-a833-a837b68f1658,2026-07-23 06:30:00+00:00,6431.53,8467.12,6980.83,9210.778771124953,9188.689966902168
e8fffaab-f310-4c9c-a833-a837b68f1658,2026-07-23 06:45:00+00:00,9016.56,6431.53,6898.32,7039.788315516023,6996.594799995608
e8fffaab-f310-4c9c-a833-a837b68f1658,2026-07-23 07:00:00+00:00,6733.35,9016.56,7912.53,10109.393913798973,10010.447405994599
e8fffaab-f310-4c9c-a833-a837b68f1658,2026-07-23 07:15:00+00:00,9404.18,6733.35,5652.95,7286.336314679042,7204.508793789222
e8fffaab-f310-4c9c-a833-a837b68f1658,2026-07-23 07:30:00+00:00,8808.63,9404.18,6326.35,10362.37744458451,10260.770799062555
e8fffaab-f310-4c9c-a833-a837b68f1658,2026-07-23 07:45:00+00:00,5630.22,8808.63,7900.01,9396.871716090687,9250.680050325824
e8fffaab-f310-4c9c-a833-a837b68f1658,2026-07-23 08:00:00+00:00,7143.25,5630.22,7315.98,6260.959993140549,6150.192244018843
e8fffaab-f310-4c9c-a833-a837b68f1658,2026-07-23 08:15:00+00:00,7427.66,7143.25,5768.91,8282.011227018087,8177.644747027943
e8fffaab-f310-4c9c-a833-a837b68f1658,2026-07-23 08:30:00+00:00,5020.05,7427.66,2148.02,8175.207486038627,8099.964543382405
e8fffaab-f310-4c9c-a833-a837b68f1658,2026-07-23 08:45:00+00:00,7992.97,5020.05,1573.72,6023.9012211979425,5935.003692312149
e8fffaab-f310-4c9c-a833-a837b68f1658,2026-07-23 09:00:00+00:00,10923.29,7992.97,5068.76,9572.158314949702,9428.40847835956
e8fffaab-f310-4c9c-a833-a837b68f1658,2026-07-23 09:15:00+00:00,4935.84,10923.29,4532.47,11964.905692448008,11790.867262986923
e8fffaab-f310-4c9c-a833-a837b68f1658,2026-07-23 09:30:00+00:00,7735.72,4935.84,7213.94,5349.251246799657,5232.530032341162
e8fffaab-f310-4c9c-a833-a837b68f1658,2026-07-23 09:45:00+00:00,5466.24,7735.72,7264.78,9189.205627787098,9057.757712362867
e8fffaab-f310-4c9c-a833-a837b68f1658,2026-07-23 10:00:00+00:00,5711.85,5466.24,7283.07,6399.848675558647,6267.270863951057
e8fffaab-f310-4c9c-a833-a837b68f1658,2026-07-23 10:15:00+00:00,7578.5,5711.85,3555.01,6794.264689351989,6692.1230685401
e8fffaab-f310-4c9c-a833-a837b68f1658,2026-07-23 10:30:00+00:00,4738.72,7578.5,5640.91,8690.0454842802,8495.775125609603
e8fffaab-f310-4c9c-a833-a837b68f1658,2026-07-23 10:45:00+00:00,1001.29,4738.72,7141.9,5346.965147103341,5150.914967944663
e8fffaab-f310-4c9c-a833-a837b68f1658,2026-07-23 11:00:00+00:00,5847.34,1001.29,6146.06,2260.632485970871,2030.5679294771871
e8fffaab-f310-4c9c-a833-a837b68f1658,2026-07-23 11:15:00+00:00,4177.6,5847.34,4960.39,7827.527613492628,7544.231642954328
e8fffaab-f310-4c9c-a833-a837b68f1658,2026-07-23 11:30:00+00:00,4685.05,4177.6,7394.32,5138.695946094498,4868.317835773988
e8fffaab-f310-4c9c-a833-a837b68f1658,2026-07-23 11:45:00+00:00,5833.0,4685.05,4294.67,5650.271259487579,5433.053435791508
e8fffaab-f310-4c9c-a833-a837b68f1658,2026-07-23 12:00:00+00:00,2812.28,5833.0,6172.12,6968.797742306513,6658.761710300592
e8fffaab-f310-4c9c-a833-a837b68f1658,2026-07-23 12:15:00+00:00,3958.06,2812.28,3375.14,3862.6253061999296,3556.356036249508
e8fffaab-f310-4c9c-a833-a837b68f1658,2026-07-23 12:30:00+00:00,5290.83,3958.06,2987.2,8046.292904487964,7330.24233030371
e8fffaab-f310-4c9c-a833-a837b68f1658,2026-07-23 12:45:00+00:00,6779.82,5290.83,6512.9,6738.955687410186,6361.29741700948
e8fffaab-f310-4c9c-a833-a837b68f1658,2026-07-23 13:00:00+00:00,7936.7,6779.82,3373.59,7421.412252535441,7118.861507561748
e8fffaab-f310-4c9c-a833-a837b68f1658,2026-07-23 13:15:00+00:00,9265.26,7936.7,5602.17,8378.950614768379,8038.497088065592
e8fffaab-f310-4c9c-a833-a837b68f1658,2026-07-23 13:30:00+00:00,5118.31,9265.26,3304.57,9314.794568426169,8986.638345191845
e8fffaab-f310-4c9c-a833-a837b68f1658,2026-07-23 13:45:00+00:00,6320.51,5118.31,2750.2,4987.340458187158,4670.620314984085
e8fffaab-f310-4c9c-a833-a837b68f1658,2026-07-23 14:00:00+00:00,6913.87,6320.51,3861.77,7182.290831747159,6812.829841242532
e8fffaab-f310-4c9c-a833-a837b68f1658,2026-07-23 14:15:00+00:00,4389.93,6913.87,5928.29,7376.226958924035,7023.488140737814
e8fffaab-f310-4c9c-a833-a837b68f1658,2026-07-23 14:30:00+00:00,6417.77,4389.93,7685.57,4513.2282258308205,4231.441259453757
e8fffaab-f310-4c9c-a833-a837b68f1658,2026-07-23 14:45:00+00:00,3374.8,6417.77,4050.54,7044.906903264933,6755.745284164508
e8fffaab-f310-4c9c-a833-a837b68f1658,2026-07-23 15:00:00+00:00,1971.31,3374.8,4021.76,3373.7558231989124,3146.801913000435
e8fffaab-f310-4c9c-a833-a837b68f1658,2026-07-23 15:15:00+00:00,2761.75,1971.31,5779.32,2429.651279382744,2248.2754946135638
e8fffaab-f310-4c9c-a833-a837b68f1658,2026-07-23 15:30:00+00:00,5527.5,2761.75,8531.79,3766.13844814395,3527.786314237139
e8fffaab-f310-4c9c-a833-a837b68f1658,2026-07-23 15:45:00+00:00,4137.56,5527.5,6175.64,6243.201165298526,6027.297180349136
e8fffaab-f310-4c9c-a833-a837b68f1658,2026-07-23 16:00:00+00:00,2000.47,4137.56,1464.24,3962.5307182480637,3837.154248285854
e8fffaab-f310-4c9c-a833-a837b68f1658,2026-07-23 16:15:00+00:00,3110.71,2000.47,3685.54,2283.6035604338103,2158.0749578393843
e8fffaab-f310-4c9c-a833-a837b68f1658,2026-07-23 16:30:00+00:00,4001.75,3110.71,34608.63,5263.3237075458455,4821.155546143876
e8fffaab-f310-4c9c-a833-a837b68f1658,2026-07-23 16:45:00+00:00,2155.28,4001.75,56475.94,6809.3144565288385,6183.7868836501475
e8fffaab-f310-4c9c-a833-a837b68f1658,2026-07-23 17:00:00+00:00,2904.16,2155.28,56248.51,4747.6130026854635,4171.572916615594
e8fffaab-f310-4c9c-a833-a837b68f1658,2026-07-23 17:15:00+00:00,3201.78,2904.16,57241.0,5880.559869787085,5297.446336866098
e8fffaab-f310-4c9c-a833-a837b68f1658,2026-07-23 17:30:00+00:00,5024.42,3201.78,46911.48,5585.749928966429,5106.273820100087
e8fffaab-f310-4c9c-a833-a837b68f1658,2026-07-23 17:45:00+00:00,5057.09,5024.42,32607.49,6706.187752265831,6370.580042865209
e8fffaab-f310-4c9c-a833-a837b68f1658,2026-07-23 18:00:00+00:00,4357.09,5057.09,4045.99,5054.987334920997,5017.632009652789
e8fffaab-f310-4c9c-a833-a837b68f1658,2026-07-23 18:15:00+00:00,4888.28,4357.09,3789.92,4368.038789767695,4347.391279353648
e8fffaab-f310-4c9c-a833-a837b68f1658,2026-07-23 18:30:00+00:00,4595.63,4888.28,3694.21,5032.239608690582,5016.587885835098
e8fffaab-f310-4c9c-a833-a837b68f1658,2026-07-23 18:45:00+00:00,4568.72,4595.63,4076.25,4656.439824644987,4654.135055354828
e8fffaab-f310-4c9c-a833-a837b68f1658,2026-07-23 19:00:00+00:00,4936.74,4568.72,4037.29,4688.84818640019,4705.402489377468
e8fffaab-f310-4c9c-a833-a837b68f1658,2026-07-23 19:15:00+00:00,4593.64,4936.74,3958.94,5031.5987955811925,5051.203235572172
e8fffaab-f310-4c9c-a833-a837b68f1658,2026-07-23 19:30:00+00:00,4407.02,4593.64,4485.11,4638.440280661431,4660.775976199128
e8fffaab-f310-4c9c-a833-a837b68f1658,2026-07-23 19:45:00+00:00,4358.14,4407.02,4900.28,4597.9165966302435,4613.287959748404
e8fffaab-f310-4c9c-a833-a837b68f1658,2026-07-23 20:00:00+00:00,4437.13,4358.14,5107.85,4647.510084077505,4657.813725896962
e8fffaab-f310-4c9c-a833-a837b68f1658,2026-07-23 20:15:00+00:00,4400.44,4437.13,4562.09,4631.925047765337,4646.592034546187
e8fffaab-f310-4c9c-a833-a837b68f1658,2026-07-23 20:30:00+00:00,4407.39,4400.44,4303.24,4549.547898582028,4557.819182226191
e8fffaab-f310-4c9c-a833-a837b68f1658,2026-07-23 20:45:00+00:00,4362.95,4407.39,4929.05,4604.969634630133,4593.636584897563
e8fffaab-f310-4c9c-a833-a837b68f1658,2026-07-23 21:00:00+00:00,4133.9,4362.95,4402.5,4531.36491224553,4516.103501285301
e8fffaab-f310-4c9c-a833-a837b68f1658,2026-07-23 21:15:00+00:00,4155.4,4133.9,3908.62,4298.355670999658,4275.04190964144
e8fffaab-f310-4c9c-a833-a837b68f1658,2026-07-23 21:30:00+00:00,4574.88,4155.4,4062.16,4392.398830813059,4352.240353902067
e8fffaab-f310-4c9c-a833-a837b68f1658,2026-07-23 21:45:00+00:00,5693.44,4574.88,4119.08,4870.5306584877335,4806.854630856858
e8fffaab-f310-4c9c-a833-a837b68f1658,2026-07-23 22:00:00+00:00,4760.35,5693.44,3805.52,5851.1924124090665,5780.338240464742
e8fffaab-f310-4c9c-a833-a837b68f1658,2026-07-23 22:15:00+00:00,4538.96,4760.35,3819.69,4720.819355023209,4648.7247593037855
e8fffaab-f310-4c9c-a833-a837b68f1658,2026-07-23 22:30:00+00:00,4968.76,4538.96,3584.54,4749.3926166885485,4664.463538597254
e8fffaab-f310-4c9c-a833-a837b68f1658,2026-07-23 22:45:00+00:00,4389.1,4968.76,3249.73,5214.223238709908,5122.526082089421
e8fffaab-f310-4c9c-a833-a837b68f1658,2026-07-23 23:00:00+00:00,4166.91,4389.1,3539.38,4544.3732057110765,4461.139954583657
e8fffaab-f310-4c9c-a833-a837b68f1658,2026-07-23 23:15:00+00:00,4228.29,4166.91,4018.39,4473.762343420006,4389.003294489631
e8fffaab-f310-4c9c-a833-a837b68f1658,2026-07-23 23:30:00+00:00,3513.23,4228.29,4171.95,4591.422669974753,4507.213351997465
e8fffaab-f310-4c9c-a833-a837b68f1658,2026-07-23 23:45:00+00:00,3521.39,3513.23,4373.92,3883.317623898861,3810.3609148759006
e8fffaab-f310-4c9c-a833-a837b68f1658,2026-07-24 00:00:00+00:00,3440.45,3521.39,3461.99,4030.936083578031,3963.798011511866
e8fffaab-f310-4c9c-a833-a837b68f1658,2026-07-24 00:15:00+00:00,3458.38,3440.45,3653.4,3997.1767392503734,3927.2595446001187
e8fffaab-f310-4c9c-a833-a837b68f1658,2026-07-24 00:30:00+00:00,3488.22,3458.38,4188.27,4040.120210073661,3976.4387303139565
e8fffaab-f310-4c9c-a833-a837b68f1658,2026-07-24 00:45:00+00:00,3362.72,3488.22,3810.93,4114.976213846208,4053.0199960872133
e8fffaab-f310-4c9c-a833-a837b68f1658,2026-07-24 01:00:00+00:00,3071.62,3362.72,3159.68,3908.210428296268,3871.591628703084
e8fffaab-f310-4c9c-a833-a837b68f1658,2026-07-24 01:15:00+00:00,3051.99,3071.62,3029.98,3678.7553707792576,3654.3798591928844
e8fffaab-f310-4c9c-a833-a837b68f1658,2026-07-24 01:30:00+00:00,4246.34,3051.99,4072.62,3828.653265023453,3800.565779361503
e8fffaab-f310-4c9c-a833-a837b68f1658,2026-07-24 01:45:00+00:00,4537.75,4246.34,3433.01,4963.435575278316,4956.274533616562
e8fffaab-f310-4c9c-a833-a837b68f1658,2026-07-24 02:00:00+00:00,6830.88,4537.75,5796.94,5294.529193494009,5255.829271377935
e8fffaab-f310-4c9c-a833-a837b68f1658,2026-07-24 02:15:00+00:00,6012.18,6830.88,5501.74,7511.309446391526,7477.046188414461
e8fffaab-f310-4c9c-a833-a837b68f1658,2026-07-24 02:30:00+00:00,6881.28,6012.18,5478.95,6306.301449575118,6284.998799541887
e8fffaab-f310-4c9c-a833-a837b68f1658,2026-07-24 02:45:00+00:00,6439.33,6881.28,5974.64,7349.485279132314,7338.350488142867
e8fffaab-f310-4c9c-a833-a837b68f1658,2026-07-24 03:00:00+00:00,6570.92,6439.33,6158.83,6855.004956142201,6843.035630531231
e8fffaab-f310-4c9c-a833-a837b68f1658,2026-07-24 03:15:00+00:00,6970.31,6570.92,6705.27,7097.914054873909,7104.241708459226
e8fffaab-f310-4c9c-a833-a837b68f1658,2026-07-24 03:30:00+00:00,6305.34,6970.31,6371.08,7510.278059374201,7527.807801311148
e8fffaab-f310-4c9c-a833-a837b68f1658,2026-07-24 03:45:00+00:00,5788.11,6305.34,5781.57,6748.558104306598,6801.241252346329
e8fffaab-f310-4c9c-a833-a837b68f1658,2026-07-24 04:00:00+00:00,5920.48,5788.11,5435.91,6329.840247869941,6416.591479721771
e8fffaab-f310-4c9c-a833-a837b68f1658,2026-07-24 04:15:00+00:00,5467.19,5920.48,5830.79,6739.258644778878,6792.0158907355835
e8fffaab-f310-4c9c-a833-a837b68f1658,2026-07-24 04:30:00+00:00,4902.62,5467.19,5906.84,6278.142485689384,6331.628585670076
e8fffaab-f310-4c9c-a833-a837b68f1658,2026-07-24 04:45:00+00:00,5182.78,4902.62,5816.27,5758.477944177211,5823.71455367028
e8fffaab-f310-4c9c-a833-a837b68f1658,2026-07-24 05:00:00+00:00,5117.85,5182.78,5242.79,6142.539220077711,6205.999325764329
e8fffaab-f310-4c9c-a833-a837b68f1658,2026-07-24 05:15:00+00:00,6811.84,5117.85,4181.37,6054.292566193239,6112.009441989248
e8fffaab-f310-4c9c-a833-a837b68f1658,2026-07-24 05:30:00+00:00,7313.55,6811.84,4178.24,7798.655287949396,7832.532252147755
e8fffaab-f310-4c9c-a833-a837b68f1658,2026-07-24 05:45:00+00:00,8129.74,7313.55,6755.64,8222.7228994733,8197.548304217395
e8fffaab-f310-4c9c-a833-a837b68f1658,2026-07-24 06:00:00+00:00,7930.51,8129.74,7346.09,8881.371837152883,8850.78088880684
e8fffaab-f310-4c9c-a833-a837b68f1658,2026-07-24 06:15:00+00:00,7957.39,7930.51,8467.12,8691.878442930016,8611.906517531745
e8fffaab-f310-4c9c-a833-a837b68f1658,2026-07-24 06:30:00+00:00,7725.79,7957.39,6431.53,8544.87638943512,8486.94138423908
e8fffaab-f310-4c9c-a833-a837b68f1658,2026-07-24 06:45:00+00:00,8644.12,7725.79,9016.56,8386.623656699892,8291.745971605475
e8fffaab-f310-4c9c-a833-a837b68f1658,2026-07-24 07:00:00+00:00,6987.54,8644.12,6733.35,9330.36955217264,9221.618769254017
e8fffaab-f310-4c9c-a833-a837b68f1658,2026-07-24 07:15:00+00:00,6502.04,6987.54,9404.18,7532.812213084201,7399.677375781981
e8fffaab-f310-4c9c-a833-a837b68f1658,2026-07-24 07:30:00+00:00,5867.29,6502.04,8808.63,7345.666963971328,7198.507482071531
e8fffaab-f310-4c9c-a833-a837b68f1658,2026-07-24 07:45:00+00:00,6457.3,5867.29,5630.22,6761.841460656107,6606.849044405417
e8fffaab-f310-4c9c-a833-a837b68f1658,2026-07-24 08:00:00+00:00,5327.64,6457.3,7143.25,7579.838655036524,7378.153816133767
e8fffaab-f310-4c9c-a833-a837b68f1658,2026-07-24 08:15:00+00:00,2025.85,5327.64,7427.66,5990.372258409987,5865.793862114034
e8fffaab-f310-4c9c-a833-a837b68f1658,2026-07-24 08:30:00+00:00,6511.25,2025.85,5020.05,2732.3266673681946,2683.6740904397393
e8fffaab-f310-4c9c-a833-a837b68f1658,2026-07-24 08:45:00+00:00,4776.4,6511.25,7992.97,8363.182637078029,8198.803224712128
e8fffaab-f310-4c9c-a833-a837b68f1658,2026-07-24 09:00:00+00:00,2525.11,4776.4,10923.29,5931.652447435791,5756.30479430013
e8fffaab-f310-4c9c-a833-a837b68f1658,2026-07-24 09:15:00+00:00,6543.28,2525.11,4935.84,3621.7034800631136,3529.448920094742
e8fffaab-f310-4c9c-a833-a837b68f1658,2026-07-24 09:30:00+00:00,5929.68,6543.28,7735.72,8203.49848665476,8005.7572707645595
e8fffaab-f310-4c9c-a833-a837b68f1658,2026-07-24 09:45:00+00:00,5834.38,5929.68,5466.24,6653.305520928925,6465.463367961269
e8fffaab-f310-4c9c-a833-a837b68f1658,2026-07-24 10:00:00+00:00,4953.49,5834.38,5711.85,6777.266949143335,6549.373699313794
e8fffaab-f310-4c9c-a833-a837b68f1658,2026-07-24 10:15:00+00:00,6180.43,4953.49,7578.5,5804.913582414066,5581.0579776824225
e8fffaab-f310-4c9c-a833-a837b68f1658,2026-07-24 10:30:00+00:00,3679.85,6180.43,4738.72,7021.2614774710855,6824.151163241337
e8fffaab-f310-4c9c-a833-a837b68f1658,2026-07-24 10:45:00+00:00,7605.4,3679.85,1001.29,4198.591350286382,4041.5154155546825
e8fffaab-f310-4c9c-a833-a837b68f1658,2026-07-24 11:00:00+00:00,6962.45,7605.4,5847.34,8740.392365437903,8514.328178058851
e8fffaab-f310-4c9c-a833-a837b68f1658,2026-07-24 11:15:00+00:00,8273.23,6962.45,4177.6,7176.926230987994,7007.4229799685145
e8fffaab-f310-4c9c-a833-a837b68f1658,2026-07-24 11:30:00+00:00,8676.39,8273.23,4685.05,8842.262026360251,8659.183561572478
e8fffaab-f310-4c9c-a833-a837b68f1658,2026-07-24 11:45:00+00:00,4866.85,8676.39,5833.0,8719.819235704184,8581.959831618045
e8fffaab-f310-4c9c-a833-a837b68f1658,2026-07-24 12:00:00+00:00,6459.9,4866.85,2812.28,5093.2249326790115,4978.371856429105
e8fffaab-f310-4c9c-a833-a837b68f1658,2026-07-24 12:15:00+00:00,7039.12,6459.9,3958.06,7478.294132088735,7324.614482642341
e8fffaab-f310-4c9c-a833-a837b68f1658,2026-07-24 12:30:00+00:00,8353.73,7039.12,5290.83,7835.641914325958,7644.677803622452
e8fffaab-f310-4c9c-a833-a837b68f1658,2026-07-24 12:45:00+00:00,8401.32,8353.73,6779.82,8817.205105435227,8644.725576411036
e8fffaab-f310-4c9c-a833-a837b68f1658,2026-07-24 13:00:00+00:00,8681.14,8401.32,7936.7,8219.488852168053,8082.198274892073
e8fffaab-f310-4c9c-a833-a837b68f1658,2026-07-24 13:15:00+00:00,8397.2,8681.14,9265.26,9197.121186069427,8910.940821361723
e8fffaab-f310-4c9c-a833-a837b68f1658,2026-07-24 13:30:00+00:00,5469.03,8397.2,5118.31,8644.255395702194,8370.524532868694
e8fffaab-f310-4c9c-a833-a837b68f1658,2026-07-24 13:45:00+00:00,7520.8,5469.03,6320.51,5773.954502543043,5487.938683625388
e8fffaab-f310-4c9c-a833-a837b68f1658,2026-07-24 14:00:00+00:00,6079.16,7520.8,6913.87,8574.95000319933,8208.218395219279
e8fffaab-f310-4c9c-a833-a837b68f1658,2026-07-24 14:15:00+00:00,5712.75,6079.16,4389.93,6231.035720338501,5958.469931948055
e8fffaab-f310-4c9c-a833-a837b68f1658,2026-07-24 14:30:00+00:00,5240.98,5712.75,6417.77,6353.787465334522,6050.6611302051315
e8fffaab-f310-4c9c-a833-a837b68f1658,2026-07-24 14:45:00+00:00,9560.62,5240.98,3374.8,5324.537541591004,5118.884510954916
e8fffaab-f310-4c9c-a833-a837b68f1658,2026-07-24 15:00:00+00:00,7940.7,9560.62,1971.31,9653.812034917213,9426.863243674628
e8fffaab-f310-4c9c-a833-a837b68f1658,2026-07-24 15:15:00+00:00,6922.59,7940.7,2761.75,7358.759917018766,7101.010418458494
e8fffaab-f310-4c9c-a833-a837b68f1658,2026-07-24 15:30:00+00:00,5264.33,6922.59,5527.5,6694.441957797337,6416.682794348742
e8fffaab-f310-4c9c-a833-a837b68f1658,2026-07-24 15:45:00+00:00,3169.04,5264.33,4137.56,5294.9147555208665,4992.824128572953
e8fffaab-f310-4c9c-a833-a837b68f1658,2026-07-24 16:00:00+00:00,1312.06,3169.04,2000.47,3240.620604276941,2994.717751092996
e8fffaab-f310-4c9c-a833-a837b68f1658,2026-07-24 16:15:00+00:00,2075.6,1312.06,3110.71,1763.1481236645868,1542.1027938450497
e8fffaab-f310-4c9c-a833-a837b68f1658,2026-07-24 16:30:00+00:00,4515.21,2075.6,4001.75,2811.081206903643,2603.43808469903
e8fffaab-f310-4c9c-a833-a837b68f1658,2026-07-24 16:45:00+00:00,2044.49,4515.21,2155.28,5050.757580356708,4847.002535114026
e8fffaab-f310-4c9c-a833-a837b68f1658,2026-07-24 17:00:00+00:00,3251.11,2044.49,2904.16,2205.045958993607,2012.629919261768
e8fffaab-f310-4c9c-a833-a837b68f1658,2026-07-24 17:15:00+00:00,3160.88,3251.11,3201.78,3867.5863835380887,3677.432254479111
e8fffaab-f310-4c9c-a833-a837b68f1658,2026-07-24 17:30:00+00:00,4469.04,3160.88,5024.42,3696.2089249265846,3479.237724812405
e8fffaab-f310-4c9c-a833-a837b68f1658,2026-07-24 17:45:00+00:00,3542.28,4469.04,5057.09,4984.716663338894,4782.885947903731
e8fffaab-f310-4c9c-a833-a837b68f1658,2026-07-24 18:00:00+00:00,3986.58,3542.28,4357.09,3761.298076379122,3582.535409974912
e8fffaab-f310-4c9c-a833-a837b68f1658,2026-07-24 18:15:00+00:00,4864.88,3986.58,4888.28,4322.54441676366,4155.700258303434
e8fffaab-f310-4c9c-a833-a837b68f1658,2026-07-24 18:30:00+00:00,4334.49,4864.88,4595.63,5108.851047911037,4938.690563284656
e8fffaab-f310-4c9c-a833-a837b68f1658,2026-07-24 18:45:00+00:00,4254.39,4334.49,4568.72,4412.523666708589,4256.7188325104025
e8fffaab-f310-4c9c-a833-a837b68f1658,2026-07-24 19:00:00+00:00,4291.18,4254.39,4936.74,4454.871407030982,4302.653375675782
e8fffaab-f310-4c9c-a833-a837b68f1658,2026-07-24 19:15:00+00:00,4315.46,4291.18,4593.64,4522.302430020714,4382.493674534215
e8fffaab-f310-4c9c-a833-a837b68f1658,2026-07-24 19:30:00+00:00,4554.32,4315.46,4407.02,4511.270074012883,4396.31260930799
e8fffaab-f310-4c9c-a833-a837b68f1658,2026-07-24 19:45:00+00:00,4583.54,4554.32,4358.14,4747.274086341291,4649.747143336544
e8fffaab-f310-4c9c-a833-a837b68f1658,2026-07-24 20:00:00+00:00,4687.17,4583.54,4437.13,4739.54280423569,4660.279582237814
e8fffaab-f310-4c9c-a833-a837b68f1658,2026-07-24 20:15:00+00:00,4671.68,4687.17,4400.44,4836.549093490152,4744.841282559646
e8fffaab-f310-4c9c-a833-a837b68f1658,2026-07-24 20:30:00+00:00,4746.72,4671.68,4407.39,4816.206964362054,4710.896791051328
e8fffaab-f310-4c9c-a833-a837b68f1658,2026-07-24 20:45:00+00:00,4488.21,4746.72,4362.95,4908.753759488335,4791.60420616008
e8fffaab-f310-4c9c-a833-a837b68f1658,2026-07-24 21:00:00+00:00,4547.89,4488.21,4133.9,4673.186776693719,4545.074124985549
e8fffaab-f310-4c9c-a833-a837b68f1658,2026-07-24 21:15:00+00:00,5173.71,4547.89,4155.4,4789.047701872592,4646.073753406371
e8fffaab-f310-4c9c-a833-a837b68f1658,2026-07-24 21:30:00+00:00,4997.34,5173.71,4574.88,5406.401026055707,5244.383558958081
e8fffaab-f310-4c9c-a833-a837b68f1658,2026-07-24 21:45:00+00:00,4678.45,4997.34,5693.44,5166.891310819698,4984.362730801632
e8fffaab-f310-4c9c-a833-a837b68f1658,2026-07-24 22:00:00+00:00,4670.94,4678.45,4760.35,4827.699521659673,4650.501804434783
e8fffaab-f310-4c9c-a833-a837b68f1658,2026-07-24 22:15:00+00:00,4660.34,4670.94,4538.96,4895.209820315051,4709.95024487229
e8fffaab-f310-4c9c-a833-a837b68f1658,2026-07-24 22:30:00+00:00,4376.45,4660.34,4968.76,4904.106752944859,4712.697577793272
e8fffaab-f310-4c9c-a833-a837b68f1658,2026-07-24 22:45:00+00:00,3974.62,4376.45,4389.1,4601.826144358312,4417.8529733674295
e8fffaab-f310-4c9c-a833-a837b68f1658,2026-07-24 23:00:00+00:00,4051.88,3974.62,4166.91,4266.4895762984515,4085.740611145462
e8fffaab-f310-4c9c-a833-a837b68f1658,2026-07-24 23:15:00+00:00,3955.82,4051.88,4228.29,4445.231675876355,4275.111080014918
e8fffaab-f310-4c9c-a833-a837b68f1658,2026-07-24 23:30:00+00:00,4019.59,3955.82,3513.23,4315.479588739081,4168.937719847378
e8fffaab-f310-4c9c-a833-a837b68f1658,2026-07-24 23:45:00+00:00,3948.65,4019.59,3521.39,4409.021404334939,4280.305019370586
e8fffaab-f310-4c9c-a833-a837b68f1658,2026-07-25 00:00:00+00:00,3980.21,3948.65,3440.45,3864.3341290373537,3626.3346228332366
e8fffaab-f310-4c9c-a833-a837b68f1658,2026-07-25 00:15:00+00:00,3947.7,3980.21,3458.38,3923.0614617627734,3691.152664535415
e8fffaab-f310-4c9c-a833-a837b68f1658,2026-07-25 00:30:00+00:00,3546.36,3947.7,3488.22,3966.8739901047293,3731.847111551274
e8fffaab-f310-4c9c-a833-a837b68f1658,2026-07-25 00:45:00+00:00,4188.68,3546.36,3362.72,3574.864354111989,3354.970195389288
e8fffaab-f310-4c9c-a833-a837b68f1658,2026-07-25 01:00:00+00:00,3881.93,4188.68,3071.62,4314.034073060039,4100.151374412273
e8fffaab-f310-4c9c-a833-a837b68f1658,2026-07-25 01:15:00+00:00,3558.58,3881.93,3051.99,3908.671293248506,3710.098742330575
e8fffaab-f310-4c9c-a833-a837b68f1658,2026-07-25 01:30:00+00:00,3271.17,3558.58,4246.34,3670.809952657395,3487.4900396329103
e8fffaab-f310-4c9c-a833-a837b68f1658,2026-07-25 01:45:00+00:00,3964.32,3271.17,4537.75,3488.782973770426,3318.199117010665
e8fffaab-f310-4c9c-a833-a837b68f1658,2026-07-25 02:00:00+00:00,3002.39,3964.32,6830.88,4329.059292163804,4154.510840983659
e8fffaab-f310-4c9c-a833-a837b68f1658,2026-07-25 02:15:00+00:00,2986.01,3002.39,6012.18,3223.9074813230454,3085.1013018872172
e8fffaab-f310-4c9c-a833-a837b68f1658,2026-07-25 02:30:00+00:00,3048.32,2986.01,6881.28,3465.355419474131,3338.8998017099075
e8fffaab-f310-4c9c-a833-a837b68f1658,2026-07-25 02:45:00+00:00,3586.78,3048.32,6439.33,3538.850392659422,3435.1192758120824
e8fffaab-f310-4c9c-a833-a837b68f1658,2026-07-25 03:00:00+00:00,4086.9,3586.78,6570.92,4083.0309041952223,4001.8957357917425
e8fffaab-f310-4c9c-a833-a837b68f1658,2026-07-25 03:15:00+00:00,3570.45,4086.9,6970.31,4524.161872436639,4457.231387902292
e8fffaab-f310-4c9c-a833-a837b68f1658,2026-07-25 03:30:00+00:00,4234.09,3570.45,6305.34,3883.6861651312192,3854.4387345808136
e8fffaab-f310-4c9c-a833-a837b68f1658,2026-07-25 03:45:00+00:00,3538.62,4234.09,5788.11,4638.988820587661,4633.892930415505
e8fffaab-f310-4c9c-a833-a837b68f1658,2026-07-25 04:00:00+00:00,3327.0,3538.62,5920.48,3857.2588797275193,3877.868019493386
e8fffaab-f310-4c9c-a833-a837b68f1658,2026-07-25 04:15:00+00:00,3399.19,3327.0,5467.19,3838.072683192394,3860.215609554458
e8fffaab-f310-4c9c-a833-a837b68f1658,2026-07-25 04:30:00+00:00,2928.93,3399.19,4902.62,3914.180614930322,3946.7452515361883
e8fffaab-f310-4c9c-a833-a837b68f1658,2026-07-25 04:45:00+00:00,2559.35,2928.93,5182.78,3417.8669193823853,3463.976508056985
e8fffaab-f310-4c9c-a833-a837b68f1658,2026-07-25 05:00:00+00:00,2348.92,2559.35,5117.85,3185.2010623450396,3234.6266604348157
e8fffaab-f310-4c9c-a833-a837b68f1658,2026-07-25 05:15:00+00:00,2924.96,2348.92,6811.84,3062.5034847630322,3089.643289744935
e8fffaab-f310-4c9c-a833-a837b68f1658,2026-07-25 05:30:00+00:00,2998.0,2924.96,7313.55,3726.2088772930856,3725.0355331113924
e8fffaab-f310-4c9c-a833-a837b68f1658,2026-07-25 05:45:00+00:00,2397.37,2998.0,8129.74,3712.164924974689,3688.5207418654363
e8fffaab-f310-4c9c-a833-a837b68f1658,2026-07-25 06:00:00+00:00,307.51,2397.37,7930.51,3114.131764056906,3077.0794357659397
e8fffaab-f310-4c9c-a833-a837b68f1658,2026-07-25 06:15:00+00:00,1374.93,307.51,7957.39,1230.3056005838444,1171.661911050931
e8fffaab-f310-4c9c-a833-a837b68f1658,2026-07-25 06:30:00+00:00,1009.45,1374.93,7725.79,2609.0976812883164,2534.4701881819465
e8fffaab-f310-4c9c-a833-a837b68f1658,2026-07-25 06:45:00+00:00,2835.06,1009.45,8644.12,2040.6216100206811,1943.4084207043006
e8fffaab-f310-4c9c-a833-a837b68f1658,2026-07-25 07:00:00+00:00,-820.78,2835.06,6987.54,3849.1398037598765,3738.478163812919
e8fffaab-f310-4c9c-a833-a837b68f1658,2026-07-25 07:15:00+00:00,805.08,-820.78,6502.04,-122.98710394997579,-230.70368382619927
e8fffaab-f310-4c9c-a833-a837b68f1658,2026-07-25 07:30:00+00:00,2889.9,805.08,5867.29,2180.416315250529,2050.109378053533
e8fffaab-f310-4c9c-a833-a837b68f1658,2026-07-25 07:45:00+00:00,-800.53,2889.9,6457.3,3999.571806510582,3815.3288451764156
e8fffaab-f310-4c9c-a833-a837b68f1658,2026-07-25 08:00:00+00:00,1314.37,-800.53,5327.64,-174.10223350038177,-321.30904679384
e8fffaab-f310-4c9c-a833-a837b68f1658,2026-07-25 08:15:00+00:00,2044.11,1314.37,2025.85,2399.294043313118,2264.6950901129867
e8fffaab-f310-4c9c-a833-a837b68f1658,2026-07-25 08:30:00+00:00,4280.11,2044.11,6511.25,2972.059004332971,2752.9532846335287
e8fffaab-f310-4c9c-a833-a837b68f1658,2026-07-25 08:45:00+00:00,1836.49,4280.11,4776.4,4937.231381162789,4719.364373349179
e8fffaab-f310-4c9c-a833-a837b68f1658,2026-07-25 09:00:00+00:00,-2148.36,1836.49,2525.11,2002.3491222905632,1791.4239264485168
e8fffaab-f310-4c9c-a833-a837b68f1658,2026-07-25 09:15:00+00:00,-4733.92,-2148.36,6543.28,-1378.525689537968,-1606.126250481977
e8fffaab-f310-4c9c-a833-a837b68f1658,2026-07-25 09:30:00+00:00,1562.39,-4733.92,5929.68,-3059.617440139373,-3308.576772930137
e8fffaab-f310-4c9c-a833-a837b68f1658,2026-07-25 09:45:00+00:00,-4787.48,1562.39,5834.38,3572.844871502846,3289.2121318328636
e8fffaab-f310-4c9c-a833-a837b68f1658,2026-07-25 10:00:00+00:00,73.44,-4787.48,4953.49,-4191.510678718114,-4399.276445418491
e8fffaab-f310-4c9c-a833-a837b68f1658,2026-07-25 10:15:00+00:00,-4086.5,73.44,6180.43,1970.5318917110544,1707.7172970190386
e8fffaab-f310-4c9c-a833-a837b68f1658,2026-07-25 10:30:00+00:00,-1606.74,-4086.5,3679.85,-3079.86030906445,-3348.602724331202
e8fffaab-f310-4c9c-a833-a837b68f1658,2026-07-25 10:45:00+00:00,-6214.32,-1606.74,7605.4,239.2167591650359,-58.10167588429613
e8fffaab-f310-4c9c-a833-a837b68f1658,2026-07-25 11:00:00+00:00,3033.32,-6214.32,6962.45,-4734.604686283825,-5046.883855224429
e8fffaab-f310-4c9c-a833-a837b68f1658,2026-07-25 11:15:00+00:00,420.66,3033.32,8273.23,5197.965511850158,4850.250549969423
e8fffaab-f310-4c9c-a833-a837b68f1658,2026-07-25 11:30:00+00:00,3885.83,420.66,8676.39,885.6863360250536,523.2650250847
e8fffaab-f310-4c9c-a833-a837b68f1658,2026-07-25 11:45:00+00:00,2377.8,3885.83,4866.85,4408.648770026955,4107.997942535044
e8fffaab-f310-4c9c-a833-a837b68f1658,2026-07-25 12:00:00+00:00,3853.73,2377.8,6459.9,2385.6439412906875,2022.407343528731
e8fffaab-f310-4c9c-a833-a837b68f1658,2026-07-25 12:15:00+00:00,4130.96,3853.73,7039.12,4011.4539839589215,3665.3189938088535
e8fffaab-f310-4c9c-a833-a837b68f1658,2026-07-25 12:30:00+00:00,5177.52,4130.96,8353.73,4508.100843665262,4059.8322419466194
e8fffaab-f310-4c9c-a833-a837b68f1658,2026-07-25 12:45:00+00:00,5057.5,5177.52,8401.32,5302.4532337834935,4876.869124493614
e8fffaab-f310-4c9c-a833-a837b68f1658,2026-07-25 13:00:00+00:00,3076.6,5057.5,8681.14,4936.044849605406,4504.9278133715325
e8fffaab-f310-4c9c-a833-a837b68f1658,2026-07-25 13:15:00+00:00,-288.95,3076.6,8397.2,2847.744049352699,2461.0877763474336
e8fffaab-f310-4c9c-a833-a837b68f1658,2026-07-25 13:30:00+00:00,2381.66,-288.95,5469.03,-78.02136349812099,-434.01919717128476
e8fffaab-f310-4c9c-a833-a837b68f1658,2026-07-25 13:45:00+00:00,-1266.06,2381.66,7520.8,3316.5621702803774,2927.9493666042135
e8fffaab-f310-4c9c-a833-a837b68f1658,2026-07-25 14:00:00+00:00,1651.08,-1266.06,6079.16,-892.5832213646681,-1231.0874669223576
e8fffaab-f310-4c9c-a833-a837b68f1658,2026-07-25 14:15:00+00:00,-133.09,1651.08,5712.75,2593.400186513877,2274.854344110636
e8fffaab-f310-4c9c-a833-a837b68f1658,2026-07-25 14:30:00+00:00,916.23,-133.09,5240.98,68.14093682887324,-211.51977995775633
e8fffaab-f310-4c9c-a833-a837b68f1658,2026-07-25 14:45:00+00:00,-518.87,916.23,9560.62,1789.4933777126444,1456.1222647446266
e8fffaab-f310-4c9c-a833-a837b68f1658,2026-07-25 15:00:00+00:00,1585.31,-518.87,7940.7,-91.59602479809837,-377.39649419867237
e8fffaab-f310-4c9c-a833-a837b68f1658,2026-07-25 15:15:00+00:00,2342.36,1585.31,6922.59,2319.2106407246993,2002.9486747847568
e8fffaab-f310-4c9c-a833-a837b68f1658,2026-07-25 15:30:00+00:00,2607.36,2342.36,5264.33,2644.650926783819,2306.419164261768
e8fffaab-f310-4c9c-a833-a837b68f1658,2026-07-25 15:45:00+00:00,3989.5,2607.36,3169.04,2547.1433909646075,2231.236474977489
e8fffaab-f310-4c9c-a833-a837b68f1658,2026-07-25 16:00:00+00:00,3775.61,3989.5,1312.06,3824.2294845983934,3482.120632645163
e8fffaab-f310-4c9c-a833-a837b68f1658,2026-07-25 16:15:00+00:00,3682.83,3775.61,2075.6,3278.1828806962712,2946.990183050654
e8fffaab-f310-4c9c-a833-a837b68f1658,2026-07-25 16:30:00+00:00,4984.21,3682.83,4515.21,3429.54308983215,3063.4246768996454
e8fffaab-f310-4c9c-a833-a837b68f1658,2026-07-25 16:45:00+00:00,5344.56,4984.21,2044.49,4724.802559453739,4357.86524499148
e8fffaab-f310-4c9c-a833-a837b68f1658,2026-07-25 17:00:00+00:00,4195.19,5344.56,3251.11,4847.431879892372,4475.5797098783405
e8fffaab-f310-4c9c-a833-a837b68f1658,2026-07-25 17:15:00+00:00,4299.48,4195.19,3160.88,3621.159010116404,3271.5381823212474
e8fffaab-f310-4c9c-a833-a837b68f1658,2026-07-25 17:30:00+00:00,3946.57,4299.48,4469.04,4009.7300635444144,3652.9310038614685
e8fffaab-f310-4c9c-a833-a837b68f1658,2026-07-25 17:45:00+00:00,3598.38,3946.57,3542.28,3631.1444995896363,3290.9207989140377
e8fffaab-f310-4c9c-a833-a837b68f1658,2026-07-25 18:00:00+00:00,3707.38,3598.38,3986.58,3353.7298062809177,3030.7529721555975
e8fffaab-f310-4c9c-a833-a837b68f1658,2026-07-25 18:15:00+00:00,3711.23,3707.38,4864.88,3573.855693681994,3255.9486885071983
e8fffaab-f310-4c9c-a833-a837b68f1658,2026-07-25 18:30:00+00:00,4173.25,3711.23,4334.49,3509.5051639417206,3217.8626551316365
e8fffaab-f310-4c9c-a833-a837b68f1658,2026-07-25 18:45:00+00:00,4308.4,4173.25,4254.39,3965.8684306047135,3689.4592703852613
e8fffaab-f310-4c9c-a833-a837b68f1658,2026-07-25 19:00:00+00:00,5352.39,4308.4,4291.18,4013.032602033235,3752.100022023773
e8fffaab-f310-4c9c-a833-a837b68f1658,2026-07-25 19:15:00+00:00,4829.77,5352.39,4315.46,5012.028119641243,4753.13808293021
e8fffaab-f310-4c9c-a833-a837b68f1658,2026-07-25 19:30:00+00:00,5454.54,4829.77,4554.32,4316.274273020665,4063.0448281859863
e8fffaab-f310-4c9c-a833-a837b68f1658,2026-07-25 19:45:00+00:00,5311.93,5454.54,4583.54,5082.775551323527,4827.583485898163
e8fffaab-f310-4c9c-a833-a837b68f1658,2026-07-25 20:00:00+00:00,4848.38,5311.93,4687.17,4829.425524173324,4580.496027603903
e8fffaab-f310-4c9c-a833-a837b68f1658,2026-07-25 20:15:00+00:00,4795.21,4848.38,4671.68,4365.241118899996,4118.542053077583
e8fffaab-f310-4c9c-a833-a837b68f1658,2026-07-25 20:30:00+00:00,5123.14,4795.21,4746.72,4428.7270459293995,4169.3242298629075
e8fffaab-f310-4c9c-a833-a837b68f1658,2026-07-25 20:45:00+00:00,4770.49,5123.14,4488.21,4748.947624672996,4485.732447395714
e8fffaab-f310-4c9c-a833-a837b68f1658,2026-07-25 21:00:00+00:00,4538.74,4770.49,4547.89,4329.284859457848,4067.140019400811
e8fffaab-f310-4c9c-a833-a837b68f1658,2026-07-25 21:15:00+00:00,4541.65,4538.74,5173.71,4191.9099154889,3910.7375202557487
e8fffaab-f310-4c9c-a833-a837b68f1658,2026-07-25 21:30:00+00:00,4545.31,4541.65,4997.34,4272.551409427798,3971.8977560142266
e8fffaab-f310-4c9c-a833-a837b68f1658,2026-07-25 21:45:00+00:00,4696.64,4545.31,4678.45,4257.355811120125,3949.7041141462323
e8fffaab-f310-4c9c-a833-a837b68f1658,2026-07-25 22:00:00+00:00,4430.69,4696.64,4670.94,4383.83629717986,4069.301400838018
e8fffaab-f310-4c9c-a833-a837b68f1658,2026-07-25 22:15:00+00:00,4372.89,4430.69,4660.34,4105.751064867738,3782.6522557959324
e8fffaab-f310-4c9c-a833-a837b68f1658,2026-07-25 22:30:00+00:00,5048.34,4372.89,4376.45,4135.368709399646,3801.850112885346
e8fffaab-f310-4c9c-a833-a837b68f1658,2026-07-25 22:45:00+00:00,4997.53,5048.34,3974.62,4803.75319267853,4463.868463189987
e8fffaab-f310-4c9c-a833-a837b68f1658,2026-07-25 23:00:00+00:00,4702.69,4997.53,4051.88,4621.623458982342,4280.158464666326
e8fffaab-f310-4c9c-a833-a837b68f1658,2026-07-25 23:15:00+00:00,4884.93,4702.69,3955.82,4359.410828099389,4021.002844352677
e8fffaab-f310-4c9c-a833-a837b68f1658,2026-07-25 23:30:00+00:00,4936.83,4884.93,4019.59,4656.827972486227,4310.875237888209
e8fffaab-f310-4c9c-a833-a837b68f1658,2026-07-25 23:45:00+00:00,4789.23,4936.83,3948.65,4662.44512267997,4325.530975221624
e8fffaab-f310-4c9c-a833-a837b68f1658,2026-07-26 00:00:00+00:00,4401.19,4789.23,3980.21,4584.971635525264,4228.576332468437
e8fffaab-f310-4c9c-a833-a837b68f1658,2026-07-26 00:15:00+00:00,4439.44,4401.19,3947.7,4254.399669122609,3902.1061094355737
e8fffaab-f310-4c9c-a833-a837b68f1658,2026-07-26 00:30:00+00:00,4507.2,4439.44,3546.36,4371.268367678101,4027.014294865363
e8fffaab-f310-4c9c-a833-a837b68f1658,2026-07-26 00:45:00+00:00,4366.56,4507.2,4188.68,4516.088148083337,4166.109589543609
e8fffaab-f310-4c9c-a833-a837b68f1658,2026-07-26 01:00:00+00:00,3984.39,4366.56,3881.93,4316.749612106079,3988.5408376599235
e8fffaab-f310-4c9c-a833-a837b68f1658,2026-07-26 01:15:00+00:00,3237.36,3984.39,3558.58,3981.3583506432033,3669.415931317404
e8fffaab-f310-4c9c-a833-a837b68f1658,2026-07-26 01:30:00+00:00,3595.4,3237.36,3271.17,3335.0305510178496,3042.7255228298463
e8fffaab-f310-4c9c-a833-a837b68f1658,2026-07-26 01:45:00+00:00,3477.37,3595.4,3964.32,3889.4202047207873,3603.3350764640472
e8fffaab-f310-4c9c-a833-a837b68f1658,2026-07-26 02:00:00+00:00,3509.75,3477.37,3002.39,3676.7527719612553,3419.4988904038128
e8fffaab-f310-4c9c-a833-a837b68f1658,2026-07-26 02:15:00+00:00,3827.08,3509.75,2986.01,3797.331827770553,3555.4020116422153
e8fffaab-f310-4c9c-a833-a837b68f1658,2026-07-26 02:30:00+00:00,3750.57,3827.08,3048.32,4103.0542336745275,3882.2423530914766
e8fffaab-f310-4c9c-a833-a837b68f1658,2026-07-26 02:45:00+00:00,3879.74,3750.57,3586.78,4005.366641736975,3803.106976752325
e8fffaab-f310-4c9c-a833-a837b68f1658,2026-07-26 03:00:00+00:00,4554.88,3879.74,4086.9,4226.413243695387,4036.092622211392
e8fffaab-f310-4c9c-a833-a837b68f1658,2026-07-26 03:15:00+00:00,4705.01,4554.88,3570.45,4878.075683375368,4708.823380488188
e8fffaab-f310-4c9c-a833-a837b68f1658,2026-07-26 03:30:00+00:00,4180.38,4705.01,4234.09,4918.984103987252,4770.598164229272
e8fffaab-f310-4c9c-a833-a837b68f1658,2026-07-26 03:45:00+00:00,3067.22,4180.38,3538.62,4333.630017254155,4224.266466124284
e8fffaab-f310-4c9c-a833-a837b68f1658,2026-07-26 04:00:00+00:00,3002.25,3067.22,3327.0,3387.3503523949357,3304.2033297385715
e8fffaab-f310-4c9c-a833-a837b68f1658,2026-07-26 04:15:00+00:00,3406.36,3002.25,3399.19,3562.754699827771,3489.4384583071114
e8fffaab-f310-4c9c-a833-a837b68f1658,2026-07-26 04:30:00+00:00,3013.15,3406.36,2928.93,3932.023983877606,3879.983161433881
e8fffaab-f310-4c9c-a833-a837b68f1658,2026-07-26 04:45:00+00:00,2769.21,3013.15,2559.35,3426.20014105719,3401.8215093050294
e8fffaab-f310-4c9c-a833-a837b68f1658,2026-07-26 05:00:00+00:00,2458.55,2769.21,2348.92,3251.1706721200335,3245.3302074214917
e8fffaab-f310-4c9c-a833-a837b68f1658,2026-07-26 05:15:00+00:00,2909.59,2458.55,2924.96,3052.312575329828,3031.804115628347
e8fffaab-f310-4c9c-a833-a837b68f1658,2026-07-26 05:30:00+00:00,3081.6,2909.59,2998.0,3564.8419733873434,3537.641154203985
e8fffaab-f310-4c9c-a833-a837b68f1658,2026-07-26 05:45:00+00:00,3198.18,3081.6,2397.37,3613.691833537975,3588.8288027552553
e8fffaab-f310-4c9c-a833-a837b68f1658,2026-07-26 06:00:00+00:00,3709.98,3198.18,307.51,3594.7884393895974,3587.5492459227717
e8fffaab-f310-4c9c-a833-a837b68f1658,2026-07-26 06:15:00+00:00,3591.27,3709.98,1374.93,4174.351537922892,4121.133112408308
e8fffaab-f310-4c9c-a833-a837b68f1658,2026-07-26 06:30:00+00:00,3464.53,3591.27,1009.45,4003.427325343986,3920.6677347492287
e8fffaab-f310-4c9c-a833-a837b68f1658,2026-07-26 06:45:00+00:00,3538.57,3464.53,2835.06,3990.2814620353447,3864.670037211943
e8fffaab-f310-4c9c-a833-a837b68f1658,2026-07-26 07:00:00+00:00,2783.37,3538.57,-820.78,3831.2592469756073,3729.703405820319
e8fffaab-f310-4c9c-a833-a837b68f1658,2026-07-26 07:15:00+00:00,2492.38,2783.37,805.08,3183.4081116022344,3097.731497606621
e8fffaab-f310-4c9c-a833-a837b68f1658,2026-07-26 07:30:00+00:00,1573.16,2492.38,2889.9,3018.127349123308,2965.033936052225
e8fffaab-f310-4c9c-a833-a837b68f1658,2026-07-26 07:45:00+00:00,302.78,1573.16,-800.53,2009.2275987999683,2028.3545274218695
e8fffaab-f310-4c9c-a833-a837b68f1658,2026-07-26 08:00:00+00:00,2479.28,302.78,1314.37,982.6574048258572,1028.8111832413488
e8fffaab-f310-4c9c-a833-a837b68f1658,2026-07-26 08:15:00+00:00,2189.76,2479.28,2044.11,3433.3968072030048,3411.517355333058
e8fffaab-f310-4c9c-a833-a837b68f1658,2026-07-26 08:30:00+00:00,2172.29,2189.76,4280.11,2814.0050678673124,2729.229870320677
e8fffaab-f310-4c9c-a833-a837b68f1658,2026-07-26 08:45:00+00:00,159.04,2172.29,1836.49,3736.2868417248856,3476.2196165453715
e8fffaab-f310-4c9c-a833-a837b68f1658,2026-07-26 09:00:00+00:00,2256.09,159.04,-2148.36,3262.7416533837077,2731.4953590419072
e8fffaab-f310-4c9c-a833-a837b68f1658,2026-07-26 09:15:00+00:00,2566.25,2256.09,-4733.92,4799.839729835347,4418.730452484851
e8fffaab-f310-4c9c-a833-a837b68f1658,2026-07-26 09:30:00+00:00,2569.8,2566.25,1562.39,3061.6353488546447,2924.054446408564
e8fffaab-f310-4c9c-a833-a837b68f1658,2026-07-26 09:45:00+00:00,3211.22,2569.8,-4787.48,2538.1019641417834,2504.4569702123235
e8fffaab-f310-4c9c-a833-a837b68f1658,2026-07-26 10:00:00+00:00,3817.02,3211.22,73.44,3659.5637229241893,3526.544787409497
e8fffaab-f310-4c9c-a833-a837b68f1658,2026-07-26 10:15:00+00:00,4006.81,3817.02,-4086.5,3640.645057348065,3635.451225467914
e8fffaab-f310-4c9c-a833-a837b68f1658,2026-07-26 10:30:00+00:00,2179.18,4006.81,-1606.74,4128.719368666601,4090.5484671545164
e8fffaab-f310-4c9c-a833-a837b68f1658,2026-07-26 10:45:00+00:00,1818.84,2179.18,-6214.32,1964.0075923498725,2038.806230987736
e8fffaab-f310-4c9c-a833-a837b68f1658,2026-07-26 11:00:00+00:00,1602.18,1818.84,3033.32,2317.158441301016,2348.0587832668934
e8fffaab-f310-4c9c-a833-a837b68f1658,2026-07-26 11:15:00+00:00,441.02,1602.18,420.66,2200.042582240695,2205.738570115861
e8fffaab-f310-4c9c-a833-a837b68f1658,2026-07-26 11:30:00+00:00,1872.22,441.02,3885.83,1006.9148169269884,999.1866701939834
e8fffaab-f310-4c9c-a833-a837b68f1658,2026-07-26 11:45:00+00:00,2954.32,1872.22,2377.8,2571.987149203869,2539.9569638049215
e8fffaab-f310-4c9c-a833-a837b68f1658,2026-07-26 12:00:00+00:00,2384.04,2954.32,3853.73,3399.2635615844138,3315.6921611157886
e8fffaab-f310-4c9c-a833-a837b68f1658,2026-07-26 12:15:00+00:00,1388.11,2384.04,4130.96,2558.061994170145,2523.2480454160577
e8fffaab-f310-4c9c-a833-a837b68f1658,2026-07-26 12:30:00+00:00,1014.76,1388.11,5177.52,1755.0491329896213,1737.3323085609045
e8fffaab-f310-4c9c-a833-a837b68f1658,2026-07-26 12:45:00+00:00,2680.99,1014.76,5057.5,1783.508039444323,1760.9414975898944
e8fffaab-f310-4c9c-a833-a837b68f1658,2026-07-26 13:00:00+00:00,2816.39,2680.99,3076.6,3333.0918228689106,3360.873525670123
e8fffaab-f310-4c9c-a833-a837b68f1658,2026-07-26 13:15:00+00:00,2958.75,2816.39,-288.95,2941.581581850922,2964.4666188942274
e8fffaab-f310-4c9c-a833-a837b68f1658,2026-07-26 13:30:00+00:00,884.66,2958.75,2381.66,2830.64578551281,2831.6061025277895
e8fffaab-f310-4c9c-a833-a837b68f1658,2026-07-26 13:45:00+00:00,1882.57,884.66,-1266.06,789.1610426587413,750.6572748542494
e8fffaab-f310-4c9c-a833-a837b68f1658,2026-07-26 14:00:00+00:00,4523.68,1882.57,1651.08,2160.3015246525883,2057.1191600945967
e8fffaab-f310-4c9c-a833-a837b68f1658,2026-07-26 14:15:00+00:00,27074.28,4523.68,-133.09,4627.016411734939,4526.812891068073
e8fffaab-f310-4c9c-a833-a837b68f1658,2026-07-26 14:30:00+00:00,1810.05,27074.28,916.23,26384.78418635486,26168.79388993283
e8fffaab-f310-4c9c-a833-a837b68f1658,2026-07-26 14:45:00+00:00,1976.62,1810.05,-518.87,-2896.4276761460133,-2949.1352795202693
e8fffaab-f310-4c9c-a833-a837b68f1658,2026-07-26 15:00:00+00:00,2964.9,1976.62,1585.31,2225.2276933001567,2177.9289338999524
e8fffaab-f310-4c9c-a833-a837b68f1658,2026-07-26 15:15:00+00:00,2663.92,2964.9,2342.36,3781.1757408426865,3523.898778105702
e8fffaab-f310-4c9c-a833-a837b68f1658,2026-07-26 15:30:00+00:00,1680.38,2663.92,2607.36,2519.8631600385343,2450.2864859844076
e8fffaab-f310-4c9c-a833-a837b68f1658,2026-07-26 15:45:00+00:00,3769.46,1680.38,3989.5,1758.0101330448397,1640.393796607028
e8fffaab-f310-4c9c-a833-a837b68f1658,2026-07-26 16:00:00+00:00,3416.33,3769.46,3775.61,3909.786206563951,3766.050466011149
e8fffaab-f310-4c9c-a833-a837b68f1658,2026-07-26 16:15:00+00:00,1759.1,3416.33,3682.83,3284.1168327601627,3107.9335700103575
e8fffaab-f310-4c9c-a833-a837b68f1658,2026-07-26 16:30:00+00:00,1258.93,1759.1,4984.21,1694.9973649609037,1517.0711537189054
e8fffaab-f310-4c9c-a833-a837b68f1658,2026-07-26 16:45:00+00:00,2904.05,1258.93,5344.56,1614.722810435158,1401.945449379291
e8fffaab-f310-4c9c-a833-a837b68f1658,2026-07-26 17:00:00+00:00,2428.51,2904.05,4195.19,3322.590017823978,3090.6671692806694
e8fffaab-f310-4c9c-a833-a837b68f1658,2026-07-26 17:15:00+00:00,2223.15,2428.51,4299.48,2410.773405800839,2191.316853432236
e8fffaab-f310-4c9c-a833-a837b68f1658,2026-07-26 17:30:00+00:00,2824.82,2223.15,3946.57,2255.330659637936,2032.499992582918
e8fffaab-f310-4c9c-a833-a837b68f1658,2026-07-26 17:45:00+00:00,3274.4,2824.82,3598.38,2941.057837484859,2686.9274425950734
e8fffaab-f310-4c9c-a833-a837b68f1658,2026-07-26 18:00:00+00:00,3297.0,3274.4,3707.38,3248.077316287674,2981.1680432512985
e8fffaab-f310-4c9c-a833-a837b68f1658,2026-07-26 18:15:00+00:00,52527.4,3297.0,3711.23,3163.2119401312766,2912.8102250267048
e8fffaab-f310-4c9c-a833-a837b68f1658,2026-07-26 18:30:00+00:00,56037.62,52527.4,4173.25,51888.14854996579,51321.857949252255
e8fffaab-f310-4c9c-a833-a837b68f1658,2026-07-26 18:45:00+00:00,46667.86,56037.62,4308.4,45949.81282174078,45329.512948376694
e8fffaab-f310-4c9c-a833-a837b68f1658,2026-07-26 19:00:00+00:00,32640.23,46667.86,5352.39,36042.70495726394,35487.13230889107
e8fffaab-f310-4c9c-a833-a837b68f1658,2026-07-26 19:15:00+00:00,4751.58,32640.23,4829.77,25257.06537177664,24427.438514913425
e8fffaab-f310-4c9c-a833-a837b68f1658,2026-07-26 19:30:00+00:00,4267.84,4751.58,5454.54,489.334921227588,-175.4636282662177
e8fffaab-f310-4c9c-a833-a837b68f1658,2026-07-26 19:45:00+00:00,3821.05,4267.84,5311.93,5128.329028417716,4566.681739167972
e8fffaab-f310-4c9c-a833-a837b68f1658,2026-07-26 20:00:00+00:00,3892.08,3821.05,4848.38,4441.530795930047,3996.9905234461676
e8fffaab-f310-4c9c-a833-a837b68f1658,2026-07-26 20:15:00+00:00,3900.19,3892.08,4795.21,3824.4619340896907,3584.3008916715144
e8fffaab-f310-4c9c-a833-a837b68f1658,2026-07-26 20:30:00+00:00,4241.23,3900.19,5123.14,3795.3739840364406,3543.6021690475845
e8fffaab-f310-4c9c-a833-a837b68f1658,2026-07-26 20:45:00+00:00,4451.66,4241.23,4770.49,4134.626192676219,3868.156031615521
e8fffaab-f310-4c9c-a833-a837b68f1658,2026-07-26 21:00:00+00:00,3989.7,4451.66,4538.74,4234.324456293459,3960.3637600595393
e8fffaab-f310-4c9c-a833-a837b68f1658,2026-07-26 21:15:00+00:00,4261.25,3989.7,4541.65,3749.8520273049644,3462.7557341676074
e8fffaab-f310-4c9c-a833-a837b68f1658,2026-07-26 21:30:00+00:00,4403.71,4261.25,4545.31,4126.32200745494,3821.28339305347
e8fffaab-f310-4c9c-a833-a837b68f1658,2026-07-26 21:45:00+00:00,3924.24,4403.71,4696.64,4239.043570895429,3917.341264674571
e8fffaab-f310-4c9c-a833-a837b68f1658,2026-07-26 22:00:00+00:00,3481.12,3924.24,4430.69,3734.3968971818595,3409.7752238238827
e8fffaab-f310-4c9c-a833-a837b68f1658,2026-07-26 22:15:00+00:00,3473.6,3481.12,4372.89,3368.3129163791564,3044.9857603530136
e8fffaab-f310-4c9c-a833-a837b68f1658,2026-07-26 22:30:00+00:00,3127.04,3473.6,5048.34,3500.91899642733,3164.410554773651
e8fffaab-f310-4c9c-a833-a837b68f1658,2026-07-26 22:45:00+00:00,3567.05,3127.04,4997.53,3143.0947667282053,2812.7118870129843
e8fffaab-f310-4c9c-a833-a837b68f1658,2026-07-26 23:00:00+00:00,3315.35,3567.05,4702.69,3646.1809102039315,3316.672381543477
e8fffaab-f310-4c9c-a833-a837b68f1658,2026-07-26 23:15:00+00:00,3375.64,3315.35,4884.93,3351.520708160936,3021.6730203017714
e8fffaab-f310-4c9c-a833-a837b68f1658,2026-07-26 23:30:00+00:00,3468.16,3375.64,4936.83,3517.5024087374204,3186.2297890119125
e8fffaab-f310-4c9c-a833-a837b68f1658,2026-07-26 23:45:00+00:00,3337.07,3468.16,4789.23,3606.712053237022,3280.866286722994
e8fffaab-f310-4c9c-a833-a837b68f1658,2026-07-27 00:00:00+00:00,3428.7,3337.07,4401.19,4014.776057340234,3794.959488430487
e8fffaab-f310-4c9c-a833-a837b68f1658,2026-07-27 00:15:00+00:00,4127.44,3428.7,4439.44,4131.127204946342,3913.411079254327
e8fffaab-f310-4c9c-a833-a837b68f1658,2026-07-27 00:30:00+00:00,4001.59,4127.44,4507.2,4854.71916766805,4628.777730371545
e8fffaab-f310-4c9c-a833-a837b68f1658,2026-07-27 00:45:00+00:00,3788.72,4001.59,4366.56,4604.805936145429,4385.2164295785105
e8fffaab-f310-4c9c-a833-a837b68f1658,2026-07-27 01:00:00+00:00,3901.32,3788.72,3984.39,4412.863809249881,4204.661499541137
e8fffaab-f310-4c9c-a833-a837b68f1658,2026-07-27 01:15:00+00:00,3957.28,3901.32,3237.36,4556.61604732852,4360.525381150007
e8fffaab-f310-4c9c-a833-a837b68f1658,2026-07-27 01:30:00+00:00,3311.11,3957.28,3595.4,4626.975346782671,4437.359377341964
e8fffaab-f310-4c9c-a833-a837b68f1658,2026-07-27 01:45:00+00:00,3459.39,3311.11,3477.37,3987.3748379433164,3816.208411984908
e8fffaab-f310-4c9c-a833-a837b68f1658,2026-07-27 02:00:00+00:00,5518.57,3459.39,3509.75,4422.400982622939,4240.6281697000195
e8fffaab-f310-4c9c-a833-a837b68f1658,2026-07-27 02:15:00+00:00,4748.67,5518.57,3827.08,6476.929532383876,6296.3424738259055
e8fffaab-f310-4c9c-a833-a837b68f1658,2026-07-27 02:30:00+00:00,5118.63,4748.67,3750.57,5349.513700491414,5194.680328711297
e8fffaab-f310-4c9c-a833-a837b68f1658,2026-07-27 02:45:00+00:00,5586.41,5118.63,3879.74,5889.372323119193,5753.261082007381
e8fffaab-f310-4c9c-a833-a837b68f1658,2026-07-27 03:00:00+00:00,5896.52,5586.41,4554.88,6385.234507052346,6246.721552897501
e8fffaab-f310-4c9c-a833-a837b68f1658,2026-07-27 03:15:00+00:00,6234.92,5896.52,4705.01,6622.5004955607965,6506.9434961467505
e8fffaab-f310-4c9c-a833-a837b68f1658,2026-07-27 03:30:00+00:00,6982.36,6234.92,4180.38,6894.237956328301,6804.072739978485
e8fffaab-f310-4c9c-a833-a837b68f1658,2026-07-27 03:45:00+00:00,6267.08,6982.36,3067.22,7541.787349310527,7480.139339805892
e8fffaab-f310-4c9c-a833-a837b68f1658,2026-07-27 04:00:00+00:00,8664.41,6267.08,3002.25,6712.94545535935,6679.515476179282
e8fffaab-f310-4c9c-a833-a837b68f1658,2026-07-27 04:15:00+00:00,6654.56,8664.41,3406.36,9297.371417311078,9243.797466674461
e8fffaab-f310-4c9c-a833-a837b68f1658,2026-07-27 04:30:00+00:00,5683.33,6654.56,3013.15,6841.045157342798,6808.182347486457
e8fffaab-f310-4c9c-a833-a837b68f1658,2026-07-27 04:45:00+00:00,5603.25,5683.33,2769.21,6415.955312794744,6380.612599597217
e8fffaab-f310-4c9c-a833-a837b68f1658,2026-07-27 05:00:00+00:00,5557.0,5603.25,2458.55,6593.750594035786,6551.045841135396
e8fffaab-f310-4c9c-a833-a837b68f1658,2026-07-27 05:15:00+00:00,4343.21,5557.0,2909.59,6571.572130141829,6520.98763922788
e8fffaab-f310-4c9c-a833-a837b68f1658,2026-07-27 05:30:00+00:00,6125.87,4343.21,3081.6,5316.26071524849,5273.711789896151
e8fffaab-f310-4c9c-a833-a837b68f1658,2026-07-27 05:45:00+00:00,6357.0,6125.87,3198.18,7371.542799924102,7295.883323077176
e8fffaab-f310-4c9c-a833-a837b68f1658,2026-07-27 06:00:00+00:00,6957.23,6357.0,3709.98,7139.443946864305,7064.915038632838
e8fffaab-f310-4c9c-a833-a837b68f1658,2026-07-27 06:15:00+00:00,7816.38,6957.23,3591.27,7731.864897177073,7640.237403408391
e8fffaab-f310-4c9c-a833-a837b68f1658,2026-07-27 06:30:00+00:00,6821.76,7816.38,3464.53,8489.61961283235,8370.816454904783
e8fffaab-f310-4c9c-a833-a837b68f1658,2026-07-27 06:45:00+00:00,7126.07,6821.76,3538.57,7393.887388411948,7259.414798711947
e8fffaab-f310-4c9c-a833-a837b68f1658,2026-07-27 07:00:00+00:00,6231.93,7126.07,2783.37,7769.993069295172,7639.692191428394
e8fffaab-f310-4c9c-a833-a837b68f1658,2026-07-27 07:15:00+00:00,2433.27,6231.93,2492.38,6871.901864546728,6736.850127973676
e8fffaab-f310-4c9c-a833-a837b68f1658,2026-07-27 07:30:00+00:00,6419.71,2433.27,1573.16,3278.484782219378,3174.2247367902573
e8fffaab-f310-4c9c-a833-a837b68f1658,2026-07-27 07:45:00+00:00,2342.15,6419.71,302.78,9018.293764919226,8722.291722723634
e8fffaab-f310-4c9c-a833-a837b68f1658,2026-07-27 08:00:00+00:00,1252.0,2342.15,2479.28,5941.272343283654,5390.307467695668
e8fffaab-f310-4c9c-a833-a837b68f1658,2026-07-27 08:15:00+00:00,8311.27,1252.0,2189.76,5516.285504473473,4996.445102461356
e8fffaab-f310-4c9c-a833-a837b68f1658,2026-07-27 08:30:00+00:00,8462.42,8311.27,2172.29,12801.320477815103,12192.169655143705
e8fffaab-f310-4c9c-a833-a837b68f1658,2026-07-27 08:45:00+00:00,7729.19,8462.42,159.04,11399.970472412606,10819.1160248648
e8fffaab-f310-4c9c-a833-a837b68f1658,2026-07-27 09:00:00+00:00,5781.37,7729.19,2256.09,9787.76782177098,9326.330748640074
e8fffaab-f310-4c9c-a833-a837b68f1658,2026-07-27 09:15:00+00:00,4169.2,5781.37,2566.25,7230.589948583278,6863.951572219423
e8fffaab-f310-4c9c-a833-a837b68f1658,2026-07-27 09:30:00+00:00,1002.89,4169.2,2569.8,4856.9438101547275,4667.923868765312
e8fffaab-f310-4c9c-a833-a837b68f1658,2026-07-27 09:45:00+00:00,3076.56,1002.89,3211.22,2003.1453279098387,1824.6141928638554
e8fffaab-f310-4c9c-a833-a837b68f1658,2026-07-27 10:00:00+00:00,8924.15,3076.56,3817.02,4894.661716385482,4654.828180045358
e8fffaab-f310-4c9c-a833-a837b68f1658,2026-07-27 10:15:00+00:00,8943.92,8924.15,4006.81,10148.089942156968,9881.238465399769
e8fffaab-f310-4c9c-a833-a837b68f1658,2026-07-27 10:30:00+00:00,10420.09,8943.92,2179.18,8933.820475884213,8681.315515768561
e8fffaab-f310-4c9c-a833-a837b68f1658,2026-07-27 10:45:00+00:00,6869.9,10420.09,1818.84,10508.543209589787,10204.238248952586
e8fffaab-f310-4c9c-a833-a837b68f1658,2026-07-27 11:00:00+00:00,9025.66,6869.9,1602.18,6615.759763816642,6309.5360832592505
e8fffaab-f310-4c9c-a833-a837b68f1658,2026-07-27 11:15:00+00:00,9046.89,9025.66,441.02,9293.484643044896,9060.775939675323
e8fffaab-f310-4c9c-a833-a837b68f1658,2026-07-27 11:30:00+00:00,5183.8,9046.89,1872.22,9189.063200286326,8958.040032128816
e8fffaab-f310-4c9c-a833-a837b68f1658,2026-07-27 11:45:00+00:00,6537.22,5183.8,2954.32,5183.6726526662505,5072.199803186702
e8fffaab-f310-4c9c-a833-a837b68f1658,2026-07-27 12:00:00+00:00,3163.04,6537.22,2384.04,7400.46999327196,7310.102606802966
e8fffaab-f310-4c9c-a833-a837b68f1658,2026-07-27 12:15:00+00:00,4273.33,3163.04,1388.11,3602.918348659161,3538.6895929403636
e8fffaab-f310-4c9c-a833-a837b68f1658,2026-07-27 12:30:00+00:00,7208.76,4273.33,1014.76,5002.361406041237,4971.975773782429
e8fffaab-f310-4c9c-a833-a837b68f1658,2026-07-27 12:45:00+00:00,7851.53,7208.76,2680.99,7909.341579853845,7782.509893644619
e8fffaab-f310-4c9c-a833-a837b68f1658,2026-07-27 13:00:00+00:00,9087.86,7851.53,2816.39,7673.938010894777,7566.472002682476
e8fffaab-f310-4c9c-a833-a837b68f1658,2026-07-27 13:15:00+00:00,4406.95,9087.86,2958.75,8932.982141872086,8773.845210962143
e8fffaab-f310-4c9c-a833-a837b68f1658,2026-07-27 13:30:00+00:00,6528.25,4406.95,884.66,4228.166197598169,4053.2579920261187
e8fffaab-f310-4c9c-a833-a837b68f1658,2026-07-27 13:45:00+00:00,9748.4,6528.25,1882.57,7288.192373137201,7071.10809761553
e8fffaab-f310-4c9c-a833-a837b68f1658,2026-07-27 14:00:00+00:00,10558.18,9748.4,4523.68,10152.793780605609,9869.23505798567
e8fffaab-f310-4c9c-a833-a837b68f1658,2026-07-27 14:15:00+00:00,4522.19,10558.18,27074.28,11367.266613242185,10851.065945811448
e8fffaab-f310-4c9c-a833-a837b68f1658,2026-07-27 14:30:00+00:00,6779.38,4522.19,1810.05,3917.381102308026,3698.7886682216313
e8fffaab-f310-4c9c-a833-a837b68f1658,2026-07-27 14:45:00+00:00,7764.33,6779.38,1976.62,7326.235753208031,7066.31238078249
e8fffaab-f310-4c9c-a833-a837b68f1658,2026-07-27 15:00:00+00:00,4827.03,7764.33,2964.9,7789.073365699876,7510.089588271074
e8fffaab-f310-4c9c-a833-a837b68f1658,2026-07-27 15:15:00+00:00,5543.95,4827.03,2663.92,4674.44318537218,4445.915086359446
e8fffaab-f310-4c9c-a833-a837b68f1658,2026-07-27 15:30:00+00:00,5103.69,5543.95,1680.38,5880.997650553227,5660.730132572972
e8fffaab-f310-4c9c-a833-a837b68f1658,2026-07-27 15:45:00+00:00,4790.04,5103.69,3769.46,5498.794400048771,5245.929827008868
e8fffaab-f310-4c9c-a833-a837b68f1658,2026-07-27 16:00:00+00:00,2414.81,4790.04,3416.33,5066.225780637061,4863.915529614337
e8fffaab-f310-4c9c-a833-a837b68f1658,2026-07-27 16:15:00+00:00,2485.9,2414.81,1759.1,2640.169513378325,2481.5049462205734
e8fffaab-f310-4c9c-a833-a837b68f1658,2026-07-27 16:30:00+00:00,2460.29,2485.9,1258.93,3130.6450161534476,2985.696662291729
e8fffaab-f310-4c9c-a833-a837b68f1658,2026-07-27 16:45:00+00:00,3255.03,2460.29,2904.05,3051.9646236729413,2913.155281105387
e8fffaab-f310-4c9c-a833-a837b68f1658,2026-07-27 17:00:00+00:00,3685.6,3255.03,2428.51,4045.647455346705,3882.8822561075713
e8fffaab-f310-4c9c-a833-a837b68f1658,2026-07-27 17:15:00+00:00,3330.96,3685.6,2223.15,6809.020510992204,6259.220337347962
e8fffaab-f310-4c9c-a833-a837b68f1658,2026-07-27 17:30:00+00:00,2815.46,3330.96,2824.82,5712.066100419772,5275.3237671450315
e8fffaab-f310-4c9c-a833-a837b68f1658,2026-07-27 17:45:00+00:00,3289.14,2815.46,3274.4,4528.592196141401,4216.526203554605
e8fffaab-f310-4c9c-a833-a837b68f1658,2026-07-27 18:00:00+00:00,3615.51,3289.14,3297.0,3819.302950953056,3712.6905158752197
e8fffaab-f310-4c9c-a833-a837b68f1658,2026-07-27 18:15:00+00:00,4286.56,3615.51,52527.4,6259.59297543902,5665.775186482242
e8fffaab-f310-4c9c-a833-a837b68f1658,2026-07-27 18:30:00+00:00,4946.23,4286.56,56037.62,7003.583478776844,6379.294448774437
e8fffaab-f310-4c9c-a833-a837b68f1658,2026-07-27 18:45:00+00:00,4743.83,4946.23,46667.86,7111.333108412203,6578.816253384888
e8fffaab-f310-4c9c-a833-a837b68f1658,2026-07-27 19:00:00+00:00,4557.63,4743.83,32640.23,6153.197911066305,5766.77883737481
e8fffaab-f310-4c9c-a833-a837b68f1658,2026-07-27 19:15:00+00:00,4654.62,4557.63,4751.58,4804.077209385496,4690.149761958158
e8fffaab-f310-4c9c-a833-a837b68f1658,2026-07-27 19:30:00+00:00,5011.84,4654.62,4267.84,4918.885267732278,4810.286199349769
e8fffaab-f310-4c9c-a833-a837b68f1658,2026-07-27 19:45:00+00:00,4443.04,5011.84,3821.05,5227.697197154979,5128.005319926352
e8fffaab-f310-4c9c-a833-a837b68f1658,2026-07-27 20:00:00+00:00,4408.79,4443.04,3892.08,4606.601886330329,4515.600515590213
e8fffaab-f310-4c9c-a833-a837b68f1658,2026-07-27 20:15:00+00:00,4372.62,4408.79,3900.19,4716.907585217426,4608.728340809853
e8fffaab-f310-4c9c-a833-a837b68f1658,2026-07-27 20:30:00+00:00,4348.58,4372.62,4241.23,4705.690206447296,4582.081668813607
e8fffaab-f310-4c9c-a833-a837b68f1658,2026-07-27 20:45:00+00:00,4373.89,4348.58,4451.66,4680.584790256394,4550.739151067306
e8fffaab-f310-4c9c-a833-a837b68f1658,2026-07-27 21:00:00+00:00,3904.07,4373.89,3989.7,4663.3530995195,4534.565227997622
e8fffaab-f310-4c9c-a833-a837b68f1658,2026-07-27 21:15:00+00:00,3942.05,3904.07,4261.25,4220.103686581356,4078.822180699218
e8fffaab-f310-4c9c-a833-a837b68f1658,2026-07-27 21:30:00+00:00,4502.41,3942.05,4403.71,4371.824013737966,4217.472819406449
e8fffaab-f310-4c9c-a833-a837b68f1658,2026-07-27 21:45:00+00:00,4790.87,4502.41,3924.24,4912.749839792349,4749.59497302044
e8fffaab-f310-4c9c-a833-a837b68f1658,2026-07-27 22:00:00+00:00,4643.3,4790.87,3481.12,5081.359957444926,4914.665492018757
e8fffaab-f310-4c9c-a833-a837b68f1658,2026-07-27 22:15:00+00:00,4430.62,4643.3,3473.6,4880.730895110391,4709.501363254443
e8fffaab-f310-4c9c-a833-a837b68f1658,2026-07-27 22:30:00+00:00,4095.71,4430.62,3127.04,4761.853111547692,4577.917239280984
e8fffaab-f310-4c9c-a833-a837b68f1658,2026-07-27 22:45:00+00:00,4299.73,4095.71,3567.05,4506.7950693954335,4315.907862981085
e8fffaab-f310-4c9c-a833-a837b68f1658,2026-07-27 23:00:00+00:00,4505.41,4299.73,3315.35,4729.657219999375,4546.219875499119
e8fffaab-f310-4c9c-a833-a837b68f1658,2026-07-27 23:15:00+00:00,4565.13,4505.41,3375.64,4926.2583664711765,4744.845291500123
e8fffaab-f310-4c9c-a833-a837b68f1658,2026-07-27 23:30:00+00:00,4302.33,4565.13,3468.16,4935.626012649235,4766.082431106782
e8fffaab-f310-4c9c-a833-a837b68f1658,2026-07-27 23:45:00+00:00,4113.88,4302.33,3337.07,4669.8701083222395,4512.480852884906
e8fffaab-f310-4c9c-a833-a837b68f1658,2026-07-28 00:00:00+00:00,3757.56,4113.88,3428.7,4529.658557931156,4401.545934439766
e8fffaab-f310-4c9c-a833-a837b68f1658,2026-07-28 00:15:00+00:00,3166.6,3757.56,4127.44,4265.688247845441,4137.566153220033
e8fffaab-f310-4c9c-a833-a837b68f1658,2026-07-28 00:30:00+00:00,3414.45,3166.6,4001.59,3736.3781561479273,3625.5316584890934
e8fffaab-f310-4c9c-a833-a837b68f1658,2026-07-28 00:45:00+00:00,3480.12,3414.45,3788.72,4109.955858401464,4008.401660934205
e8fffaab-f310-4c9c-a833-a837b68f1658,2026-07-28 01:00:00+00:00,3136.39,3480.12,3901.32,4135.090354907141,4045.8975403646527
e8fffaab-f310-4c9c-a833-a837b68f1658,2026-07-28 01:15:00+00:00,3349.11,3136.39,3957.28,3815.1746704068255,3740.586565645993
e8fffaab-f310-4c9c-a833-a837b68f1658,2026-07-28 01:30:00+00:00,3965.98,3349.11,3311.11,4149.814325138059,4083.107205911333
e8fffaab-f310-4c9c-a833-a837b68f1658,2026-07-28 01:45:00+00:00,3979.53,3965.98,3459.39,4731.670514179346,4676.868101546391
e8fffaab-f310-4c9c-a833-a837b68f1658,2026-07-28 02:00:00+00:00,5903.13,3979.53,5518.57,4882.33003845232,4802.143832616064
e8fffaab-f310-4c9c-a833-a837b68f1658,2026-07-28 02:15:00+00:00,5783.65,5903.13,4748.67,6730.993958704881,6668.630581205322
e8fffaab-f310-4c9c-a833-a837b68f1658,2026-07-28 02:30:00+00:00,6029.83,5783.65,5118.63,6314.92061727705,6259.439234344428
e8fffaab-f310-4c9c-a833-a837b68f1658,2026-07-28 02:45:00+00:00,6047.4,6029.83,5586.41,6623.015570699034,6581.320491171247
e8fffaab-f310-4c9c-a833-a837b68f1658,2026-07-28 03:00:00+00:00,6312.79,6047.4,5896.52,6701.772378976129,6659.233760946665
e8fffaab-f310-4c9c-a833-a837b68f1658,2026-07-28 03:15:00+00:00,5979.83,6312.79,6234.92,6962.148338086614,6934.847721080547
e8fffaab-f310-4c9c-a833-a837b68f1658,2026-07-28 03:30:00+00:00,5747.86,5979.83,6982.36,6628.837737836891,6611.6601884665715
e8fffaab-f310-4c9c-a833-a837b68f1658,2026-07-28 03:45:00+00:00,5392.11,5747.86,6267.08,6446.153135943383,6454.825539000709
e8fffaab-f310-4c9c-a833-a837b68f1658,2026-07-28 04:00:00+00:00,5374.75,5392.11,8664.41,6267.527423632899,6270.578390892395
e8fffaab-f310-4c9c-a833-a837b68f1658,2026-07-28 04:15:00+00:00,5498.91,5374.75,6654.56,6279.122520018709,6305.009331538759
e8fffaab-f310-4c9c-a833-a837b68f1658,2026-07-28 04:30:00+00:00,5128.75,5498.91,5683.33,6331.059485341797,6381.128530896775
e8fffaab-f310-4c9c-a833-a837b68f1658,2026-07-28 04:45:00+00:00,4673.75,5128.75,5603.25,5949.648396444677,6012.15148759841
e8fffaab-f310-4c9c-a833-a837b68f1658,2026-07-28 05:00:00+00:00,6064.23,4673.75,5557.0,5623.326921211327,5691.120980323549
e8fffaab-f310-4c9c-a833-a837b68f1658,2026-07-28 05:15:00+00:00,8750.71,6064.23,4343.21,7029.04064895103,7090.549421160842
e8fffaab-f310-4c9c-a833-a837b68f1658,2026-07-28 05:30:00+00:00,9038.9,8750.71,6125.87,9480.304055694844,9500.170766179239
e8fffaab-f310-4c9c-a833-a837b68f1658,2026-07-28 05:45:00+00:00,8272.89,9038.9,6357.0,9189.175238361295,9205.782180527442
e8fffaab-f310-4c9c-a833-a837b68f1658,2026-07-28 06:00:00+00:00,8959.45,8272.89,6957.23,8477.93410694998,8466.417966166555
e8fffaab-f310-4c9c-a833-a837b68f1658,2026-07-28 06:15:00+00:00,6398.07,8959.45,7816.38,9540.424297139747,9457.492116989888
e8fffaab-f310-4c9c-a833-a837b68f1658,2026-07-28 06:30:00+00:00,6521.7,6398.07,6821.76,6824.290973421587,6748.666347344373
e8fffaab-f310-4c9c-a833-a837b68f1658,2026-07-28 06:45:00+00:00,9838.72,6521.7,7126.07,7458.147244174109,7363.024291361515
e8fffaab-f310-4c9c-a833-a837b68f1658,2026-07-28 07:00:00+00:00,4630.5,9838.72,6231.93,10741.466135147795,10600.54536526065
e8fffaab-f310-4c9c-a833-a837b68f1658,2026-07-28 07:15:00+00:00,9197.59,4630.5,2433.27,4541.402030722215,4499.706751451603
e8fffaab-f310-4c9c-a833-a837b68f1658,2026-07-28 07:30:00+00:00,9345.85,9197.59,6419.71,10290.811477073794,10156.54356963936
e8fffaab-f310-4c9c-a833-a837b68f1658,2026-07-28 07:45:00+00:00,9467.05,9345.85,2342.15,9623.108318817167,9455.270852165779
e8fffaab-f310-4c9c-a833-a837b68f1658,2026-07-28 08:00:00+00:00,3776.93,9467.05,1252.0,9273.417036480118,9175.51998558432
e8fffaab-f310-4c9c-a833-a837b68f1658,2026-07-28 08:15:00+00:00,7949.85,3776.93,8311.27,3987.525998917701,3821.516075195773
e8fffaab-f310-4c9c-a833-a837b68f1658,2026-07-28 08:30:00+00:00,1550.83,7949.85,8462.42,9461.824766764717,9219.848468792692
e8fffaab-f310-4c9c-a833-a837b68f1658,2026-07-28 08:45:00+00:00,-3078.73,1550.83,7729.19,2067.2348934826505,1893.6048907438799
e8fffaab-f310-4c9c-a833-a837b68f1658,2026-07-28 09:00:00+00:00,4567.06,-3078.73,5781.37,-1420.1312793512461,-1526.255334052723
e8fffaab-f310-4c9c-a833-a837b68f1658,2026-07-28 09:15:00+00:00,2027.2,4567.06,4169.2,7199.775967624378,6993.351858239152
e8fffaab-f310-4c9c-a833-a837b68f1658,2026-07-28 09:30:00+00:00,1194.14,2027.2,1002.89,2641.3926946242,2550.140954064891
e8fffaab-f310-4c9c-a833-a837b68f1658,2026-07-28 09:45:00+00:00,6750.07,1194.14,3076.56,2572.205031928027,2436.270169189449
e8fffaab-f310-4c9c-a833-a837b68f1658,2026-07-28 10:00:00+00:00,4911.58,6750.07,8924.15,8770.263874549792,8446.72463149974
e8fffaab-f310-4c9c-a833-a837b68f1658,2026-07-28 10:15:00+00:00,1220.39,4911.58,8943.92,5757.909118617109,5452.965115381828
e8fffaab-f310-4c9c-a833-a837b68f1658,2026-07-28 10:30:00+00:00,2834.36,1220.39,10420.09,2295.2131688945883,2020.198524446253
e8fffaab-f310-4c9c-a833-a837b68f1658,2026-07-28 10:45:00+00:00,3739.65,2834.36,6869.9,4582.447086387107,4270.920612210835
e8fffaab-f310-4c9c-a833-a837b68f1658,2026-07-28 11:00:00+00:00,5837.61,3739.65,9025.66,5150.379673486212,4811.068483923164
e8fffaab-f310-4c9c-a833-a837b68f1658,2026-07-28 11:15:00+00:00,7855.11,5837.61,9046.89,7017.262286889319,6658.869985063087
e8fffaab-f310-4c9c-a833-a837b68f1658,2026-07-28 11:30:00+00:00,6908.91,7855.11,5183.8,8580.29391339023,8192.070410038797
e8fffaab-f310-4c9c-a833-a837b68f1658,2026-07-28 11:45:00+00:00,1773.96,6908.91,6537.22,7264.84997281323,6845.803778781057
e8fffaab-f310-4c9c-a833-a837b68f1658,2026-07-28 12:00:00+00:00,647.65,1773.96,3163.04,2281.311150274617,1883.3101205580315
e8fffaab-f310-4c9c-a833-a837b68f1658,2026-07-28 12:15:00+00:00,7352.25,647.65,4273.33,2161.685804533582,1751.5566528530726
e8fffaab-f310-4c9c-a833-a837b68f1658,2026-07-28 12:30:00+00:00,5921.04,7352.25,7208.76,9599.779515690989,9035.484741355636
e8fffaab-f310-4c9c-a833-a837b68f1658,2026-07-28 12:45:00+00:00,6944.26,5921.04,7851.53,9181.132111907335,8262.905620726224
e8fffaab-f310-4c9c-a833-a837b68f1658,2026-07-28 13:00:00+00:00,649.47,6944.26,9087.86,9974.181417141259,9111.843235574031
e8fffaab-f310-4c9c-a833-a837b68f1658,2026-07-28 13:15:00+00:00,6548.7,649.47,4406.95,2800.1357410133123,2079.8880551687016
e8fffaab-f310-4c9c-a833-a837b68f1658,2026-07-28 13:30:00+00:00,4412.17,6548.7,6528.25,8557.058122319355,7997.182213647684
e8fffaab-f310-4c9c-a833-a837b68f1658,2026-07-28 13:45:00+00:00,3379.65,4412.17,9748.4,5187.623026852588,4634.637798749592
e8fffaab-f310-4c9c-a833-a837b68f1658,2026-07-28 14:00:00+00:00,7741.7,3379.65,10558.18,4077.8887381423656,3621.4365557064484
e8fffaab-f310-4c9c-a833-a837b68f1658,2026-07-28 14:15:00+00:00,5261.41,7741.7,4522.19,8752.956903138602,8229.44407937963
e8fffaab-f310-4c9c-a833-a837b68f1658,2026-07-28 14:30:00+00:00,2117.65,5261.41,6779.38,5344.466829845206,4841.992677455768
e8fffaab-f310-4c9c-a833-a837b68f1658,2026-07-28 14:45:00+00:00,9711.04,2117.65,7764.33,2537.2976234704074,2072.6550750177394
e8fffaab-f310-4c9c-a833-a837b68f1658,2026-07-28 15:00:00+00:00,4567.27,9711.04,4827.03,10748.242028365563,10200.39932610881
e8fffaab-f310-4c9c-a833-a837b68f1658,2026-07-28 15:15:00+00:00,3674.79,4567.27,5543.95,4137.070689561016,3644.014581652261
e8fffaab-f310-4c9c-a833-a837b68f1658,2026-07-28 15:30:00+00:00,4356.24,3674.79,5103.69,4332.256041536553,3856.12685077267
e8fffaab-f310-4c9c-a833-a837b68f1658,2026-07-28 15:45:00+00:00,8469.18,4356.24,4790.04,5170.957539321403,4673.991282475961
e8fffaab-f310-4c9c-a833-a837b68f1658,2026-07-28 16:00:00+00:00,6457.82,8469.18,2414.81,8547.24491924387,8144.195073935436
e8fffaab-f310-4c9c-a833-a837b68f1658,2026-07-28 16:15:00+00:00,6350.43,6457.82,2485.9,5920.97665614097,5516.572881817348
e8fffaab-f310-4c9c-a833-a837b68f1658,2026-07-28 16:30:00+00:00,5600.07,6350.43,2460.29,6184.250260259697,5791.5810628818235
e8fffaab-f310-4c9c-a833-a837b68f1658,2026-07-28 16:45:00+00:00,4620.59,5600.07,3255.03,5564.381683178868,5152.578348273206
e8fffaab-f310-4c9c-a833-a837b68f1658,2026-07-28 17:00:00+00:00,5499.51,4620.59,3685.6,4745.025488483704,4354.041132124665
e8fffaab-f310-4c9c-a833-a837b68f1658,2026-07-28 17:15:00+00:00,4690.4,5499.51,3330.96,5727.5562251690135,5354.461570075322
e8fffaab-f310-4c9c-a833-a837b68f1658,2026-07-28 17:30:00+00:00,5387.19,4690.4,2815.46,4722.755447084233,4373.810681125547
e8fffaab-f310-4c9c-a833-a837b68f1658,2026-07-28 17:45:00+00:00,5318.26,5387.19,3289.14,5613.684834056307,5265.545255546563
e8fffaab-f310-4c9c-a833-a837b68f1658,2026-07-28 18:00:00+00:00,5258.22,5318.26,3615.51,5375.139087934424,5038.791045781196
e8fffaab-f310-4c9c-a833-a837b68f1658,2026-07-28 18:15:00+00:00,5616.06,5258.22,4286.56,5357.376345045034,5031.953173735297
e8fffaab-f310-4c9c-a833-a837b68f1658,2026-07-28 18:30:00+00:00,5619.29,5616.06,4946.23,5833.721419152683,5498.676327785078
e8fffaab-f310-4c9c-a833-a837b68f1658,2026-07-28 18:45:00+00:00,5171.4,5619.29,4743.83,5788.535069716881,5466.016168444827
e8fffaab-f310-4c9c-a833-a837b68f1658,2026-07-28 19:00:00+00:00,5357.59,5171.4,4557.63,5235.266649093183,4949.624787981369
e8fffaab-f310-4c9c-a833-a837b68f1658,2026-07-28 19:15:00+00:00,5192.21,5357.59,4654.62,5535.435588823708,5254.486569421259
e8fffaab-f310-4c9c-a833-a837b68f1658,2026-07-28 19:30:00+00:00,5342.23,5192.21,5011.84,5321.877399807002,5055.899064905432
e8fffaab-f310-4c9c-a833-a837b68f1658,2026-07-28 19:45:00+00:00,5982.85,5342.23,4443.04,5474.238943874112,5228.9549522484995
e8fffaab-f310-4c9c-a833-a837b68f1658,2026-07-28 20:00:00+00:00,5694.89,5982.85,4408.79,6075.1348917896685,5840.719861476266
e8fffaab-f310-4c9c-a833-a837b68f1658,2026-07-28 20:15:00+00:00,5496.36,5694.89,4372.62,5661.19057857938,5418.216478506287
e8fffaab-f310-4c9c-a833-a837b68f1658,2026-07-28 20:30:00+00:00,5825.88,5496.36,4348.58,5529.322053887326,5275.690152134847
e8fffaab-f310-4c9c-a833-a837b68f1658,2026-07-28 20:45:00+00:00,5026.52,5825.88,4373.89,5911.057515167963,5641.4660884243485
e8fffaab-f310-4c9c-a833-a837b68f1658,2026-07-28 21:00:00+00:00,4551.16,5026.52,3904.07,5027.175819505017,4762.34206477929
e8fffaab-f310-4c9c-a833-a837b68f1658,2026-07-28 21:15:00+00:00,4997.27,4551.16,3942.05,4709.420505473804,4440.098867025475
e8fffaab-f310-4c9c-a833-a837b68f1658,2026-07-28 21:30:00+00:00,4570.69,4997.27,4502.41,5319.3283484391195,5025.163888339754
e8fffaab-f310-4c9c-a833-a837b68f1658,2026-07-28 21:45:00+00:00,4626.27,4570.69,4790.87,4797.229964223526,4504.217488910453
e8fffaab-f310-4c9c-a833-a837b68f1658,2026-07-28 22:00:00+00:00,4209.52,4626.27,4643.3,4945.373563607803,4648.813166289269
e8fffaab-f310-4c9c-a833-a837b68f1658,2026-07-28 22:15:00+00:00,4159.99,4209.52,4430.62,4558.626958302121,4254.509841650342
e8fffaab-f310-4c9c-a833-a837b68f1658,2026-07-28 22:30:00+00:00,4149.59,4159.99,4095.71,4542.54364493988,4247.2400106195
e8fffaab-f310-4c9c-a833-a837b68f1658,2026-07-28 22:45:00+00:00,4161.03,4149.59,4299.73,4587.137449336578,4284.105252024521
e8fffaab-f310-4c9c-a833-a837b68f1658,2026-07-28 23:00:00+00:00,4193.13,4161.03,4505.41,4636.431151915175,4330.522562822373
e8fffaab-f310-4c9c-a833-a837b68f1658,2026-07-28 23:15:00+00:00,4505.31,4193.13,4565.13,4692.741734167378,4386.163120515065
e8fffaab-f310-4c9c-a833-a837b68f1658,2026-07-28 23:30:00+00:00,4778.37,4505.31,4302.33,4927.782833504174,4636.211887140166
e8fffaab-f310-4c9c-a833-a837b68f1658,2026-07-28 23:45:00+00:00,4825.77,4778.37,4113.88,5144.872976336679,4858.184594737929
e8fffaab-f310-4c9c-a833-a837b68f1658,2026-07-29 00:00:00+00:00,4625.43,4825.77,3757.56,5062.627041239879,4818.897052801037
e8fffaab-f310-4c9c-a833-a837b68f1658,2026-07-29 00:15:00+00:00,4676.64,4625.43,3166.6,4858.67085386613,4627.347829156452
e8fffaab-f310-4c9c-a833-a837b68f1658,2026-07-29 00:30:00+00:00,3651.99,4676.64,3414.45,4993.357094926089,4765.844976661754
e8fffaab-f310-4c9c-a833-a837b68f1658,2026-07-29 00:45:00+00:00,4148.12,3651.99,3480.12,4014.224441470875,3800.6405713737104
e8fffaab-f310-4c9c-a833-a837b68f1658,2026-07-29 01:00:00+00:00,4452.03,4148.12,3136.39,4674.04816332041,4480.3736199699515
e8fffaab-f310-4c9c-a833-a837b68f1658,2026-07-29 01:15:00+00:00,3947.49,4452.03,3349.11,4945.068061523973,4752.8475422502015
e8fffaab-f310-4c9c-a833-a837b68f1658,2026-07-29 01:30:00+00:00,4056.94,3947.49,3965.98,4417.124496992341,4241.741890241395
e8fffaab-f310-4c9c-a833-a837b68f1658,2026-07-29 01:45:00+00:00,4126.31,4056.94,3979.53,4719.1065478358905,4544.374428906466
e8fffaab-f310-4c9c-a833-a837b68f1658,2026-07-29 02:00:00+00:00,6711.13,4126.31,5903.13,5001.872040884817,4802.41387953199
e8fffaab-f310-4c9c-a833-a837b68f1658,2026-07-29 02:15:00+00:00,6723.88,6711.13,5783.65,7477.2140525725845,7295.972264653801
e8fffaab-f310-4c9c-a833-a837b68f1658,2026-07-29 02:30:00+00:00,6979.74,6723.88,6029.83,7046.963098481265,6877.6977325629705
e8fffaab-f310-4c9c-a833-a837b68f1658,2026-07-29 02:45:00+00:00,6609.74,6979.74,6047.4,7330.000559577642,7178.354213183571
e8fffaab-f310-4c9c-a833-a837b68f1658,2026-07-29 03:00:00+00:00,8061.43,6609.74,6312.79,7020.485505080065,6870.187026579356
e8fffaab-f310-4c9c-a833-a837b68f1658,2026-07-29 03:15:00+00:00,7122.42,8061.43,5979.83,8511.539857707088,8383.73941521269
e8fffaab-f310-4c9c-a833-a837b68f1658,2026-07-29 03:30:00+00:00,6850.7,7122.42,5747.86,7325.070512893088,7227.878486356137
e8fffaab-f310-4c9c-a833-a837b68f1658,2026-07-29 03:45:00+00:00,7057.57,6850.7,5392.11,7218.5498829052085,7158.943044146308
e8fffaab-f310-4c9c-a833-a837b68f1658,2026-07-29 04:00:00+00:00,6063.55,7057.57,5374.75,7543.814789872121,7497.709582081283
e8fffaab-f310-4c9c-a833-a837b68f1658,2026-07-29 04:15:00+00:00,6112.85,6063.55,5498.91,6522.867057568231,6496.360500760973
e8fffaab-f310-4c9c-a833-a837b68f1658,2026-07-29 04:30:00+00:00,4998.27,6112.85,5128.75,6731.525709969063,6723.395281623283
e8fffaab-f310-4c9c-a833-a837b68f1658,2026-07-29 04:45:00+00:00,4761.66,4998.27,4673.75,5627.424650105515,5637.190560111768
e8fffaab-f310-4c9c-a833-a837b68f1658,2026-07-29 05:00:00+00:00,5029.92,4761.66,6064.23,5723.312181155523,5728.26500507572
e8fffaab-f310-4c9c-a833-a837b68f1658,2026-07-29 05:15:00+00:00,5259.85,5029.92,8750.71,6036.3453872430255,6017.407972503348
e8fffaab-f310-4c9c-a833-a837b68f1658,2026-07-29 05:30:00+00:00,5732.46,5259.85,9038.9,6309.352108280207,6262.546318321508
e8fffaab-f310-4c9c-a833-a837b68f1658,2026-07-29 05:45:00+00:00,6118.95,5732.46,8272.89,6754.171213840464,6689.568638207852
e8fffaab-f310-4c9c-a833-a837b68f1658,2026-07-29 06:00:00+00:00,9138.87,6118.95,8959.45,7205.051208906378,7095.023894237864
e8fffaab-f310-4c9c-a833-a837b68f1658,2026-07-29 06:15:00+00:00,9499.45,9138.87,6398.07,9970.391902535612,9850.635457453975
e8fffaab-f310-4c9c-a833-a837b68f1658,2026-07-29 06:30:00+00:00,5354.67,9499.45,6521.7,9727.289766972995,9583.874672657459
e8fffaab-f310-4c9c-a833-a837b68f1658,2026-07-29 06:45:00+00:00,43403.55,5354.67,9838.72,5723.51063676831,5549.009311075152
e8fffaab-f310-4c9c-a833-a837b68f1658,2026-07-29 07:00:00+00:00,4155.31,43403.55,4630.5,44042.95570579142,43624.09898460095
e8fffaab-f310-4c9c-a833-a837b68f1658,2026-07-29 07:15:00+00:00,4400.03,4155.31,9197.59,-1954.8747461905004,-2200.5180027515253
e8fffaab-f310-4c9c-a833-a837b68f1658,2026-07-29 07:30:00+00:00,8918.24,4400.03,9345.85,5739.953949772374,5529.413682144403
e8fffaab-f310-4c9c-a833-a837b68f1658,2026-07-29 07:45:00+00:00,6191.67,8918.24,9467.05,11267.038061649693,10695.00693728434
e8fffaab-f310-4c9c-a833-a837b68f1658,2026-07-29 08:00:00+00:00,6188.76,6191.67,3776.93,6363.444363857669,6151.537113728802
e8fffaab-f310-4c9c-a833-a837b68f1658,2026-07-29 08:15:00+00:00,8137.24,6188.76,7949.85,6994.614844385142,6734.802568389163
e8fffaab-f310-4c9c-a833-a837b68f1658,2026-07-29 08:30:00+00:00,53.42,8137.24,1550.83,8554.289643707833,8321.185045081194
e8fffaab-f310-4c9c-a833-a837b68f1658,2026-07-29 08:45:00+00:00,10378.22,53.42,-3078.73,-133.60909661852565,-264.6670464029921
e8fffaab-f310-4c9c-a833-a837b68f1658,2026-07-29 09:00:00+00:00,8290.97,10378.22,4567.06,12149.870371597299,11829.883269541546
e8fffaab-f310-4c9c-a833-a837b68f1658,2026-07-29 09:15:00+00:00,8020.56,8290.97,2027.2,8005.875230911026,7689.411930176925
e8fffaab-f310-4c9c-a833-a837b68f1658,2026-07-29 09:30:00+00:00,10570.96,8020.56,1194.14,8014.711744219266,7732.884812413945
e8fffaab-f310-4c9c-a833-a837b68f1658,2026-07-29 09:45:00+00:00,11449.66,10570.96,6750.07,11107.871639761586,10653.507165100062
e8fffaab-f310-4c9c-a833-a837b68f1658,2026-07-29 10:00:00+00:00,8731.95,11449.66,4911.58,11335.212565335243,10886.881842698513
e8fffaab-f310-4c9c-a833-a837b68f1658,2026-07-29 10:15:00+00:00,6063.47,8731.95,1220.39,8091.220068229477,7719.873935473934
e8fffaab-f310-4c9c-a833-a837b68f1658,2026-07-29 10:30:00+00:00,14249.26,6063.47,2834.36,6208.5978623121355,5791.335002619736
e8fffaab-f310-4c9c-a833-a837b68f1658,2026-07-29 10:45:00+00:00,9643.1,14249.26,3739.65,14940.316575047862,14430.347627556614
e8fffaab-f310-4c9c-a833-a837b68f1658,2026-07-29 11:00:00+00:00,553.39,9643.1,5837.61,8768.47159433113,8274.793860947462
e8fffaab-f310-4c9c-a833-a837b68f1658,2026-07-29 11:15:00+00:00,7173.99,553.39,7855.11,600.6101396846971,171.71373276036502
e8fffaab-f310-4c9c-a833-a837b68f1658,2026-07-29 11:30:00+00:00,8610.52,7173.99,6908.91,9172.07409751991,8623.467279960583
e8fffaab-f310-4c9c-a833-a837b68f1658,2026-07-29 11:45:00+00:00,7234.31,8610.52,1773.96,8780.692277296926,8319.458521817536
e8fffaab-f310-4c9c-a833-a837b68f1658,2026-07-29 12:00:00+00:00,10024.71,7234.31,647.65,6926.640833274325,6526.539281041958
e8fffaab-f310-4c9c-a833-a837b68f1658,2026-07-29 12:15:00+00:00,8805.1,10024.71,7352.25,10260.960868277456,9744.491835101157
e8fffaab-f310-4c9c-a833-a837b68f1658,2026-07-29 12:30:00+00:00,3450.73,8805.1,5921.04,8448.895576302486,7939.264799874598
e8fffaab-f310-4c9c-a833-a837b68f1658,2026-07-29 12:45:00+00:00,8583.67,3450.73,6944.26,3559.8228047821967,3049.913588508979
e8fffaab-f310-4c9c-a833-a837b68f1658,2026-07-29 13:00:00+00:00,7563.14,8583.67,649.47,9257.797695660265,8778.340086928816
e8fffaab-f310-4c9c-a833-a837b68f1658,2026-07-29 13:15:00+00:00,5511.46,7563.14,6548.7,7594.361667089617,7048.690426795047
e8fffaab-f310-4c9c-a833-a837b68f1658,2026-07-29 13:30:00+00:00,11024.28,5511.46,4412.17,5373.616126380901,4922.740730318569
e8fffaab-f310-4c9c-a833-a837b68f1658,2026-07-29 13:45:00+00:00,12678.02,11024.28,3379.65,11253.366086475375,10740.312791626504
e8fffaab-f310-4c9c-a833-a837b68f1658,2026-07-29 14:00:00+00:00,4734.26,12678.02,7741.7,12037.512303480287,11459.365571882126
e8fffaab-f310-4c9c-a833-a837b68f1658,2026-07-29 14:15:00+00:00,6963.38,4734.26,5261.41,3781.8164441352956,3280.5007544926875
e8fffaab-f310-4c9c-a833-a837b68f1658,2026-07-29 14:30:00+00:00,7138.78,6963.38,2117.65,7580.088740923514,7046.6141179317665
e8fffaab-f310-4c9c-a833-a837b68f1658,2026-07-29 14:45:00+00:00,8622.5,7138.78,9711.04,7500.2426224190385,6905.153230540693
e8fffaab-f310-4c9c-a833-a837b68f1658,2026-07-29 15:00:00+00:00,6262.08,8622.5,4567.27,8461.157699650268,7969.658790477945
e8fffaab-f310-4c9c-a833-a837b68f1658,2026-07-29 15:15:00+00:00,6780.9,6262.08,3674.79,5931.2775771463,5437.776642370845
e8fffaab-f310-4c9c-a833-a837b68f1658,2026-07-29 15:30:00+00:00,6318.5,6780.9,4356.24,7055.148055042158,6534.999005264657
e8fffaab-f310-4c9c-a833-a837b68f1658,2026-07-29 15:45:00+00:00,7879.03,6318.5,8469.18,6579.217176646091,6033.301324652236
e8fffaab-f310-4c9c-a833-a837b68f1658,2026-07-29 16:00:00+00:00,6454.6,7879.03,6457.82,7785.7663551462,7312.309494582892
e8fffaab-f310-4c9c-a833-a837b68f1658,2026-07-29 16:15:00+00:00,5009.21,6454.6,6350.43,6184.629498386999,5705.839389534712
e8fffaab-f310-4c9c-a833-a837b68f1658,2026-07-29 16:30:00+00:00,4028.54,5009.21,5600.07,6598.208559990648,5891.10412151431
e8fffaab-f310-4c9c-a833-a837b68f1658,2026-07-29 16:45:00+00:00,4808.25,4028.54,4620.59,7041.156610365813,6164.227247076223
e8fffaab-f310-4c9c-a833-a837b68f1658,2026-07-29 17:00:00+00:00,6401.53,4808.25,5499.51,7973.321963320252,7103.0028729073165
e8fffaab-f310-4c9c-a833-a837b68f1658,2026-07-29 17:15:00+00:00,5976.07,6401.53,4690.4,9360.941531422788,8491.854755645702
e8fffaab-f310-4c9c-a833-a837b68f1658,2026-07-29 17:30:00+00:00,6581.51,5976.07,5387.19,8080.152913110761,7300.040908535289
e8fffaab-f310-4c9c-a833-a837b68f1658,2026-07-29 17:45:00+00:00,6596.54,6581.51,5318.26,8008.878250399559,7339.7655495884555
e8fffaab-f310-4c9c-a833-a837b68f1658,2026-07-29 18:00:00+00:00,6917.28,6596.54,5258.22,6425.824583576654,5983.065772975289
e8fffaab-f310-4c9c-a833-a837b68f1658,2026-07-29 18:15:00+00:00,7138.79,6917.28,5616.06,6721.856965192461,6296.493897209213
e8fffaab-f310-4c9c-a833-a837b68f1658,2026-07-29 18:30:00+00:00,6694.69,7138.79,5619.29,6882.63171895648,6469.548723959679
e8fffaab-f310-4c9c-a833-a837b68f1658,2026-07-29 18:45:00+00:00,6196.8,6694.69,5171.4,6394.742373969126,6003.891411714844
e8fffaab-f310-4c9c-a833-a837b68f1658,2026-07-29 19:00:00+00:00,6696.14,6196.8,5357.59,5997.642061979926,5625.149010992306
e8fffaab-f310-4c9c-a833-a837b68f1658,2026-07-29 19:15:00+00:00,6902.35,6696.14,5192.21,6577.799697622322,6217.525234653234
e8fffaab-f310-4c9c-a833-a837b68f1658,2026-07-29 19:30:00+00:00,7429.83,6902.35,5342.23,6707.253057770391,6357.990108436616
e8fffaab-f310-4c9c-a833-a837b68f1658,2026-07-29 19:45:00+00:00,7457.53,7429.83,5982.85,7227.276924222103,6884.403813738564
e8fffaab-f310-4c9c-a833-a837b68f1658,2026-07-29 20:00:00+00:00,6798.38,7457.53,5694.89,7166.550656973066,6837.254617492937
e8fffaab-f310-4c9c-a833-a837b68f1658,2026-07-29 20:15:00+00:00,6609.61,6798.38,5496.36,6480.455718979871,6149.175977459315
e8fffaab-f310-4c9c-a833-a837b68f1658,2026-07-29 20:30:00+00:00,6530.3,6609.61,5825.88,6440.571239035742,6095.705316727086
e8fffaab-f310-4c9c-a833-a837b68f1658,2026-07-29 20:45:00+00:00,6477.23,6530.3,5026.52,6402.352608380163,6051.902260378055
e8fffaab-f310-4c9c-a833-a837b68f1658,2026-07-29 21:00:00+00:00,6630.5,6477.23,4551.16,6306.158030172562,5962.814042215597
e8fffaab-f310-4c9c-a833-a837b68f1658,2026-07-29 21:15:00+00:00,6590.4,6630.5,4997.27,6466.861244609714,6117.7768566595705
e8fffaab-f310-4c9c-a833-a837b68f1658,2026-07-29 21:30:00+00:00,6636.23,6590.4,4570.69,6395.698988279337,6045.912156426431
e8fffaab-f310-4c9c-a833-a837b68f1658,2026-07-29 21:45:00+00:00,6716.18,6636.23,4626.27,6465.601921944286,6111.919979595556
e8fffaab-f310-4c9c-a833-a837b68f1658,2026-07-29 22:00:00+00:00,6506.67,6716.18,4209.52,6518.568315111642,6168.461860456072
e8fffaab-f310-4c9c-a833-a837b68f1658,2026-07-29 22:15:00+00:00,5879.48,6506.67,4159.99,6309.03258482656,5957.6555025304
e8fffaab-f310-4c9c-a833-a837b68f1658,2026-07-29 22:30:00+00:00,5672.06,5879.48,4149.59,5734.121911772628,5387.020469275357
e8fffaab-f310-4c9c-a833-a837b68f1658,2026-07-29 22:45:00+00:00,5791.16,5672.06,4161.03,5652.1616186140745,5308.955034455538
e8fffaab-f310-4c9c-a833-a837b68f1658,2026-07-29 23:00:00+00:00,5871.0,5791.16,4193.13,5840.007477803591,5496.784891030449
e8fffaab-f310-4c9c-a833-a837b68f1658,2026-07-29 23:15:00+00:00,5642.42,5871.0,4505.31,5939.142778849154,5599.401366372767
e8fffaab-f310-4c9c-a833-a837b68f1658,2026-07-29 23:30:00+00:00,5380.89,5642.42,4778.37,5734.019934315262,5401.33139661889
e8fffaab-f310-4c9c-a833-a837b68f1658,2026-07-29 23:45:00+00:00,5414.95,5380.89,4825.77,5557.280181544679,5233.154196718896
e8fffaab-f310-4c9c-a833-a837b68f1658,2026-07-30 00:00:00+00:00,5391.85,5414.95,4625.43,5564.502422717875,5279.586399553656
e8fffaab-f310-4c9c-a833-a837b68f1658,2026-07-30 00:15:00+00:00,5262.47,5391.85,4676.64,5564.983893792485,5286.399574639439
e8fffaab-f310-4c9c-a833-a837b68f1658,2026-07-30 00:30:00+00:00,5092.41,5262.47,3651.99,5440.117877735047,5178.550917247107
e8fffaab-f310-4c9c-a833-a837b68f1658,2026-07-30 00:45:00+00:00,6334.46,5092.41,4148.12,5324.889827048333,5072.313337182792
e8fffaab-f310-4c9c-a833-a837b68f1658,2026-07-30 01:00:00+00:00,5291.0,6334.46,4452.03,6589.371217042668,6343.015840343518
e8fffaab-f310-4c9c-a833-a837b68f1658,2026-07-30 01:15:00+00:00,5092.71,5291.0,3947.49,5311.46886474444,5089.983538081544
e8fffaab-f310-4c9c-a833-a837b68f1658,2026-07-30 01:30:00+00:00,5754.09,5092.71,4056.94,5396.260715682309,5181.948430743299
e8fffaab-f310-4c9c-a833-a837b68f1658,2026-07-30 01:45:00+00:00,5247.62,5754.09,4126.31,6116.195745285285,5907.737762698265
e8fffaab-f310-4c9c-a833-a837b68f1658,2026-07-30 02:00:00+00:00,7750.97,5247.62,6711.13,5729.034343886962,5502.196349731131
e8fffaab-f310-4c9c-a833-a837b68f1658,2026-07-30 02:15:00+00:00,7482.3,7750.97,6723.88,8306.281276866797,8083.863282209688
e8fffaab-f310-4c9c-a833-a837b68f1658,2026-07-30 02:30:00+00:00,8013.53,7482.3,6979.74,7614.038407171956,7401.43491637854
e8fffaab-f310-4c9c-a833-a837b68f1658,2026-07-30 02:45:00+00:00,7741.3,8013.53,6609.74,8211.118105789057,8017.750865178404
e8fffaab-f310-4c9c-a833-a837b68f1658,2026-07-30 03:00:00+00:00,7880.47,7741.3,8061.43,8007.08416280059,7799.421138653389
e8fffaab-f310-4c9c-a833-a837b68f1658,2026-07-30 03:15:00+00:00,7725.46,7880.47,7122.42,8199.179754493058,8020.685020996758
e8fffaab-f310-4c9c-a833-a837b68f1658,2026-07-30 03:30:00+00:00,8408.44,7725.46,6850.7,8026.122354367724,7873.7323450331205
e8fffaab-f310-4c9c-a833-a837b68f1658,2026-07-30 03:45:00+00:00,6883.57,8408.44,7057.57,8724.10070932964,8597.106057744553
e8fffaab-f310-4c9c-a833-a837b68f1658,2026-07-30 04:00:00+00:00,6802.2,6883.57,6063.55,7046.59497438654,6966.257110357909
e8fffaab-f310-4c9c-a833-a837b68f1658,2026-07-30 04:15:00+00:00,6962.18,6802.2,6112.85,7297.381154139563,7221.837844785063
e8fffaab-f310-4c9c-a833-a837b68f1658,2026-07-30 04:30:00+00:00,7205.17,6962.18,4998.27,7461.656306788376,7396.646404718367
e8fffaab-f310-4c9c-a833-a837b68f1658,2026-07-30 04:45:00+00:00,6289.8,7205.17,4761.66,7632.817768464647,7587.850840905796
e8fffaab-f310-4c9c-a833-a837b68f1658,2026-07-30 05:00:00+00:00,6223.62,6289.8,5029.92,6677.536834713386,6648.080240238729
e8fffaab-f310-4c9c-a833-a837b68f1658,2026-07-30 05:15:00+00:00,6043.54,6223.62,5259.85,6761.5000657769815,6725.7368474625455
e8fffaab-f310-4c9c-a833-a837b68f1658,2026-07-30 05:30:00+00:00,5480.23,6043.54,5732.46,6638.04441679443,6584.274995989488
e8fffaab-f310-4c9c-a833-a837b68f1658,2026-07-30 05:45:00+00:00,5165.86,5480.23,6118.95,6257.627971714248,6176.873974453412
e8fffaab-f310-4c9c-a833-a837b68f1658,2026-07-30 06:00:00+00:00,5177.76,5165.86,9138.87,6233.060452290729,6107.3422178978035
e8fffaab-f310-4c9c-a833-a837b68f1658,2026-07-30 06:15:00+00:00,5492.9,5177.76,9499.45,6385.623722877082,6226.647847155118
e8fffaab-f310-4c9c-a833-a837b68f1658,2026-07-30 06:30:00+00:00,5780.83,5492.9,5354.67,6391.267204989008,6271.217855698367
e8fffaab-f310-4c9c-a833-a837b68f1658,2026-07-30 06:45:00+00:00,3081.78,5780.83,43403.55,8485.880935543506,7938.526089647448
e8fffaab-f310-4c9c-a833-a837b68f1658,2026-07-30 07:00:00+00:00,7241.75,3081.78,4155.31,3856.085251503714,3717.4475158533924
e8fffaab-f310-4c9c-a833-a837b68f1658,2026-07-30 07:15:00+00:00,7916.38,7241.75,4400.03,8650.764113610565,8438.240944735791
e8fffaab-f310-4c9c-a833-a837b68f1658,2026-07-30 07:30:00+00:00,4834.63,7916.38,8918.24,8704.688017856712,8418.869712602482
e8fffaab-f310-4c9c-a833-a837b68f1658,2026-07-30 07:45:00+00:00,7153.67,4834.63,6191.67,5163.387213182193,4948.386017785488
e8fffaab-f310-4c9c-a833-a837b68f1658,2026-07-30 08:00:00+00:00,7747.51,7153.67,6188.76,8236.35311244955,7939.3869412035
e8fffaab-f310-4c9c-a833-a837b68f1658,2026-07-30 08:15:00+00:00,9390.55,7747.51,8137.24,8497.79867725747,8149.541347347802
e8fffaab-f310-4c9c-a833-a837b68f1658,2026-07-30 08:30:00+00:00,4937.35,9390.55,53.42,9425.18295793962,9171.991338874184
e8fffaab-f310-4c9c-a833-a837b68f1658,2026-07-30 08:45:00+00:00,1203.24,4937.35,10378.22,5390.493299421599,4997.243104173453
e8fffaab-f310-4c9c-a833-a837b68f1658,2026-07-30 09:00:00+00:00,9742.38,1203.24,8290.97,2618.745269406377,2223.3902766423907
e8fffaab-f310-4c9c-a833-a837b68f1658,2026-07-30 09:15:00+00:00,552.09,9742.38,8020.56,11483.00526512091,11067.456993209073
e8fffaab-f310-4c9c-a833-a837b68f1658,2026-07-30 09:30:00+00:00,5907.46,552.09,10570.96,893.3905022523431,506.76700556034666
e8fffaab-f310-4c9c-a833-a837b68f1658,2026-07-30 09:45:00+00:00,7562.11,5907.46,11449.66,7757.113494443942,7371.776041264482
e8fffaab-f310-4c9c-a833-a837b68f1658,2026-07-30 10:00:00+00:00,5050.27,7562.11,8731.95,8470.430176241314,8016.627701062107
e8fffaab-f310-4c9c-a833-a837b68f1658,2026-07-30 10:15:00+00:00,6187.0,5050.27,6063.47,5385.338122232242,5009.365930582762
e8fffaab-f310-4c9c-a833-a837b68f1658,2026-07-30 10:30:00+00:00,2240.14,6187.0,14249.26,7340.198309564988,6836.63879613417
e8fffaab-f310-4c9c-a833-a837b68f1658,2026-07-30 10:45:00+00:00,4968.68,2240.14,9643.1,2838.121409192624,2400.5005269238
e8fffaab-f310-4c9c-a833-a837b68f1658,2026-07-30 11:00:00+00:00,4436.13,4968.68,553.39,6047.739918918074,5641.525875753234
e8fffaab-f310-4c9c-a833-a837b68f1658,2026-07-30 11:15:00+00:00,8800.6,4436.13,7173.99,5222.227748912332,4738.981649202329
e8fffaab-f310-4c9c-a833-a837b68f1658,2026-07-30 11:30:00+00:00,8503.96,8800.6,8610.52,9605.585539336415,9088.342186131815
e8fffaab-f310-4c9c-a833-a837b68f1658,2026-07-30 11:45:00+00:00,4288.34,8503.96,7234.31,8524.927674512697,7969.100747709615
e8fffaab-f310-4c9c-a833-a837b68f1658,2026-07-30 12:00:00+00:00,7758.89,4288.34,10024.71,4343.703744843574,3794.8196502371648
e8fffaab-f310-4c9c-a833-a837b68f1658,2026-07-30 12:15:00+00:00,11714.49,7758.89,8805.1,8681.345851711465,8084.288234467796
e8fffaab-f310-4c9c-a833-a837b68f1658,2026-07-30 12:30:00+00:00,9948.44,11714.49,3450.73,11722.049023520478,11142.220712677181
e8fffaab-f310-4c9c-a833-a837b68f1658,2026-07-30 12:45:00+00:00,9759.95,9948.44,8583.67,9393.439681975919,8789.283385430335
e8fffaab-f310-4c9c-a833-a837b68f1658,2026-07-30 13:00:00+00:00,8916.15,9759.95,7563.14,9627.946259091384,8997.132242272091
e8fffaab-f310-4c9c-a833-a837b68f1658,2026-07-30 13:15:00+00:00,9089.86,8916.15,5511.46,8886.970594478113,8288.594262223038
e8fffaab-f310-4c9c-a833-a837b68f1658,2026-07-30 13:30:00+00:00,8823.58,9089.86,11024.28,9179.934732022588,8620.331035623634
e8fffaab-f310-4c9c-a833-a837b68f1658,2026-07-30 13:45:00+00:00,8810.93,8823.58,12678.02,8991.919218397661,8453.641338189198
e8fffaab-f310-4c9c-a833-a837b68f1658,2026-07-30 14:00:00+00:00,7156.08,8810.93,4734.26,8651.572862906682,8238.822653916603
e8fffaab-f310-4c9c-a833-a837b68f1658,2026-07-30 14:15:00+00:00,8482.32,7156.08,6963.38,6965.29510370688,6652.802930805878
e8fffaab-f310-4c9c-a833-a837b68f1658,2026-07-30 14:30:00+00:00,7652.64,8482.32,7138.78,8677.004811613388,8431.728980706393
e8fffaab-f310-4c9c-a833-a837b68f1658,2026-07-30 14:45:00+00:00,8763.23,7652.64,8622.5,7484.374960690257,7343.653444012992
e8fffaab-f310-4c9c-a833-a837b68f1658,2026-07-30 15:00:00+00:00,8623.15,8763.23,6262.08,8491.334263606537,8481.101078454818
e8fffaab-f310-4c9c-a833-a837b68f1658,2026-07-30 15:15:00+00:00,8817.94,8623.15,6780.9,8217.540353019813,8182.524632244462
e8fffaab-f310-4c9c-a833-a837b68f1658,2026-07-30 15:30:00+00:00,9509.9,8817.94,6318.5,8517.247516690755,8465.533859374014
e8fffaab-f310-4c9c-a833-a837b68f1658,2026-07-30 15:45:00+00:00,8936.83,9509.9,7879.03,9169.561099280803,9095.872649324905
e8fffaab-f310-4c9c-a833-a837b68f1658,2026-07-30 16:00:00+00:00,5689.92,8936.83,6454.6,8267.497398086964,8224.85222596032
e8fffaab-f310-4c9c-a833-a837b68f1658,2026-07-30 16:15:00+00:00,4278.57,5689.92,5009.21,5144.577265051908,5131.170227039094
e8fffaab-f310-4c9c-a833-a837b68f1658,2026-07-30 16:30:00+00:00,5270.19,4278.57,4028.54,4372.951796079921,4371.766636026982
e8fffaab-f310-4c9c-a833-a837b68f1658,2026-07-30 16:45:00+00:00,5261.56,5270.19,4808.25,5528.569383230104,5537.015762033729
e8fffaab-f310-4c9c-a833-a837b68f1658,2026-07-30 17:00:00+00:00,4452.57,5261.56,6401.53,5338.806428071112,5352.031604603045
e8fffaab-f310-4c9c-a833-a837b68f1658,2026-07-30 17:15:00+00:00,4305.9,4452.57,5976.07,4483.705063907292,4479.441655740176
e8fffaab-f310-4c9c-a833-a837b68f1658,2026-07-30 17:30:00+00:00,3895.77,4305.9,6581.51,4630.165397500686,4562.792921580293
e8fffaab-f310-4c9c-a833-a837b68f1658,2026-07-30 17:45:00+00:00,4936.68,3895.77,6596.54,4242.275577833335,4141.57089905692
e8fffaab-f310-4c9c-a833-a837b68f1658,2026-07-30 18:00:00+00:00,4867.83,4936.68,6917.28,5294.941236407506,5161.06515715669
e8fffaab-f310-4c9c-a833-a837b68f1658,2026-07-30 18:15:00+00:00,4852.63,4867.83,7138.79,5052.061669801048,4886.7090081200295
e8fffaab-f310-4c9c-a833-a837b68f1658,2026-07-30 18:30:00+00:00,4936.4,4852.63,6694.69,4995.435028987715,4815.086200562241
e8fffaab-f310-4c9c-a833-a837b68f1658,2026-07-30 18:45:00+00:00,7765.9,4936.4,6196.8,5078.394147577535,4869.781570390369
e8fffaab-f310-4c9c-a833-a837b68f1658,2026-07-30 19:00:00+00:00,5984.82,7765.9,6696.14,7895.745876702582,7636.847663190975
e8fffaab-f310-4c9c-a833-a837b68f1658,2026-07-30 19:15:00+00:00,5692.57,5984.82,6902.35,5580.078528220541,5333.259372334731
e8fffaab-f310-4c9c-a833-a837b68f1658,2026-07-30 19:30:00+00:00,5903.24,5692.57,7429.83,5647.1928866275675,5401.970188095468
e8fffaab-f310-4c9c-a833-a837b68f1658,2026-07-30 19:45:00+00:00,5209.38,5903.24,7457.53,5985.938148074264,5721.159638420983
e8fffaab-f310-4c9c-a833-a837b68f1658,2026-07-30 20:00:00+00:00,5001.16,5209.38,6798.38,5187.696503183127,4951.519165584466
e8fffaab-f310-4c9c-a833-a837b68f1658,2026-07-30 20:15:00+00:00,4815.04,5001.16,6609.61,5099.77744100561,4847.97591916039
e8fffaab-f310-4c9c-a833-a837b68f1658,2026-07-30 20:30:00+00:00,4662.5,4815.04,6530.3,4963.055764466855,4690.818616502877
e8fffaab-f310-4c9c-a833-a837b68f1658,2026-07-30 20:45:00+00:00,4748.82,4662.5,6477.23,4831.210065417349,4546.68644370691
e8fffaab-f310-4c9c-a833-a837b68f1658,2026-07-30 21:00:00+00:00,4483.12,4748.82,6630.5,4943.345501576396,4641.912200363007
e8fffaab-f310-4c9c-a833-a837b68f1658,2026-07-30 21:15:00+00:00,4131.22,4483.12,6590.4,4668.207945154495,4363.26117698635
e8fffaab-f310-4c9c-a833-a837b68f1658,2026-07-30 21:30:00+00:00,3926.4,4131.22,6636.23,4402.657564243097,4091.9868270642437
e8fffaab-f310-4c9c-a833-a837b68f1658,2026-07-30 21:45:00+00:00,3890.89,3926.4,6716.18,4345.441164995924,4021.6170006720313
e8fffaab-f310-4c9c-a833-a837b68f1658,2026-07-30 22:00:00+00:00,3879.11,3890.89,6506.67,4297.741490506853,3983.809862715265
e8fffaab-f310-4c9c-a833-a837b68f1658,2026-07-30 22:15:00+00:00,4331.93,3879.11,5879.48,4258.701439160984,3952.772870067505
e8fffaab-f310-4c9c-a833-a837b68f1658,2026-07-30 22:30:00+00:00,4900.86,4331.93,5672.06,4733.325139287135,4423.189785585705
e8fffaab-f310-4c9c-a833-a837b68f1658,2026-07-30 22:45:00+00:00,4555.69,4900.86,5791.16,5200.986241897541,4890.963842934838
e8fffaab-f310-4c9c-a833-a837b68f1658,2026-07-30 23:00:00+00:00,4378.57,4555.69,5871.0,4761.401254912979,4456.217013969398
e8fffaab-f310-4c9c-a833-a837b68f1658,2026-07-30 23:15:00+00:00,4811.01,4378.57,5642.42,4677.530501819166,4375.659807820364
e8fffaab-f310-4c9c-a833-a837b68f1658,2026-07-30 23:30:00+00:00,4871.76,4811.01,5380.89,5125.709087125215,4830.670690143796
e8fffaab-f310-4c9c-a833-a837b68f1658,2026-07-30 23:45:00+00:00,3271.35,4871.76,5414.95,5117.723852524032,4831.269588544016
e8fffaab-f310-4c9c-a833-a837b68f1658,2026-07-31 00:00:00+00:00,3288.51,3271.35,5391.85,3565.4716764939503,3289.3231189022445
e8fffaab-f310-4c9c-a833-a837b68f1658,2026-07-31 00:15:00+00:00,3430.15,3288.51,5262.47,3919.184261408993,3648.6523294596645
e8fffaab-f310-4c9c-a833-a837b68f1658,2026-07-31 00:30:00+00:00,3675.64,3430.15,5092.41,4075.482591515205,3813.3582268164255
e8fffaab-f310-4c9c-a833-a837b68f1658,2026-07-31 00:45:00+00:00,3583.41,3675.64,6334.46,4322.864004944664,4070.059231687599
e8fffaab-f310-4c9c-a833-a837b68f1658,2026-07-31 01:00:00+00:00,3259.52,3583.41,5291.0,4147.03115273477,3919.097519257063
e8fffaab-f310-4c9c-a833-a837b68f1658,2026-07-31 01:15:00+00:00,3109.73,3259.52,5092.71,3863.3349640310917,3649.591481442303
e8fffaab-f310-4c9c-a833-a837b68f1658,2026-07-31 01:30:00+00:00,3171.64,3109.73,5754.09,3902.5312515859387,3684.0178838765014
e8fffaab-f310-4c9c-a833-a837b68f1658,2026-07-31 01:45:00+00:00,3499.58,3171.64,5247.62,4007.69704529762,3806.3453016112853
e8fffaab-f310-4c9c-a833-a837b68f1658,2026-07-31 02:00:00+00:00,6634.6,3499.58,7750.97,4572.258111977173,4342.427135341834
e8fffaab-f310-4c9c-a833-a837b68f1658,2026-07-31 02:15:00+00:00,6137.19,6634.6,7482.3,7575.019562890148,7350.538578492673
e8fffaab-f310-4c9c-a833-a837b68f1658,2026-07-31 02:30:00+00:00,6053.91,6137.19,8013.53,6579.269171455146,6358.893069611831
e8fffaab-f310-4c9c-a833-a837b68f1658,2026-07-31 02:45:00+00:00,6386.85,6053.91,7741.3,6589.715458710109,6391.906710696163
e8fffaab-f310-4c9c-a833-a837b68f1658,2026-07-31 03:00:00+00:00,7083.94,6386.85,7880.47,7056.069337611918,6848.165188190513
e8fffaab-f310-4c9c-a833-a837b68f1658,2026-07-31 03:15:00+00:00,6328.54,7083.94,7725.46,7705.766452635209,7515.513568079699
e8fffaab-f310-4c9c-a833-a837b68f1658,2026-07-31 03:30:00+00:00,6305.23,6328.54,8408.44,6841.751149599813,6676.42709786763
e8fffaab-f310-4c9c-a833-a837b68f1658,2026-07-31 03:45:00+00:00,5913.25,6305.23,6883.57,6897.385204289851,6772.118362582289
e8fffaab-f310-4c9c-a833-a837b68f1658,2026-07-31 04:00:00+00:00,5366.23,5913.25,6802.2,6557.260038497323,6451.843324059104
e8fffaab-f310-4c9c-a833-a837b68f1658,2026-07-31 04:15:00+00:00,6401.48,5366.23,6962.18,6074.676840669317,5995.120508463856
e8fffaab-f310-4c9c-a833-a837b68f1658,2026-07-31 04:30:00+00:00,6281.44,6401.48,7205.17,7202.804103332717,7133.989470071192
e8fffaab-f310-4c9c-a833-a837b68f1658,2026-07-31 04:45:00+00:00,6114.2,6281.44,6289.8,6866.243404677626,6822.361924235264
e8fffaab-f310-4c9c-a833-a837b68f1658,2026-07-31 05:00:00+00:00,5542.7,6114.2,6223.62,6719.474666547074,6697.672874915554
e8fffaab-f310-4c9c-a833-a837b68f1658,2026-07-31 05:15:00+00:00,5981.18,5542.7,6043.54,6310.87049056784,6263.578480734976
e8fffaab-f310-4c9c-a833-a837b68f1658,2026-07-31 05:30:00+00:00,4450.88,5981.18,5480.23,6865.619792767482,6809.599039088145
e8fffaab-f310-4c9c-a833-a837b68f1658,2026-07-31 05:45:00+00:00,4044.08,4450.88,5165.86,5305.3984831764055,5247.841709984412
e8fffaab-f310-4c9c-a833-a837b68f1658,2026-07-31 06:00:00+00:00,8208.05,4044.08,5177.76,5182.222083659464,5125.719088663933
e8fffaab-f310-4c9c-a833-a837b68f1658,2026-07-31 06:15:00+00:00,8159.24,8208.05,5492.9,9414.756677177442,9293.481243265012
e8fffaab-f310-4c9c-a833-a837b68f1658,2026-07-31 06:30:00+00:00,6130.74,8159.24,5780.83,8536.740969477762,8391.703714665236
e8fffaab-f310-4c9c-a833-a837b68f1658,2026-07-31 06:45:00+00:00,3518.08,6130.74,3081.78,6461.340779356655,6320.123064413758
e8fffaab-f310-4c9c-a833-a837b68f1658,2026-07-31 07:00:00+00:00,7877.4,3518.08,7241.75,4484.891693114068,4269.035853111841
e8fffaab-f310-4c9c-a833-a837b68f1658,2026-07-31 07:15:00+00:00,8836.33,7877.4,7916.38,9303.076243962874,9034.434478533021
e8fffaab-f310-4c9c-a833-a837b68f1658,2026-07-31 07:30:00+00:00,3762.59,8836.33,4834.63,9189.256934009685,8937.96850612078
e8fffaab-f310-4c9c-a833-a837b68f1658,2026-07-31 07:45:00+00:00,5842.15,3762.59,7153.67,4055.523008221735,3802.4206714857646
e8fffaab-f310-4c9c-a833-a837b68f1658,2026-07-31 08:00:00+00:00,7115.49,5842.15,7747.51,7166.116642621646,6846.31689191435
e8fffaab-f310-4c9c-a833-a837b68f1658,2026-07-31 08:15:00+00:00,7704.08,7115.49,9390.55,7949.346432910766,7613.938112369982
e8fffaab-f310-4c9c-a833-a837b68f1658,2026-07-31 08:30:00+00:00,7988.09,7704.08,4937.35,8180.776848094341,7877.361687882997
e8fffaab-f310-4c9c-a833-a837b68f1658,2026-07-31 08:45:00+00:00,8396.1,7988.09,1203.24,8135.724570753726,7854.437821969208
e8fffaab-f310-4c9c-a833-a837b68f1658,2026-07-31 09:00:00+00:00,9511.37,8396.1,9742.38,8780.979914960459,8406.870397352155
e8fffaab-f310-4c9c-a833-a837b68f1658,2026-07-31 09:15:00+00:00,5920.49,9511.37,552.09,9604.891161592614,9265.370612501294
e8fffaab-f310-4c9c-a833-a837b68f1658,2026-07-31 09:30:00+00:00,9633.47,5920.49,5907.46,6048.564225283528,5666.381733623665
e8fffaab-f310-4c9c-a833-a837b68f1658,2026-07-31 09:45:00+00:00,6509.08,9633.47,7562.11,10476.602889351369,10038.923260278236
e8fffaab-f310-4c9c-a833-a837b68f1658,2026-07-31 10:00:00+00:00,9602.79,6509.08,5050.27,6530.2311771076675,6116.847892198996
e8fffaab-f310-4c9c-a833-a837b68f1658,2026-07-31 10:15:00+00:00,10737.65,9602.79,6187.0,10193.151442515677,9761.556660765127
e8fffaab-f310-4c9c-a833-a837b68f1658,2026-07-31 10:30:00+00:00,9285.72,10737.65,2240.14,10492.796863151765,10074.33775367724
e8fffaab-f310-4c9c-a833-a837b68f1658,2026-07-31 10:45:00+00:00,76.9,9285.72,4968.68,9070.156898444928,8613.98865108133
e8fffaab-f310-4c9c-a833-a837b68f1658,2026-07-31 11:00:00+00:00,10093.19,76.9,4436.13,247.73250167314472,-173.16106163778568
e8fffaab-f310-4c9c-a833-a837b68f1658,2026-07-31 11:15:00+00:00,6270.49,10093.19,8800.6,12194.970194473646,11661.426922696777
e8fffaab-f310-4c9c-a833-a837b68f1658,2026-07-31 11:30:00+00:00,-2009.71,6270.49,8503.96,6443.725428920623,5944.395351204814
e8fffaab-f310-4c9c-a833-a837b68f1658,2026-07-31 11:45:00+00:00,3640.75,-2009.71,4288.34,-1673.614129149344,-1965.367199776003
e8fffaab-f310-4c9c-a833-a837b68f1658,2026-07-31 12:00:00+00:00,3755.19,3640.75,7758.89,5987.739991662584,5543.065772007564
e8fffaab-f310-4c9c-a833-a837b68f1658,2026-07-31 12:15:00+00:00,318.55,3755.19,11714.49,5103.624101286221,4648.000429492986
e8fffaab-f310-4c9c-a833-a837b68f1658,2026-07-31 12:30:00+00:00,512.44,318.55,9948.44,1426.9170386691276,1072.3833798422747
e8fffaab-f310-4c9c-a833-a837b68f1658,2026-07-31 12:45:00+00:00,5921.31,512.44,9759.95,2397.5570993924694,2007.900342689325
e8fffaab-f310-4c9c-a833-a837b68f1658,2026-07-31 13:00:00+00:00,1006.75,5921.31,8916.15,7663.264677306922,7248.026076185073
e8fffaab-f310-4c9c-a833-a837b68f1658,2026-07-31 13:15:00+00:00,7293.04,1006.75,9089.86,1643.1243393696477,1300.2618881458638
e8fffaab-f310-4c9c-a833-a837b68f1658,2026-07-31 13:30:00+00:00,6779.39,7293.04,8823.58,8613.56652926627,8275.646866621717
e8fffaab-f310-4c9c-a833-a837b68f1658,2026-07-31 13:45:00+00:00,5625.74,6779.39,8810.93,7128.434858037614,6744.124316115611
e8fffaab-f310-4c9c-a833-a837b68f1658,2026-07-31 14:00:00+00:00,4523.06,5625.74,7156.08,5777.582572666499,5481.201022942296
e8fffaab-f310-4c9c-a833-a837b68f1658,2026-07-31 14:15:00+00:00,7656.28,4523.06,8482.32,5092.319221637584,4754.896526841744
e8fffaab-f310-4c9c-a833-a837b68f1658,2026-07-31 14:30:00+00:00,7538.7,7656.28,7652.64,8300.355014085091,7968.771393386598
e8fffaab-f310-4c9c-a833-a837b68f1658,2026-07-31 14:45:00+00:00,6561.88,7538.7,8763.23,7807.536431330145,7443.639819475526
e8fffaab-f310-4c9c-a833-a837b68f1658,2026-07-31 15:00:00+00:00,3771.16,6561.88,8623.15,6718.576259149207,6391.064871961069
e8fffaab-f310-4c9c-a833-a837b68f1658,2026-07-31 15:15:00+00:00,5968.41,3771.16,8817.94,4161.5962232441225,3839.9900631489363
e8fffaab-f310-4c9c-a833-a837b68f1658,2026-07-31 15:30:00+00:00,5949.55,5968.41,9509.9,6786.938190064499,6465.152032050038
e8fffaab-f310-4c9c-a833-a837b68f1658,2026-07-31 15:45:00+00:00,5471.03,5949.55,8936.83,6162.26732579997,5872.771592829671
e8fffaab-f310-4c9c-a833-a837b68f1658,2026-07-31 16:00:00+00:00,4816.48,5471.03,5689.92,5350.685384531199,5136.537598556818
e8fffaab-f310-4c9c-a833-a837b68f1658,2026-07-31 16:15:00+00:00,2420.45,4816.48,4278.57,4809.804751054203,4603.95369541733
e8fffaab-f310-4c9c-a833-a837b68f1658,2026-07-31 16:30:00+00:00,3291.53,2420.45,5270.19,2720.6774603003805,2513.0145293520927
e8fffaab-f310-4c9c-a833-a837b68f1658,2026-07-31 16:45:00+00:00,3337.6,3291.53,5261.56,3879.3156820019003,3704.2116826289703
e8fffaab-f310-4c9c-a833-a837b68f1658,2026-07-31 17:00:00+00:00,3501.03,3337.6,4452.57,3750.7052667642483,3589.2731534060676
e8fffaab-f310-4c9c-a833-a837b68f1658,2026-07-31 17:15:00+00:00,3974.24,3501.03,4305.9,3812.54292163209,3680.7332323605788
e8fffaab-f310-4c9c-a833-a837b68f1658,2026-07-31 17:30:00+00:00,4351.68,3974.24,3895.77,4308.888049121556,4169.967147072141
e8fffaab-f310-4c9c-a833-a837b68f1658,2026-07-31 17:45:00+00:00,3299.54,4351.68,4936.68,4578.510379656578,4443.217983804485
e8fffaab-f310-4c9c-a833-a837b68f1658,2026-07-31 18:00:00+00:00,3732.77,3299.54,4867.83,3479.3855866033955,3355.9687840239003
e8fffaab-f310-4c9c-a833-a837b68f1658,2026-07-31 18:15:00+00:00,4518.42,3732.77,4852.63,4158.130893794993,4037.2513291775695
e8fffaab-f310-4c9c-a833-a837b68f1658,2026-07-31 18:30:00+00:00,4370.77,4518.42,4936.4,4829.773243580839,4719.721036735098
e8fffaab-f310-4c9c-a833-a837b68f1658,2026-07-31 18:45:00+00:00,4288.65,4370.77,7765.9,4623.438282179894,4510.074331227613
e8fffaab-f310-4c9c-a833-a837b68f1658,2026-07-31 19:00:00+00:00,4456.56,4288.65,5984.82,4497.947199418488,4416.035394009685
e8fffaab-f310-4c9c-a833-a837b68f1658,2026-07-31 19:15:00+00:00,4637.29,4456.56,5692.57,4685.448973113489,4599.113205383389
e8fffaab-f310-4c9c-a833-a837b68f1658,2026-07-31 19:30:00+00:00,4655.39,4637.29,5903.24,4848.705930485091,4758.78376886121
e8fffaab-f310-4c9c-a833-a837b68f1658,2026-07-31 19:45:00+00:00,4816.66,4655.39,5209.38,4799.763508115362,4718.467837078339
e8fffaab-f310-4c9c-a833-a837b68f1658,2026-07-31 20:00:00+00:00,4732.26,4816.66,5001.16,4957.984418004764,4877.98719116599
e8fffaab-f310-4c9c-a833-a837b68f1658,2026-07-31 20:15:00+00:00,4804.23,4732.26,4815.04,4842.555027388562,4745.3438792579345
e8fffaab-f310-4c9c-a833-a837b68f1658,2026-07-31 20:30:00+00:00,4749.1,4804.23,4662.5,4932.426493956987,4818.449683541592
e8fffaab-f310-4c9c-a833-a837b68f1658,2026-07-31 20:45:00+00:00,4893.05,4749.1,4748.82,4865.358802262781,4735.748154433422
e8fffaab-f310-4c9c-a833-a837b68f1658,2026-07-31 21:00:00+00:00,5168.9,4893.05,4483.12,5015.289511016291,4872.950913247349
e8fffaab-f310-4c9c-a833-a837b68f1658,2026-07-31 21:15:00+00:00,5355.14,5168.9,4131.22,5289.250883795512,5129.433282156804
e8fffaab-f310-4c9c-a833-a837b68f1658,2026-07-31 21:30:00+00:00,4823.4,5355.14,3926.4,5411.725617146893,5242.509285889598
e8fffaab-f310-4c9c-a833-a837b68f1658,2026-07-31 21:45:00+00:00,5454.92,4823.4,3890.89,4848.386262171677,4673.878489481078
e8fffaab-f310-4c9c-a833-a837b68f1658,2026-07-31 22:00:00+00:00,4772.27,5454.92,3879.11,5595.353606976756,5406.265276013037
e8fffaab-f310-4c9c-a833-a837b68f1658,2026-07-31 22:15:00+00:00,4484.19,4772.27,4331.93,4839.944751895525,4642.639709771736
e8fffaab-f310-4c9c-a833-a837b68f1658,2026-07-31 22:30:00+00:00,4161.38,4484.19,4900.86,4699.404411054585,4500.700552394974
e8fffaab-f310-4c9c-a833-a837b68f1658,2026-07-31 22:45:00+00:00,4246.32,4161.38,4555.69,4433.3133162650365,4235.89354249973
e8fffaab-f310-4c9c-a833-a837b68f1658,2026-07-31 23:00:00+00:00,4463.07,4246.32,4378.57,4576.059016444438,4383.569315945996
e8fffaab-f310-4c9c-a833-a837b68f1658,2026-07-31 23:15:00+00:00,4058.44,4463.07,4811.01,4801.25770761439,4614.949949613298
e8fffaab-f310-4c9c-a833-a837b68f1658,2026-07-31 23:30:00+00:00,4151.57,4058.44,4871.76,4378.302553174173,4206.486122164439
e8fffaab-f310-4c9c-a833-a837b68f1658,2026-07-31 23:45:00+00:00,4027.27,4151.57,3271.35,4495.481636850481,4351.852554101988
e8fffaab-f310-4c9c-a833-a837b68f1658,2026-08-01 00:00:00+00:00,4141.24,4027.27,3288.51,3904.9250171568283,3654.614542417935
e8fffaab-f310-4c9c-a833-a837b68f1658,2026-08-01 00:15:00+00:00,4042.72,4141.24,3430.15,4058.8584334284633,3815.78502023742
e8fffaab-f310-4c9c-a833-a837b68f1658,2026-08-01 00:30:00+00:00,4785.43,4042.72,3675.64,3956.147411857004,3721.333231203829
e8fffaab-f310-4c9c-a833-a837b68f1658,2026-08-01 00:45:00+00:00,4934.07,4785.43,3583.41,4760.433644837117,4526.695370578328
e8fffaab-f310-4c9c-a833-a837b68f1658,2026-08-01 01:00:00+00:00,4134.6,4934.07,3259.52,4762.096228932548,4542.61957400817
e8fffaab-f310-4c9c-a833-a837b68f1658,2026-08-01 01:15:00+00:00,3774.93,4134.6,3109.73,3941.711708267723,3746.255578295253
e8fffaab-f310-4c9c-a833-a837b68f1658,2026-08-01 01:30:00+00:00,3978.99,3774.93,3171.64,3772.0762298943746,3591.139429691937
e8fffaab-f310-4c9c-a833-a837b68f1658,2026-08-01 01:45:00+00:00,4117.23,3978.99,3499.58,4123.7639263318315,3948.643533728604
e8fffaab-f310-4c9c-a833-a837b68f1658,2026-08-01 02:00:00+00:00,4045.07,4117.23,6634.6,4317.441103485498,4142.44360265063
e8fffaab-f310-4c9c-a833-a837b68f1658,2026-08-01 02:15:00+00:00,3404.72,4045.07,6137.19,4211.603623995577,4060.879201455393
e8fffaab-f310-4c9c-a833-a837b68f1658,2026-08-01 02:30:00+00:00,3562.83,3404.72,6053.91,3622.0895814829955,3491.5813493917176
e8fffaab-f310-4c9c-a833-a837b68f1658,2026-08-01 02:45:00+00:00,3432.38,3562.83,6386.85,3972.9980771992778,3851.6083254874748
e8fffaab-f310-4c9c-a833-a837b68f1658,2026-08-01 03:00:00+00:00,3864.7,3432.38,7083.94,3894.0582327036727,3782.464638606998
e8fffaab-f310-4c9c-a833-a837b68f1658,2026-08-01 03:15:00+00:00,3883.94,3864.7,6328.54,4291.080778946595,4218.52348957012
e8fffaab-f310-4c9c-a833-a837b68f1658,2026-08-01 03:30:00+00:00,3812.56,3883.94,6305.23,4288.28717898168,4234.528055117259
e8fffaab-f310-4c9c-a833-a837b68f1658,2026-08-01 03:45:00+00:00,3624.75,3812.56,5913.25,4177.824739350414,4161.986577329295
e8fffaab-f310-4c9c-a833-a837b68f1658,2026-08-01 04:00:00+00:00,3263.24,3624.75,5366.23,4002.2835668025873,4019.1279639902777
e8fffaab-f310-4c9c-a833-a837b68f1658,2026-08-01 04:15:00+00:00,3839.34,3263.24,6401.48,3752.451639815812,3765.1025297776177
e8fffaab-f310-4c9c-a833-a837b68f1658,2026-08-01 04:30:00+00:00,3608.57,3839.34,6281.44,4378.162298633719,4398.18423624143
e8fffaab-f310-4c9c-a833-a837b68f1658,2026-08-01 04:45:00+00:00,3448.79,3608.57,6114.2,4025.2985335133426,4058.18331879993
e8fffaab-f310-4c9c-a833-a837b68f1658,2026-08-01 05:00:00+00:00,2433.26,3448.79,5542.7,3881.338919042226,3931.7540446355233
e8fffaab-f310-4c9c-a833-a837b68f1658,2026-08-01 05:15:00+00:00,2785.12,2433.26,5981.18,2989.0434814810915,3015.872948719677
e8fffaab-f310-4c9c-a833-a837b68f1658,2026-08-01 05:30:00+00:00,2569.41,2785.12,4450.88,3473.474585622972,3499.0475460549505
e8fffaab-f310-4c9c-a833-a837b68f1658,2026-08-01 05:45:00+00:00,2262.74,2569.41,4044.08,3150.793300253602,3171.4505163412123
e8fffaab-f310-4c9c-a833-a837b68f1658,2026-08-01 06:00:00+00:00,2200.97,2262.74,8208.05,2952.2711788332035,2942.009401491491
e8fffaab-f310-4c9c-a833-a837b68f1658,2026-08-01 06:15:00+00:00,2894.36,2200.97,8159.24,3023.230486216102,2979.924845943562
e8fffaab-f310-4c9c-a833-a837b68f1658,2026-08-01 06:30:00+00:00,2063.59,2894.36,6130.74,3611.1671998750444,3565.76663505386
e8fffaab-f310-4c9c-a833-a837b68f1658,2026-08-01 06:45:00+00:00,1967.9,2063.59,3518.08,2632.5133640295644,2582.2048876339786
e8fffaab-f310-4c9c-a833-a837b68f1658,2026-08-01 07:00:00+00:00,-15.99,1967.9,7877.4,2705.7605853306077,2619.986761443457
e8fffaab-f310-4c9c-a833-a837b68f1658,2026-08-01 07:15:00+00:00,-2037.81,-15.99,8836.33,913.8842991642505,800.4103564637662
e8fffaab-f310-4c9c-a833-a837b68f1658,2026-08-01 07:30:00+00:00,3132.49,-2037.81,3762.59,-847.0326523314034,-918.277860141663
e8fffaab-f310-4c9c-a833-a837b68f1658,2026-08-01 07:45:00+00:00,-894.9,3132.49,5842.15,4549.866658750712,4443.845613821473
e8fffaab-f310-4c9c-a833-a837b68f1658,2026-08-01 08:00:00+00:00,-564.67,-894.9,7115.49,-307.9761081312772,-421.5801555107846
e8fffaab-f310-4c9c-a833-a837b68f1658,2026-08-01 08:15:00+00:00,687.01,-564.67,7704.08,798.1578961771938,674.0367298772544
e8fffaab-f310-4c9c-a833-a837b68f1658,2026-08-01 08:30:00+00:00,-4009.37,687.01,7988.09,2237.030446673024,2026.2495724256369
e8fffaab-f310-4c9c-a833-a837b68f1658,2026-08-01 08:45:00+00:00,-3950.49,-4009.37,8396.1,-2871.6736415283685,-3023.170055183209
e8fffaab-f310-4c9c-a833-a837b68f1658,2026-08-01 09:00:00+00:00,-4416.36,-3950.49,9511.37,-2072.958440891165,-2220.5960829705837
e8fffaab-f310-4c9c-a833-a837b68f1658,2026-08-01 09:15:00+00:00,-7066.7,-4416.36,5920.49,-2821.7653288445526,-2918.046042345457
e8fffaab-f310-4c9c-a833-a837b68f1658,2026-08-01 09:30:00+00:00,-2453.13,-7066.7,9633.47,-4987.767930394566,-5120.775571812874
e8fffaab-f310-4c9c-a833-a837b68f1658,2026-08-01 09:45:00+00:00,-4203.44,-2453.13,6509.08,-407.53146773386834,-486.720223033959
e8fffaab-f310-4c9c-a833-a837b68f1658,2026-08-01 10:00:00+00:00,-2553.38,-4203.44,9602.79,-2650.6502301257424,-2794.2818971400447
e8fffaab-f310-4c9c-a833-a837b68f1658,2026-08-01 10:15:00+00:00,-1040.0,-2553.38,10737.65,-938.3558096799388,-1056.9351335534466
e8fffaab-f310-4c9c-a833-a837b68f1658,2026-08-01 10:30:00+00:00,2364.15,-1040.0,9285.72,413.4698144339054,230.60054947742174
e8fffaab-f310-4c9c-a833-a837b68f1658,2026-08-01 10:45:00+00:00,-943.95,2364.15,76.9,2761.0556115842774,2686.976973074642
e8fffaab-f310-4c9c-a833-a837b68f1658,2026-08-01 11:00:00+00:00,2640.14,-943.95,10093.19,-191.3400402885618,-452.1726128367063
e8fffaab-f310-4c9c-a833-a837b68f1658,2026-08-01 11:15:00+00:00,2968.04,2640.14,6270.49,3694.2268860760714,3459.613722438431
e8fffaab-f310-4c9c-a833-a837b68f1658,2026-08-01 11:30:00+00:00,1000.67,2968.04,-2009.71,3207.2428627779736,2992.1513644199003
e8fffaab-f310-4c9c-a833-a837b68f1658,2026-08-01 11:45:00+00:00,-1018.29,1000.67,3640.75,1266.4895567835574,1039.9930921896193
e8fffaab-f310-4c9c-a833-a837b68f1658,2026-08-01 12:00:00+00:00,-742.65,-1018.29,3755.19,-196.65319227305008,-456.84764692918
e8fffaab-f310-4c9c-a833-a837b68f1658,2026-08-01 12:15:00+00:00,-2253.1,-742.65,318.55,305.90585074021146,71.54673681463464
e8fffaab-f310-4c9c-a833-a837b68f1658,2026-08-01 12:30:00+00:00,1674.28,-2253.1,512.44,-1252.974851477662,-1478.6096341996818
e8fffaab-f310-4c9c-a833-a837b68f1658,2026-08-01 12:45:00+00:00,-573.21,1674.28,5921.31,3081.7061450241636,2786.9738166997677
e8fffaab-f310-4c9c-a833-a837b68f1658,2026-08-01 13:00:00+00:00,3610.75,-573.21,1006.75,-239.6193988776704,-467.92946630848746
e8fffaab-f310-4c9c-a833-a837b68f1658,2026-08-01 13:15:00+00:00,-9397.24,3610.75,7293.04,4371.311905512013,4090.0772463545736
e8fffaab-f310-4c9c-a833-a837b68f1658,2026-08-01 13:30:00+00:00,610.49,-9397.24,6779.39,-9095.408523916707,-9349.358712927238
e8fffaab-f310-4c9c-a833-a837b68f1658,2026-08-01 13:45:00+00:00,3165.2,610.49,5625.74,2961.6603891599298,2705.880823981248
e8fffaab-f310-4c9c-a833-a837b68f1658,2026-08-01 14:00:00+00:00,3283.98,3165.2,4523.06,3760.939320570359,3426.061541141582
e8fffaab-f310-4c9c-a833-a837b68f1658,2026-08-01 14:15:00+00:00,3925.4,3283.98,7656.28,3064.4062119138143,2824.7903481288213
e8fffaab-f310-4c9c-a833-a837b68f1658,2026-08-01 14:30:00+00:00,1782.99,3925.4,7538.7,3968.7854838633357,3651.4410542915593
e8fffaab-f310-4c9c-a833-a837b68f1658,2026-08-01 14:45:00+00:00,4116.72,1782.99,6561.88,1650.7793321695808,1359.4817331304348
e8fffaab-f310-4c9c-a833-a837b68f1658,2026-08-01 15:00:00+00:00,3795.62,4116.72,3771.16,4332.048919392734,4046.750059522047
e8fffaab-f310-4c9c-a833-a837b68f1658,2026-08-01 15:15:00+00:00,2929.02,3795.62,5968.41,3701.3866742461496,3415.9072128311645
e8fffaab-f310-4c9c-a833-a837b68f1658,2026-08-01 15:30:00+00:00,2731.7,2929.02,5949.55,2839.1063562734826,2606.2808192269213
e8fffaab-f310-4c9c-a833-a837b68f1658,2026-08-01 15:45:00+00:00,3408.55,2731.7,5471.03,2901.7597045409193,2677.235368132927
e8fffaab-f310-4c9c-a833-a837b68f1658,2026-08-01 16:00:00+00:00,3388.54,3408.55,4816.48,3538.0196915139104,3350.5519445261407
e8fffaab-f310-4c9c-a833-a837b68f1658,2026-08-01 16:15:00+00:00,3214.05,3388.54,2420.45,3231.0801947322116,3072.907434193681
e8fffaab-f310-4c9c-a833-a837b68f1658,2026-08-01 16:30:00+00:00,3548.75,3214.05,3291.53,3146.6160833059967,2968.9240966649904
e8fffaab-f310-4c9c-a833-a837b68f1658,2026-08-01 16:45:00+00:00,4157.41,3548.75,3337.6,3532.366084961298,3340.8371390782886
e8fffaab-f310-4c9c-a833-a837b68f1658,2026-08-01 17:00:00+00:00,4472.99,4157.41,3501.03,3999.5395161413317,3808.446247898506
e8fffaab-f310-4c9c-a833-a837b68f1658,2026-08-01 17:15:00+00:00,3309.67,4472.99,3974.24,4202.012904571077,4001.513784342099
e8fffaab-f310-4c9c-a833-a837b68f1658,2026-08-01 17:30:00+00:00,4278.03,3309.67,4351.68,2984.6911627749305,2785.224717208266
e8fffaab-f310-4c9c-a833-a837b68f1658,2026-08-01 17:45:00+00:00,4507.84,4278.03,3299.54,4102.357860669528,3903.533425173151
e8fffaab-f310-4c9c-a833-a837b68f1658,2026-08-01 18:00:00+00:00,4450.42,4507.84,3732.77,4166.873413025394,3955.305169604955
e8fffaab-f310-4c9c-a833-a837b68f1658,2026-08-01 18:15:00+00:00,4391.46,4450.42,4518.42,4061.3488244385544,3863.2420935557748
e8fffaab-f310-4c9c-a833-a837b68f1658,2026-08-01 18:30:00+00:00,4428.86,4391.46,4370.77,4049.564407021335,3854.4377785353045
e8fffaab-f310-4c9c-a833-a837b68f1658,2026-08-01 18:45:00+00:00,5037.33,4428.86,4288.65,4100.8991302051145,3916.349757546098
e8fffaab-f310-4c9c-a833-a837b68f1658,2026-08-01 19:00:00+00:00,4719.7,5037.33,4456.56,4751.870649480828,4566.772222942161
e8fffaab-f310-4c9c-a833-a837b68f1658,2026-08-01 19:15:00+00:00,5318.62,4719.7,4637.29,4297.005443639641,4119.196649823587
e8fffaab-f310-4c9c-a833-a837b68f1658,2026-08-01 19:30:00+00:00,5410.14,5318.62,4655.39,4983.381474144677,4799.7522193702325
e8fffaab-f310-4c9c-a833-a837b68f1658,2026-08-01 19:45:00+00:00,4868.43,5410.14,4816.66,4975.300649518319,4789.688982597833
e8fffaab-f310-4c9c-a833-a837b68f1658,2026-08-01 20:00:00+00:00,4825.51,4868.43,4732.26,4386.995813457234,4217.20468432764
e8fffaab-f310-4c9c-a833-a837b68f1658,2026-08-01 20:15:00+00:00,4686.12,4825.51,4804.23,4468.232904630629,4279.916480430801
e8fffaab-f310-4c9c-a833-a837b68f1658,2026-08-01 20:30:00+00:00,4834.34,4686.12,4749.1,4360.941482282924,4157.4941933089885
e8fffaab-f310-4c9c-a833-a837b68f1658,2026-08-01 20:45:00+00:00,5145.98,4834.34,4893.05,4514.2951477775005,4303.717789988462
e8fffaab-f310-4c9c-a833-a837b68f1658,2026-08-01 21:00:00+00:00,4354.11,5145.98,5168.9,4801.477366449875,4577.503792853077
e8fffaab-f310-4c9c-a833-a837b68f1658,2026-08-01 21:15:00+00:00,4304.24,4354.11,5355.14,3973.471094649244,3740.1665304164535
e8fffaab-f310-4c9c-a833-a837b68f1658,2026-08-01 21:30:00+00:00,4431.97,4304.24,4823.4,4067.0928159492096,3826.96311025707
e8fffaab-f310-4c9c-a833-a837b68f1658,2026-08-01 21:45:00+00:00,4469.3,4431.97,5454.92,4260.869076353495,3999.4013317830804
e8fffaab-f310-4c9c-a833-a837b68f1658,2026-08-01 22:00:00+00:00,4086.56,4469.3,4772.27,4221.113212541782,3965.5821137608355
e8fffaab-f310-4c9c-a833-a837b68f1658,2026-08-01 22:15:00+00:00,4851.6,4086.56,4484.19,3833.5009537180304,3577.732648242468
e8fffaab-f310-4c9c-a833-a837b68f1658,2026-08-01 22:30:00+00:00,5101.83,4851.6,4161.38,4704.551955384308,4435.9410873004
e8fffaab-f310-4c9c-a833-a837b68f1658,2026-08-01 22:45:00+00:00,4342.18,5101.83,4246.32,4825.616689965472,4550.854010983243
e8fffaab-f310-4c9c-a833-a837b68f1658,2026-08-01 23:00:00+00:00,4568.8,4342.18,4463.07,4029.726638143079,3761.4128839052973
e8fffaab-f310-4c9c-a833-a837b68f1658,2026-08-01 23:15:00+00:00,4714.69,4568.8,4058.44,4431.207732185612,4165.135004083191
e8fffaab-f310-4c9c-a833-a837b68f1658,2026-08-01 23:30:00+00:00,4781.12,4714.69,4151.57,4566.902942760745,4304.58945729368
e8fffaab-f310-4c9c-a833-a837b68f1658,2026-08-01 23:45:00+00:00,4147.94,4781.12,4027.27,4592.889341014834,4348.361380758229
e8fffaab-f310-4c9c-a833-a837b68f1658,2026-08-02 00:00:00+00:00,5112.87,4147.94,4141.24,4038.854052609465,3780.8381142794324
e8fffaab-f310-4c9c-a833-a837b68f1658,2026-08-02 00:15:00+00:00,3887.88,5112.87,4042.72,5139.246377854701,4880.064217707005
e8fffaab-f310-4c9c-a833-a837b68f1658,2026-08-02 00:30:00+00:00,3374.31,3887.88,4785.43,3806.392795205563,3552.5074040170657
e8fffaab-f310-4c9c-a833-a837b68f1658,2026-08-02 00:45:00+00:00,3511.13,3374.31,4934.07,3540.231539979982,3303.6723724392714
e8fffaab-f310-4c9c-a833-a837b68f1658,2026-08-02 01:00:00+00:00,3258.17,3511.13,4134.6,3767.979548159854,3544.708582146848
e8fffaab-f310-4c9c-a833-a837b68f1658,2026-08-02 01:15:00+00:00,3353.41,3258.17,3774.93,3428.153141521154,3235.832195923792
e8fffaab-f310-4c9c-a833-a837b68f1658,2026-08-02 01:30:00+00:00,3459.49,3353.41,3978.99,3610.6585352974325,3428.49825673345
e8fffaab-f310-4c9c-a833-a837b68f1658,2026-08-02 01:45:00+00:00,3463.4,3459.49,4117.23,3726.4308913045443,3555.151978179111
e8fffaab-f310-4c9c-a833-a837b68f1658,2026-08-02 02:00:00+00:00,5039.73,3463.4,4045.07,3726.9725341275625,3572.5769705244966
e8fffaab-f310-4c9c-a833-a837b68f1658,2026-08-02 02:15:00+00:00,4245.67,5039.73,3404.72,5300.233177471135,5159.58295770511
e8fffaab-f310-4c9c-a833-a837b68f1658,2026-08-02 02:30:00+00:00,3832.13,4245.67,3562.83,4243.933472684792,4127.546520276789
e8fffaab-f310-4c9c-a833-a837b68f1658,2026-08-02 02:45:00+00:00,4081.55,3832.13,3432.38,4012.6552237450187,3923.2355317103893
e8fffaab-f310-4c9c-a833-a837b68f1658,2026-08-02 03:00:00+00:00,4582.55,4081.55,3864.7,4460.132261182828,4371.778779244981
e8fffaab-f310-4c9c-a833-a837b68f1658,2026-08-02 03:15:00+00:00,4855.48,4582.55,3883.94,4918.763731985436,4851.341101665353
e8fffaab-f310-4c9c-a833-a837b68f1658,2026-08-02 03:30:00+00:00,4031.57,4855.48,3812.56,5073.336919837367,5032.678651677932
e8fffaab-f310-4c9c-a833-a837b68f1658,2026-08-02 03:45:00+00:00,3708.6,4031.57,3624.75,4167.530056419582,4162.718898322992
e8fffaab-f310-4c9c-a833-a837b68f1658,2026-08-02 04:00:00+00:00,3022.29,3708.6,3263.24,4020.57460990062,4041.1248636050723
e8fffaab-f310-4c9c-a833-a837b68f1658,2026-08-02 04:15:00+00:00,3637.15,3022.29,3839.34,3478.8664129573926,3502.4209452861123
e8fffaab-f310-4c9c-a833-a837b68f1658,2026-08-02 04:30:00+00:00,2840.91,3637.15,3608.57,4184.032475190335,4226.414942075722
e8fffaab-f310-4c9c-a833-a837b68f1658,2026-08-02 04:45:00+00:00,2642.01,2840.91,3448.79,3267.9634826065303,3331.867015684309
e8fffaab-f310-4c9c-a833-a837b68f1658,2026-08-02 05:00:00+00:00,2989.2,2642.01,2433.26,3159.421249594864,3254.5121980473405
e8fffaab-f310-4c9c-a833-a837b68f1658,2026-08-02 05:15:00+00:00,2037.33,2989.2,2785.12,3612.5841852738004,3675.6362052977593
e8fffaab-f310-4c9c-a833-a837b68f1658,2026-08-02 05:30:00+00:00,3213.93,2037.33,2569.41,2596.8399820078685,2655.027079949842
e8fffaab-f310-4c9c-a833-a837b68f1658,2026-08-02 05:45:00+00:00,2951.95,3213.93,2262.74,3942.1483718600657,3979.5370749476497
e8fffaab-f310-4c9c-a833-a837b68f1658,2026-08-02 06:00:00+00:00,1779.09,2951.95,2200.97,3502.3628951037263,3516.429718475568
e8fffaab-f310-4c9c-a833-a837b68f1658,2026-08-02 06:15:00+00:00,1902.92,1779.09,2894.36,2402.3393904787263,2395.1982334646364
e8fffaab-f310-4c9c-a833-a837b68f1658,2026-08-02 06:30:00+00:00,2697.97,1902.92,2063.59,2744.4543545942734,2707.0122465667264
e8fffaab-f310-4c9c-a833-a837b68f1658,2026-08-02 06:45:00+00:00,1357.17,2697.97,1967.9,3505.930141494384,3434.5325747083934
e8fffaab-f310-4c9c-a833-a837b68f1658,2026-08-02 07:00:00+00:00,1455.99,1357.17,-15.99,1870.8627565060997,1811.304092889528
e8fffaab-f310-4c9c-a833-a837b68f1658,2026-08-02 07:15:00+00:00,-716.29,1455.99,-2037.81,2124.401366254131,2068.206814813071
e8fffaab-f310-4c9c-a833-a837b68f1658,2026-08-02 07:30:00+00:00,-600.07,-716.29,3132.49,167.51483735219517,54.97702862960796
e8fffaab-f310-4c9c-a833-a837b68f1658,2026-08-02 07:45:00+00:00,164.62,-600.07,-894.9,411.801062224602,341.44483236376436
e8fffaab-f310-4c9c-a833-a837b68f1658,2026-08-02 08:00:00+00:00,1389.88,164.62,-564.67,1276.751341181378,1157.755254260439
e8fffaab-f310-4c9c-a833-a837b68f1658,2026-08-02 08:15:00+00:00,1669.95,1389.88,687.01,2322.08805325946,2191.0031828964648
e8fffaab-f310-4c9c-a833-a837b68f1658,2026-08-02 08:30:00+00:00,2915.69,1669.95,-4009.37,2147.2094244937643,2048.5254725886425
e8fffaab-f310-4c9c-a833-a837b68f1658,2026-08-02 08:45:00+00:00,1124.04,2915.69,-3950.49,3235.3632339958813,3126.0545720217397
e8fffaab-f310-4c9c-a833-a837b68f1658,2026-08-02 09:00:00+00:00,2134.97,1124.04,-4416.36,1339.2485990746263,1204.3637778763623
e8fffaab-f310-4c9c-a833-a837b68f1658,2026-08-02 09:15:00+00:00,-878.46,2134.97,-7066.7,2575.3569344483185,2450.1087195029795
e8fffaab-f310-4c9c-a833-a837b68f1658,2026-08-02 09:30:00+00:00,-15121.67,-878.46,-2453.13,-365.45594137255466,-536.9463598501734
e8fffaab-f310-4c9c-a833-a837b68f1658,2026-08-02 09:45:00+00:00,-2715.69,-15121.67,-4203.44,-13978.71448979968,-14039.560827702244
e8fffaab-f310-4c9c-a833-a837b68f1658,2026-08-02 10:00:00+00:00,-1946.16,-2715.69,-2553.38,1137.6753661784078,967.0059858744153
e8fffaab-f310-4c9c-a833-a837b68f1658,2026-08-02 10:15:00+00:00,2942.13,-1946.16,-1040.0,-495.3690242417597,-685.1370812905079
e8fffaab-f310-4c9c-a833-a837b68f1658,2026-08-02 10:30:00+00:00,1009.61,2942.13,2364.15,3851.7139468616997,3709.3314479995324
e8fffaab-f310-4c9c-a833-a837b68f1658,2026-08-02 10:45:00+00:00,-4101.23,1009.61,-943.95,1148.0435385409073,939.8273664507178
e8fffaab-f310-4c9c-a833-a837b68f1658,2026-08-02 11:00:00+00:00,-3330.3,-4101.23,2640.14,-3381.970837823268,-3611.590097638704
e8fffaab-f310-4c9c-a833-a837b68f1658,2026-08-02 11:15:00+00:00,2315.22,-3330.3,2968.04,-1576.3808016911644,-1849.1997693915673
e8fffaab-f310-4c9c-a833-a837b68f1658,2026-08-02 11:30:00+00:00,-5189.18,2315.22,1000.67,3771.4412287414652,3472.1744963546716
e8fffaab-f310-4c9c-a833-a837b68f1658,2026-08-02 11:45:00+00:00,-7598.4,-5189.18,-1018.29,-4924.314635839424,-5142.508740596686
e8fffaab-f310-4c9c-a833-a837b68f1658,2026-08-02 12:00:00+00:00,2918.48,-7598.4,-742.65,-5888.600290524289,-6104.95415652858
e8fffaab-f310-4c9c-a833-a837b68f1658,2026-08-02 12:15:00+00:00,-2883.17,2918.48,-2253.1,4978.237608781065,4674.033038283476
e8fffaab-f310-4c9c-a833-a837b68f1658,2026-08-02 12:30:00+00:00,-2064.24,-2883.17,1674.28,-2838.935443932329,-3095.196792212837
e8fffaab-f310-4c9c-a833-a837b68f1658,2026-08-02 12:45:00+00:00,-8739.15,-2064.24,-573.21,-1020.9727544180405,-1254.9974706702087
e8fffaab-f310-4c9c-a833-a837b68f1658,2026-08-02 13:00:00+00:00,-5104.69,-8739.15,3610.75,-7323.846905634735,-7647.051600648323
e8fffaab-f310-4c9c-a833-a837b68f1658,2026-08-02 13:15:00+00:00,131.17,-5104.69,-9397.24,-3217.279646513549,-3379.395366230363
e8fffaab-f310-4c9c-a833-a837b68f1658,2026-08-02 13:30:00+00:00,-4826.28,131.17,610.49,1607.0336202887302,1320.5780947793264
e8fffaab-f310-4c9c-a833-a837b68f1658,2026-08-02 13:45:00+00:00,-2805.88,-4826.28,3165.2,-4332.781747059964,-4572.547774837885
e8fffaab-f310-4c9c-a833-a837b68f1658,2026-08-02 14:00:00+00:00,-190.17,-2805.88,3283.98,-1168.1804999152919,-1469.055796095152
e8fffaab-f310-4c9c-a833-a837b68f1658,2026-08-02 14:15:00+00:00,-453.71,-190.17,3925.4,2368.017754876537,1815.8179831377638
e8fffaab-f310-4c9c-a833-a837b68f1658,2026-08-02 14:30:00+00:00,1023.68,-453.71,1782.99,14.831222184096987,-266.112136948901
e8fffaab-f310-4c9c-a833-a837b68f1658,2026-08-02 14:45:00+00:00,1639.9,1023.68,4116.72,1670.9745218207045,1339.775310919782
e8fffaab-f310-4c9c-a833-a837b68f1658,2026-08-02 15:00:00+00:00,1838.04,1639.9,3795.62,2080.799356459711,1717.6195465641376
e8fffaab-f310-4c9c-a833-a837b68f1658,2026-08-02 15:15:00+00:00,2473.37,1838.04,2929.02,2072.729181215115,1727.625328169619
e8fffaab-f310-4c9c-a833-a837b68f1658,2026-08-02 15:30:00+00:00,2751.36,2473.37,2731.7,2618.7412869771333,2273.582969950703
e8fffaab-f310-4c9c-a833-a837b68f1658,2026-08-02 15:45:00+00:00,2387.0,2751.36,3408.55,2907.7861518101645,2535.9490820582905
e8fffaab-f310-4c9c-a833-a837b68f1658,2026-08-02 16:00:00+00:00,4070.14,2387.0,3388.54,2458.8717664263477,2094.6045733013025
e8fffaab-f310-4c9c-a833-a837b68f1658,2026-08-02 16:15:00+00:00,3529.66,4070.14,3214.05,4094.2875470599774,3738.1476899158806
e8fffaab-f310-4c9c-a833-a837b68f1658,2026-08-02 16:30:00+00:00,5543.69,3529.66,3548.75,3214.57217407175,2866.702252409419
e8fffaab-f310-4c9c-a833-a837b68f1658,2026-08-02 16:45:00+00:00,5085.58,5543.69,4157.41,5396.770162044692,5026.347726252898
e8fffaab-f310-4c9c-a833-a837b68f1658,2026-08-02 17:00:00+00:00,4316.05,5085.58,4472.99,4575.475330471597,4200.66685495093
e8fffaab-f310-4c9c-a833-a837b68f1658,2026-08-02 17:15:00+00:00,3996.52,4316.05,3309.67,3808.5435832606763,3470.2174600046847
e8fffaab-f310-4c9c-a833-a837b68f1658,2026-08-02 17:30:00+00:00,4483.98,3996.52,4278.03,3755.834966959872,3403.049306172383
e8fffaab-f310-4c9c-a833-a837b68f1658,2026-08-02 17:45:00+00:00,4565.37,4483.98,4507.84,4308.447750284984,3963.559058207422
e8fffaab-f310-4c9c-a833-a837b68f1658,2026-08-02 18:00:00+00:00,4582.45,4565.37,4450.42,4262.370377364621,3936.2935199754847
e8fffaab-f310-4c9c-a833-a837b68f1658,2026-08-02 18:15:00+00:00,4508.3,4582.45,4391.46,6846.605961657865,6134.473423315099
e8fffaab-f310-4c9c-a833-a837b68f1658,2026-08-02 18:30:00+00:00,4500.42,4508.3,4428.86,6962.327345695508,6238.6394250675
e8fffaab-f310-4c9c-a833-a837b68f1658,2026-08-02 18:45:00+00:00,4718.43,4500.42,5037.33,6496.609173302237,5866.101085457791
e8fffaab-f310-4c9c-a833-a837b68f1658,2026-08-02 19:00:00+00:00,4732.51,4718.43,4719.7,5952.861780718788,5463.147567042058
e8fffaab-f310-4c9c-a833-a837b68f1658,2026-08-02 19:15:00+00:00,5795.59,4732.51,5318.62,4472.075590372588,4219.412161711007
e8fffaab-f310-4c9c-a833-a837b68f1658,2026-08-02 19:30:00+00:00,5442.21,5795.59,5410.14,5497.37818411475,5252.202869140336
e8fffaab-f310-4c9c-a833-a837b68f1658,2026-08-02 19:45:00+00:00,5617.49,5442.21,4868.43,4901.844788897226,4677.595302320625
e8fffaab-f310-4c9c-a833-a837b68f1658,2026-08-02 20:00:00+00:00,5852.73,5617.49,4825.51,5146.793866449141,4934.3657530509345
e8fffaab-f310-4c9c-a833-a837b68f1658,2026-08-02 20:15:00+00:00,5129.09,5852.73,4686.12,5371.725005190936,5131.434590052066
e8fffaab-f310-4c9c-a833-a837b68f1658,2026-08-02 20:30:00+00:00,5145.64,5129.09,4834.34,4631.4899482814535,4375.940444361602
e8fffaab-f310-4c9c-a833-a837b68f1658,2026-08-02 20:45:00+00:00,5458.43,5145.64,5145.98,4823.189754599618,4544.876220239784
e8fffaab-f310-4c9c-a833-a837b68f1658,2026-08-02 21:00:00+00:00,5052.1,5458.43,4354.11,5083.29910763578,4797.240602674531
e8fffaab-f310-4c9c-a833-a837b68f1658,2026-08-02 21:15:00+00:00,4742.69,5052.1,4304.24,4624.117108034447,4329.822119506856
e8fffaab-f310-4c9c-a833-a837b68f1658,2026-08-02 21:30:00+00:00,4816.25,4742.69,4431.97,4421.131779948554,4113.488984642603
e8fffaab-f310-4c9c-a833-a837b68f1658,2026-08-02 21:45:00+00:00,4788.4,4816.25,4469.3,4550.635346594986,4232.325602219476
e8fffaab-f310-4c9c-a833-a837b68f1658,2026-08-02 22:00:00+00:00,4465.3,4788.4,4086.56,4471.426424783093,4153.868951775756
e8fffaab-f310-4c9c-a833-a837b68f1658,2026-08-02 22:15:00+00:00,4543.53,4465.3,4851.6,4199.028379603601,3871.1201150861953
e8fffaab-f310-4c9c-a833-a837b68f1658,2026-08-02 22:30:00+00:00,4486.29,4543.53,5101.83,4350.153235485866,4016.181688931466
e8fffaab-f310-4c9c-a833-a837b68f1658,2026-08-02 22:45:00+00:00,4912.11,4486.29,4342.18,4284.46678454717,3951.051282938154
e8fffaab-f310-4c9c-a833-a837b68f1658,2026-08-02 23:00:00+00:00,5425.34,4912.11,4568.8,4724.0330518654655,4387.960956223195
e8fffaab-f310-4c9c-a833-a837b68f1658,2026-08-02 23:15:00+00:00,4955.76,5425.34,4714.69,5182.083380159331,4841.03322637262
e8fffaab-f310-4c9c-a833-a837b68f1658,2026-08-02 23:30:00+00:00,4863.17,4955.76,4781.12,4646.982441284563,4310.537740899526
e8fffaab-f310-4c9c-a833-a837b68f1658,2026-08-02 23:45:00+00:00,4957.47,4863.17,4147.94,4643.013558632409,4316.40401132443
e8fffaab-f310-4c9c-a833-a837b68f1658,2026-08-03 00:00:00+00:00,4532.07,4957.47,5112.87,5412.463666078179,5167.175307812563
e8fffaab-f310-4c9c-a833-a837b68f1658,2026-08-03 00:15:00+00:00,4476.22,4532.07,3887.88,4965.777973916301,4735.919337946682
e8fffaab-f310-4c9c-a833-a837b68f1658,2026-08-03 00:30:00+00:00,4483.52,4476.22,3374.31,4983.582089079619,4765.654782088381
e8fffaab-f310-4c9c-a833-a837b68f1658,2026-08-03 00:45:00+00:00,4362.03,4483.52,3511.13,5023.564980797967,4811.247747561411
e8fffaab-f310-4c9c-a833-a837b68f1658,2026-08-03 01:00:00+00:00,4154.55,4362.03,3258.17,4910.006986609691,4710.981871076858
e8fffaab-f310-4c9c-a833-a837b68f1658,2026-08-03 01:15:00+00:00,4313.52,4154.55,3353.41,4759.130391294104,4576.468172216292
e8fffaab-f310-4c9c-a833-a837b68f1658,2026-08-03 01:30:00+00:00,4280.81,4313.52,3459.49,4952.2878779257035,4790.515267867181
e8fffaab-f310-4c9c-a833-a837b68f1658,2026-08-03 01:45:00+00:00,4200.7,4280.81,3463.4,4919.661137140315,4776.651164962084
e8fffaab-f310-4c9c-a833-a837b68f1658,2026-08-03 02:00:00+00:00,6746.54,4200.7,5039.73,5047.318301406854,4893.879166834342
e8fffaab-f310-4c9c-a833-a837b68f1658,2026-08-03 02:15:00+00:00,6469.0,6746.54,4245.67,7532.539780711826,7392.039511383386
e8fffaab-f310-4c9c-a833-a837b68f1658,2026-08-03 02:30:00+00:00,7195.48,6469.0,3832.13,6795.062591625134,6673.124387747563
e8fffaab-f310-4c9c-a833-a837b68f1658,2026-08-03 02:45:00+00:00,7196.78,7195.48,4081.55,7625.088678685588,7511.6335407974275
e8fffaab-f310-4c9c-a833-a837b68f1658,2026-08-03 03:00:00+00:00,7321.37,7196.78,4582.55,7618.55245996029,7496.916027543131
e8fffaab-f310-4c9c-a833-a837b68f1658,2026-08-03 03:15:00+00:00,6805.5,7321.37,4855.48,7787.862289013274,7682.722040120136
e8fffaab-f310-4c9c-a833-a837b68f1658,2026-08-03 03:30:00+00:00,6788.79,6805.5,4031.57,7298.015079020026,7214.22876102961
e8fffaab-f310-4c9c-a833-a837b68f1658,2026-08-03 03:45:00+00:00,6252.21,6788.79,3708.6,7349.7590512763,7298.3088360683105
e8fffaab-f310-4c9c-a833-a837b68f1658,2026-08-03 04:00:00+00:00,5488.13,6252.21,3022.29,6942.276920070863,6903.698032765389
e8fffaab-f310-4c9c-a833-a837b68f1658,2026-08-03 04:15:00+00:00,8496.49,5488.13,3637.15,6217.591077498477,6207.468170423409
e8fffaab-f310-4c9c-a833-a837b68f1658,2026-08-03 04:30:00+00:00,6456.53,8496.49,2840.91,9269.629280848307,9266.061361032724
e8fffaab-f310-4c9c-a833-a837b68f1658,2026-08-03 04:45:00+00:00,5445.92,6456.53,2642.01,6666.330008926814,6689.987546385668
e8fffaab-f310-4c9c-a833-a837b68f1658,2026-08-03 05:00:00+00:00,4811.58,5445.92,2989.2,6067.500737815818,6112.1766198925325
e8fffaab-f310-4c9c-a833-a837b68f1658,2026-08-03 05:15:00+00:00,4546.26,4811.58,2037.33,5622.116659750031,5652.344732679697
e8fffaab-f310-4c9c-a833-a837b68f1658,2026-08-03 05:30:00+00:00,7093.05,4546.26,3213.93,5588.735629814837,5594.928595253206
e8fffaab-f310-4c9c-a833-a837b68f1658,2026-08-03 05:45:00+00:00,6512.6,7093.05,2951.95,8143.768709366019,8126.902054393773
e8fffaab-f310-4c9c-a833-a837b68f1658,2026-08-03 06:00:00+00:00,7772.02,6512.6,1779.09,7054.300425102997,7035.416528923835
e8fffaab-f310-4c9c-a833-a837b68f1658,2026-08-03 06:15:00+00:00,9604.93,7772.02,1902.92,8464.490297081462,8413.899673735285
e8fffaab-f310-4c9c-a833-a837b68f1658,2026-08-03 06:30:00+00:00,10349.41,9604.93,2697.97,10095.470302062351,9994.453000982066
e8fffaab-f310-4c9c-a833-a837b68f1658,2026-08-03 06:45:00+00:00,7202.04,10349.41,1357.17,10426.361683982059,10316.179570881919
e8fffaab-f310-4c9c-a833-a837b68f1658,2026-08-03 07:00:00+00:00,6317.97,7202.04,1455.99,7167.302065438723,7054.593757129107
e8fffaab-f310-4c9c-a833-a837b68f1658,2026-08-03 07:15:00+00:00,8391.49,6317.97,-716.29,6648.388011991473,6559.242753037912
e8fffaab-f310-4c9c-a833-a837b68f1658,2026-08-03 07:30:00+00:00,7156.96,8391.49,-600.07,9105.747038784728,8939.084619523002
e8fffaab-f310-4c9c-a833-a837b68f1658,2026-08-03 07:45:00+00:00,5664.92,7156.96,164.62,7222.696210358154,7087.65248788392
e8fffaab-f310-4c9c-a833-a837b68f1658,2026-08-03 08:00:00+00:00,1498.8,5664.92,1389.88,5956.698702827589,5809.517066880916
e8fffaab-f310-4c9c-a833-a837b68f1658,2026-08-03 08:15:00+00:00,2090.02,1498.8,1669.95,2561.2063440215734,2343.545264410768
e8fffaab-f310-4c9c-a833-a837b68f1658,2026-08-03 08:30:00+00:00,4084.56,2090.02,2915.69,3970.7811462029404,3726.557923542966
e8fffaab-f310-4c9c-a833-a837b68f1658,2026-08-03 08:45:00+00:00,-330.01,4084.56,1124.04,5662.691609487242,5417.792903899798
e8fffaab-f310-4c9c-a833-a837b68f1658,2026-08-03 09:00:00+00:00,2058.96,-330.01,2134.97,738.7438767104868,534.903161554952
e8fffaab-f310-4c9c-a833-a837b68f1658,2026-08-03 09:15:00+00:00,396.06,2058.96,-878.46,3730.113650220308,3535.03005792106
e8fffaab-f310-4c9c-a833-a837b68f1658,2026-08-03 09:30:00+00:00,4545.21,396.06,-15121.67,852.9928071499635,801.1303459870887
e8fffaab-f310-4c9c-a833-a837b68f1658,2026-08-03 09:45:00+00:00,7454.33,4545.21,-2715.69,5819.064231526699,5612.357945606441
e8fffaab-f310-4c9c-a833-a837b68f1658,2026-08-03 10:00:00+00:00,485.7,7454.33,-1946.16,8294.803050747321,7967.878337078639
e8fffaab-f310-4c9c-a833-a837b68f1658,2026-08-03 10:15:00+00:00,6170.37,485.7,2942.13,1010.6942678904124,677.7127063382195
e8fffaab-f310-4c9c-a833-a837b68f1658,2026-08-03 10:30:00+00:00,-3140.02,6170.37,1009.61,8051.057360714967,7647.948128469778
e8fffaab-f310-4c9c-a833-a837b68f1658,2026-08-03 10:45:00+00:00,2706.55,-3140.02,-4101.23,-2605.526538594566,-2910.1816714767865
e8fffaab-f310-4c9c-a833-a837b68f1658,2026-08-03 11:00:00+00:00,2904.14,2706.55,-3330.3,4903.169446879035,4579.669865132643
e8fffaab-f310-4c9c-a833-a837b68f1658,2026-08-03 11:15:00+00:00,5172.56,2904.14,2315.22,4368.831961550775,3921.194657312536
e8fffaab-f310-4c9c-a833-a837b68f1658,2026-08-03 11:30:00+00:00,6955.83,5172.56,-5189.18,5757.262889433461,5456.779731601759
e8fffaab-f310-4c9c-a833-a837b68f1658,2026-08-03 11:45:00+00:00,4820.17,6955.83,-7598.4,7181.998247971011,6815.431066516137
e8fffaab-f310-4c9c-a833-a837b68f1658,2026-08-03 12:00:00+00:00,3874.73,4820.17,2918.48,5012.237633412224,4556.7005339968555
e8fffaab-f310-4c9c-a833-a837b68f1658,2026-08-03 12:15:00+00:00,-403.98,3874.73,-2883.17,4317.810357308899,3898.964020197138
e8fffaab-f310-4c9c-a833-a837b68f1658,2026-08-03 12:30:00+00:00,8898.25,-403.98,-2064.24,484.28281154909746,42.848677512485665
e8fffaab-f310-4c9c-a833-a837b68f1658,2026-08-03 12:45:00+00:00,6522.87,8898.25,-8739.15,10150.183391926534,9724.607479703112
e8fffaab-f310-4c9c-a833-a837b68f1658,2026-08-03 13:00:00+00:00,5090.11,6522.87,-5104.69,6200.045776470993,5735.003655938704
e8fffaab-f310-4c9c-a833-a837b68f1658,2026-08-03 13:15:00+00:00,8136.71,5090.11,131.17,5090.021757589767,4639.887730693455
e8fffaab-f310-4c9c-a833-a837b68f1658,2026-08-03 13:30:00+00:00,9429.6,8136.71,-4826.28,8486.583225989183,7960.30038232605
e8fffaab-f310-4c9c-a833-a837b68f1658,2026-08-03 13:45:00+00:00,6175.16,9429.6,-2805.88,9354.8490928805,8770.152918985668
e8fffaab-f310-4c9c-a833-a837b68f1658,2026-08-03 14:00:00+00:00,9616.18,6175.16,-190.17,5987.5487250475735,5380.517420263155
e8fffaab-f310-4c9c-a833-a837b68f1658,2026-08-03 14:15:00+00:00,9269.51,9616.18,-453.71,9738.677397906722,9143.873433713783
e8fffaab-f310-4c9c-a833-a837b68f1658,2026-08-03 14:30:00+00:00,8902.15,9269.51,1023.68,8933.05096308684,8295.249442512122
e8fffaab-f310-4c9c-a833-a837b68f1658,2026-08-03 14:45:00+00:00,6764.14,8902.15,1639.9,8604.864935349036,7980.745685542461
e8fffaab-f310-4c9c-a833-a837b68f1658,2026-08-03 15:00:00+00:00,5250.64,6764.14,1838.04,6482.817519171257,5867.356451645005
e8fffaab-f310-4c9c-a833-a837b68f1658,2026-08-03 15:15:00+00:00,6395.24,5250.64,2473.37,5430.052617596205,4841.037698557574
e8fffaab-f310-4c9c-a833-a837b68f1658,2026-08-03 15:30:00+00:00,6928.22,6395.24,2751.36,6808.660615488459,6240.7994468586585
e8fffaab-f310-4c9c-a833-a837b68f1658,2026-08-03 15:45:00+00:00,6751.81,6928.22,2387.0,7004.039737362057,6477.454302989952
e8fffaab-f310-4c9c-a833-a837b68f1658,2026-08-03 16:00:00+00:00,4182.52,6751.81,4070.14,6617.077286409014,6127.720284049276
e8fffaab-f310-4c9c-a833-a837b68f1658,2026-08-03 16:15:00+00:00,2192.54,4182.52,3529.66,4099.920836826037,3645.7495227948575
e8fffaab-f310-4c9c-a833-a837b68f1658,2026-08-03 16:30:00+00:00,2562.54,2192.54,5543.69,2710.164088698045,2268.5829591603533
e8fffaab-f310-4c9c-a833-a837b68f1658,2026-08-03 16:45:00+00:00,2002.43,2562.54,5085.58,3455.815846470893,3034.229863324689
e8fffaab-f310-4c9c-a833-a837b68f1658,2026-08-03 17:00:00+00:00,2779.15,2002.43,4316.05,2733.3508001777373,2360.3176677117126
e8fffaab-f310-4c9c-a833-a837b68f1658,2026-08-03 17:15:00+00:00,2977.16,2779.15,3996.52,3506.754579508005,3162.8828779925425
e8fffaab-f310-4c9c-a833-a837b68f1658,2026-08-03 17:30:00+00:00,2973.98,2977.16,4483.98,3544.558188570797,3207.151157688866
e8fffaab-f310-4c9c-a833-a837b68f1658,2026-08-03 17:45:00+00:00,2572.21,2973.98,4565.37,3504.6342547843888,3178.5180960278058
e8fffaab-f310-4c9c-a833-a837b68f1658,2026-08-03 18:00:00+00:00,3227.99,2572.21,4582.45,3135.618842788531,2815.0504688211176
e8fffaab-f310-4c9c-a833-a837b68f1658,2026-08-03 18:15:00+00:00,4461.42,3227.99,4508.3,3888.809168300111,3564.897122569969
e8fffaab-f310-4c9c-a833-a837b68f1658,2026-08-03 18:30:00+00:00,5540.53,4461.42,4500.42,5009.170454943837,4678.608637660474
e8fffaab-f310-4c9c-a833-a837b68f1658,2026-08-03 18:45:00+00:00,6678.03,5540.53,4718.43,5821.902547516661,5493.630039901758
e8fffaab-f310-4c9c-a833-a837b68f1658,2026-08-03 19:00:00+00:00,6013.09,6678.03,4732.51,6743.397629621742,6411.345874154797
e8fffaab-f310-4c9c-a833-a837b68f1658,2026-08-03 19:15:00+00:00,7179.39,6013.09,5795.59,5951.3260676368645,5607.076038281822
e8fffaab-f310-4c9c-a833-a837b68f1658,2026-08-03 19:30:00+00:00,6483.01,7179.39,5442.21,7262.048112474262,6909.257330930187
e8fffaab-f310-4c9c-a833-a837b68f1658,2026-08-03 19:45:00+00:00,6206.01,6483.01,5617.49,6358.413072759198,6010.383601763575
e8fffaab-f310-4c9c-a833-a837b68f1658,2026-08-03 20:00:00+00:00,6126.35,6206.01,5852.73,6210.813330668098,5876.254624610322
e8fffaab-f310-4c9c-a833-a837b68f1658,2026-08-03 20:15:00+00:00,6731.98,6126.35,5129.09,6184.788316170017,5828.272999066566
e8fffaab-f310-4c9c-a833-a837b68f1658,2026-08-03 20:30:00+00:00,6284.18,6731.98,5145.64,6784.810760320149,6409.80741136086
e8fffaab-f310-4c9c-a833-a837b68f1658,2026-08-03 20:45:00+00:00,5899.19,6284.18,5458.43,6240.83562285231,5848.113170321354
e8fffaab-f310-4c9c-a833-a837b68f1658,2026-08-03 21:00:00+00:00,5715.21,5899.19,5052.1,5908.67856112434,5509.781304635492
e8fffaab-f310-4c9c-a833-a837b68f1658,2026-08-03 21:15:00+00:00,5701.69,5715.21,4742.69,5814.4105963911,5397.869084098932
e8fffaab-f310-4c9c-a833-a837b68f1658,2026-08-03 21:30:00+00:00,5824.6,5701.69,4816.25,5868.620557047818,5434.561354937045
e8fffaab-f310-4c9c-a833-a837b68f1658,2026-08-03 21:45:00+00:00,5704.21,5824.6,4788.4,6009.213319576884,5560.894202461432
e8fffaab-f310-4c9c-a833-a837b68f1658,2026-08-03 22:00:00+00:00,5232.54,5704.21,4465.3,5853.342171839714,5398.774241541934
e8fffaab-f310-4c9c-a833-a837b68f1658,2026-08-03 22:15:00+00:00,5759.1,5232.54,4543.53,5417.50062874246,4966.258460604129
e8fffaab-f310-4c9c-a833-a837b68f1658,2026-08-03 22:30:00+00:00,5516.22,5759.1,4486.29,6028.321412012682,5577.172479977142
e8fffaab-f310-4c9c-a833-a837b68f1658,2026-08-03 22:45:00+00:00,5130.3,5516.22,4912.11,5732.287151866722,5279.583591390942
e8fffaab-f310-4c9c-a833-a837b68f1658,2026-08-03 23:00:00+00:00,5096.93,5130.3,5425.34,5438.044255309289,4988.855790874822
e8fffaab-f310-4c9c-a833-a837b68f1658,2026-08-03 23:15:00+00:00,5101.11,5096.93,4955.76,5495.016173333748,5037.762860640266
e8fffaab-f310-4c9c-a833-a837b68f1658,2026-08-03 23:30:00+00:00,4968.18,5101.11,4863.17,5502.094421220055,5042.8466586420645
e8fffaab-f310-4c9c-a833-a837b68f1658,2026-08-03 23:45:00+00:00,5172.94,4968.18,4957.47,5375.905154030009,4915.851385739188
e8fffaab-f310-4c9c-a833-a837b68f1658,2026-08-04 00:00:00+00:00,4853.05,5172.94,4532.07,5526.662222528446,5093.522681383075
e8fffaab-f310-4c9c-a833-a837b68f1658,2026-08-04 00:15:00+00:00,4837.85,4853.05,4476.22,5160.927694902315,4735.013798891619
e8fffaab-f310-4c9c-a833-a837b68f1658,2026-08-04 00:30:00+00:00,4913.66,4837.85,4483.52,5241.156397444848,4816.066792758671
e8fffaab-f310-4c9c-a833-a837b68f1658,2026-08-04 00:45:00+00:00,5195.89,4913.66,4362.03,5346.999560535225,4923.757045737452
e8fffaab-f310-4c9c-a833-a837b68f1658,2026-08-04 01:00:00+00:00,5720.34,5195.89,4154.55,5600.283742236565,5187.492570365528
e8fffaab-f310-4c9c-a833-a837b68f1658,2026-08-04 01:15:00+00:00,5363.02,5720.34,4313.52,6108.090966820935,5701.315395920743
e8fffaab-f310-4c9c-a833-a837b68f1658,2026-08-04 01:30:00+00:00,4954.78,5363.02,4280.81,5712.800012992474,5316.949618465447
e8fffaab-f310-4c9c-a833-a837b68f1658,2026-08-04 01:45:00+00:00,5453.53,4954.78,4200.7,5407.5977538439765,5029.124104186726
e8fffaab-f310-4c9c-a833-a837b68f1658,2026-08-04 02:00:00+00:00,7991.31,5453.53,6746.54,6236.219331454931,5826.504748967734
e8fffaab-f310-4c9c-a833-a837b68f1658,2026-08-04 02:15:00+00:00,5938.25,7991.31,6469.0,8646.717209666193,8243.126410579862
e8fffaab-f310-4c9c-a833-a837b68f1658,2026-08-04 02:30:00+00:00,6235.49,5938.25,7195.48,6190.517557517245,5809.609846997385
e8fffaab-f310-4c9c-a833-a837b68f1658,2026-08-04 02:45:00+00:00,6363.89,6235.49,7196.78,6916.632930645751,6550.3322384006315
e8fffaab-f310-4c9c-a833-a837b68f1658,2026-08-04 03:00:00+00:00,6615.84,6363.89,7321.37,7098.266524773531,6727.7417312049165
e8fffaab-f310-4c9c-a833-a837b68f1658,2026-08-04 03:15:00+00:00,6739.7,6615.84,6805.5,7250.189316671608,6927.023953127144
e8fffaab-f310-4c9c-a833-a837b68f1658,2026-08-04 03:30:00+00:00,6538.75,6739.7,6788.79,7342.056980643032,7043.779030931933
e8fffaab-f310-4c9c-a833-a837b68f1658,2026-08-04 03:45:00+00:00,7541.32,6538.75,6252.21,7101.723393838838,6839.025723299252
e8fffaab-f310-4c9c-a833-a837b68f1658,2026-08-04 04:00:00+00:00,6342.94,7541.32,5488.13,8123.63230964968,7888.315875336424
e8fffaab-f310-4c9c-a833-a837b68f1658,2026-08-04 04:15:00+00:00,7072.11,6342.94,8496.49,6913.75768055781,6671.781076654624
e8fffaab-f310-4c9c-a833-a837b68f1658,2026-08-04 04:30:00+00:00,6527.58,7072.11,6456.53,7765.42529486998,7564.252397422795
e8fffaab-f310-4c9c-a833-a837b68f1658,2026-08-04 04:45:00+00:00,7238.49,6527.58,5445.92,7061.831470863443,6889.571928873012
e8fffaab-f310-4c9c-a833-a837b68f1658,2026-08-04 05:00:00+00:00,6136.52,7238.49,4811.58,7898.369887840505,7746.318683990263
e8fffaab-f310-4c9c-a833-a837b68f1658,2026-08-04 05:15:00+00:00,6614.37,6136.52,4546.26,6837.3957292658815,6666.767995013786
e8fffaab-f310-4c9c-a833-a837b68f1658,2026-08-04 05:30:00+00:00,6521.29,6614.37,7093.05,7651.921036580651,7455.708093916695
e8fffaab-f310-4c9c-a833-a837b68f1658,2026-08-04 05:45:00+00:00,6385.93,6521.29,6512.6,7432.978575058678,7244.156331238381
e8fffaab-f310-4c9c-a833-a837b68f1658,2026-08-04 06:00:00+00:00,8037.87,6385.93,7772.02,7392.40944566082,7195.122379668903
e8fffaab-f310-4c9c-a833-a837b68f1658,2026-08-04 06:15:00+00:00,8365.93,8037.87,9604.93,9022.371541785491,8778.743519317302
e8fffaab-f310-4c9c-a833-a837b68f1658,2026-08-04 06:30:00+00:00,8162.61,8365.93,10349.41,9076.353685874072,8786.276730646749
e8fffaab-f310-4c9c-a833-a837b68f1658,2026-08-04 06:45:00+00:00,9574.65,8162.61,7202.04,8847.205805304946,8527.750398523985
e8fffaab-f310-4c9c-a833-a837b68f1658,2026-08-04 07:00:00+00:00,8654.93,9574.65,6317.97,10015.681192418828,9690.577182653671
e8fffaab-f310-4c9c-a833-a837b68f1658,2026-08-04 07:15:00+00:00,7129.67,8654.93,8391.49,9183.838979496406,8797.458446455661
e8fffaab-f310-4c9c-a833-a837b68f1658,2026-08-04 07:30:00+00:00,5283.29,7129.67,7156.96,7799.5109820668,7431.247718583374
e8fffaab-f310-4c9c-a833-a837b68f1658,2026-08-04 07:45:00+00:00,8517.24,5283.29,5664.92,6242.033353431014,5883.862390311763
e8fffaab-f310-4c9c-a833-a837b68f1658,2026-08-04 08:00:00+00:00,7907.4,8517.24,1498.8,9276.272377610068,8988.230079181321
e8fffaab-f310-4c9c-a833-a837b68f1658,2026-08-04 08:15:00+00:00,7806.32,7907.4,2090.02,8257.123837141236,7928.6578043959835
e8fffaab-f310-4c9c-a833-a837b68f1658,2026-08-04 08:30:00+00:00,10317.17,7806.32,4084.56,7972.1228277959435,7678.37470962013
e8fffaab-f310-4c9c-a833-a837b68f1658,2026-08-04 08:45:00+00:00,3905.37,10317.17,-330.01,10107.891673884274,9840.649417979463
e8fffaab-f310-4c9c-a833-a837b68f1658,2026-08-04 09:00:00+00:00,10613.87,3905.37,2058.96,3775.489962376593,3448.177101773249
e8fffaab-f310-4c9c-a833-a837b68f1658,2026-08-04 09:15:00+00:00,9370.41,10613.87,396.06,11414.78686290581,11074.020375795173
e8fffaab-f310-4c9c-a833-a837b68f1658,2026-08-04 09:30:00+00:00,71.72,9370.41,4545.21,9100.941865411109,8692.912953586234
e8fffaab-f310-4c9c-a833-a837b68f1658,2026-08-04 09:45:00+00:00,4699.61,71.72,7454.33,386.71469213587625,-2.698119687040162
e8fffaab-f310-4c9c-a833-a837b68f1658,2026-08-04 10:00:00+00:00,13467.11,4699.61,485.7,6494.593675137388,6097.6753247867655
e8fffaab-f310-4c9c-a833-a837b68f1658,2026-08-04 10:15:00+00:00,7845.57,13467.11,6170.37,14292.692128441235,13808.868709812436
e8fffaab-f310-4c9c-a833-a837b68f1658,2026-08-04 10:30:00+00:00,3116.27,7845.57,-3140.02,6449.382583622312,6136.43328024406
e8fffaab-f310-4c9c-a833-a837b68f1658,2026-08-04 10:45:00+00:00,2116.5,3116.27,2706.55,3270.295816945907,2877.0017276440194
e8fffaab-f310-4c9c-a833-a837b68f1658,2026-08-04 11:00:00+00:00,2441.29,2116.5,2904.14,3523.105525354871,3037.715126048083
e8fffaab-f310-4c9c-a833-a837b68f1658,2026-08-04 11:15:00+00:00,7465.79,2441.29,5172.56,4075.438609504664,3587.738135831567
e8fffaab-f310-4c9c-a833-a837b68f1658,2026-08-04 11:30:00+00:00,2028.1,7465.79,6955.83,8865.193225154462,8364.643196515663
e8fffaab-f310-4c9c-a833-a837b68f1658,2026-08-04 11:45:00+00:00,45295.85,2028.1,4820.17,2107.833397337996,1701.8393264662172
e8fffaab-f310-4c9c-a833-a837b68f1658,2026-08-04 12:00:00+00:00,53535.13,45295.85,3874.73,45816.977576676465,45141.811391351424
e8fffaab-f310-4c9c-a833-a837b68f1658,2026-08-04 12:15:00+00:00,60147.91,53535.13,-403.98,45944.63735839665,45126.03230627961
e8fffaab-f310-4c9c-a833-a837b68f1658,2026-08-04 12:30:00+00:00,46606.23,60147.91,8898.25,51083.99023009994,50171.57467132725
e8fffaab-f310-4c9c-a833-a837b68f1658,2026-08-04 12:45:00+00:00,41348.46,46606.23,6522.87,37505.07092498765,36346.30826955661
e8fffaab-f310-4c9c-a833-a837b68f1658,2026-08-04 13:00:00+00:00,3963.15,41348.46,5090.11,34697.711736052544,33578.26483496862
e8fffaab-f310-4c9c-a833-a837b68f1658,2026-08-04 13:15:00+00:00,2642.97,3963.15,8136.71,-659.7520264272734,-1645.3215519133973
e8fffaab-f310-4c9c-a833-a837b68f1658,2026-08-04 13:30:00+00:00,1786.13,2642.97,9429.6,4756.087427279501,3937.5112355194897
e8fffaab-f310-4c9c-a833-a837b68f1658,2026-08-04 13:45:00+00:00,5627.48,1786.13,6175.16,3792.6939028532524,3079.4505796235435
e8fffaab-f310-4c9c-a833-a837b68f1658,2026-08-04 14:00:00+00:00,8993.78,5627.48,9616.18,7117.751670595382,6615.682649562234
e8fffaab-f310-4c9c-a833-a837b68f1658,2026-08-04 14:15:00+00:00,7822.37,8993.78,9269.51,9502.967538371387,9046.929143285834
e8fffaab-f310-4c9c-a833-a837b68f1658,2026-08-04 14:30:00+00:00,6942.21,7822.37,8902.15,7468.841606303826,7089.341672656653
e8fffaab-f310-4c9c-a833-a837b68f1658,2026-08-04 14:45:00+00:00,5945.62,6942.21,6764.14,7205.272236226903,6794.642421969564
e8fffaab-f310-4c9c-a833-a837b68f1658,2026-08-04 15:00:00+00:00,7498.54,5945.62,5250.64,6113.366376350174,5774.452523626136
e8fffaab-f310-4c9c-a833-a837b68f1658,2026-08-04 15:15:00+00:00,7464.92,7498.54,6395.24,7790.108115873201,7416.840316837779
e8fffaab-f310-4c9c-a833-a837b68f1658,2026-08-04 15:30:00+00:00,7631.18,7464.92,6928.22,7473.400476970323,7063.755885105755
e8fffaab-f310-4c9c-a833-a837b68f1658,2026-08-04 15:45:00+00:00,9169.62,7631.18,6751.81,7805.122050535975,7337.66868681057
e8fffaab-f310-4c9c-a833-a837b68f1658,2026-08-04 16:00:00+00:00,4693.84,9169.62,4182.52,9091.397860329114,8611.558631746106
e8fffaab-f310-4c9c-a833-a837b68f1658,2026-08-04 16:15:00+00:00,5061.88,4693.84,2192.54,4253.440375189966,3831.3582716366864
e8fffaab-f310-4c9c-a833-a837b68f1658,2026-08-04 16:30:00+00:00,4829.06,5061.88,2562.54,5437.493506235488,5026.1587425697735
e8fffaab-f310-4c9c-a833-a837b68f1658,2026-08-04 16:45:00+00:00,4983.72,4829.06,2002.43,5082.650538748108,4682.117686496702
e8fffaab-f310-4c9c-a833-a837b68f1658,2026-08-04 17:00:00+00:00,4861.13,4983.72,2779.15,5225.716220216028,4851.502280632749
e8fffaab-f310-4c9c-a833-a837b68f1658,2026-08-04 17:15:00+00:00,4497.81,4861.13,2977.16,5035.547938822908,4693.769630849632
e8fffaab-f310-4c9c-a833-a837b68f1658,2026-08-04 17:30:00+00:00,5045.17,4497.81,2973.98,4716.215915091609,4402.662273680932
e8fffaab-f310-4c9c-a833-a837b68f1658,2026-08-04 17:45:00+00:00,4768.09,5045.17,2572.21,5296.605514675505,5012.9131547513
e8fffaab-f310-4c9c-a833-a837b68f1658,2026-08-04 18:00:00+00:00,5068.51,4768.09,3227.99,4930.049563996909,4672.300124673438
e8fffaab-f310-4c9c-a833-a837b68f1658,2026-08-04 18:15:00+00:00,5101.77,5068.51,4461.42,5336.024644112727,5053.336337296807
e8fffaab-f310-4c9c-a833-a837b68f1658,2026-08-04 18:30:00+00:00,5407.95,5101.77,5540.53,5367.299034894312,5058.6288595427895
e8fffaab-f310-4c9c-a833-a837b68f1658,2026-08-04 18:45:00+00:00,4880.5,5407.95,6678.03,5677.976048692075,5351.771758068705
e8fffaab-f310-4c9c-a833-a837b68f1658,2026-08-04 19:00:00+00:00,5487.37,4880.5,6013.09,5080.440161946489,4750.761772777522
e8fffaab-f310-4c9c-a833-a837b68f1658,2026-08-04 19:15:00+00:00,6121.78,5487.37,7179.39,5823.691948132576,5479.002725401861
e8fffaab-f310-4c9c-a833-a837b68f1658,2026-08-04 19:30:00+00:00,5560.18,6121.78,6483.01,6317.522346984973,5971.451596930491
e8fffaab-f310-4c9c-a833-a837b68f1658,2026-08-04 19:45:00+00:00,6221.56,5560.18,6206.01,5647.877678091228,5307.136304989794
e8fffaab-f310-4c9c-a833-a837b68f1658,2026-08-04 20:00:00+00:00,5732.58,6221.56,6126.35,6408.578131200598,6064.063274872353
e8fffaab-f310-4c9c-a833-a837b68f1658,2026-08-04 20:15:00+00:00,5315.09,5732.58,6731.98,5835.83783289831,5471.163047591632
e8fffaab-f310-4c9c-a833-a837b68f1658,2026-08-04 20:30:00+00:00,5866.06,5315.09,6284.18,5503.723876085407,5136.016316553355
e8fffaab-f310-4c9c-a833-a837b68f1658,2026-08-04 20:45:00+00:00,5527.96,5866.06,5899.19,6093.031512663772,5716.3925888840795
e8fffaab-f310-4c9c-a833-a837b68f1658,2026-08-04 21:00:00+00:00,5089.16,5527.96,5715.21,5614.7835484696125,5239.665853347378
e8fffaab-f310-4c9c-a833-a837b68f1658,2026-08-04 21:15:00+00:00,5288.86,5089.16,5701.69,5267.2795438092835,4887.513782941768
e8fffaab-f310-4c9c-a833-a837b68f1658,2026-08-04 21:30:00+00:00,5475.83,5288.86,5824.6,5557.910941121234,5169.199946181181
e8fffaab-f310-4c9c-a833-a837b68f1658,2026-08-04 21:45:00+00:00,5262.99,5475.83,5704.21,5705.71197616367,5314.454731778041
e8fffaab-f310-4c9c-a833-a837b68f1658,2026-08-04 22:00:00+00:00,5473.08,5262.99,5232.54,5418.322084300158,5036.895229938785
e8fffaab-f310-4c9c-a833-a837b68f1658,2026-08-04 22:15:00+00:00,5348.63,5473.08,5759.1,5709.113910526627,5307.855938895811
e8fffaab-f310-4c9c-a833-a837b68f1658,2026-08-04 22:30:00+00:00,5167.71,5348.63,5516.22,5555.989126876729,5145.863261132632
e8fffaab-f310-4c9c-a833-a837b68f1658,2026-08-04 22:45:00+00:00,5890.77,5167.71,5130.3,5396.26916277522,4983.938038131951
e8fffaab-f310-4c9c-a833-a837b68f1658,2026-08-04 23:00:00+00:00,5508.54,5890.77,5096.93,6170.861014293421,5745.183507238043
e8fffaab-f310-4c9c-a833-a837b68f1658,2026-08-04 23:15:00+00:00,5372.59,5508.54,5101.11,5687.94890462765,5257.2038349833765
e8fffaab-f310-4c9c-a833-a837b68f1658,2026-08-04 23:30:00+00:00,5561.18,5372.59,4968.18,5651.461941639253,5218.801337432943
e8fffaab-f310-4c9c-a833-a837b68f1658,2026-08-04 23:45:00+00:00,4957.98,5561.18,5172.94,5917.218400662848,5473.494337050488
e8fffaab-f310-4c9c-a833-a837b68f1658,2026-08-05 00:00:00+00:00,4924.81,4957.98,4853.05,5187.825030739926,4790.0076474056505
e8fffaab-f310-4c9c-a833-a837b68f1658,2026-08-05 00:15:00+00:00,4645.86,4924.81,4837.85,5292.477425742948,4906.911905838479
e8fffaab-f310-4c9c-a833-a837b68f1658,2026-08-05 00:30:00+00:00,4841.37,4645.86,4913.66,5001.390736160569,4636.428536588408
e8fffaab-f310-4c9c-a833-a837b68f1658,2026-08-05 00:45:00+00:00,4589.6,4841.37,5195.89,5295.702303203188,4941.575741256567
e8fffaab-f310-4c9c-a833-a837b68f1658,2026-08-05 01:00:00+00:00,4634.66,4589.6,5720.34,5073.327819321293,4728.889684521347
e8fffaab-f310-4c9c-a833-a837b68f1658,2026-08-05 01:15:00+00:00,4383.87,4634.66,5363.02,5140.875725917601,4822.641049547419
e8fffaab-f310-4c9c-a833-a837b68f1658,2026-08-05 01:30:00+00:00,4954.07,4383.87,4954.78,4902.007520867358,4604.898887119093
e8fffaab-f310-4c9c-a833-a837b68f1658,2026-08-05 01:45:00+00:00,5062.75,4954.07,5453.53,5558.972340982561,5274.11579598692
e8fffaab-f310-4c9c-a833-a837b68f1658,2026-08-05 02:00:00+00:00,6547.51,5062.75,7991.31,5836.203938732274,5523.5679600778785
e8fffaab-f310-4c9c-a833-a837b68f1658,2026-08-05 02:15:00+00:00,6416.46,6547.51,5938.25,7209.045003369697,6929.9026893253085
e8fffaab-f310-4c9c-a833-a837b68f1658,2026-08-05 02:30:00+00:00,6860.02,6416.46,6235.49,6862.226750351519,6595.099813372627
e8fffaab-f310-4c9c-a833-a837b68f1658,2026-08-05 02:45:00+00:00,6206.38,6860.02,6363.89,7339.646968818764,7093.894607817523
e8fffaab-f310-4c9c-a833-a837b68f1658,2026-08-05 03:00:00+00:00,7204.94,6206.38,6615.84,6760.338246926007,6516.62387861997
e8fffaab-f310-4c9c-a833-a837b68f1658,2026-08-05 03:15:00+00:00,6489.36,7204.94,6739.7,7848.888055144538,7630.255457514463
e8fffaab-f310-4c9c-a833-a837b68f1658,2026-08-05 03:30:00+00:00,6443.79,6489.36,6538.75,6961.059320905468,6771.480730693838
e8fffaab-f310-4c9c-a833-a837b68f1658,2026-08-05 03:45:00+00:00,6053.07,6443.79,7541.32,7114.246314291243,6944.117511292376
e8fffaab-f310-4c9c-a833-a837b68f1658,2026-08-05 04:00:00+00:00,5801.07,6053.07,6342.94,6677.170575726361,6548.292657866985
e8fffaab-f310-4c9c-a833-a837b68f1658,2026-08-05 04:15:00+00:00,5994.07,5801.07,7072.11,6539.677378612801,6428.841319991752
e8fffaab-f310-4c9c-a833-a837b68f1658,2026-08-05 04:30:00+00:00,5428.51,5994.07,6527.58,6712.838683900018,6634.951570472868
e8fffaab-f310-4c9c-a833-a837b68f1658,2026-08-05 04:45:00+00:00,5503.77,5428.51,7238.49,6143.986715376498,6086.804608250041
e8fffaab-f310-4c9c-a833-a837b68f1658,2026-08-05 05:00:00+00:00,5817.66,5503.77,6136.52,6300.635152050607,6274.016115962947
e8fffaab-f310-4c9c-a833-a837b68f1658,2026-08-05 05:15:00+00:00,5454.22,5817.66,6614.37,6651.112493880029,6601.902467049321
e8fffaab-f310-4c9c-a833-a837b68f1658,2026-08-05 05:30:00+00:00,7470.52,5454.22,6521.29,6251.263039194366,6193.440338427883
e8fffaab-f310-4c9c-a833-a837b68f1658,2026-08-05 05:45:00+00:00,10673.51,7470.52,6385.93,8343.567816267421,8258.511333788027
e8fffaab-f310-4c9c-a833-a837b68f1658,2026-08-05 06:00:00+00:00,9841.83,10673.51,8037.87,11379.072596288213,11215.294825508812
e8fffaab-f310-4c9c-a833-a837b68f1658,2026-08-05 06:15:00+00:00,7785.49,9841.83,8365.93,9976.970942441545,9802.10787872646
e8fffaab-f310-4c9c-a833-a837b68f1658,2026-08-05 06:30:00+00:00,9860.56,7785.49,8162.61,7936.475920280522,7785.766834983891
e8fffaab-f310-4c9c-a833-a837b68f1658,2026-08-05 06:45:00+00:00,6541.55,9860.56,9574.65,12551.316987134709,12021.674617933317
e8fffaab-f310-4c9c-a833-a837b68f1658,2026-08-05 07:00:00+00:00,5200.46,6541.55,8654.93,6736.654925484914,6557.864626475604
e8fffaab-f310-4c9c-a833-a837b68f1658,2026-08-05 07:15:00+00:00,8149.14,5200.46,7129.67,5938.067150993395,5785.8047650072995
e8fffaab-f310-4c9c-a833-a837b68f1658,2026-08-05 07:30:00+00:00,5360.63,8149.14,5283.29,9322.560540268048,9102.22976744416
e8fffaab-f310-4c9c-a833-a837b68f1658,2026-08-05 07:45:00+00:00,7815.01,5360.63,8517.24,5914.714158531059,5710.2826402221835
e8fffaab-f310-4c9c-a833-a837b68f1658,2026-08-05 08:00:00+00:00,4034.14,7815.01,7907.4,8810.34091006984,8592.284332843396
e8fffaab-f310-4c9c-a833-a837b68f1658,2026-08-05 08:15:00+00:00,4572.49,4034.14,7806.32,4775.389752583192,4535.339649317907
e8fffaab-f310-4c9c-a833-a837b68f1658,2026-08-05 08:30:00+00:00,7797.38,4572.49,10317.17,5639.466393669344,5455.42080966095
e8fffaab-f310-4c9c-a833-a837b68f1658,2026-08-05 08:45:00+00:00,6589.45,7797.38,3905.37,9037.779982961445,8783.435441775428
e8fffaab-f310-4c9c-a833-a837b68f1658,2026-08-05 09:00:00+00:00,7741.78,6589.45,10613.87,7311.707777003149,7032.0077453944805
e8fffaab-f310-4c9c-a833-a837b68f1658,2026-08-05 09:15:00+00:00,4145.86,7741.78,9370.41,8616.169301969692,8326.868068474105
e8fffaab-f310-4c9c-a833-a837b68f1658,2026-08-05 09:30:00+00:00,6636.38,4145.86,71.72,4625.358962518702,4390.588687360394
e8fffaab-f310-4c9c-a833-a837b68f1658,2026-08-05 09:45:00+00:00,8507.86,6636.38,4699.61,7989.479466239902,7680.379733797245
e8fffaab-f310-4c9c-a833-a837b68f1658,2026-08-05 10:00:00+00:00,6255.07,8507.86,13467.11,9635.665351485168,9219.61000730521
e8fffaab-f310-4c9c-a833-a837b68f1658,2026-08-05 10:15:00+00:00,7918.28,6255.07,7845.57,6540.242479631562,6241.05331248523
e8fffaab-f310-4c9c-a833-a837b68f1658,2026-08-05 10:30:00+00:00,7139.32,7918.28,3116.27,8883.515986336319,8530.773076564456
e8fffaab-f310-4c9c-a833-a837b68f1658,2026-08-05 10:45:00+00:00,3174.11,7139.32,2116.5,7537.405603251838,7215.848714164667
e8fffaab-f310-4c9c-a833-a837b68f1658,2026-08-05 11:00:00+00:00,33094.05,3174.11,2441.29,3220.409737964702,3007.0618705794896
e8fffaab-f310-4c9c-a833-a837b68f1658,2026-08-05 11:15:00+00:00,47777.58,33094.05,7465.79,34169.261473461345,33652.2138256708
e8fffaab-f310-4c9c-a833-a837b68f1658,2026-08-05 11:30:00+00:00,23963.95,47777.58,2028.1,42742.137597652196,42158.37945401949
e8fffaab-f310-4c9c-a833-a837b68f1658,2026-08-05 11:45:00+00:00,7525.52,23963.95,45295.85,18154.03041737186,17320.26896526676
e8fffaab-f310-4c9c-a833-a837b68f1658,2026-08-05 12:00:00+00:00,8258.44,7525.52,53535.13,7762.645267885369,6714.916034800803
e8fffaab-f310-4c9c-a833-a837b68f1658,2026-08-05 12:15:00+00:00,4624.07,8258.44,60147.91,12243.193402336907,11023.794921834877
e8fffaab-f310-4c9c-a833-a837b68f1658,2026-08-05 12:30:00+00:00,6323.35,4624.07,46606.23,6947.20838263925,6106.474229768361
e8fffaab-f310-4c9c-a833-a837b68f1658,2026-08-05 12:45:00+00:00,8222.28,6323.35,41348.46,8891.294682375743,8168.262613361834
e8fffaab-f310-4c9c-a833-a837b68f1658,2026-08-05 13:00:00+00:00,8051.8,8222.28,3963.15,8678.914420842888,8307.593665493496
e8fffaab-f310-4c9c-a833-a837b68f1658,2026-08-05 13:15:00+00:00,8146.79,8051.8,2642.97,7855.390082793431,7539.564516608849
e8fffaab-f310-4c9c-a833-a837b68f1658,2026-08-05 13:30:00+00:00,7670.44,8146.79,1786.13,8254.566031583025,7883.358869327998
e8fffaab-f310-4c9c-a833-a837b68f1658,2026-08-05 13:45:00+00:00,6992.04,7670.44,5627.48,8053.399880080312,7612.014765234428
e8fffaab-f310-4c9c-a833-a837b68f1658,2026-08-05 14:00:00+00:00,12418.09,6992.04,8993.78,7177.338931502132,6766.935527376855
e8fffaab-f310-4c9c-a833-a837b68f1658,2026-08-05 14:15:00+00:00,8968.62,12418.09,7822.37,12714.55366264874,12275.809648520251
e8fffaab-f310-4c9c-a833-a837b68f1658,2026-08-05 14:30:00+00:00,8459.48,8968.62,6942.21,8195.531540765487,7798.146692011605
e8fffaab-f310-4c9c-a833-a837b68f1658,2026-08-05 14:45:00+00:00,5744.1,8459.48,5945.62,8343.340272679698,7966.102306278881
e8fffaab-f310-4c9c-a833-a837b68f1658,2026-08-05 15:00:00+00:00,3906.94,5744.1,7498.54,5822.9336722506,5435.290847651847
e8fffaab-f310-4c9c-a833-a837b68f1658,2026-08-05 15:15:00+00:00,6825.84,3906.94,7464.92,4436.775663010543,4096.697978543153
e8fffaab-f310-4c9c-a833-a837b68f1658,2026-08-05 15:30:00+00:00,8116.51,6825.84,7631.18,7621.804613091485,7280.096866844227
e8fffaab-f310-4c9c-a833-a837b68f1658,2026-08-05 15:45:00+00:00,7244.22,8116.51,9169.62,8396.934054592957,8045.868026952381
e8fffaab-f310-4c9c-a833-a837b68f1658,2026-08-05 16:00:00+00:00,4420.54,7244.22,4693.84,6937.414020330449,6670.139835345244
e8fffaab-f310-4c9c-a833-a837b68f1658,2026-08-05 16:15:00+00:00,1601.35,4420.54,5061.88,4310.721595632609,4052.727873716315
e8fffaab-f310-4c9c-a833-a837b68f1658,2026-08-05 16:30:00+00:00,3097.72,1601.35,4829.06,2017.0303475198898,1784.1638334255767
e8fffaab-f310-4c9c-a833-a837b68f1658,2026-08-05 16:45:00+00:00,4933.64,3097.72,4983.72,4043.8782356811535,3806.046728056641
e8fffaab-f310-4c9c-a833-a837b68f1658,2026-08-05 17:00:00+00:00,4534.97,4933.64,4861.13,5559.0573621469075,5321.405023279956
e8fffaab-f310-4c9c-a833-a837b68f1658,2026-08-05 17:15:00+00:00,4466.76,4534.97,4497.81,4683.2233275524795,4491.566501320945
e8fffaab-f310-4c9c-a833-a837b68f1658,2026-08-05 17:30:00+00:00,4763.27,4466.76,5045.17,4775.123515283005,4577.565365874062
e8fffaab-f310-4c9c-a833-a837b68f1658,2026-08-05 17:45:00+00:00,4728.84,4763.27,4768.09,5106.01746997978,4910.466549846412
e8fffaab-f310-4c9c-a833-a837b68f1658,2026-08-05 18:00:00+00:00,4534.73,4728.84,5068.51,5024.008345382344,4841.425382884368
e8fffaab-f310-4c9c-a833-a837b68f1658,2026-08-05 18:15:00+00:00,4889.45,4534.73,5101.77,4840.430644126876,4658.457954508717
e8fffaab-f310-4c9c-a833-a837b68f1658,2026-08-05 18:30:00+00:00,4768.63,4889.45,5407.95,5218.698276062621,5034.156386527269
e8fffaab-f310-4c9c-a833-a837b68f1658,2026-08-05 18:45:00+00:00,4472.8,4768.63,4880.5,4973.461815867185,4800.809832569272
e8fffaab-f310-4c9c-a833-a837b68f1658,2026-08-05 19:00:00+00:00,4416.67,4472.8,5487.37,4748.11405440284,4570.879838491953
e8fffaab-f310-4c9c-a833-a837b68f1658,2026-08-05 19:15:00+00:00,4855.07,4416.67,6121.78,4795.389533918712,4607.09790509808
e8fffaab-f310-4c9c-a833-a837b68f1658,2026-08-05 19:30:00+00:00,5022.71,4855.07,5560.18,5237.119540542985,5048.20002171908
e8fffaab-f310-4c9c-a833-a837b68f1658,2026-08-05 19:45:00+00:00,4986.04,5022.71,6221.56,5342.696462548126,5148.515949339483
e8fffaab-f310-4c9c-a833-a837b68f1658,2026-08-05 20:00:00+00:00,4982.21,4986.04,5732.58,5217.397276632616,5035.846206065787
e8fffaab-f310-4c9c-a833-a837b68f1658,2026-08-05 20:15:00+00:00,5900.37,4982.21,5315.09,5206.73467318274,5015.099233807862
e8fffaab-f310-4c9c-a833-a837b68f1658,2026-08-05 20:30:00+00:00,5233.1,5900.37,5866.06,6145.825421832817,5930.655416191003
e8fffaab-f310-4c9c-a833-a837b68f1658,2026-08-05 20:45:00+00:00,5129.38,5233.1,5527.96,5297.548061930769,5079.86217754364
e8fffaab-f310-4c9c-a833-a837b68f1658,2026-08-05 21:00:00+00:00,5427.09,5129.38,5089.16,5319.068929995891,5096.8119101741095
e8fffaab-f310-4c9c-a833-a837b68f1658,2026-08-05 21:15:00+00:00,4752.06,5427.09,5288.86,5674.667402518106,5430.375142034511
e8fffaab-f310-4c9c-a833-a837b68f1658,2026-08-05 21:30:00+00:00,5166.15,4752.06,5475.83,4954.561607670865,4707.386046508965
e8fffaab-f310-4c9c-a833-a837b68f1658,2026-08-05 21:45:00+00:00,4878.77,5166.15,5262.99,5497.877814139822,5242.3872305859595
e8fffaab-f310-4c9c-a833-a837b68f1658,2026-08-05 22:00:00+00:00,4556.63,4878.77,5473.08,5155.0207755407955,4891.392606152643
e8fffaab-f310-4c9c-a833-a837b68f1658,2026-08-05 22:15:00+00:00,4440.23,4556.63,5348.63,4850.172499429788,4597.905197096032
e8fffaab-f310-4c9c-a833-a837b68f1658,2026-08-05 22:30:00+00:00,4373.31,4440.23,5167.71,4805.459728864467,4553.434069237014
e8fffaab-f310-4c9c-a833-a837b68f1658,2026-08-05 22:45:00+00:00,4446.65,4373.31,5890.77,4811.206345075407,4554.221974058264
e8fffaab-f310-4c9c-a833-a837b68f1658,2026-08-05 23:00:00+00:00,4675.55,4446.65,5508.54,4893.877244722856,4644.419930952167
e8fffaab-f310-4c9c-a833-a837b68f1658,2026-08-05 23:15:00+00:00,4416.71,4675.55,5372.59,5104.96981652583,4866.1297416573225
e8fffaab-f310-4c9c-a833-a837b68f1658,2026-08-05 23:30:00+00:00,4381.93,4416.71,5561.18,4819.316598153814,4592.465020595242
e8fffaab-f310-4c9c-a833-a837b68f1658,2026-08-05 23:45:00+00:00,4851.34,4381.93,4957.98,4832.810487249672,4623.041500610031
e8fffaab-f310-4c9c-a833-a837b68f1658,2026-08-06 00:00:00+00:00,5118.26,4851.34,4924.81,5285.694798249483,5103.52121918235
e8fffaab-f310-4c9c-a833-a837b68f1658,2026-08-06 00:15:00+00:00,4716.14,5118.26,4645.86,5456.7089768921105,5286.617844459528
e8fffaab-f310-4c9c-a833-a837b68f1658,2026-08-06 00:30:00+00:00,4776.5,4716.14,4841.37,5031.018947183825,4873.018490471926
e8fffaab-f310-4c9c-a833-a837b68f1658,2026-08-06 00:45:00+00:00,5153.6,4776.5,4589.6,5259.07127772606,5101.20552412874
e8fffaab-f310-4c9c-a833-a837b68f1658,2026-08-06 01:00:00+00:00,4437.98,5153.6,4634.66,5599.3287347387895,5458.430279555146
e8fffaab-f310-4c9c-a833-a837b68f1658,2026-08-06 01:15:00+00:00,4160.89,4437.98,4383.87,4811.973547370246,4695.5382800681955
e8fffaab-f310-4c9c-a833-a837b68f1658,2026-08-06 01:30:00+00:00,4095.64,4160.89,4954.07,4763.0468525374445,4651.634584129215
e8fffaab-f310-4c9c-a833-a837b68f1658,2026-08-06 01:45:00+00:00,4280.01,4095.64,5062.75,4765.273525205058,4670.598789392686
e8fffaab-f310-4c9c-a833-a837b68f1658,2026-08-06 02:00:00+00:00,5900.4,4280.01,6547.51,5166.4149402679,5057.713866826118
e8fffaab-f310-4c9c-a833-a837b68f1658,2026-08-06 02:15:00+00:00,5313.37,5900.4,6416.46,6730.946571038405,6635.599374600883
e8fffaab-f310-4c9c-a833-a837b68f1658,2026-08-06 02:30:00+00:00,5471.18,5313.37,6860.02,5911.502637171381,5829.817045188895
e8fffaab-f310-4c9c-a833-a837b68f1658,2026-08-06 02:45:00+00:00,4752.23,5471.18,6206.38,6165.255077001121,6111.276998459334
e8fffaab-f310-4c9c-a833-a837b68f1658,2026-08-06 03:00:00+00:00,5058.51,4752.23,7204.94,5544.376074063582,5493.048331566748
e8fffaab-f310-4c9c-a833-a837b68f1658,2026-08-06 03:15:00+00:00,5384.06,5058.51,6489.36,5951.879586187042,5934.141418863039
e8fffaab-f310-4c9c-a833-a837b68f1658,2026-08-06 03:30:00+00:00,7306.54,5384.06,6443.79,6276.120443087229,6272.486122353075
e8fffaab-f310-4c9c-a833-a837b68f1658,2026-08-06 03:45:00+00:00,6077.26,7306.54,6053.07,8018.996425243669,8048.736349411707
e8fffaab-f310-4c9c-a833-a837b68f1658,2026-08-06 04:00:00+00:00,4464.82,6077.26,5801.07,6448.588172110313,6510.153558633945
e8fffaab-f310-4c9c-a833-a837b68f1658,2026-08-06 04:15:00+00:00,5927.8,4464.82,5994.07,5135.766502599405,5215.299674549487
e8fffaab-f310-4c9c-a833-a837b68f1658,2026-08-06 04:30:00+00:00,5012.31,5927.8,5428.51,6948.842877720275,7021.883094762554
e8fffaab-f310-4c9c-a833-a837b68f1658,2026-08-06 04:45:00+00:00,3798.58,5012.31,5503.77,5703.331607165754,5811.010327070291
e8fffaab-f310-4c9c-a833-a837b68f1658,2026-08-06 05:00:00+00:00,3817.5,3798.58,5817.66,4662.948916935067,4803.01155795879
e8fffaab-f310-4c9c-a833-a837b68f1658,2026-08-06 05:15:00+00:00,5027.62,3817.5,5454.22,4942.622620855255,5060.183075105865
e8fffaab-f310-4c9c-a833-a837b68f1658,2026-08-06 05:30:00+00:00,4539.0,5027.62,7470.52,6187.323415872761,6271.590699641194
e8fffaab-f310-4c9c-a833-a837b68f1658,2026-08-06 05:45:00+00:00,3951.09,4539.0,10673.51,5581.946665929906,5631.2714656747785
e8fffaab-f310-4c9c-a833-a837b68f1658,2026-08-06 06:00:00+00:00,5887.51,3951.09,9841.83,5068.584609145894,5113.2645969193545
e8fffaab-f310-4c9c-a833-a837b68f1658,2026-08-06 06:15:00+00:00,5352.24,5887.51,7785.49,7060.882258360707,7079.093130196892
e8fffaab-f310-4c9c-a833-a837b68f1658,2026-08-06 06:30:00+00:00,6218.8,5352.24,9860.56,6265.481085473576,6242.686251774157
e8fffaab-f310-4c9c-a833-a837b68f1658,2026-08-06 06:45:00+00:00,2085.96,6218.8,6541.55,6921.539682824406,6930.311789817017
e8fffaab-f310-4c9c-a833-a837b68f1658,2026-08-06 07:00:00+00:00,3677.31,2085.96,5200.46,2884.3781475472188,2858.634531390131
e8fffaab-f310-4c9c-a833-a837b68f1658,2026-08-06 07:15:00+00:00,6782.62,3677.31,8149.14,5408.8612784111165,5322.694823439963
e8fffaab-f310-4c9c-a833-a837b68f1658,2026-08-06 07:30:00+00:00,3465.36,6782.62,5360.63,7909.137281652813,7825.588545459974
e8fffaab-f310-4c9c-a833-a837b68f1658,2026-08-06 07:45:00+00:00,3400.3,3465.36,7815.01,4157.983178982544,4057.652971852709
e8fffaab-f310-4c9c-a833-a837b68f1658,2026-08-06 08:00:00+00:00,4939.79,3400.3,4034.14,4628.987547837301,4527.757491807032
e8fffaab-f310-4c9c-a833-a837b68f1658,2026-08-06 08:15:00+00:00,5909.59,4939.79,4572.49,6354.840202096569,6202.671176105727
e8fffaab-f310-4c9c-a833-a837b68f1658,2026-08-06 08:30:00+00:00,5746.6,5909.59,7797.38,6836.646651578606,6708.601894085299
e8fffaab-f310-4c9c-a833-a837b68f1658,2026-08-06 08:45:00+00:00,-859.1,5746.6,6589.45,6228.67823883136,6144.685159525046
e8fffaab-f310-4c9c-a833-a837b68f1658,2026-08-06 09:00:00+00:00,2949.71,-859.1,7741.78,265.1627866934159,127.99845693332463
e8fffaab-f310-4c9c-a833-a837b68f1658,2026-08-06 09:15:00+00:00,2463.84,2949.71,4145.86,4663.057232301712,4605.147011042638
e8fffaab-f310-4c9c-a833-a837b68f1658,2026-08-06 09:30:00+00:00,2082.16,2463.84,6636.38,3834.0447716202552,3699.624214594405
e8fffaab-f310-4c9c-a833-a837b68f1658,2026-08-06 09:45:00+00:00,2033.52,2082.16,8507.86,3533.157058950602,3410.8573115464214
e8fffaab-f310-4c9c-a833-a837b68f1658,2026-08-06 10:00:00+00:00,5003.06,2033.52,6255.07,3410.2615229037765,3291.411822222778
e8fffaab-f310-4c9c-a833-a837b68f1658,2026-08-06 10:15:00+00:00,3421.49,5003.06,7918.28,6463.386992212561,6293.739955469415
e8fffaab-f310-4c9c-a833-a837b68f1658,2026-08-06 10:30:00+00:00,4719.63,3421.49,7139.32,4059.244755605345,3930.3030315013675
e8fffaab-f310-4c9c-a833-a837b68f1658,2026-08-06 10:45:00+00:00,5541.88,4719.63,3174.11,5590.024515309997,5459.135427998939
e8fffaab-f310-4c9c-a833-a837b68f1658,2026-08-06 11:00:00+00:00,4567.35,5541.88,33094.05,7551.161680944728,7079.441351030671
e8fffaab-f310-4c9c-a833-a837b68f1658,2026-08-06 11:15:00+00:00,8606.27,4567.35,47777.58,7268.060733674511,6631.859491438805
e8fffaab-f310-4c9c-a833-a837b68f1658,2026-08-06 11:30:00+00:00,7268.48,8606.27,23963.95,10360.230836760287,9931.322685957573
e8fffaab-f310-4c9c-a833-a837b68f1658,2026-08-06 11:45:00+00:00,2941.55,7268.48,7525.52,7290.75668874154,7060.114041578085
e8fffaab-f310-4c9c-a833-a837b68f1658,2026-08-06 12:00:00+00:00,-2374.61,2941.55,8258.44,3436.605894872062,3203.0857549261373
e8fffaab-f310-4c9c-a833-a837b68f1658,2026-08-06 12:15:00+00:00,-587.61,-2374.61,4624.07,-863.1611843337723,-1065.014603672018
e8fffaab-f310-4c9c-a833-a837b68f1658,2026-08-06 12:30:00+00:00,5278.64,-587.61,6323.35,1846.6499258249278,1665.4695983646543
e8fffaab-f310-4c9c-a833-a837b68f1658,2026-08-06 12:45:00+00:00,4976.91,5278.64,8222.28,7241.317045796247,7055.168735536321
e8fffaab-f310-4c9c-a833-a837b68f1658,2026-08-06 13:00:00+00:00,3241.91,4976.91,8051.8,5599.506072937178,5477.333318198972
e8fffaab-f310-4c9c-a833-a837b68f1658,2026-08-06 13:15:00+00:00,-97.07,3241.91,8146.79,3977.822721575225,3847.378280427426
e8fffaab-f310-4c9c-a833-a837b68f1658,2026-08-06 13:30:00+00:00,3944.61,-97.07,7670.44,1104.301405545808,953.1842696172753
e8fffaab-f310-4c9c-a833-a837b68f1658,2026-08-06 13:45:00+00:00,3701.28,3944.61,6992.04,5675.451552351852,5503.757052877491
e8fffaab-f310-4c9c-a833-a837b68f1658,2026-08-06 14:00:00+00:00,2742.92,3701.28,12418.09,4748.6991444120085,4539.985623438589
e8fffaab-f310-4c9c-a833-a837b68f1658,2026-08-06 14:15:00+00:00,2497.52,2742.92,8968.62,3646.007271433644,3494.6714463120816
e8fffaab-f310-4c9c-a833-a837b68f1658,2026-08-06 14:30:00+00:00,2505.61,2497.52,8459.48,3603.0542941224594,3434.52015530479
e8fffaab-f310-4c9c-a833-a837b68f1658,2026-08-06 14:45:00+00:00,3007.91,2505.61,5744.1,3561.9341673593317,3412.219780737705
e8fffaab-f310-4c9c-a833-a837b68f1658,2026-08-06 15:00:00+00:00,5127.21,3007.91,3906.94,3916.2065868129457,3787.88049162117
e8fffaab-f310-4c9c-a833-a837b68f1658,2026-08-06 15:15:00+00:00,3184.33,5127.21,6825.84,6029.019503933954,5879.530857900455
e8fffaab-f310-4c9c-a833-a837b68f1658,2026-08-06 15:30:00+00:00,4837.92,3184.33,8116.51,3774.7475572792328,3638.3393117838796
e8fffaab-f310-4c9c-a833-a837b68f1658,2026-08-06 15:45:00+00:00,4546.92,4837.92,7244.22,5703.479663658364,5587.785251520533
e8fffaab-f310-4c9c-a833-a837b68f1658,2026-08-06 16:00:00+00:00,2392.89,4546.92,4420.54,4833.994786018863,4777.200299778083
e8fffaab-f310-4c9c-a833-a837b68f1658,2026-08-06 16:15:00+00:00,2119.7,2392.89,1601.35,2484.496844304912,2504.2213601653903
e8fffaab-f310-4c9c-a833-a837b68f1658,2026-08-06 16:30:00+00:00,2842.24,2119.7,3097.72,2772.940222022913,2766.382554676754
e8fffaab-f310-4c9c-a833-a837b68f1658,2026-08-06 16:45:00+00:00,2217.88,2842.24,4933.64,3597.343809304629,3576.121881988687
e8fffaab-f310-4c9c-a833-a837b68f1658,2026-08-06 17:00:00+00:00,1887.41,2217.88,4534.97,2706.26271270245,2721.608120851918
e8fffaab-f310-4c9c-a833-a837b68f1658,2026-08-06 17:15:00+00:00,3128.94,1887.41,4466.76,2465.538505044394,2495.764061985529
e8fffaab-f310-4c9c-a833-a837b68f1658,2026-08-06 17:30:00+00:00,2735.86,3128.94,4763.27,3753.6218052242757,3778.9107691192166
e8fffaab-f310-4c9c-a833-a837b68f1658,2026-08-06 17:45:00+00:00,3698.22,2735.86,4728.84,3151.2233421075553,3182.568430896211
e8fffaab-f310-4c9c-a833-a837b68f1658,2026-08-06 18:00:00+00:00,3378.52,3698.22,4534.73,4145.646552231977,4184.252645860913
e8fffaab-f310-4c9c-a833-a837b68f1658,2026-08-06 18:15:00+00:00,3675.28,3378.52,4889.45,3684.0739186037335,3726.6215967799335
e8fffaab-f310-4c9c-a833-a837b68f1658,2026-08-06 18:30:00+00:00,3890.35,3675.28,4768.63,4019.0922525460564,4079.6512305913266
e8fffaab-f310-4c9c-a833-a837b68f1658,2026-08-06 18:45:00+00:00,5500.96,3890.35,4472.8,4330.306398338451,4377.631329160499
e8fffaab-f310-4c9c-a833-a837b68f1658,2026-08-06 19:00:00+00:00,5698.34,5500.96,4416.67,5771.52386520932,5843.137236044571
e8fffaab-f310-4c9c-a833-a837b68f1658,2026-08-06 19:15:00+00:00,5529.37,5698.34,4855.07,5667.358655735845,5728.45387963851
e8fffaab-f310-4c9c-a833-a837b68f1658,2026-08-06 19:30:00+00:00,5228.68,5529.37,5022.71,5485.424958820939,5539.409692753253
e8fffaab-f310-4c9c-a833-a837b68f1658,2026-08-06 19:45:00+00:00,5042.84,5228.68,4986.04,5225.2584306181925,5272.813618344263
e8fffaab-f310-4c9c-a833-a837b68f1658,2026-08-06 20:00:00+00:00,4614.68,5042.84,4982.21,5094.944186296587,5142.9917112808325
e8fffaab-f310-4c9c-a833-a837b68f1658,2026-08-06 20:15:00+00:00,4878.72,4614.68,5900.37,4738.092218193281,4763.882325568358
e8fffaab-f310-4c9c-a833-a837b68f1658,2026-08-06 20:30:00+00:00,4858.8,4878.72,5233.1,5039.709064105903,5056.792250060642
e8fffaab-f310-4c9c-a833-a837b68f1658,2026-08-06 20:45:00+00:00,5331.23,4858.8,5129.38,4970.945302723169,4973.213008840365
e8fffaab-f310-4c9c-a833-a837b68f1658,2026-08-06 21:00:00+00:00,4384.11,5331.23,5427.09,5438.233522215656,5424.770521861924
e8fffaab-f310-4c9c-a833-a837b68f1658,2026-08-06 21:15:00+00:00,5051.45,4384.11,4752.06,4378.645444535702,4361.797448399512
e8fffaab-f310-4c9c-a833-a837b68f1658,2026-08-06 21:30:00+00:00,5179.19,5051.45,5166.15,5238.823385896195,5200.706412936127
e8fffaab-f310-4c9c-a833-a837b68f1658,2026-08-06 21:45:00+00:00,4829.72,5179.19,4878.77,5247.701796161377,5193.798173665095
e8fffaab-f310-4c9c-a833-a837b68f1658,2026-08-06 22:00:00+00:00,4596.01,4829.72,4556.63,4851.201893398579,4797.76045385101
e8fffaab-f310-4c9c-a833-a837b68f1658,2026-08-06 22:15:00+00:00,4779.04,4596.01,4440.23,4739.081325532704,4670.0741132421235
e8fffaab-f310-4c9c-a833-a837b68f1658,2026-08-06 22:30:00+00:00,4616.13,4779.04,4373.31,5012.112144835882,4929.106985879979
e8fffaab-f310-4c9c-a833-a837b68f1658,2026-08-06 22:45:00+00:00,4239.43,4616.13,4446.65,4809.721767727564,4726.186820960332
e8fffaab-f310-4c9c-a833-a837b68f1658,2026-08-06 23:00:00+00:00,4029.12,4239.43,4675.55,4482.422850113243,4397.828091162955
e8fffaab-f310-4c9c-a833-a837b68f1658,2026-08-06 23:15:00+00:00,3479.14,4029.12,4416.71,4382.804028969266,4297.604459970617
e8fffaab-f310-4c9c-a833-a837b68f1658,2026-08-06 23:30:00+00:00,3726.34,3479.14,4381.93,3897.705098365316,3819.2093714223256
e8fffaab-f310-4c9c-a833-a837b68f1658,2026-08-06 23:45:00+00:00,3458.4,3726.34,4851.34,4196.247759740666,4131.720489330685
e8fffaab-f310-4c9c-a833-a837b68f1658,2026-08-07 00:00:00+00:00,3750.11,3458.4,5118.26,3943.378933964833,3873.437025567061
e8fffaab-f310-4c9c-a833-a837b68f1658,2026-08-07 00:15:00+00:00,3603.2,3750.11,4716.14,4281.108138098112,4216.660925201889
e8fffaab-f310-4c9c-a833-a837b68f1658,2026-08-07 00:30:00+00:00,3479.4,3603.2,4776.5,4126.381526359265,4059.765691633881
e8fffaab-f310-4c9c-a833-a837b68f1658,2026-08-07 00:45:00+00:00,3559.36,3479.4,5153.6,4061.8287574627657,3998.5610072473646
e8fffaab-f310-4c9c-a833-a837b68f1658,2026-08-07 01:00:00+00:00,4333.91,3559.36,4437.98,4147.576849790108,4096.5484360699365
e8fffaab-f310-4c9c-a833-a837b68f1658,2026-08-07 01:15:00+00:00,3867.74,4333.91,4160.89,4898.857244682421,4854.962630175303
e8fffaab-f310-4c9c-a833-a837b68f1658,2026-08-07 01:30:00+00:00,3810.6,3867.74,4095.64,4311.8404914761395,4280.021160324569
e8fffaab-f310-4c9c-a833-a837b68f1658,2026-08-07 01:45:00+00:00,4417.19,3810.6,4280.01,4397.951049406807,4371.762316152058
e8fffaab-f310-4c9c-a833-a837b68f1658,2026-08-07 02:00:00+00:00,6433.24,4417.19,5900.4,5294.488491886804,5227.49511443127
e8fffaab-f310-4c9c-a833-a837b68f1658,2026-08-07 02:15:00+00:00,5419.57,6433.24,5313.37,7131.409907124509,7079.0613588846245
e8fffaab-f310-4c9c-a833-a837b68f1658,2026-08-07 02:30:00+00:00,5387.09,5419.57,5471.18,5768.9700228431575,5736.869742848368
e8fffaab-f310-4c9c-a833-a837b68f1658,2026-08-07 02:45:00+00:00,5812.67,5387.09,4752.23,5956.621878728016,5942.34475939507
e8fffaab-f310-4c9c-a833-a837b68f1658,2026-08-07 03:00:00+00:00,6220.61,5812.67,5058.51,6512.453066124401,6489.044752941374
e8fffaab-f310-4c9c-a833-a837b68f1658,2026-08-07 03:15:00+00:00,5946.27,6220.61,5384.06,6805.517559340733,6806.941289124015
e8fffaab-f310-4c9c-a833-a837b68f1658,2026-08-07 03:30:00+00:00,5890.61,5946.27,7306.54,6564.416850844538,6566.2472712233375
e8fffaab-f310-4c9c-a833-a837b68f1658,2026-08-07 03:45:00+00:00,5526.85,5890.61,6077.26,6518.478608149122,6552.028518669439
e8fffaab-f310-4c9c-a833-a837b68f1658,2026-08-07 04:00:00+00:00,5134.82,5526.85,4464.82,6098.955116228957,6172.134172086697
e8fffaab-f310-4c9c-a833-a837b68f1658,2026-08-07 04:15:00+00:00,5595.61,5134.82,5927.8,5915.24990845444,5983.265660216632
e8fffaab-f310-4c9c-a833-a837b68f1658,2026-08-07 04:30:00+00:00,5588.71,5595.61,5012.31,6415.448759991517,6505.305590149977
e8fffaab-f310-4c9c-a833-a837b68f1658,2026-08-07 04:45:00+00:00,5874.99,5588.71,3798.58,6264.309573474179,6384.632560915381
e8fffaab-f310-4c9c-a833-a837b68f1658,2026-08-07 05:00:00+00:00,6554.01,5874.99,3817.5,6525.548763031031,6666.366734901913
e8fffaab-f310-4c9c-a833-a837b68f1658,2026-08-07 05:15:00+00:00,9460.42,6554.01,5027.62,7248.236990087537,7358.527404670318
e8fffaab-f310-4c9c-a833-a837b68f1658,2026-08-07 05:30:00+00:00,6009.18,9460.42,4539.0,9902.69827310098,10005.063596405364
e8fffaab-f310-4c9c-a833-a837b68f1658,2026-08-07 05:45:00+00:00,6045.5,6009.18,3951.09,5905.134123738922,6028.263072755205
e8fffaab-f310-4c9c-a833-a837b68f1658,2026-08-07 06:00:00+00:00,6808.44,6045.5,5887.51,6940.162361370855,7000.035367412258
e8fffaab-f310-4c9c-a833-a837b68f1658,2026-08-07 06:15:00+00:00,4378.58,6808.44,5352.24,7747.992185211231,7762.594528322219
e8fffaab-f310-4c9c-a833-a837b68f1658,2026-08-07 06:30:00+00:00,5111.9,4378.58,6218.8,5047.136915616067,5088.147753206318
e8fffaab-f310-4c9c-a833-a837b68f1658,2026-08-07 06:45:00+00:00,5019.34,5111.9,2085.96,5918.5809365328,5995.818578972563
e8fffaab-f310-4c9c-a833-a837b68f1658,2026-08-07 07:00:00+00:00,4900.28,5019.34,3677.31,6014.982337248077,6009.274539871628
e8fffaab-f310-4c9c-a833-a837b68f1658,2026-08-07 07:15:00+00:00,5340.45,4900.28,6782.62,6045.589923898638,6002.683662964716
e8fffaab-f310-4c9c-a833-a837b68f1658,2026-08-07 07:30:00+00:00,3533.89,5340.45,3465.36,6105.181331390131,6111.111185650866
e8fffaab-f310-4c9c-a833-a837b68f1658,2026-08-07 07:45:00+00:00,7420.37,3533.89,3400.3,4338.939628194558,4321.026048026254
e8fffaab-f310-4c9c-a833-a837b68f1658,2026-08-07 08:00:00+00:00,3698.82,7420.37,4939.79,8660.741891359972,8573.829478500871
e8fffaab-f310-4c9c-a833-a837b68f1658,2026-08-07 08:15:00+00:00,4421.64,3698.82,5909.59,4319.896871822406,4229.9065450983735
e8fffaab-f310-4c9c-a833-a837b68f1658,2026-08-07 08:30:00+00:00,6826.81,4421.64,5746.6,5701.8977137002275,5616.642740781429
e8fffaab-f310-4c9c-a833-a837b68f1658,2026-08-07 08:45:00+00:00,7037.58,6826.81,-859.1,7759.262843426308,7682.618359684683
e8fffaab-f310-4c9c-a833-a837b68f1658,2026-08-07 09:00:00+00:00,4461.56,7037.58,2949.71,7631.796856739436,7523.756389290982
e8fffaab-f310-4c9c-a833-a837b68f1658,2026-08-07 09:15:00+00:00,3190.43,4461.56,2463.84,4841.632925828206,4773.739959817292
e8fffaab-f310-4c9c-a833-a837b68f1658,2026-08-07 09:30:00+00:00,3976.23,3190.43,2082.16,4310.245067125198,4199.903751252152
e8fffaab-f310-4c9c-a833-a837b68f1658,2026-08-07 09:45:00+00:00,3441.98,3976.23,2033.52,5156.19536754005,5058.290010497305
e8fffaab-f310-4c9c-a833-a837b68f1658,2026-08-07 10:00:00+00:00,2216.89,3441.98,5003.06,4693.357008845835,4552.752372522524
e8fffaab-f310-4c9c-a833-a837b68f1658,2026-08-07 10:15:00+00:00,1296.17,2216.89,3421.49,3522.676336689793,3448.7057554858247
e8fffaab-f310-4c9c-a833-a837b68f1658,2026-08-07 10:30:00+00:00,3436.24,1296.17,4719.63,2833.5860958570674,2799.709479047575
e8fffaab-f310-4c9c-a833-a837b68f1658,2026-08-07 10:45:00+00:00,242.81,3436.24,5541.88,4644.275002456853,4708.513037095475
e8fffaab-f310-4c9c-a833-a837b68f1658,2026-08-07 11:00:00+00:00,5793.44,242.81,4567.35,1509.9091426483628,1565.9387703866578
e8fffaab-f310-4c9c-a833-a837b68f1658,2026-08-07 11:15:00+00:00,8742.23,5793.44,8606.27,7547.549775349612,7547.92328794084
e8fffaab-f310-4c9c-a833-a837b68f1658,2026-08-07 11:30:00+00:00,5354.08,8742.23,7268.48,8937.014355082742,8957.229958454653
e8fffaab-f310-4c9c-a833-a837b68f1658,2026-08-07 11:45:00+00:00,8454.86,5354.08,2941.55,5015.810747894837,5052.887754382197
e8fffaab-f310-4c9c-a833-a837b68f1658,2026-08-07 12:00:00+00:00,7676.25,8454.86,-2374.61,8620.282658209664,8623.59913328526
e8fffaab-f310-4c9c-a833-a837b68f1658,2026-08-07 12:15:00+00:00,8151.13,7676.25,-587.61,7211.38661264843,7212.770225712306
e8fffaab-f310-4c9c-a833-a837b68f1658,2026-08-07 12:30:00+00:00,8857.09,8151.13,5278.64,7993.264075800477,7964.086666154657
e8fffaab-f310-4c9c-a833-a837b68f1658,2026-08-07 12:45:00+00:00,8202.35,8857.09,4976.91,8931.032096320389,8835.262228749734
e8fffaab-f310-4c9c-a833-a837b68f1658,2026-08-07 13:00:00+00:00,8400.48,8202.35,3241.91,7763.527274392921,7738.819511435096
e8fffaab-f310-4c9c-a833-a837b68f1658,2026-08-07 13:15:00+00:00,7139.23,8400.48,-97.07,8252.578239079126,8195.29154950789
e8fffaab-f310-4c9c-a833-a837b68f1658,2026-08-07 13:30:00+00:00,7478.3,7139.23,3944.61,7118.1708536852275,7015.903569950683
e8fffaab-f310-4c9c-a833-a837b68f1658,2026-08-07 13:45:00+00:00,5918.1,7478.3,3701.28,7580.069452847477,7481.281015228504
e8fffaab-f310-4c9c-a833-a837b68f1658,2026-08-07 14:00:00+00:00,5742.47,5918.1,2742.92,5850.26561450336,5764.624905612883
e8fffaab-f310-4c9c-a833-a837b68f1658,2026-08-07 14:15:00+00:00,6096.68,5742.47,2497.52,6071.142066041644,5999.990455119529
e8fffaab-f310-4c9c-a833-a837b68f1658,2026-08-07 14:30:00+00:00,5451.58,6096.68,2505.61,6433.362246395838,6382.860142829335
e8fffaab-f310-4c9c-a833-a837b68f1658,2026-08-07 14:45:00+00:00,3972.76,5451.58,3007.91,5632.61209203379,5624.519280131012
e8fffaab-f310-4c9c-a833-a837b68f1658,2026-08-07 15:00:00+00:00,4047.23,3972.76,5127.21,4214.255800361551,4241.627272530752
e8fffaab-f310-4c9c-a833-a837b68f1658,2026-08-07 15:15:00+00:00,3000.35,4047.23,3184.33,4584.85835599276,4590.414394660372
e8fffaab-f310-4c9c-a833-a837b68f1658,2026-08-07 15:30:00+00:00,4143.69,3000.35,4837.92,3569.8382229602867,3548.566318831482
e8fffaab-f310-4c9c-a833-a837b68f1658,2026-08-07 15:45:00+00:00,5019.96,4143.69,4546.92,4800.885866264012,4768.568384778142
e8fffaab-f310-4c9c-a833-a837b68f1658,2026-08-07 16:00:00+00:00,3180.71,5019.96,2392.89,5296.35286686684,5260.274578837521
e8fffaab-f310-4c9c-a833-a837b68f1658,2026-08-07 16:15:00+00:00,1605.21,3180.71,2119.7,3122.4843234680875,3146.5877327379867
e8fffaab-f310-4c9c-a833-a837b68f1658,2026-08-07 16:30:00+00:00,2962.94,1605.21,2842.24,2007.5463366537078,2037.4166468426556
e8fffaab-f310-4c9c-a833-a837b68f1658,2026-08-07 16:45:00+00:00,3192.04,2962.94,2217.88,3631.448845652916,3669.955290858188
e8fffaab-f310-4c9c-a833-a837b68f1658,2026-08-07 17:00:00+00:00,3173.18,3192.04,1887.41,3525.550787223041,3594.444382847063
e8fffaab-f310-4c9c-a833-a837b68f1658,2026-08-07 17:15:00+00:00,3499.75,3173.18,3128.94,3487.131547190901,3539.2739290983664
e8fffaab-f310-4c9c-a833-a837b68f1658,2026-08-07 17:30:00+00:00,3407.83,3499.75,2735.86,3837.9679562379433,3865.589152348134
e8fffaab-f310-4c9c-a833-a837b68f1658,2026-08-07 17:45:00+00:00,2968.92,3407.83,3698.22,3666.2525315159764,3678.7717876018414
e8fffaab-f310-4c9c-a833-a837b68f1658,2026-08-07 18:00:00+00:00,3160.71,2968.92,3378.52,3246.5279266359785,3249.0621613516014
e8fffaab-f310-4c9c-a833-a837b68f1658,2026-08-07 18:15:00+00:00,3203.61,3160.71,3675.28,3574.447415092197,3568.3838267897136
e8fffaab-f310-4c9c-a833-a837b68f1658,2026-08-07 18:30:00+00:00,3838.6,3203.61,3890.35,3571.5794890563275,3569.517727119457
e8fffaab-f310-4c9c-a833-a837b68f1658,2026-08-07 18:45:00+00:00,3861.37,3838.6,5500.96,4242.141460780438,4228.866018441
e8fffaab-f310-4c9c-a833-a837b68f1658,2026-08-07 19:00:00+00:00,4010.42,3861.37,5698.34,4161.137409092209,4147.87953032565
e8fffaab-f310-4c9c-a833-a837b68f1658,2026-08-07 19:15:00+00:00,3869.89,4010.42,5529.37,4303.927112317569,4296.521154580591
e8fffaab-f310-4c9c-a833-a837b68f1658,2026-08-07 19:30:00+00:00,3916.64,3869.89,5228.68,4139.059294749581,4138.058920802184
e8fffaab-f310-4c9c-a833-a837b68f1658,2026-08-07 19:45:00+00:00,3968.77,3916.64,5042.84,4212.959248289766,4220.6300409289815
e8fffaab-f310-4c9c-a833-a837b68f1658,2026-08-07 20:00:00+00:00,4289.57,3968.77,4614.68,4237.289631208699,4257.865696563751
e8fffaab-f310-4c9c-a833-a837b68f1658,2026-08-07 20:15:00+00:00,4007.77,4289.57,4878.72,4560.008393483254,4554.64144622639
e8fffaab-f310-4c9c-a833-a837b68f1658,2026-08-07 20:30:00+00:00,3885.16,4007.77,4858.8,4222.360464300513,4198.286885779576
e8fffaab-f310-4c9c-a833-a837b68f1658,2026-08-07 20:45:00+00:00,3971.56,3885.16,5331.23,4192.325852181824,4143.524492573007
e8fffaab-f310-4c9c-a833-a837b68f1658,2026-08-07 21:00:00+00:00,3720.01,3971.56,4384.11,4289.4679607814005,4226.8378842578895
e8fffaab-f310-4c9c-a833-a837b68f1658,2026-08-07 21:15:00+00:00,3669.57,3720.01,5051.45,4066.7287255337924,3984.9012344214198
e8fffaab-f310-4c9c-a833-a837b68f1658,2026-08-07 21:30:00+00:00,3954.98,3669.57,5179.19,4050.783906413156,3960.329847168542
e8fffaab-f310-4c9c-a833-a837b68f1658,2026-08-07 21:45:00+00:00,5030.37,3954.98,4829.72,4375.2159803185805,4268.746190136971
e8fffaab-f310-4c9c-a833-a837b68f1658,2026-08-07 22:00:00+00:00,4131.92,5030.37,4596.01,5344.594953385842,5230.681913492546
e8fffaab-f310-4c9c-a833-a837b68f1658,2026-08-07 22:15:00+00:00,4106.18,4131.92,4779.04,4257.443727900578,4142.640950367518
e8fffaab-f310-4c9c-a833-a837b68f1658,2026-08-07 22:30:00+00:00,4343.99,4106.18,4616.13,4404.07233199916,4287.124971524417
e8fffaab-f310-4c9c-a833-a837b68f1658,2026-08-07 22:45:00+00:00,4310.14,4343.99,4239.43,4678.250606850805,4550.998450990074
e8fffaab-f310-4c9c-a833-a837b68f1658,2026-08-07 23:00:00+00:00,3522.13,4310.14,4029.12,4596.214885952274,4474.477331624536
e8fffaab-f310-4c9c-a833-a837b68f1658,2026-08-07 23:15:00+00:00,3677.51,3522.13,3479.14,3796.5291871936233,3698.428801966663
e8fffaab-f310-4c9c-a833-a837b68f1658,2026-08-07 23:30:00+00:00,2973.31,3677.51,3726.34,4144.8815228319345,4052.4097459143677
e8fffaab-f310-4c9c-a833-a837b68f1658,2026-08-07 23:45:00+00:00,3060.97,2973.31,3458.4,3421.124710201283,3349.9152258373315
e8fffaab-f310-4c9c-a833-a837b68f1658,2026-08-08 00:00:00+00:00,3066.83,3060.97,3750.11,3179.5798790001445,2998.484358329826
e8fffaab-f310-4c9c-a833-a837b68f1658,2026-08-08 00:15:00+00:00,2998.01,3066.83,3603.2,3184.3258068883615,3007.8249778475183
e8fffaab-f310-4c9c-a833-a837b68f1658,2026-08-08 00:30:00+00:00,3180.06,2998.01,3479.4,3154.037498754851,2983.8527863336976
e8fffaab-f310-4c9c-a833-a837b68f1658,2026-08-08 00:45:00+00:00,3024.92,3180.06,3559.36,3385.651538634308,3218.617716841418
e8fffaab-f310-4c9c-a833-a837b68f1658,2026-08-08 01:00:00+00:00,3048.19,3024.92,4333.91,3215.4989220685547,3056.755969544849
e8fffaab-f310-4c9c-a833-a837b68f1658,2026-08-08 01:15:00+00:00,3718.06,3048.19,3867.74,3251.303791917009,3114.093948751478
e8fffaab-f310-4c9c-a833-a837b68f1658,2026-08-08 01:30:00+00:00,4143.12,3718.06,3810.6,3947.6383924171796,3818.442456876486
e8fffaab-f310-4c9c-a833-a837b68f1658,2026-08-08 01:45:00+00:00,3591.28,4143.12,4417.19,4295.8378901621,4173.714767082677
e8fffaab-f310-4c9c-a833-a837b68f1658,2026-08-08 02:00:00+00:00,3309.45,3591.28,6433.24,3782.831576201871,3661.8900922922467
e8fffaab-f310-4c9c-a833-a837b68f1658,2026-08-08 02:15:00+00:00,3683.72,3309.45,5419.57,3572.8676731723926,3482.812388898471
e8fffaab-f310-4c9c-a833-a837b68f1658,2026-08-08 02:30:00+00:00,4049.7,3683.72,5387.09,4040.099174132006,3963.163656933606
e8fffaab-f310-4c9c-a833-a837b68f1658,2026-08-08 02:45:00+00:00,3886.22,4049.7,5812.67,4352.549786760783,4294.908861700966
e8fffaab-f310-4c9c-a833-a837b68f1658,2026-08-08 03:00:00+00:00,4131.63,3886.22,6220.61,4178.740374736607,4138.378658118682
e8fffaab-f310-4c9c-a833-a837b68f1658,2026-08-08 03:15:00+00:00,4244.5,4131.63,5946.27,4474.68042759358,4456.7584376562545
e8fffaab-f310-4c9c-a833-a837b68f1658,2026-08-08 03:30:00+00:00,3767.99,4244.5,5890.61,4565.489452837773,4570.143613018458
e8fffaab-f310-4c9c-a833-a837b68f1658,2026-08-08 03:45:00+00:00,3370.69,3767.99,5526.85,4063.7403686223515,4103.992380445926
e8fffaab-f310-4c9c-a833-a837b68f1658,2026-08-08 04:00:00+00:00,3337.24,3370.69,5134.82,3752.81411054199,3827.977859204112
e8fffaab-f310-4c9c-a833-a837b68f1658,2026-08-08 04:15:00+00:00,3335.74,3337.24,5595.61,3870.466523311293,3948.4913864282644
e8fffaab-f310-4c9c-a833-a837b68f1658,2026-08-08 04:30:00+00:00,3002.93,3335.74,5588.71,3869.170992973238,3966.1705561258577
e8fffaab-f310-4c9c-a833-a837b68f1658,2026-08-08 04:45:00+00:00,2891.15,3002.93,5874.99,3552.2521609627975,3666.669329035062
e8fffaab-f310-4c9c-a833-a837b68f1658,2026-08-08 05:00:00+00:00,2389.01,2891.15,6554.01,3498.5362413023695,3629.940029967742
e8fffaab-f310-4c9c-a833-a837b68f1658,2026-08-08 05:15:00+00:00,3106.17,2389.01,9460.42,3189.9580538646214,3277.982198511114
e8fffaab-f310-4c9c-a833-a837b68f1658,2026-08-08 05:30:00+00:00,2805.01,3106.17,6009.18,3831.6252191147805,3940.279507155393
e8fffaab-f310-4c9c-a833-a837b68f1658,2026-08-08 05:45:00+00:00,2246.83,2805.01,6045.5,3391.5024659189266,3490.3063378338047
e8fffaab-f310-4c9c-a833-a837b68f1658,2026-08-08 06:00:00+00:00,2518.28,2246.83,6808.44,2926.5233540901872,3011.5628887197017
e8fffaab-f310-4c9c-a833-a837b68f1658,2026-08-08 06:15:00+00:00,3842.54,2518.28,4378.58,3256.5494992118465,3323.0652242583283
e8fffaab-f310-4c9c-a833-a837b68f1658,2026-08-08 06:30:00+00:00,3194.74,3842.54,5111.9,4503.538425400535,4532.51311871119
e8fffaab-f310-4c9c-a833-a837b68f1658,2026-08-08 06:45:00+00:00,1474.78,3194.74,5019.34,3591.5395657056797,3598.672639968763
e8fffaab-f310-4c9c-a833-a837b68f1658,2026-08-08 07:00:00+00:00,1250.35,1474.78,4900.28,1916.6908542233268,1919.5280787283737
e8fffaab-f310-4c9c-a833-a837b68f1658,2026-08-08 07:15:00+00:00,-554.21,1250.35,5340.45,1976.092995832416,1963.5428716818597
e8fffaab-f310-4c9c-a833-a837b68f1658,2026-08-08 07:30:00+00:00,-1835.13,-554.21,3533.89,410.01258032349506,368.4883353754867
e8fffaab-f310-4c9c-a833-a837b68f1658,2026-08-08 07:45:00+00:00,-429.24,-1835.13,7420.37,-592.6733118113607,-638.514494526702
e8fffaab-f310-4c9c-a833-a837b68f1658,2026-08-08 08:00:00+00:00,652.71,-429.24,3698.82,882.8907022070289,842.7524022371163
e8fffaab-f310-4c9c-a833-a837b68f1658,2026-08-08 08:15:00+00:00,-1334.45,652.71,4421.64,1730.8958972059372,1666.1136459033423
e8fffaab-f310-4c9c-a833-a837b68f1658,2026-08-08 08:30:00+00:00,-7652.81,-1334.45,6826.81,-619.3358586359045,-661.2473357167291
e8fffaab-f310-4c9c-a833-a837b68f1658,2026-08-08 08:45:00+00:00,-2788.39,-7652.81,7037.58,-6442.677101508154,-6470.856788558245
e8fffaab-f310-4c9c-a833-a837b68f1658,2026-08-08 09:00:00+00:00,-2583.28,-2788.39,4461.56,-543.5129930428266,-593.0108293912344
e8fffaab-f310-4c9c-a833-a837b68f1658,2026-08-08 09:15:00+00:00,-2264.03,-2583.28,3190.43,-1533.7922014990163,-1550.1867730904341
e8fffaab-f310-4c9c-a833-a837b68f1658,2026-08-08 09:30:00+00:00,-2095.9,-2264.03,3976.23,-1157.8450362755739,-1186.9765833114234
e8fffaab-f310-4c9c-a833-a837b68f1658,2026-08-08 09:45:00+00:00,-5755.6,-2095.9,3441.98,-1052.3842782999855,-1115.7014892153456
e8fffaab-f310-4c9c-a833-a837b68f1658,2026-08-08 10:00:00+00:00,-2547.16,-5755.6,2216.89,-4680.6974725554755,-4739.896941002689
e8fffaab-f310-4c9c-a833-a837b68f1658,2026-08-08 10:15:00+00:00,30196.51,-2547.16,1296.17,-775.8876682335249,-867.5084107781386
e8fffaab-f310-4c9c-a833-a837b68f1658,2026-08-08 10:30:00+00:00,53486.27,30196.51,3436.24,31252.42696518225,30884.890528757835
e8fffaab-f310-4c9c-a833-a837b68f1658,2026-08-08 10:45:00+00:00,46873.21,53486.27,242.81,47571.852227462165,47103.43786471672
e8fffaab-f310-4c9c-a833-a837b68f1658,2026-08-08 11:00:00+00:00,37863.75,46873.21,5793.44,37079.91114442806,36510.76972198063
e8fffaab-f310-4c9c-a833-a837b68f1658,2026-08-08 11:15:00+00:00,17286.94,37863.75,8742.23,30445.5143789892,29640.78638009747
e8fffaab-f310-4c9c-a833-a837b68f1658,2026-08-08 11:30:00+00:00,-7464.34,17286.94,5354.08,12167.95580851009,11359.311057333894
e8fffaab-f310-4c9c-a833-a837b68f1658,2026-08-08 11:45:00+00:00,-11604.14,-7464.34,8454.86,-8528.534553763573,-9138.329941727447
e8fffaab-f310-4c9c-a833-a837b68f1658,2026-08-08 12:00:00+00:00,3615.79,-11604.14,7676.25,-8164.567825967344,-8668.36853495556
e8fffaab-f310-4c9c-a833-a837b68f1658,2026-08-08 12:15:00+00:00,-3151.98,3615.79,8151.13,7046.368470292264,6612.066030227361
e8fffaab-f310-4c9c-a833-a837b68f1658,2026-08-08 12:30:00+00:00,-2480.55,-3151.98,8857.09,-3007.924667699788,-3263.0873443679557
e8fffaab-f310-4c9c-a833-a837b68f1658,2026-08-08 12:45:00+00:00,-360.19,-2480.55,8202.35,-1331.3436983110169,-1534.8442439843584
e8fffaab-f310-4c9c-a833-a837b68f1658,2026-08-08 13:00:00+00:00,-5376.04,-360.19,8400.48,1249.1161233265357,867.1479967112173
e8fffaab-f310-4c9c-a833-a837b68f1658,2026-08-08 13:15:00+00:00,-2574.52,-5376.04,7139.23,-5068.642412280671,-5247.173338630408
e8fffaab-f310-4c9c-a833-a837b68f1658,2026-08-08 13:30:00+00:00,-3431.01,-2574.52,7478.3,-800.0462017161171,-1087.264721282474
e8fffaab-f310-4c9c-a833-a837b68f1658,2026-08-08 13:45:00+00:00,-5161.74,-3431.01,5918.1,-2088.4581829004237,-2398.641870051535
e8fffaab-f310-4c9c-a833-a837b68f1658,2026-08-08 14:00:00+00:00,-4924.06,-5161.74,5742.47,-3796.9621508998243,-4061.0034421640758
e8fffaab-f310-4c9c-a833-a837b68f1658,2026-08-08 14:15:00+00:00,-1640.83,-4924.06,6096.68,-3130.5103339096568,-3419.7107371152833
e8fffaab-f310-4c9c-a833-a837b68f1658,2026-08-08 14:30:00+00:00,4056.75,-1640.83,5451.58,-120.05738375246256,-395.2268000044587
e8fffaab-f310-4c9c-a833-a837b68f1658,2026-08-08 14:45:00+00:00,3448.77,4056.75,3972.76,4869.970026811742,4567.447060222312
e8fffaab-f310-4c9c-a833-a837b68f1658,2026-08-08 15:00:00+00:00,1003.85,3448.77,4047.23,3145.9039802686975,2844.747255628755
e8fffaab-f310-4c9c-a833-a837b68f1658,2026-08-08 15:15:00+00:00,1325.12,1003.85,3000.35,815.5819731167212,530.3314108255945
e8fffaab-f310-4c9c-a833-a837b68f1658,2026-08-08 15:30:00+00:00,-30.99,1325.12,4143.69,1773.0384210206757,1439.8194964477188
e8fffaab-f310-4c9c-a833-a837b68f1658,2026-08-08 15:45:00+00:00,827.58,-30.99,5019.96,408.0819729799696,79.1610103869807
e8fffaab-f310-4c9c-a833-a837b68f1658,2026-08-08 16:00:00+00:00,2611.0,827.58,3180.71,1345.4667534515538,1054.5984091039609
e8fffaab-f310-4c9c-a833-a837b68f1658,2026-08-08 16:15:00+00:00,3517.67,2611.0,1605.21,2851.856399187509,2572.641209529711
e8fffaab-f310-4c9c-a833-a837b68f1658,2026-08-08 16:30:00+00:00,3519.31,3517.67,2962.94,3431.019093893391,3147.0422873662937
e8fffaab-f310-4c9c-a833-a837b68f1658,2026-08-08 16:45:00+00:00,2387.35,3519.31,3192.04,3306.629154277579,3015.7878254234765
e8fffaab-f310-4c9c-a833-a837b68f1658,2026-08-08 17:00:00+00:00,2289.27,2387.35,3173.18,2233.8486152900923,1941.549764179259
e8fffaab-f310-4c9c-a833-a837b68f1658,2026-08-08 17:15:00+00:00,5015.47,2289.27,3499.75,2315.9601527891027,2025.297270132599
e8fffaab-f310-4c9c-a833-a837b68f1658,2026-08-08 17:30:00+00:00,5223.74,5015.47,3407.83,5063.506708384681,4748.7479419635965
e8fffaab-f310-4c9c-a833-a837b68f1658,2026-08-08 17:45:00+00:00,6413.9,5223.74,2968.92,4696.358841601535,4389.927882557905
e8fffaab-f310-4c9c-a833-a837b68f1658,2026-08-08 18:00:00+00:00,5760.71,6413.9,3160.71,5825.241868692413,5510.871804900539
e8fffaab-f310-4c9c-a833-a837b68f1658,2026-08-08 18:15:00+00:00,5612.14,5760.71,3203.61,5013.4307120632875,4716.299725402469
e8fffaab-f310-4c9c-a833-a837b68f1658,2026-08-08 18:30:00+00:00,7223.01,5612.14,3838.6,5020.095159714929,4751.582225352749
e8fffaab-f310-4c9c-a833-a837b68f1658,2026-08-08 18:45:00+00:00,5938.81,7223.01,3861.37,6699.983982196301,6442.468634630793
e8fffaab-f310-4c9c-a833-a837b68f1658,2026-08-08 19:00:00+00:00,5878.55,5938.81,4010.42,5089.161842298903,4881.247917339745
e8fffaab-f310-4c9c-a833-a837b68f1658,2026-08-08 19:15:00+00:00,5716.92,5878.55,3869.89,5293.6837183733505,5087.009107719541
e8fffaab-f310-4c9c-a833-a837b68f1658,2026-08-08 19:30:00+00:00,5374.4,5716.92,3916.64,5193.884009399255,4977.452272095962
e8fffaab-f310-4c9c-a833-a837b68f1658,2026-08-08 19:45:00+00:00,5505.5,5374.4,3968.77,4825.626902237668,4629.297927976724
e8fffaab-f310-4c9c-a833-a837b68f1658,2026-08-08 20:00:00+00:00,5871.02,5505.5,4289.57,5033.383914305526,4838.754724982681
e8fffaab-f310-4c9c-a833-a837b68f1658,2026-08-08 20:15:00+00:00,5253.19,5871.02,4007.77,5348.552738527419,5144.983607621271
e8fffaab-f310-4c9c-a833-a837b68f1658,2026-08-08 20:30:00+00:00,5126.96,5253.19,3885.16,4665.723233279095,4457.887735740513
e8fffaab-f310-4c9c-a833-a837b68f1658,2026-08-08 20:45:00+00:00,5158.12,5126.96,3971.56,4689.864221483574,4469.404243886905
e8fffaab-f310-4c9c-a833-a837b68f1658,2026-08-08 21:00:00+00:00,4837.71,5158.12,3720.01,4709.52724864256,4487.060207966479
e8fffaab-f310-4c9c-a833-a837b68f1658,2026-08-08 21:15:00+00:00,4779.77,4837.71,3669.57,4375.067370498021,4148.1557385304495
e8fffaab-f310-4c9c-a833-a837b68f1658,2026-08-08 21:30:00+00:00,4755.0,4779.77,3954.98,4406.873998829442,4166.827036310046
e8fffaab-f310-4c9c-a833-a837b68f1658,2026-08-08 21:45:00+00:00,4832.85,4755.0,5030.37,4458.11585214096,4197.535363682265
e8fffaab-f310-4c9c-a833-a837b68f1658,2026-08-08 22:00:00+00:00,4464.03,4832.85,4131.92,4484.233973057215,4230.0752080308785
e8fffaab-f310-4c9c-a833-a837b68f1658,2026-08-08 22:15:00+00:00,4675.1,4464.03,4106.18,4157.893040706779,3895.9685296934094
e8fffaab-f310-4c9c-a833-a837b68f1658,2026-08-08 22:30:00+00:00,4381.1,4675.1,4343.99,4477.501057143115,4207.397800921846
e8fffaab-f310-4c9c-a833-a837b68f1658,2026-08-08 22:45:00+00:00,4979.03,4381.1,4310.14,4124.730769358713,3861.243023422965
e8fffaab-f310-4c9c-a833-a837b68f1658,2026-08-08 23:00:00+00:00,5291.81,4979.03,3522.13,4757.642055294624,4499.97663554441
e8fffaab-f310-4c9c-a833-a837b68f1658,2026-08-08 23:15:00+00:00,4645.95,5291.81,3677.51,4993.0205141759425,4730.621589157358
e8fffaab-f310-4c9c-a833-a837b68f1658,2026-08-08 23:30:00+00:00,4583.4,4645.95,2973.31,4279.153349013834,4033.425755367177
e8fffaab-f310-4c9c-a833-a837b68f1658,2026-08-08 23:45:00+00:00,4830.21,4583.4,3060.97,4349.588844607581,4110.151693459476
e8fffaab-f310-4c9c-a833-a837b68f1658,2026-08-09 00:00:00+00:00,4673.76,4830.21,3066.83,4759.352064337222,4485.698800565577
e8fffaab-f310-4c9c-a833-a837b68f1658,2026-08-09 00:15:00+00:00,5064.2,4673.76,2998.01,4495.663699969862,4242.086302541982
e8fffaab-f310-4c9c-a833-a837b68f1658,2026-08-09 00:30:00+00:00,3398.2,5064.2,3180.06,4915.265425360989,4667.265282263604
e8fffaab-f310-4c9c-a833-a837b68f1658,2026-08-09 00:45:00+00:00,3469.43,3398.2,3024.92,3224.4015309809665,2992.0704836731556
e8fffaab-f310-4c9c-a833-a837b68f1658,2026-08-09 01:00:00+00:00,3278.97,3469.43,3048.19,3622.461723892585,3402.461377511512
e8fffaab-f310-4c9c-a833-a837b68f1658,2026-08-09 01:15:00+00:00,3167.0,3278.97,3718.06,3491.713890726206,3272.022608198593
e8fffaab-f310-4c9c-a833-a837b68f1658,2026-08-09 01:30:00+00:00,3709.77,3167.0,4143.12,3423.2837137713386,3223.56638041103
e8fffaab-f310-4c9c-a833-a837b68f1658,2026-08-09 01:45:00+00:00,3481.24,3709.77,3591.28,3983.785013026175,3798.4163839600833
e8fffaab-f310-4c9c-a833-a837b68f1658,2026-08-09 02:00:00+00:00,3480.06,3481.24,3309.45,3744.585664214568,3565.7126313930057
e8fffaab-f310-4c9c-a833-a837b68f1658,2026-08-09 02:15:00+00:00,3358.24,3480.06,3683.72,3784.457348629817,3629.721230316153
e8fffaab-f310-4c9c-a833-a837b68f1658,2026-08-09 02:30:00+00:00,3792.86,3358.24,4049.7,3698.460413360335,3561.592014146461
e8fffaab-f310-4c9c-a833-a837b68f1658,2026-08-09 02:45:00+00:00,4719.48,3792.86,3886.22,4175.701988238161,4060.2820316137704
e8fffaab-f310-4c9c-a833-a837b68f1658,2026-08-09 03:00:00+00:00,4325.26,4719.48,4131.63,5070.382439108576,4965.961598562314
e8fffaab-f310-4c9c-a833-a837b68f1658,2026-08-09 03:15:00+00:00,4112.94,4325.26,4244.5,4542.79629834944,4460.692669225664
e8fffaab-f310-4c9c-a833-a837b68f1658,2026-08-09 03:30:00+00:00,4531.27,4112.94,3767.99,4377.437845024134,4329.281132431562
e8fffaab-f310-4c9c-a833-a837b68f1658,2026-08-09 03:45:00+00:00,4435.04,4531.27,3370.69,4843.306992991086,4816.969653316223
e8fffaab-f310-4c9c-a833-a837b68f1658,2026-08-09 04:00:00+00:00,3608.79,4435.04,3337.24,4640.709653879957,4649.466310808067
e8fffaab-f310-4c9c-a833-a837b68f1658,2026-08-09 04:15:00+00:00,3726.58,3608.79,3335.74,3889.0072228731697,3911.6678126108236
e8fffaab-f310-4c9c-a833-a837b68f1658,2026-08-09 04:30:00+00:00,3160.07,3726.58,3002.93,4136.722851467104,4178.553188157834
e8fffaab-f310-4c9c-a833-a837b68f1658,2026-08-09 04:45:00+00:00,3322.7,3160.07,2891.15,3553.6874440816637,3615.6450273264118
e8fffaab-f310-4c9c-a833-a837b68f1658,2026-08-09 05:00:00+00:00,3170.6,3322.7,2389.01,3813.0873814053502,3896.474898684808
e8fffaab-f310-4c9c-a833-a837b68f1658,2026-08-09 05:15:00+00:00,3001.87,3170.6,3106.17,3632.441504248579,3700.454040481988
e8fffaab-f310-4c9c-a833-a837b68f1658,2026-08-09 05:30:00+00:00,2933.07,3001.87,2805.01,3542.1248372033415,3593.170582295669
e8fffaab-f310-4c9c-a833-a837b68f1658,2026-08-09 05:45:00+00:00,2172.91,2933.07,2246.83,3484.082846021277,3526.466546344819
e8fffaab-f310-4c9c-a833-a837b68f1658,2026-08-09 06:00:00+00:00,3231.79,2172.91,2518.28,2703.0402560837438,2742.7480334444563
e8fffaab-f310-4c9c-a833-a837b68f1658,2026-08-09 06:15:00+00:00,3085.74,3231.79,3842.54,3967.8084220694836,3956.5952709526327
e8fffaab-f310-4c9c-a833-a837b68f1658,2026-08-09 06:30:00+00:00,2796.86,3085.74,3194.74,3639.2634603552597,3596.66404012745
e8fffaab-f310-4c9c-a833-a837b68f1658,2026-08-09 06:45:00+00:00,3131.47,2796.86,1474.78,3218.3912570964258,3179.893764715227
e8fffaab-f310-4c9c-a833-a837b68f1658,2026-08-09 07:00:00+00:00,1914.97,3131.47,1250.35,3632.790010396161,3552.7251077916317
e8fffaab-f310-4c9c-a833-a837b68f1658,2026-08-09 07:15:00+00:00,3950.49,1914.97,-554.21,2167.900683471623,2104.2584324465024
e8fffaab-f310-4c9c-a833-a837b68f1658,2026-08-09 07:30:00+00:00,1632.5,3950.49,-1835.13,4355.316188823723,4264.405409642279
e8fffaab-f310-4c9c-a833-a837b68f1658,2026-08-09 07:45:00+00:00,3337.9,1632.5,-429.24,1786.673604143889,1655.8300996345242
e8fffaab-f310-4c9c-a833-a837b68f1658,2026-08-09 08:00:00+00:00,3610.36,3337.9,652.71,3996.9986993890398,3814.3386654559663
e8fffaab-f310-4c9c-a833-a837b68f1658,2026-08-09 08:15:00+00:00,2752.09,3610.36,-1334.45,3914.881536588262,3712.0109537302014
e8fffaab-f310-4c9c-a833-a837b68f1658,2026-08-09 08:30:00+00:00,250.48,2752.09,-7652.81,2724.6667266060767,2578.5266803773275
e8fffaab-f310-4c9c-a833-a837b68f1658,2026-08-09 08:45:00+00:00,32.69,250.48,-2788.39,581.5221071432843,383.6567898447447
e8fffaab-f310-4c9c-a833-a837b68f1658,2026-08-09 09:00:00+00:00,1288.58,32.69,-2583.28,907.324393100138,677.8531493361279
e8fffaab-f310-4c9c-a833-a837b68f1658,2026-08-09 09:15:00+00:00,-1571.48,1288.58,-2264.03,2013.3300372660397,1793.0351424431792
e8fffaab-f310-4c9c-a833-a837b68f1658,2026-08-09 09:30:00+00:00,3226.05,-1571.48,-2095.9,-1879.2612965532371,-1958.5061660076808
e8fffaab-f310-4c9c-a833-a837b68f1658,2026-08-09 09:45:00+00:00,-2511.44,3226.05,-5755.6,3883.2496875857723,3696.2460406406854
e8fffaab-f310-4c9c-a833-a837b68f1658,2026-08-09 10:00:00+00:00,-695.32,-2511.44,-2547.16,-2502.845068080518,-2721.047467842707
e8fffaab-f310-4c9c-a833-a837b68f1658,2026-08-09 10:15:00+00:00,460.3,-695.32,30196.51,2052.260796971492,1463.352930607889
e8fffaab-f310-4c9c-a833-a837b68f1658,2026-08-09 10:30:00+00:00,-1543.46,460.3,53486.27,3918.5711723102595,3047.9228904832053
e8fffaab-f310-4c9c-a833-a837b68f1658,2026-08-09 10:45:00+00:00,-1715.69,-1543.46,46873.21,972.3816223395061,249.3373720486361
e8fffaab-f310-4c9c-a833-a837b68f1658,2026-08-09 11:00:00+00:00,-509.31,-1715.69,37863.75,845.2387158928577,175.10704342678582
e8fffaab-f310-4c9c-a833-a837b68f1658,2026-08-09 11:15:00+00:00,-1676.28,-509.31,17286.94,1441.8846094450764,895.0318989016596
e8fffaab-f310-4c9c-a833-a837b68f1658,2026-08-09 11:30:00+00:00,-1412.73,-1676.28,-7464.34,-1543.794680128396,-1778.61947801104
e8fffaab-f310-4c9c-a833-a837b68f1658,2026-08-09 11:45:00+00:00,-3603.67,-1412.73,-11604.14,-1402.502661282746,-1598.8362253887408
e8fffaab-f310-4c9c-a833-a837b68f1658,2026-08-09 12:00:00+00:00,-1858.49,-3603.67,3615.79,-2359.5581987822497,-2817.9873999634765
e8fffaab-f310-4c9c-a833-a837b68f1658,2026-08-09 12:15:00+00:00,-1264.66,-1858.49,-3151.98,-884.3660900333434,-1229.1379222048927
e8fffaab-f310-4c9c-a833-a837b68f1658,2026-08-09 12:30:00+00:00,2728.84,-1264.66,-2480.55,-574.6357749502622,-944.4697352056883
e8fffaab-f310-4c9c-a833-a837b68f1658,2026-08-09 12:45:00+00:00,-2695.61,2728.84,-360.19,2920.9732690731707,2570.3118258511577
e8fffaab-f310-4c9c-a833-a837b68f1658,2026-08-09 13:00:00+00:00,1293.01,-2695.61,-5376.04,-3222.7908362888247,-3542.446129126407
e8fffaab-f310-4c9c-a833-a837b68f1658,2026-08-09 13:15:00+00:00,-1295.92,1293.01,-2574.52,2155.9346498481736,1756.4069370986144
e8fffaab-f310-4c9c-a833-a837b68f1658,2026-08-09 13:30:00+00:00,-2159.76,-1295.92,-3431.01,-1388.0749290239619,-1738.8813879172903
e8fffaab-f310-4c9c-a833-a837b68f1658,2026-08-09 13:45:00+00:00,-193.16,-2159.76,-5161.74,-1888.7934615116064,-2174.0998093148883
e8fffaab-f310-4c9c-a833-a837b68f1658,2026-08-09 14:00:00+00:00,2562.53,-193.16,-4924.06,451.8484257090822,112.70987530538514
e8fffaab-f310-4c9c-a833-a837b68f1658,2026-08-09 14:15:00+00:00,-87.04,2562.53,-1640.83,2841.349449076941,2475.98474754527
e8fffaab-f310-4c9c-a833-a837b68f1658,2026-08-09 14:30:00+00:00,743.34,-87.04,4056.75,-16.566119284289016,-427.47660249219916
e8fffaab-f310-4c9c-a833-a837b68f1658,2026-08-09 14:45:00+00:00,4255.5,743.34,3448.77,1345.1155813408495,917.967728629088
e8fffaab-f310-4c9c-a833-a837b68f1658,2026-08-09 15:00:00+00:00,4639.31,4255.5,1003.85,4607.557537675149,4158.6990008284365
e8fffaab-f310-4c9c-a833-a837b68f1658,2026-08-09 15:15:00+00:00,1758.25,4639.31,1325.12,4268.126693826573,3836.4930981691878
e8fffaab-f310-4c9c-a833-a837b68f1658,2026-08-09 15:30:00+00:00,3718.59,1758.25,-30.99,1298.0431788125497,899.042285065856
e8fffaab-f310-4c9c-a833-a837b68f1658,2026-08-09 15:45:00+00:00,4497.45,3718.59,827.58,3880.3291429971014,3446.5191824183084
e8fffaab-f310-4c9c-a833-a837b68f1658,2026-08-09 16:00:00+00:00,4353.67,4497.45,2611.0,4434.450559437562,3966.7660985864204
e8fffaab-f310-4c9c-a833-a837b68f1658,2026-08-09 16:15:00+00:00,4690.61,4353.67,3517.67,4058.6673791906123,3625.5477868560056
e8fffaab-f310-4c9c-a833-a837b68f1658,2026-08-09 16:30:00+00:00,4071.67,4690.61,3519.31,4559.371283557182,4107.961031756911
e8fffaab-f310-4c9c-a833-a837b68f1658,2026-08-09 16:45:00+00:00,4147.43,4071.67,2387.35,3809.860676103619,3386.6854338326884
e8fffaab-f310-4c9c-a833-a837b68f1658,2026-08-09 17:00:00+00:00,4518.71,4147.43,2289.27,3937.6541944628834,3537.9804047873213
e8fffaab-f310-4c9c-a833-a837b68f1658,2026-08-09 17:15:00+00:00,4137.46,4518.71,5015.47,4391.330005593374,3971.951288306993
e8fffaab-f310-4c9c-a833-a837b68f1658,2026-08-09 17:30:00+00:00,4178.56,4137.46,5223.74,3947.8922798145522,3539.3845280828837
e8fffaab-f310-4c9c-a833-a837b68f1658,2026-08-09 17:45:00+00:00,4802.16,4178.56,6413.9,4109.566623116605,3697.8302393720433
e8fffaab-f310-4c9c-a833-a837b68f1658,2026-08-09 18:00:00+00:00,18363.35,4802.16,5760.71,4688.202996763952,4286.009681379221
e8fffaab-f310-4c9c-a833-a837b68f1658,2026-08-09 18:15:00+00:00,57499.76,18363.35,5612.14,17947.803446393475,17472.95467116406
e8fffaab-f310-4c9c-a833-a837b68f1658,2026-08-09 18:30:00+00:00,57060.54,57499.76,7223.01,54114.60907856222,53370.04727383923
e8fffaab-f310-4c9c-a833-a837b68f1658,2026-08-09 18:45:00+00:00,54232.53,57060.54,5938.81,46145.12788023814,45389.06171537937
e8fffaab-f310-4c9c-a833-a837b68f1658,2026-08-09 19:00:00+00:00,36767.84,54232.53,5878.55,43788.68620238753,42957.61959556362
e8fffaab-f310-4c9c-a833-a837b68f1658,2026-08-09 19:15:00+00:00,12400.44,36767.84,5716.92,28153.3267378238,27114.609681210575
e8fffaab-f310-4c9c-a833-a837b68f1658,2026-08-09 19:30:00+00:00,5251.19,12400.44,5374.4,7356.781369054604,6489.749684876994
e8fffaab-f310-4c9c-a833-a837b68f1658,2026-08-09 19:45:00+00:00,5856.26,5251.19,5505.5,4895.796299306438,4105.029573503417
e8fffaab-f310-4c9c-a833-a837b68f1658,2026-08-09 20:00:00+00:00,5129.45,5856.26,5871.02,6427.640196916173,5761.237195598251
e8fffaab-f310-4c9c-a833-a837b68f1658,2026-08-09 20:15:00+00:00,5112.44,5129.45,5253.19,4878.2857684350165,4423.029755221765
e8fffaab-f310-4c9c-a833-a837b68f1658,2026-08-09 20:30:00+00:00,5803.21,5112.44,5126.96,4809.6752035784175,4417.789706379657
e8fffaab-f310-4c9c-a833-a837b68f1658,2026-08-09 20:45:00+00:00,5810.41,5803.21,5158.12,5536.788047406525,5139.800410558157
e8fffaab-f310-4c9c-a833-a837b68f1658,2026-08-09 21:00:00+00:00,5085.05,5810.41,4837.71,5364.26341442758,4987.211139106161
e8fffaab-f310-4c9c-a833-a837b68f1658,2026-08-09 21:15:00+00:00,5630.29,5085.05,4779.77,4635.969472300389,4262.822382214862
e8fffaab-f310-4c9c-a833-a837b68f1658,2026-08-09 21:30:00+00:00,5825.49,5630.29,4755.0,5346.637535964426,4962.125630475001
e8fffaab-f310-4c9c-a833-a837b68f1658,2026-08-09 21:45:00+00:00,5474.47,5825.49,4832.85,5450.2372829110955,5062.199062399911
e8fffaab-f310-4c9c-a833-a837b68f1658,2026-08-09 22:00:00+00:00,4840.46,5474.47,4464.03,5026.615546094629,4653.073615071288
e8fffaab-f310-4c9c-a833-a837b68f1658,2026-08-09 22:15:00+00:00,4845.45,4840.46,4675.1,4510.824883146943,4126.162456137968
e8fffaab-f310-4c9c-a833-a837b68f1658,2026-08-09 22:30:00+00:00,4545.69,4845.45,4381.1,4642.829112684831,4253.722442270741
e8fffaab-f310-4c9c-a833-a837b68f1658,2026-08-09 22:45:00+00:00,4513.72,4545.69,4979.03,4403.893735295709,4004.688064441887
e8fffaab-f310-4c9c-a833-a837b68f1658,2026-08-09 23:00:00+00:00,4518.87,4513.72,5291.81,4473.3245395253025,4068.55313537644
e8fffaab-f310-4c9c-a833-a837b68f1658,2026-08-09 23:15:00+00:00,4506.89,4518.87,4645.95,4450.586809949885,4054.995859016879
e8fffaab-f310-4c9c-a833-a837b68f1658,2026-08-09 23:30:00+00:00,4499.91,4506.89,4583.4,4443.156913899785,4051.896737056989
e8fffaab-f310-4c9c-a833-a837b68f1658,2026-08-09 23:45:00+00:00,4445.81,4499.91,4830.21,4475.9831804538735,4083.9933413366734
e8fffaab-f310-4c9c-a833-a837b68f1658,2026-08-10 00:00:00+00:00,4847.04,4445.81,4673.76,4990.207421565786,4697.538488860643
e8fffaab-f310-4c9c-a833-a837b68f1658,2026-08-10 00:15:00+00:00,5319.83,4847.04,5064.2,5435.355030654232,5140.293628353073
e8fffaab-f310-4c9c-a833-a837b68f1658,2026-08-10 00:30:00+00:00,4692.53,5319.83,3398.2,5774.280607674364,5497.871656718142
e8fffaab-f310-4c9c-a833-a837b68f1658,2026-08-10 00:45:00+00:00,5328.75,4692.53,3469.43,5083.344688456434,4818.2422891416745
e8fffaab-f310-4c9c-a833-a837b68f1658,2026-08-10 01:00:00+00:00,4802.26,5328.75,3278.97,5848.642567801956,5589.007645158388
e8fffaab-f310-4c9c-a833-a837b68f1658,2026-08-10 01:15:00+00:00,4271.39,4802.26,3167.0,5247.283783543413,5001.293878637382
e8fffaab-f310-4c9c-a833-a837b68f1658,2026-08-10 01:30:00+00:00,4404.53,4271.39,3709.77,4854.824600298927,4628.587218609738
e8fffaab-f310-4c9c-a833-a837b68f1658,2026-08-10 01:45:00+00:00,4697.54,4404.53,3481.24,5115.946267352405,4905.0076399618665
e8fffaab-f310-4c9c-a833-a837b68f1658,2026-08-10 02:00:00+00:00,6231.91,4697.54,3480.06,5526.032263094376,5315.17907963146
e8fffaab-f310-4c9c-a833-a837b68f1658,2026-08-10 02:15:00+00:00,5446.3,6231.91,3358.24,6977.855254966373,6784.994044074838
e8fffaab-f310-4c9c-a833-a837b68f1658,2026-08-10 02:30:00+00:00,5624.6,5446.3,3792.86,5993.756676937041,5815.052128072538
e8fffaab-f310-4c9c-a833-a837b68f1658,2026-08-10 02:45:00+00:00,5465.54,5624.6,4719.48,6395.267798471021,6227.454900777202
e8fffaab-f310-4c9c-a833-a837b68f1658,2026-08-10 03:00:00+00:00,5810.27,5465.54,4325.26,6257.496401526911,6105.755724815743
e8fffaab-f310-4c9c-a833-a837b68f1658,2026-08-10 03:15:00+00:00,5759.9,5810.27,4112.94,6594.3060564452935,6477.716042721624
e8fffaab-f310-4c9c-a833-a837b68f1658,2026-08-10 03:30:00+00:00,5602.01,5759.9,4531.27,6524.162124693647,6427.8345874895695
e8fffaab-f310-4c9c-a833-a837b68f1658,2026-08-10 03:45:00+00:00,6220.47,5602.01,4435.04,6362.621751869394,6300.620978875537
e8fffaab-f310-4c9c-a833-a837b68f1658,2026-08-10 04:00:00+00:00,9154.46,6220.47,3608.79,6956.615140630769,6930.141589823972
e8fffaab-f310-4c9c-a833-a837b68f1658,2026-08-10 04:15:00+00:00,8023.86,9154.46,3726.58,9922.55926190117,9867.436768805326
e8fffaab-f310-4c9c-a833-a837b68f1658,2026-08-10 04:30:00+00:00,6318.01,8023.86,3160.07,8123.546887137312,8114.552221519545
e8fffaab-f310-4c9c-a833-a837b68f1658,2026-08-10 04:45:00+00:00,5188.68,6318.01,3322.7,6641.788748899394,6664.447659156155
e8fffaab-f310-4c9c-a833-a837b68f1658,2026-08-10 05:00:00+00:00,4072.67,5188.68,3170.6,5906.577032647554,5939.999359027972
e8fffaab-f310-4c9c-a833-a837b68f1658,2026-08-10 05:15:00+00:00,3599.44,4072.67,3001.87,4982.844783049105,5021.577247603137
e8fffaab-f310-4c9c-a833-a837b68f1658,2026-08-10 05:30:00+00:00,4152.48,3599.44,2933.07,4828.708700107039,4848.801226112614
e8fffaab-f310-4c9c-a833-a837b68f1658,2026-08-10 05:45:00+00:00,10173.83,4152.48,2172.91,5383.287702029529,5406.157837581608
e8fffaab-f310-4c9c-a833-a837b68f1658,2026-08-10 06:00:00+00:00,9356.17,10173.83,3231.79,11327.598090125935,11283.244171632814
e8fffaab-f310-4c9c-a833-a837b68f1658,2026-08-10 06:15:00+00:00,7280.33,9356.17,3085.74,9452.68909260979,9374.443990244581
e8fffaab-f310-4c9c-a833-a837b68f1658,2026-08-10 06:30:00+00:00,8091.53,7280.33,2796.86,7605.784727615841,7509.536082583214
e8fffaab-f310-4c9c-a833-a837b68f1658,2026-08-10 06:45:00+00:00,8029.79,8091.53,3131.47,8821.96178277055,8673.17250818085
e8fffaab-f310-4c9c-a833-a837b68f1658,2026-08-10 07:00:00+00:00,6467.63,8029.79,1914.97,8486.249502399814,8337.815726356466
e8fffaab-f310-4c9c-a833-a837b68f1658,2026-08-10 07:15:00+00:00,6384.31,6467.63,3950.49,7103.6060156035965,6916.242929679367
e8fffaab-f310-4c9c-a833-a837b68f1658,2026-08-10 07:30:00+00:00,5527.13,6384.31,1632.5,7172.766926381396,6986.347151571285
e8fffaab-f310-4c9c-a833-a837b68f1658,2026-08-10 07:45:00+00:00,6791.14,5527.13,3337.9,6338.266011641281,6124.166306354282
e8fffaab-f310-4c9c-a833-a837b68f1658,2026-08-10 08:00:00+00:00,9624.74,6791.14,3610.36,7500.932656387751,7293.570538695836
e8fffaab-f310-4c9c-a833-a837b68f1658,2026-08-10 08:15:00+00:00,9698.7,9624.74,2752.09,10047.177969526512,9811.214577078252
e8fffaab-f310-4c9c-a833-a837b68f1658,2026-08-10 08:30:00+00:00,6012.87,9698.7,250.48,9540.834721057317,9302.630965017117
e8fffaab-f310-4c9c-a833-a837b68f1658,2026-08-10 08:45:00+00:00,7026.54,6012.87,32.69,5665.756174117833,5464.487873686677
e8fffaab-f310-4c9c-a833-a837b68f1658,2026-08-10 09:00:00+00:00,1543.15,7026.54,1288.58,7625.452762239679,7348.7849649714535
e8fffaab-f310-4c9c-a833-a837b68f1658,2026-08-10 09:15:00+00:00,5802.5,1543.15,-1571.48,1782.9113577859462,1577.8121029649592
e8fffaab-f310-4c9c-a833-a837b68f1658,2026-08-10 09:30:00+00:00,-1342.99,5802.5,3226.05,7373.627035756705,7084.698457097134
e8fffaab-f310-4c9c-a833-a837b68f1658,2026-08-10 09:45:00+00:00,6657.56,-1342.99,-2511.44,-601.5623937510463,-830.0820290217289
e8fffaab-f310-4c9c-a833-a837b68f1658,2026-08-10 10:00:00+00:00,4008.07,6657.56,-695.32,8232.02860495139,8030.5310616957395
e8fffaab-f310-4c9c-a833-a837b68f1658,2026-08-10 10:15:00+00:00,7128.51,4008.07,460.3,4531.04735143519,4251.139857306072
e8fffaab-f310-4c9c-a833-a837b68f1658,2026-08-10 10:30:00+00:00,4553.39,7128.51,-1543.46,7332.49698378207,7189.547989676887
e8fffaab-f310-4c9c-a833-a837b68f1658,2026-08-10 10:45:00+00:00,8396.0,4553.39,-1715.69,4685.617620331732,4447.32415294044
e8fffaab-f310-4c9c-a833-a837b68f1658,2026-08-10 11:00:00+00:00,6317.28,8396.0,-509.31,8954.117967096232,8698.13557306727
e8fffaab-f310-4c9c-a833-a837b68f1658,2026-08-10 11:15:00+00:00,4287.54,6317.28,-1676.28,6292.407734822471,6006.131980951933
e8fffaab-f310-4c9c-a833-a837b68f1658,2026-08-10 11:30:00+00:00,7115.89,4287.54,-1412.73,4699.924565395943,4420.158225907156
e8fffaab-f310-4c9c-a833-a837b68f1658,2026-08-10 11:45:00+00:00,10248.08,7115.89,-3603.67,7753.384629284863,7454.323184409444
e8fffaab-f310-4c9c-a833-a837b68f1658,2026-08-10 12:00:00+00:00,6233.95,10248.08,-1858.49,10259.850706793732,9930.431248190322
e8fffaab-f310-4c9c-a833-a837b68f1658,2026-08-10 12:15:00+00:00,3843.06,6233.95,-1264.66,5413.473519197272,5163.188811821844
e8fffaab-f310-4c9c-a833-a837b68f1658,2026-08-10 12:30:00+00:00,672.26,3843.06,2728.84,4544.099253958026,4181.286279871283
e8fffaab-f310-4c9c-a833-a837b68f1658,2026-08-10 12:45:00+00:00,11020.88,672.26,-2695.61,1552.9749960643367,1269.5207522733235
e8fffaab-f310-4c9c-a833-a837b68f1658,2026-08-10 13:00:00+00:00,7856.05,11020.88,1293.01,12367.296265329624,12027.78730984894
e8fffaab-f310-4c9c-a833-a837b68f1658,2026-08-10 13:15:00+00:00,5686.05,7856.05,-1295.92,7209.014148940392,6916.030931584261
e8fffaab-f310-4c9c-a833-a837b68f1658,2026-08-10 13:30:00+00:00,10244.7,5686.05,-2159.76,5588.456652821676,5348.249326639358
e8fffaab-f310-4c9c-a833-a837b68f1658,2026-08-10 13:45:00+00:00,7682.23,10244.7,-193.16,10680.847087837285,10351.557243065856
e8fffaab-f310-4c9c-a833-a837b68f1658,2026-08-10 14:00:00+00:00,10430.7,7682.23,2562.53,7471.310939947753,7133.679073867966
e8fffaab-f310-4c9c-a833-a837b68f1658,2026-08-10 14:15:00+00:00,7418.33,10430.7,-87.04,10457.618791846522,10154.14572165801
e8fffaab-f310-4c9c-a833-a837b68f1658,2026-08-10 14:30:00+00:00,10613.66,7418.33,743.34,7067.791035530441,6742.715985943412
e8fffaab-f310-4c9c-a833-a837b68f1658,2026-08-10 14:45:00+00:00,5531.66,10613.66,4255.5,10758.627545170057,10418.478048884093
e8fffaab-f310-4c9c-a833-a837b68f1658,2026-08-10 15:00:00+00:00,6990.09,5531.66,4639.31,5108.156732898567,4785.157347537517
e8fffaab-f310-4c9c-a833-a837b68f1658,2026-08-10 15:15:00+00:00,5629.52,6990.09,1758.25,7349.09571597194,7070.13945974556
e8fffaab-f310-4c9c-a833-a837b68f1658,2026-08-10 15:30:00+00:00,6368.69,5629.52,3718.59,5904.620621952508,5589.527152331822
e8fffaab-f310-4c9c-a833-a837b68f1658,2026-08-10 15:45:00+00:00,6499.84,6368.69,4497.45,6764.529530965023,6483.458638165514
e8fffaab-f310-4c9c-a833-a837b68f1658,2026-08-10 16:00:00+00:00,3905.28,6499.84,4353.67,6628.0737739109645,6360.692734309229
e8fffaab-f310-4c9c-a833-a837b68f1658,2026-08-10 16:15:00+00:00,3200.58,3905.28,4690.61,3891.0139242671976,3681.4884502597015
e8fffaab-f310-4c9c-a833-a837b68f1658,2026-08-10 16:30:00+00:00,4128.57,3200.58,4071.67,3683.3573249909523,3494.692348411728
e8fffaab-f310-4c9c-a833-a837b68f1658,2026-08-10 16:45:00+00:00,4435.58,4128.57,4147.43,4695.427641020754,4520.533131412626
e8fffaab-f310-4c9c-a833-a837b68f1658,2026-08-10 17:00:00+00:00,4136.27,4435.58,4518.71,4793.1494972487935,4641.468765824998
e8fffaab-f310-4c9c-a833-a837b68f1658,2026-08-10 17:15:00+00:00,3866.54,4136.27,4137.46,4397.203461771376,4268.740878702075
e8fffaab-f310-4c9c-a833-a837b68f1658,2026-08-10 17:30:00+00:00,4175.6,3866.54,4178.56,4200.316825730815,4079.9017110713467
e8fffaab-f310-4c9c-a833-a837b68f1658,2026-08-10 17:45:00+00:00,4569.09,4175.6,4802.16,4560.377874775536,4446.486796522054
e8fffaab-f310-4c9c-a833-a837b68f1658,2026-08-10 18:00:00+00:00,4020.11,4569.09,18363.35,5524.32491735531,5281.507869029476
e8fffaab-f310-4c9c-a833-a837b68f1658,2026-08-10 18:15:00+00:00,4620.66,4020.11,57499.76,6739.547924063191,6109.515249389429
e8fffaab-f310-4c9c-a833-a837b68f1658,2026-08-10 18:30:00+00:00,5053.8,4620.66,57060.54,7475.788909966909,6847.881361587622
e8fffaab-f310-4c9c-a833-a837b68f1658,2026-08-10 18:45:00+00:00,4887.66,5053.8,54232.53,7724.229685622628,7121.932718043876
e8fffaab-f310-4c9c-a833-a837b68f1658,2026-08-10 19:00:00+00:00,5341.31,4887.66,36767.84,6625.642798694784,6223.379159072434
e8fffaab-f310-4c9c-a833-a837b68f1658,2026-08-10 19:15:00+00:00,5106.01,5341.31,12400.44,6069.1324139362905,5892.4250315947775
e8fffaab-f310-4c9c-a833-a837b68f1658,2026-08-10 19:30:00+00:00,4914.3,5106.01,5251.19,5396.632500096468,5293.387167043443
e8fffaab-f310-4c9c-a833-a837b68f1658,2026-08-10 19:45:00+00:00,5095.96,4914.3,5856.26,5260.737307646933,5155.060053606151
e8fffaab-f310-4c9c-a833-a837b68f1658,2026-08-10 20:00:00+00:00,4951.53,5095.96,5129.45,5453.612557799963,5350.9356435137215
e8fffaab-f310-4c9c-a833-a837b68f1658,2026-08-10 20:15:00+00:00,4620.73,4951.53,5112.44,5304.355825982361,5187.508309780418
e8fffaab-f310-4c9c-a833-a837b68f1658,2026-08-10 20:30:00+00:00,4734.06,4620.73,5803.21,5012.660818072404,4885.509510732053
e8fffaab-f310-4c9c-a833-a837b68f1658,2026-08-10 20:45:00+00:00,4471.13,4734.06,5810.41,5179.585598581202,5044.050841994309
e8fffaab-f310-4c9c-a833-a837b68f1658,2026-08-10 21:00:00+00:00,4687.84,4471.13,5085.05,4859.449461363196,4727.117762459085
e8fffaab-f310-4c9c-a833-a837b68f1658,2026-08-10 21:15:00+00:00,4434.75,4687.84,5630.29,5149.221033886427,5001.446800564595
e8fffaab-f310-4c9c-a833-a837b68f1658,2026-08-10 21:30:00+00:00,4319.36,4434.75,5825.49,4887.187034338859,4726.965800132295
e8fffaab-f310-4c9c-a833-a837b68f1658,2026-08-10 21:45:00+00:00,5471.73,4319.36,5474.47,4804.943349549224,4643.698062536243
e8fffaab-f310-4c9c-a833-a837b68f1658,2026-08-10 22:00:00+00:00,4594.33,5471.73,4840.46,5932.656615159442,5765.630123770062
e8fffaab-f310-4c9c-a833-a837b68f1658,2026-08-10 22:15:00+00:00,4304.24,4594.33,4845.45,4881.117439601157,4708.87360716553
e8fffaab-f310-4c9c-a833-a837b68f1658,2026-08-10 22:30:00+00:00,4723.84,4304.24,4545.69,4749.584138126473,4579.993130099434
e8fffaab-f310-4c9c-a833-a837b68f1658,2026-08-10 22:45:00+00:00,4673.19,4723.84,4513.72,5247.046965864752,5065.304856072949
e8fffaab-f310-4c9c-a833-a837b68f1658,2026-08-10 23:00:00+00:00,4236.86,4673.19,4518.87,5110.730595326201,4933.493283940279
e8fffaab-f310-4c9c-a833-a837b68f1658,2026-08-10 23:15:00+00:00,4014.82,4236.86,4506.89,4701.104316789804,4531.4291794196315
e8fffaab-f310-4c9c-a833-a837b68f1658,2026-08-10 23:30:00+00:00,4750.71,4014.82,4499.91,4590.187070297604,4424.274601546431
e8fffaab-f310-4c9c-a833-a837b68f1658,2026-08-10 23:45:00+00:00,3455.04,4750.71,4445.81,5389.4442112670595,5223.979178342815
e8fffaab-f310-4c9c-a833-a837b68f1658,2026-08-11 00:00:00+00:00,3402.61,3455.04,4847.04,3918.934675812373,3794.9601324370906
e8fffaab-f310-4c9c-a833-a837b68f1658,2026-08-11 00:15:00+00:00,4161.29,3402.61,5319.83,4153.658801094726,4032.3866406822253
e8fffaab-f310-4c9c-a833-a837b68f1658,2026-08-11 00:30:00+00:00,3360.89,4161.29,4692.53,4933.0654605612135,4812.821263682611
e8fffaab-f310-4c9c-a833-a837b68f1658,2026-08-11 00:45:00+00:00,3531.64,3360.89,5328.75,4030.1076608027633,3923.3525981384773
e8fffaab-f310-4c9c-a833-a837b68f1658,2026-08-11 01:00:00+00:00,3423.49,3531.64,4802.26,4379.555531433231,4282.946246524327
e8fffaab-f310-4c9c-a833-a837b68f1658,2026-08-11 01:15:00+00:00,3929.92,3423.49,4271.39,4242.274686750303,4162.825513428455
e8fffaab-f310-4c9c-a833-a837b68f1658,2026-08-11 01:30:00+00:00,4447.14,3929.92,4404.53,4752.1947059862705,4693.623381622693
e8fffaab-f310-4c9c-a833-a837b68f1658,2026-08-11 01:45:00+00:00,3901.5,4447.14,4697.54,5236.3185904925085,5182.834672793754
e8fffaab-f310-4c9c-a833-a837b68f1658,2026-08-11 02:00:00+00:00,6545.62,3901.5,6231.91,4824.3415795265955,4756.925828708763
e8fffaab-f310-4c9c-a833-a837b68f1658,2026-08-11 02:15:00+00:00,6482.66,6545.62,5446.3,7437.748519998479,7395.1868265701105
e8fffaab-f310-4c9c-a833-a837b68f1658,2026-08-11 02:30:00+00:00,6315.42,6482.66,5624.6,6931.479132109673,6900.644859546159
e8fffaab-f310-4c9c-a833-a837b68f1658,2026-08-11 02:45:00+00:00,6290.65,6315.42,5465.54,6787.630442810846,6785.734364811398
e8fffaab-f310-4c9c-a833-a837b68f1658,2026-08-11 03:00:00+00:00,6518.29,6290.65,5810.27,6918.971820137118,6915.359762868122
e8fffaab-f310-4c9c-a833-a837b68f1658,2026-08-11 03:15:00+00:00,5980.71,6518.29,5759.9,7174.820120009725,7192.558993831817
e8fffaab-f310-4c9c-a833-a837b68f1658,2026-08-11 03:30:00+00:00,6268.02,5980.71,5602.01,6600.077454501723,6649.520474450288
e8fffaab-f310-4c9c-a833-a837b68f1658,2026-08-11 03:45:00+00:00,5928.03,6268.02,6220.47,7089.703704968365,7148.080557725685
e8fffaab-f310-4c9c-a833-a837b68f1658,2026-08-11 04:00:00+00:00,5882.38,5928.03,9154.46,6796.071005418039,6860.580691382211
e8fffaab-f310-4c9c-a833-a837b68f1658,2026-08-11 04:15:00+00:00,5793.99,5882.38,8023.86,6808.7937250808245,6897.061147647338
e8fffaab-f310-4c9c-a833-a837b68f1658,2026-08-11 04:30:00+00:00,5237.05,5793.99,6318.01,6650.257734090133,6772.882561854312
e8fffaab-f310-4c9c-a833-a837b68f1658,2026-08-11 04:45:00+00:00,5225.49,5237.05,5188.68,6111.377200267221,6260.535788432526
e8fffaab-f310-4c9c-a833-a837b68f1658,2026-08-11 05:00:00+00:00,8674.78,5225.49,4072.67,6112.930696321915,6298.545973813672
e8fffaab-f310-4c9c-a833-a837b68f1658,2026-08-11 05:15:00+00:00,9068.45,8674.78,3599.44,9542.604377162275,9694.232869548503
e8fffaab-f310-4c9c-a833-a837b68f1658,2026-08-11 05:30:00+00:00,8321.91,9068.45,4152.48,9290.459526337501,9423.268771836807
e8fffaab-f310-4c9c-a833-a837b68f1658,2026-08-11 05:45:00+00:00,10060.67,8321.91,10173.83,8756.641817640566,8821.500750840823
e8fffaab-f310-4c9c-a833-a837b68f1658,2026-08-11 06:00:00+00:00,9257.98,10060.67,9356.17,10772.484867387004,10781.2642588663
e8fffaab-f310-4c9c-a833-a837b68f1658,2026-08-11 06:15:00+00:00,10228.38,9257.98,7280.33,9588.469693221787,9594.763470489079
e8fffaab-f310-4c9c-a833-a837b68f1658,2026-08-11 06:30:00+00:00,6304.79,10228.38,8091.53,10716.17981516649,10694.525199179534
e8fffaab-f310-4c9c-a833-a837b68f1658,2026-08-11 06:45:00+00:00,7347.61,6304.79,8029.79,6775.38233515756,6731.542120136903
e8fffaab-f310-4c9c-a833-a837b68f1658,2026-08-11 07:00:00+00:00,5612.46,7347.61,6467.63,8421.791642515782,8381.472315710607
e8fffaab-f310-4c9c-a833-a837b68f1658,2026-08-11 07:15:00+00:00,9676.83,5612.46,6384.31,6450.9486996188825,6414.243782935871
e8fffaab-f310-4c9c-a833-a837b68f1658,2026-08-11 07:30:00+00:00,8442.43,9676.83,5527.13,10562.225235412294,10541.81539525542
e8fffaab-f310-4c9c-a833-a837b68f1658,2026-08-11 07:45:00+00:00,6894.68,8442.43,6791.14,8819.414643816042,8741.611156272495
e8fffaab-f310-4c9c-a833-a837b68f1658,2026-08-11 08:00:00+00:00,3876.23,6894.68,9624.74,7574.306319524865,7482.361273739411
e8fffaab-f310-4c9c-a833-a837b68f1658,2026-08-11 08:15:00+00:00,8928.31,3876.23,9698.7,4989.458705374776,4872.453905106214
e8fffaab-f310-4c9c-a833-a837b68f1658,2026-08-11 08:30:00+00:00,9481.81,8928.31,6012.87,10490.019097858803,10353.330063533562
e8fffaab-f310-4c9c-a833-a837b68f1658,2026-08-11 08:45:00+00:00,7711.28,9481.81,7026.54,9728.444264528036,9622.812615959752
e8fffaab-f310-4c9c-a833-a837b68f1658,2026-08-11 09:00:00+00:00,3377.11,7711.28,1543.15,7887.392282870556,7797.909635107988
e8fffaab-f310-4c9c-a833-a837b68f1658,2026-08-11 09:15:00+00:00,10269.14,3377.11,5802.5,4194.711171687332,4049.1137323575913
e8fffaab-f310-4c9c-a833-a837b68f1658,2026-08-11 09:30:00+00:00,4151.05,10269.14,-1342.99,11025.871499105053,10969.426738362277
e8fffaab-f310-4c9c-a833-a837b68f1658,2026-08-11 09:45:00+00:00,2261.79,4151.05,6657.56,4205.252544854756,4060.919210190763
e8fffaab-f310-4c9c-a833-a837b68f1658,2026-08-11 10:00:00+00:00,2407.3,2261.79,4008.07,3722.0705935052883,3564.3860301668165
e8fffaab-f310-4c9c-a833-a837b68f1658,2026-08-11 10:15:00+00:00,8348.79,2407.3,7128.51,4241.717600614725,4034.2117347016074
e8fffaab-f310-4c9c-a833-a837b68f1658,2026-08-11 10:30:00+00:00,5371.39,8348.79,4553.39,9540.89237740809,9394.254008006132
e8fffaab-f310-4c9c-a833-a837b68f1658,2026-08-11 10:45:00+00:00,121.19,5371.39,8396.0,5512.254733732644,5349.052632634628
e8fffaab-f310-4c9c-a833-a837b68f1658,2026-08-11 11:00:00+00:00,5380.61,121.19,6317.28,798.2894100105605,671.5530747041212
e8fffaab-f310-4c9c-a833-a837b68f1658,2026-08-11 11:15:00+00:00,6427.96,5380.61,4287.54,7316.695276099559,7082.099541890099
e8fffaab-f310-4c9c-a833-a837b68f1658,2026-08-11 11:30:00+00:00,5217.31,6427.96,7115.89,7085.270054567329,6867.524841046372
e8fffaab-f310-4c9c-a833-a837b68f1658,2026-08-11 11:45:00+00:00,2780.34,5217.31,10248.08,7956.344730957455,7380.691803938016
e8fffaab-f310-4c9c-a833-a837b68f1658,2026-08-11 12:00:00+00:00,7689.73,2780.34,6233.95,6149.09187811371,5505.449700248917
e8fffaab-f310-4c9c-a833-a837b68f1658,2026-08-11 12:15:00+00:00,4521.18,7689.73,3843.06,11715.727078908618,10999.033760181936
e8fffaab-f310-4c9c-a833-a837b68f1658,2026-08-11 12:30:00+00:00,7297.02,4521.18,672.26,6724.6693992509045,6172.8206193490705
e8fffaab-f310-4c9c-a833-a837b68f1658,2026-08-11 12:45:00+00:00,9828.55,7297.02,11020.88,10180.75671773911,9564.481980372211
e8fffaab-f310-4c9c-a833-a837b68f1658,2026-08-11 13:00:00+00:00,512.99,9828.55,7856.05,10136.843397150684,9797.813758938872
e8fffaab-f310-4c9c-a833-a837b68f1658,2026-08-11 13:15:00+00:00,3485.77,512.99,5686.05,161.6373304982535,-60.857972117166355
e8fffaab-f310-4c9c-a833-a837b68f1658,2026-08-11 13:30:00+00:00,5844.88,3485.77,10244.7,5097.4901172153295,4802.115248758457
e8fffaab-f310-4c9c-a833-a837b68f1658,2026-08-11 13:45:00+00:00,4634.86,5844.88,7682.23,6989.256894947668,6648.056564105282
e8fffaab-f310-4c9c-a833-a837b68f1658,2026-08-11 14:00:00+00:00,8519.31,4634.86,10430.7,5369.695873722069,5047.55471517907
e8fffaab-f310-4c9c-a833-a837b68f1658,2026-08-11 14:15:00+00:00,8068.97,8519.31,7418.33,9297.535947549817,8973.714843590544
e8fffaab-f310-4c9c-a833-a837b68f1658,2026-08-11 14:30:00+00:00,5869.57,8068.97,10613.66,8245.377084476724,7882.219287024089
e8fffaab-f310-4c9c-a833-a837b68f1658,2026-08-11 14:45:00+00:00,2372.51,5869.57,5531.66,5815.457018830286,5538.761439191942
e8fffaab-f310-4c9c-a833-a837b68f1658,2026-08-11 15:00:00+00:00,3443.14,2372.51,6990.09,3007.3910029877425,2698.90689432573
e8fffaab-f310-4c9c-a833-a837b68f1658,2026-08-11 15:15:00+00:00,3440.08,3443.14,5629.52,4636.754008468498,4355.130997627226
e8fffaab-f310-4c9c-a833-a837b68f1658,2026-08-11 15:30:00+00:00,3936.51,3440.08,6368.69,4389.542809008654,4127.827846296653
e8fffaab-f310-4c9c-a833-a837b68f1658,2026-08-11 15:45:00+00:00,6164.15,3936.51,6499.84,4852.87771156704,4612.626712678971
e8fffaab-f310-4c9c-a833-a837b68f1658,2026-08-11 16:00:00+00:00,3363.15,6164.15,3905.28,6612.9962692949375,6423.77373226063
e8fffaab-f310-4c9c-a833-a837b68f1658,2026-08-11 16:15:00+00:00,3852.37,3363.15,3200.58,3383.6396561684496,3232.523756145478
e8fffaab-f310-4c9c-a833-a837b68f1658,2026-08-11 16:30:00+00:00,3934.49,3852.37,4128.57,4428.294006992665,4282.134156652782
e8fffaab-f310-4c9c-a833-a837b68f1658,2026-08-11 16:45:00+00:00,4069.46,3934.49,4435.58,4479.621607464356,4327.427612886513
e8fffaab-f310-4c9c-a833-a837b68f1658,2026-08-11 17:00:00+00:00,3603.14,4069.46,4136.27,4485.617504979151,4374.632987736005
e8fffaab-f310-4c9c-a833-a837b68f1658,2026-08-11 17:15:00+00:00,3608.1,3603.14,3866.54,3964.8180999631777,3877.4269968960407
e8fffaab-f310-4c9c-a833-a837b68f1658,2026-08-11 17:30:00+00:00,4374.98,3608.1,4175.6,4090.2676756385126,4013.5046047934393
e8fffaab-f310-4c9c-a833-a837b68f1658,2026-08-11 17:45:00+00:00,4519.05,4374.98,4569.09,4841.9007436514885,4776.015687659651
e8fffaab-f310-4c9c-a833-a837b68f1658,2026-08-11 18:00:00+00:00,4369.5,4519.05,4020.11,4804.649784100231,4762.493194040404
e8fffaab-f310-4c9c-a833-a837b68f1658,2026-08-11 18:15:00+00:00,4521.15,4369.5,4620.66,4648.809746903074,4619.404859937655
e8fffaab-f310-4c9c-a833-a837b68f1658,2026-08-11 18:30:00+00:00,4629.89,4521.15,5053.8,4875.792838453084,4851.179986959177
e8fffaab-f310-4c9c-a833-a837b68f1658,2026-08-11 18:45:00+00:00,4436.32,4629.89,4887.66,4916.1479718253795,4914.613413383211
e8fffaab-f310-4c9c-a833-a837b68f1658,2026-08-11 19:00:00+00:00,4701.3,4436.32,5341.31,4747.825274022436,4758.44424420973
e8fffaab-f310-4c9c-a833-a837b68f1658,2026-08-11 19:15:00+00:00,5588.85,4701.3,5106.01,5070.5770716327515,5072.371927799063
e8fffaab-f310-4c9c-a833-a837b68f1658,2026-08-11 19:30:00+00:00,5460.15,5588.85,4914.3,5860.322840310569,5859.487647058336
e8fffaab-f310-4c9c-a833-a837b68f1658,2026-08-11 19:45:00+00:00,4891.59,5460.15,5095.96,5601.187056189709,5593.010399961092
e8fffaab-f310-4c9c-a833-a837b68f1658,2026-08-11 20:00:00+00:00,5315.35,4891.59,4951.53,5040.023587464891,5038.367565225859
e8fffaab-f310-4c9c-a833-a837b68f1658,2026-08-11 20:15:00+00:00,5455.32,5315.35,4620.73,5557.9479953129,5538.15589108122
e8fffaab-f310-4c9c-a833-a837b68f1658,2026-08-11 20:30:00+00:00,4402.4,5455.32,4734.06,5651.0717487217735,5610.651181739068
e8fffaab-f310-4c9c-a833-a837b68f1658,2026-08-11 20:45:00+00:00,4398.79,4402.4,4471.13,4544.67985845013,4507.380237667172
e8fffaab-f310-4c9c-a833-a837b68f1658,2026-08-11 21:00:00+00:00,4218.79,4398.79,4687.84,4749.099739152818,4698.635733736168
e8fffaab-f310-4c9c-a833-a837b68f1658,2026-08-11 21:15:00+00:00,4186.4,4218.79,4434.75,4584.365648440497,4522.495651921826
e8fffaab-f310-4c9c-a833-a837b68f1658,2026-08-11 21:30:00+00:00,4566.26,4186.4,4319.36,4574.603430779818,4509.952085087181
e8fffaab-f310-4c9c-a833-a837b68f1658,2026-08-11 21:45:00+00:00,5006.81,4566.26,5471.73,5010.407161980299,4924.026958406415
e8fffaab-f310-4c9c-a833-a837b68f1658,2026-08-11 22:00:00+00:00,4036.11,5006.81,4594.33,5353.716892131357,5264.7034678575465
e8fffaab-f310-4c9c-a833-a837b68f1658,2026-08-11 22:15:00+00:00,4035.65,4036.11,4304.24,4304.312320573008,4216.541818060885
e8fffaab-f310-4c9c-a833-a837b68f1658,2026-08-11 22:30:00+00:00,4029.21,4035.65,4723.84,4526.380923306557,4426.4426368877175
e8fffaab-f310-4c9c-a833-a837b68f1658,2026-08-11 22:45:00+00:00,4526.91,4029.21,4673.19,4585.839532076341,4471.373639409206
e8fffaab-f310-4c9c-a833-a837b68f1658,2026-08-11 23:00:00+00:00,5107.96,4526.91,4236.86,5032.287806338108,4925.81569304945
e8fffaab-f310-4c9c-a833-a837b68f1658,2026-08-11 23:15:00+00:00,4435.46,5107.96,4014.82,5514.36268604526,5412.268824300407
e8fffaab-f310-4c9c-a833-a837b68f1658,2026-08-11 23:30:00+00:00,5222.54,4435.46,4750.71,4802.590852466094,4702.323982459499
e8fffaab-f310-4c9c-a833-a837b68f1658,2026-08-11 23:45:00+00:00,4151.35,5222.54,3455.04,5654.073141932627,5572.080843968827
e8fffaab-f310-4c9c-a833-a837b68f1658,2026-08-12 00:00:00+00:00,4170.39,4151.35,3402.61,4394.056427978698,4359.354469606975
e8fffaab-f310-4c9c-a833-a837b68f1658,2026-08-12 00:15:00+00:00,4136.02,4170.39,4161.29,4643.485514447951,4614.625199121423
e8fffaab-f310-4c9c-a833-a837b68f1658,2026-08-12 00:30:00+00:00,3734.52,4136.02,3360.89,4624.817546337503,4603.357700094096
e8fffaab-f310-4c9c-a833-a837b68f1658,2026-08-12 00:45:00+00:00,3856.47,3734.52,3531.64,4224.774232652661,4223.2282377900665
e8fffaab-f310-4c9c-a833-a837b68f1658,2026-08-12 01:00:00+00:00,3256.41,3856.47,3423.49,4445.178034169111,4453.931139028293
e8fffaab-f310-4c9c-a833-a837b68f1658,2026-08-12 01:15:00+00:00,3390.01,3256.41,3929.92,3862.573006615965,3883.2023617909
e8fffaab-f310-4c9c-a833-a837b68f1658,2026-08-12 01:30:00+00:00,3447.88,3390.01,4447.14,4178.014230008389,4203.843005897994
e8fffaab-f310-4c9c-a833-a837b68f1658,2026-08-12 01:45:00+00:00,3571.61,3447.88,3901.5,4219.166074013452,4262.081353148041
e8fffaab-f310-4c9c-a833-a837b68f1658,2026-08-12 02:00:00+00:00,6200.38,3571.61,6545.62,4538.853408984203,4561.9608201516085
e8fffaab-f310-4c9c-a833-a837b68f1658,2026-08-12 02:15:00+00:00,6521.18,6200.38,6482.66,7133.480647351811,7158.501379598161
e8fffaab-f310-4c9c-a833-a837b68f1658,2026-08-12 02:30:00+00:00,6320.77,6521.18,6315.42,6989.316240498281,7027.331767382699
e8fffaab-f310-4c9c-a833-a837b68f1658,2026-08-12 02:45:00+00:00,7056.76,6320.77,6290.65,6721.806598908371,6786.495115283726
e8fffaab-f310-4c9c-a833-a837b68f1658,2026-08-12 03:00:00+00:00,6654.76,7056.76,6518.29,7645.497432416199,7696.551015132007
e8fffaab-f310-4c9c-a833-a837b68f1658,2026-08-12 03:15:00+00:00,6141.4,6654.76,5980.71,7076.628546856061,7160.149914252358
e8fffaab-f310-4c9c-a833-a837b68f1658,2026-08-12 03:30:00+00:00,6408.36,6141.4,6268.02,6674.107916312285,6782.901884321884
e8fffaab-f310-4c9c-a833-a837b68f1658,2026-08-12 03:45:00+00:00,6721.5,6408.36,5928.03,7041.908904597838,7173.8230810583245
e8fffaab-f310-4c9c-a833-a837b68f1658,2026-08-12 04:00:00+00:00,10563.97,6721.5,5882.38,7295.313950403433,7454.971203486952
e8fffaab-f310-4c9c-a833-a837b68f1658,2026-08-12 04:15:00+00:00,8824.32,10563.97,5793.99,11047.389340494143,11202.12127284178
e8fffaab-f310-4c9c-a833-a837b68f1658,2026-08-12 04:30:00+00:00,6933.0,8824.32,5237.05,8561.855244721872,8750.435450214534
e8fffaab-f310-4c9c-a833-a837b68f1658,2026-08-12 04:45:00+00:00,7232.05,6933.0,5225.49,7054.712113836838,7271.939116171907
e8fffaab-f310-4c9c-a833-a837b68f1658,2026-08-12 05:00:00+00:00,6568.43,7232.05,8674.78,8006.164581528028,8173.999009528037
e8fffaab-f310-4c9c-a833-a837b68f1658,2026-08-12 05:15:00+00:00,8487.47,6568.43,9068.45,7260.270343309716,7430.059690213715
e8fffaab-f310-4c9c-a833-a837b68f1658,2026-08-12 05:30:00+00:00,8936.92,8487.47,8321.91,9321.059414572657,9469.907787396942
e8fffaab-f310-4c9c-a833-a837b68f1658,2026-08-12 05:45:00+00:00,9179.42,8936.92,10060.67,9667.149644425916,9750.49701547479
e8fffaab-f310-4c9c-a833-a837b68f1658,2026-08-12 06:00:00+00:00,11319.33,9179.42,9257.98,9733.638170026097,9820.678193666829
e8fffaab-f310-4c9c-a833-a837b68f1658,2026-08-12 06:15:00+00:00,9045.47,11319.33,10228.38,11799.635140372891,11842.422014341944
e8fffaab-f310-4c9c-a833-a837b68f1658,2026-08-12 06:30:00+00:00,7880.69,9045.47,6304.79,9092.090461302354,9143.688724057569
e8fffaab-f310-4c9c-a833-a837b68f1658,2026-08-12 06:45:00+00:00,9579.86,7880.69,7347.61,8260.98641224878,8313.883133005622
e8fffaab-f310-4c9c-a833-a837b68f1658,2026-08-12 07:00:00+00:00,7601.15,9579.86,5612.46,10076.358167708808,10107.38903938257
e8fffaab-f310-4c9c-a833-a837b68f1658,2026-08-12 07:15:00+00:00,11586.48,7601.15,9676.83,8077.97116406119,8048.139879304712
e8fffaab-f310-4c9c-a833-a837b68f1658,2026-08-12 07:30:00+00:00,9866.0,11586.48,8442.43,12164.502727653275,12130.081983747268
e8fffaab-f310-4c9c-a833-a837b68f1658,2026-08-12 07:45:00+00:00,13596.77,9866.0,6894.68,9804.261391330856,9733.637959808884
e8fffaab-f310-4c9c-a833-a837b68f1658,2026-08-12 08:00:00+00:00,12659.41,13596.77,3876.23,13430.652075207709,13387.735598445315
e8fffaab-f310-4c9c-a833-a837b68f1658,2026-08-12 08:15:00+00:00,16838.84,12659.41,8928.31,12151.066017920944,11999.518708095335
e8fffaab-f310-4c9c-a833-a837b68f1658,2026-08-12 08:30:00+00:00,15342.51,16838.84,9481.81,16608.13413536352,16385.009998288762
e8fffaab-f310-4c9c-a833-a837b68f1658,2026-08-12 08:45:00+00:00,13367.16,15342.51,7711.28,14276.247964221031,14030.752411656842
e8fffaab-f310-4c9c-a833-a837b68f1658,2026-08-12 09:00:00+00:00,14636.29,13367.16,3377.11,12439.607617605507,12220.761969689895
e8fffaab-f310-4c9c-a833-a837b68f1658,2026-08-12 09:15:00+00:00,16565.9,14636.29,10269.14,14299.160328766604,13977.830003269031
e8fffaab-f310-4c9c-a833-a837b68f1658,2026-08-12 09:30:00+00:00,17644.51,16565.9,4151.05,15765.382648987354,15457.954141667042
e8fffaab-f310-4c9c-a833-a837b68f1658,2026-08-12 09:45:00+00:00,16551.6,17644.51,2261.79,16409.44071394698,16085.674116728822
e8fffaab-f310-4c9c-a833-a837b68f1658,2026-08-12 10:00:00+00:00,14309.45,16551.6,2407.3,15029.333849488752,14690.991253261926
e8fffaab-f310-4c9c-a833-a837b68f1658,2026-08-12 10:15:00+00:00,12763.3,14309.45,8348.79,13416.682232893554,12987.539853154198
e8fffaab-f310-4c9c-a833-a837b68f1658,2026-08-12 10:30:00+00:00,16220.61,12763.3,5371.39,12152.42547475464,11744.199525827966
e8fffaab-f310-4c9c-a833-a837b68f1658,2026-08-12 10:45:00+00:00,4472.26,16220.61,121.19,15370.881662684915,15015.402163707713
e8fffaab-f310-4c9c-a833-a837b68f1658,2026-08-12 11:00:00+00:00,16056.03,4472.26,5380.61,4834.692326659546,4245.259313590056
e8fffaab-f310-4c9c-a833-a837b68f1658,2026-08-12 11:15:00+00:00,6245.16,16056.03,6427.96,19302.739381009473,18516.77702628857
e8fffaab-f310-4c9c-a833-a837b68f1658,2026-08-12 11:30:00+00:00,8320.34,6245.16,5217.31,6138.702092240904,5578.260434957975
e8fffaab-f310-4c9c-a833-a837b68f1658,2026-08-12 11:45:00+00:00,1318.61,8320.34,2780.34,8753.560717119777,8426.907618983763
e8fffaab-f310-4c9c-a833-a837b68f1658,2026-08-12 12:00:00+00:00,5007.3,1318.61,7689.73,1982.1639737728447,1537.6487813819203
e8fffaab-f310-4c9c-a833-a837b68f1658,2026-08-12 12:15:00+00:00,11480.42,5007.3,4521.18,6348.483686713749,6036.600842639007
e8fffaab-f310-4c9c-a833-a837b68f1658,2026-08-12 12:30:00+00:00,4457.95,11480.42,7297.02,12290.423771350708,11885.809727623564
e8fffaab-f310-4c9c-a833-a837b68f1658,2026-08-12 12:45:00+00:00,10651.52,4457.95,9828.55,4110.318317974464,3767.8238554868603
e8fffaab-f310-4c9c-a833-a837b68f1658,2026-08-12 13:00:00+00:00,10417.92,10651.52,512.99,11219.931311227505,10916.752385308975
e8fffaab-f310-4c9c-a833-a837b68f1658,2026-08-12 13:15:00+00:00,17683.41,10417.92,3485.77,10090.828291967711,9702.104141306392
e8fffaab-f310-4c9c-a833-a837b68f1658,2026-08-12 13:30:00+00:00,21491.95,17683.41,5844.88,17189.111182536137,16786.174967130017
e8fffaab-f310-4c9c-a833-a837b68f1658,2026-08-12 13:45:00+00:00,20999.32,21491.95,4634.86,19612.22323437731,19144.457420284984
e8fffaab-f310-4c9c-a833-a837b68f1658,2026-08-12 14:00:00+00:00,19401.93,20999.32,8519.31,18827.976303148975,18272.425567896273
e8fffaab-f310-4c9c-a833-a837b68f1658,2026-08-12 14:15:00+00:00,22042.13,19401.93,8068.97,17308.97545905964,16744.76786934006
e8fffaab-f310-4c9c-a833-a837b68f1658,2026-08-12 14:30:00+00:00,19326.84,22042.13,5869.57,20175.427203657644,19594.836537427655
e8fffaab-f310-4c9c-a833-a837b68f1658,2026-08-12 14:45:00+00:00,17557.52,19326.84,2372.51,16643.823738867264,16141.76678329418
e8fffaab-f310-4c9c-a833-a837b68f1658,2026-08-12 15:00:00+00:00,19383.25,17557.52,3443.14,15299.429702019646,14828.213119192624
e8fffaab-f310-4c9c-a833-a837b68f1658,2026-08-12 15:15:00+00:00,5509.0,19383.25,3440.08,17645.160258654105,17126.517573795456
e8fffaab-f310-4c9c-a833-a837b68f1658,2026-08-12 15:30:00+00:00,6023.23,5509.0,3936.51,3571.7271344742803,3153.4785983676193
e8fffaab-f310-4c9c-a833-a837b68f1658,2026-08-12 15:45:00+00:00,7964.95,6023.23,6164.15,6724.6305040038,6318.793016514639
e8fffaab-f310-4c9c-a833-a837b68f1658,2026-08-12 16:00:00+00:00,6206.93,7964.95,3363.15,8296.773211949738,7920.594038424919
e8fffaab-f310-4c9c-a833-a837b68f1658,2026-08-12 16:15:00+00:00,5342.36,6206.93,3852.37,5668.428415863929,5441.571023025216
e8fffaab-f310-4c9c-a833-a837b68f1658,2026-08-12 16:30:00+00:00,4293.67,5342.36,3934.49,5227.947303544557,5003.02209725755
e8fffaab-f310-4c9c-a833-a837b68f1658,2026-08-12 16:45:00+00:00,4769.36,4293.67,4069.46,4493.911300769171,4256.4029703713795
e8fffaab-f310-4c9c-a833-a837b68f1658,2026-08-12 17:00:00+00:00,4897.53,4769.36,3603.14,5059.149745899424,4852.489873258658
e8fffaab-f310-4c9c-a833-a837b68f1658,2026-08-12 17:15:00+00:00,4037.69,4897.53,3608.1,5052.847208077149,4880.790987156706
e8fffaab-f310-4c9c-a833-a837b68f1658,2026-08-12 17:30:00+00:00,4783.7,4037.69,4374.98,4186.633577322752,4046.4041157703105
e8fffaab-f310-4c9c-a833-a837b68f1658,2026-08-12 17:45:00+00:00,4956.5,4783.7,4519.05,5093.890328025145,4973.012520994946
e8fffaab-f310-4c9c-a833-a837b68f1658,2026-08-12 18:00:00+00:00,4836.42,4956.5,4369.5,5097.008748288129,5004.949935689779
e8fffaab-f310-4c9c-a833-a837b68f1658,2026-08-12 18:15:00+00:00,4596.93,4836.42,4521.15,4938.203509087208,4868.6173203138815
e8fffaab-f310-4c9c-a833-a837b68f1658,2026-08-12 18:30:00+00:00,4619.44,4596.93,4629.89,4734.83331932391,4680.8916264047175
e8fffaab-f310-4c9c-a833-a837b68f1658,2026-08-12 18:45:00+00:00,4683.63,4619.44,4436.32,4776.630151981011,4746.109266293135
e8fffaab-f310-4c9c-a833-a837b68f1658,2026-08-12 19:00:00+00:00,5104.03,4683.63,4701.3,4836.823862489807,4825.414077600074
e8fffaab-f310-4c9c-a833-a837b68f1658,2026-08-12 19:15:00+00:00,5437.62,5104.03,5588.85,5294.260456556277,5255.96092099695
e8fffaab-f310-4c9c-a833-a837b68f1658,2026-08-12 19:30:00+00:00,5496.05,5437.62,5460.15,5545.597955602526,5491.856208974404
e8fffaab-f310-4c9c-a833-a837b68f1658,2026-08-12 19:45:00+00:00,5913.13,5496.05,4891.59,5513.390798170504,5452.685081660086
e8fffaab-f310-4c9c-a833-a837b68f1658,2026-08-12 20:00:00+00:00,5374.77,5913.13,5315.35,5946.7302069933885,5864.827954427247
e8fffaab-f310-4c9c-a833-a837b68f1658,2026-08-12 20:15:00+00:00,4990.73,5374.77,5455.32,5401.7458178157995,5295.315704564222
e8fffaab-f310-4c9c-a833-a837b68f1658,2026-08-12 20:30:00+00:00,5022.2,4990.73,4402.4,5048.429929505616,4945.708836460081
e8fffaab-f310-4c9c-a833-a837b68f1658,2026-08-12 20:45:00+00:00,4959.52,5022.2,4398.79,5165.289698610711,5046.582469913316
e8fffaab-f310-4c9c-a833-a837b68f1658,2026-08-12 21:00:00+00:00,4659.11,4959.52,4218.79,5098.665490543551,4971.403075532124
e8fffaab-f310-4c9c-a833-a837b68f1658,2026-08-12 21:15:00+00:00,4604.22,4659.11,4186.4,4775.972108246004,4649.0882642526385
e8fffaab-f310-4c9c-a833-a837b68f1658,2026-08-12 21:30:00+00:00,4736.49,4604.22,4566.26,4830.634052472288,4687.686048767486
e8fffaab-f310-4c9c-a833-a837b68f1658,2026-08-12 21:45:00+00:00,4831.03,4736.49,5006.81,4987.936452594235,4834.947085726114
e8fffaab-f310-4c9c-a833-a837b68f1658,2026-08-12 22:00:00+00:00,4577.28,4831.03,4036.11,5000.914665846069,4855.853394690615
e8fffaab-f310-4c9c-a833-a837b68f1658,2026-08-12 22:15:00+00:00,4421.64,4577.28,4035.65,4739.774761171538,4592.6019343749085
e8fffaab-f310-4c9c-a833-a837b68f1658,2026-08-12 22:30:00+00:00,5327.88,4421.64,4029.21,4651.009823920837,4501.190603672672
e8fffaab-f310-4c9c-a833-a837b68f1658,2026-08-12 22:45:00+00:00,4771.38,5327.88,4526.91,5624.072362124208,5460.344339784257
e8fffaab-f310-4c9c-a833-a837b68f1658,2026-08-12 23:00:00+00:00,5009.09,4771.38,5107.96,4951.14083820417,4784.368786037707
e8fffaab-f310-4c9c-a833-a837b68f1658,2026-08-12 23:15:00+00:00,4919.66,5009.09,4435.46,5264.495827630336,5111.303262964067
e8fffaab-f310-4c9c-a833-a837b68f1658,2026-08-12 23:30:00+00:00,4971.73,4919.66,5222.54,5209.988589077187,5048.702388457206
e8fffaab-f310-4c9c-a833-a837b68f1658,2026-08-12 23:45:00+00:00,4761.34,4971.73,4151.35,5261.739239626413,5119.367085413319
e8fffaab-f310-4c9c-a833-a837b68f1658,2026-08-13 00:00:00+00:00,4113.44,4761.34,4170.39,5043.73804591114,4926.81592816574
e8fffaab-f310-4c9c-a833-a837b68f1658,2026-08-13 00:15:00+00:00,4210.75,4113.44,4136.02,4441.664113953438,4339.312869773418
e8fffaab-f310-4c9c-a833-a837b68f1658,2026-08-13 00:30:00+00:00,4095.99,4210.75,3734.52,4672.375321664071,4580.562124448429
e8fffaab-f310-4c9c-a833-a837b68f1658,2026-08-13 00:45:00+00:00,4098.62,4095.99,3856.47,4584.694742605491,4499.992381394355
e8fffaab-f310-4c9c-a833-a837b68f1658,2026-08-13 01:00:00+00:00,3861.83,4098.62,3256.41,4551.668128127811,4494.939393076889
e8fffaab-f310-4c9c-a833-a837b68f1658,2026-08-13 01:15:00+00:00,3934.3,3861.83,3390.01,4336.259096776946,4295.473081806798
e8fffaab-f310-4c9c-a833-a837b68f1658,2026-08-13 01:30:00+00:00,4619.29,3934.3,3447.88,4474.760806679932,4450.315730106518
e8fffaab-f310-4c9c-a833-a837b68f1658,2026-08-13 01:45:00+00:00,4136.89,4619.29,3571.61,5179.078687395993,5164.621623311629
e8fffaab-f310-4c9c-a833-a837b68f1658,2026-08-13 02:00:00+00:00,7291.94,4136.89,6200.38,4795.446939457645,4764.150937609608
e8fffaab-f310-4c9c-a833-a837b68f1658,2026-08-13 02:15:00+00:00,6947.19,7291.94,6521.18,8018.355023346889,7986.364758943009
e8fffaab-f310-4c9c-a833-a837b68f1658,2026-08-13 02:30:00+00:00,6045.98,6947.19,6320.77,7115.392726794325,7097.980289176006
e8fffaab-f310-4c9c-a833-a837b68f1658,2026-08-13 02:45:00+00:00,5938.45,6045.98,7056.76,6297.466330306046,6309.278142061241
e8fffaab-f310-4c9c-a833-a837b68f1658,2026-08-13 03:00:00+00:00,6581.29,5938.45,6654.76,6470.0755255827335,6482.178575578137
e8fffaab-f310-4c9c-a833-a837b68f1658,2026-08-13 03:15:00+00:00,6634.06,6581.29,6141.4,7134.352924873196,7171.249508196224
e8fffaab-f310-4c9c-a833-a837b68f1658,2026-08-13 03:30:00+00:00,6589.85,6634.06,6408.36,7175.869757523627,7224.9322486240535
e8fffaab-f310-4c9c-a833-a837b68f1658,2026-08-13 03:45:00+00:00,6028.17,6589.85,6721.5,7090.390711020207,7173.225010268177
e8fffaab-f310-4c9c-a833-a837b68f1658,2026-08-13 04:00:00+00:00,5952.05,6028.17,10563.97,6671.704856941996,6754.302036539302
e8fffaab-f310-4c9c-a833-a837b68f1658,2026-08-13 04:15:00+00:00,6002.74,5952.05,8824.32,6723.59287000999,6829.527023540913
e8fffaab-f310-4c9c-a833-a837b68f1658,2026-08-13 04:30:00+00:00,8146.0,6002.74,6933.0,6671.474174315721,6822.227190974006
e8fffaab-f310-4c9c-a833-a837b68f1658,2026-08-13 04:45:00+00:00,7021.29,8146.0,7232.05,8733.393203473535,8900.26869587451
e8fffaab-f310-4c9c-a833-a837b68f1658,2026-08-13 05:00:00+00:00,7086.31,7021.29,6568.43,7195.999333880925,7394.456754497708
e8fffaab-f310-4c9c-a833-a837b68f1658,2026-08-13 05:15:00+00:00,7650.24,7086.31,8487.47,7644.067485259297,7795.503482149294
e8fffaab-f310-4c9c-a833-a837b68f1658,2026-08-13 05:30:00+00:00,16065.28,7650.24,8936.92,8255.255893955928,8368.293074010986
e8fffaab-f310-4c9c-a833-a837b68f1658,2026-08-13 05:45:00+00:00,18598.13,16065.28,9179.42,16430.708874481912,16482.641871910324
e8fffaab-f310-4c9c-a833-a837b68f1658,2026-08-13 06:00:00+00:00,17758.91,18598.13,11319.33,17535.89642394889,17508.887721056777
e8fffaab-f310-4c9c-a833-a837b68f1658,2026-08-13 06:15:00+00:00,16577.63,17758.91,9045.47,16113.475993920903,16088.007277243636
e8fffaab-f310-4c9c-a833-a837b68f1658,2026-08-13 06:30:00+00:00,13457.82,16577.63,7880.69,15332.032439705898,15228.708013242956
e8fffaab-f310-4c9c-a833-a837b68f1658,2026-08-13 06:45:00+00:00,18289.8,13457.82,9579.86,12406.564816450344,12296.41968502591
e8fffaab-f310-4c9c-a833-a837b68f1658,2026-08-13 07:00:00+00:00,16238.84,18289.8,7601.15,17758.617883393927,17606.99558808685
e8fffaab-f310-4c9c-a833-a837b68f1658,2026-08-13 07:15:00+00:00,16640.42,16238.84,11586.48,15122.45924704559,14897.804394343482
e8fffaab-f310-4c9c-a833-a837b68f1658,2026-08-13 07:30:00+00:00,17911.55,16640.42,9866.0,15576.716832227212,15394.177100342402
e8fffaab-f310-4c9c-a833-a837b68f1658,2026-08-13 07:45:00+00:00,15159.24,17911.55,13596.77,17052.566383916903,16759.68459184987
e8fffaab-f310-4c9c-a833-a837b68f1658,2026-08-13 08:00:00+00:00,7654.75,15159.24,12659.41,14069.549459285992,13778.04511195689
e8fffaab-f310-4c9c-a833-a837b68f1658,2026-08-13 08:15:00+00:00,6909.42,7654.75,16838.84,7425.527633048139,7108.093784838014
e8fffaab-f310-4c9c-a833-a837b68f1658,2026-08-13 08:30:00+00:00,10044.03,6909.42,15342.51,8078.430221164932,7754.006718227817
e8fffaab-f310-4c9c-a833-a837b68f1658,2026-08-13 08:45:00+00:00,13462.73,10044.03,13367.16,10801.062041638565,10527.774659015693
e8fffaab-f310-4c9c-a833-a837b68f1658,2026-08-13 09:00:00+00:00,6111.94,13462.73,14636.29,13631.366015008221,13320.569299088229
e8fffaab-f310-4c9c-a833-a837b68f1658,2026-08-13 09:15:00+00:00,6673.33,6111.94,16565.9,5740.313907225402,5444.674827742769
e8fffaab-f310-4c9c-a833-a837b68f1658,2026-08-13 09:30:00+00:00,11403.92,6673.33,17644.51,7805.328612191415,7458.481777842568
e8fffaab-f310-4c9c-a833-a837b68f1658,2026-08-13 09:45:00+00:00,9089.84,11403.92,16551.6,12401.717837066773,11985.758700671751
e8fffaab-f310-4c9c-a833-a837b68f1658,2026-08-13 10:00:00+00:00,10892.73,9089.84,14309.45,9051.164848246264,8677.111628951101
e8fffaab-f310-4c9c-a833-a837b68f1658,2026-08-13 10:15:00+00:00,4329.54,10892.73,12763.3,11122.577157028025,10749.185227002723
e8fffaab-f310-4c9c-a833-a837b68f1658,2026-08-13 10:30:00+00:00,5342.0,4329.54,16220.61,4623.3756206085945,4192.8368405786405
e8fffaab-f310-4c9c-a833-a837b68f1658,2026-08-13 10:45:00+00:00,9427.92,5342.0,4472.26,6309.704369377392,5990.352061863791
e8fffaab-f310-4c9c-a833-a837b68f1658,2026-08-13 11:00:00+00:00,3798.88,9427.92,16056.03,10661.846967546438,10173.672524817894
e8fffaab-f310-4c9c-a833-a837b68f1658,2026-08-13 11:15:00+00:00,10051.71,3798.88,6245.16,3883.280874222378,3528.6927180439907
e8fffaab-f310-4c9c-a833-a837b68f1658,2026-08-13 11:30:00+00:00,4570.94,10051.71,8320.34,11174.51806297916,10748.775761770443
e8fffaab-f310-4c9c-a833-a837b68f1658,2026-08-13 11:45:00+00:00,3984.77,4570.94,1318.61,4096.018483296991,3756.0444398036825
e8fffaab-f310-4c9c-a833-a837b68f1658,2026-08-13 12:00:00+00:00,9748.56,3984.77,5007.3,4280.191622551027,3978.3634061825087
e8fffaab-f310-4c9c-a833-a837b68f1658,2026-08-13 12:15:00+00:00,5171.7,9748.56,11480.42,10625.355564307098,10154.836237771753
e8fffaab-f310-4c9c-a833-a837b68f1658,2026-08-13 12:30:00+00:00,10756.86,5171.7,4457.95,4814.642432988354,4428.945887344368
e8fffaab-f310-4c9c-a833-a837b68f1658,2026-08-13 12:45:00+00:00,14003.55,10756.86,10651.52,11440.580495116576,10960.726360897172
e8fffaab-f310-4c9c-a833-a837b68f1658,2026-08-13 13:00:00+00:00,10150.42,14003.55,10417.92,13607.693383860587,13066.155399220956
e8fffaab-f310-4c9c-a833-a837b68f1658,2026-08-13 13:15:00+00:00,11631.61,10150.42,17683.41,9182.771891124645,8654.326969260308
e8fffaab-f310-4c9c-a833-a837b68f1658,2026-08-13 13:30:00+00:00,12042.37,11631.61,21491.95,11897.140151690122,11245.6361974059
e8fffaab-f310-4c9c-a833-a837b68f1658,2026-08-13 13:45:00+00:00,14738.18,12042.37,20999.32,12045.608580248543,11369.422050202647
e8fffaab-f310-4c9c-a833-a837b68f1658,2026-08-13 14:00:00+00:00,13430.43,14738.18,19401.93,14380.647811251052,13736.848817223565
e8fffaab-f310-4c9c-a833-a837b68f1658,2026-08-13 14:15:00+00:00,14044.46,13430.43,22042.13,12692.895626675905,12022.59848855529
e8fffaab-f310-4c9c-a833-a837b68f1658,2026-08-13 14:30:00+00:00,15465.17,14044.46,19326.84,13413.285616692603,12766.22191190677
e8fffaab-f310-4c9c-a833-a837b68f1658,2026-08-13 14:45:00+00:00,10378.89,15465.17,17557.52,14693.91830672574,14030.58666754765
e8fffaab-f310-4c9c-a833-a837b68f1658,2026-08-13 15:00:00+00:00,8337.92,10378.89,19383.25,9528.650730253828,8870.79648612847
e8fffaab-f310-4c9c-a833-a837b68f1658,2026-08-13 15:15:00+00:00,7208.8,8337.92,5509.0,7742.392049135151,7260.4881321391695
e8fffaab-f310-4c9c-a833-a837b68f1658,2026-08-13 15:30:00+00:00,6136.76,7208.8,6023.23,7143.094273339698,6646.495697298409
e8fffaab-f310-4c9c-a833-a837b68f1658,2026-08-13 15:45:00+00:00,8967.71,6136.76,7964.95,6214.55750698074,5753.790018290836
e8fffaab-f310-4c9c-a833-a837b68f1658,2026-08-13 16:00:00+00:00,6198.71,8967.71,6206.93,8949.489777824481,8527.551177085294
e8fffaab-f310-4c9c-a833-a837b68f1658,2026-08-13 16:15:00+00:00,5040.81,6198.71,5342.36,5564.862295877494,5189.460507800814
e8fffaab-f310-4c9c-a833-a837b68f1658,2026-08-13 16:30:00+00:00,5769.66,5040.81,4293.67,4893.097846773722,4550.8895749476715
e8fffaab-f310-4c9c-a833-a837b68f1658,2026-08-13 16:45:00+00:00,5587.3,5769.66,4769.36,5882.131773482523,5524.551232377899
e8fffaab-f310-4c9c-a833-a837b68f1658,2026-08-13 17:00:00+00:00,4787.47,5587.3,4897.53,5459.793751942863,5135.51679892806
e8fffaab-f310-4c9c-a833-a837b68f1658,2026-08-13 17:15:00+00:00,5474.85,4787.47,4037.69,4683.925020076462,4389.71197819566
e8fffaab-f310-4c9c-a833-a837b68f1658,2026-08-13 17:30:00+00:00,5248.27,5474.85,4783.7,5535.5517621180015,5244.835248527485
e8fffaab-f310-4c9c-a833-a837b68f1658,2026-08-13 17:45:00+00:00,4916.61,5248.27,4956.5,5221.082786297499,4940.108739073489
e8fffaab-f310-4c9c-a833-a837b68f1658,2026-08-13 18:00:00+00:00,5216.38,4916.61,4836.42,4881.605299192792,4630.316537561864
e8fffaab-f310-4c9c-a833-a837b68f1658,2026-08-13 18:15:00+00:00,7464.84,5216.38,4596.93,5255.082115525405,5021.6095385866965
e8fffaab-f310-4c9c-a833-a837b68f1658,2026-08-13 18:30:00+00:00,5357.52,7464.84,4619.44,7419.234211864932,7195.925551110729
e8fffaab-f310-4c9c-a833-a837b68f1658,2026-08-13 18:45:00+00:00,5190.94,5357.52,4683.63,4977.427262447497,4780.028156004587
e8fffaab-f310-4c9c-a833-a837b68f1658,2026-08-13 19:00:00+00:00,5662.06,5190.94,5104.03,5249.219310924376,5072.481217123412
e8fffaab-f310-4c9c-a833-a837b68f1658,2026-08-13 19:15:00+00:00,6208.35,5662.06,5437.62,5810.170367022472,5607.756841547844
e8fffaab-f310-4c9c-a833-a837b68f1658,2026-08-13 19:30:00+00:00,5658.47,6208.35,5496.05,6188.917349271598,5998.372328653864
e8fffaab-f310-4c9c-a833-a837b68f1658,2026-08-13 19:45:00+00:00,5802.89,5658.47,5913.13,5545.3424677412,5354.806137596383
e8fffaab-f310-4c9c-a833-a837b68f1658,2026-08-13 20:00:00+00:00,6092.29,5802.89,5374.77,5760.647693205951,5574.115280391716
e8fffaab-f310-4c9c-a833-a837b68f1658,2026-08-13 20:15:00+00:00,5910.13,6092.29,4990.73,6033.602296450687,5829.810745969928
e8fffaab-f310-4c9c-a833-a837b68f1658,2026-08-13 20:30:00+00:00,5510.94,5910.13,5022.2,5788.746601740064,5578.446812018067
e8fffaab-f310-4c9c-a833-a837b68f1658,2026-08-13 20:45:00+00:00,5933.56,5510.94,4959.52,5461.567305341624,5239.162100515118
e8fffaab-f310-4c9c-a833-a837b68f1658,2026-08-13 21:00:00+00:00,5284.13,5933.56,4659.11,5908.136933660917,5682.843205187929
e8fffaab-f310-4c9c-a833-a837b68f1658,2026-08-13 21:15:00+00:00,5087.52,5284.13,4604.22,5222.715273406579,4990.488199222809
e8fffaab-f310-4c9c-a833-a837b68f1658,2026-08-13 21:30:00+00:00,5291.98,5087.52,4736.49,5166.155630829412,4930.627148410822
e8fffaab-f310-4c9c-a833-a837b68f1658,2026-08-13 21:45:00+00:00,5155.63,5291.98,4831.03,5415.906803454884,5173.532764207833
e8fffaab-f310-4c9c-a833-a837b68f1658,2026-08-13 22:00:00+00:00,5022.37,5155.63,4577.28,5214.788622133504,4979.887164939833
e8fffaab-f310-4c9c-a833-a837b68f1658,2026-08-13 22:15:00+00:00,4811.31,5022.37,4421.64,5121.99797090914,4885.922377275175
e8fffaab-f310-4c9c-a833-a837b68f1658,2026-08-13 22:30:00+00:00,5039.34,4811.31,5327.88,4993.82984166451,4747.744868583245
e8fffaab-f310-4c9c-a833-a837b68f1658,2026-08-13 22:45:00+00:00,4954.77,5039.34,4771.38,5228.819325946296,4990.782975914168
e8fffaab-f310-4c9c-a833-a837b68f1658,2026-08-13 23:00:00+00:00,4754.47,4954.77,5009.09,5116.816248365149,4880.7554039006545
e8fffaab-f310-4c9c-a833-a837b68f1658,2026-08-13 23:15:00+00:00,4788.71,4754.47,4919.66,4916.351928123324,4693.552638689339
e8fffaab-f310-4c9c-a833-a837b68f1658,2026-08-13 23:30:00+00:00,5002.86,4788.71,4971.73,5031.303451449057,4810.554290955856
e8fffaab-f310-4c9c-a833-a837b68f1658,2026-08-13 23:45:00+00:00,5731.62,5002.86,4761.34,5232.5132116917575,5023.555885880026
e8fffaab-f310-4c9c-a833-a837b68f1658,2026-08-14 00:00:00+00:00,4915.75,5731.62,4113.44,5944.598708154879,5735.289415224395
e8fffaab-f310-4c9c-a833-a837b68f1658,2026-08-14 00:15:00+00:00,4934.37,4915.75,4210.75,5019.30819890234,4819.48310914091
e8fffaab-f310-4c9c-a833-a837b68f1658,2026-08-14 00:30:00+00:00,5548.76,4934.37,4095.99,5212.0641075344665,5019.807357128036
e8fffaab-f310-4c9c-a833-a837b68f1658,2026-08-14 00:45:00+00:00,4686.45,5548.76,4098.62,5864.418899338972,5669.986486932715
e8fffaab-f310-4c9c-a833-a837b68f1658,2026-08-14 01:00:00+00:00,4417.23,4686.45,3861.83,4927.311690206999,4750.093314725629
e8fffaab-f310-4c9c-a833-a837b68f1658,2026-08-14 01:15:00+00:00,4403.35,4417.23,3934.3,4830.659412227539,4672.727218219864
e8fffaab-f310-4c9c-a833-a837b68f1658,2026-08-14 01:30:00+00:00,4656.55,4403.35,4619.29,4938.523136948175,4785.085093749751
e8fffaab-f310-4c9c-a833-a837b68f1658,2026-08-14 01:45:00+00:00,4795.01,4656.55,4136.89,5203.973992338891,5072.3633646306325
e8fffaab-f310-4c9c-a833-a837b68f1658,2026-08-14 02:00:00+00:00,7217.87,4795.01,7291.94,5561.055168040886,5400.2236051786695
e8fffaab-f310-4c9c-a833-a837b68f1658,2026-08-14 02:15:00+00:00,6840.85,7217.87,6947.19,7885.772381751018,7741.573448445135
e8fffaab-f310-4c9c-a833-a837b68f1658,2026-08-14 02:30:00+00:00,6913.06,6840.85,6045.98,7037.607116121729,6922.965299835223
e8fffaab-f310-4c9c-a833-a837b68f1658,2026-08-14 02:45:00+00:00,6640.19,6913.06,5938.45,7227.068241210814,7131.677640316837
e8fffaab-f310-4c9c-a833-a837b68f1658,2026-08-14 03:00:00+00:00,7052.64,6640.19,6581.29,7083.135650879727,6984.807050868465
e8fffaab-f310-4c9c-a833-a837b68f1658,2026-08-14 03:15:00+00:00,7698.25,7052.64,6634.06,7544.506982078265,7473.468180666914
e8fffaab-f310-4c9c-a833-a837b68f1658,2026-08-14 03:30:00+00:00,7385.0,7698.25,6589.85,8123.594674083736,8074.419777025845
e8fffaab-f310-4c9c-a833-a837b68f1658,2026-08-14 03:45:00+00:00,6985.71,7385.0,6028.17,7659.951805600741,7650.0377015511
e8fffaab-f310-4c9c-a833-a837b68f1658,2026-08-14 04:00:00+00:00,7347.11,6985.71,5952.05,7333.0404281062465,7354.5082515482645
e8fffaab-f310-4c9c-a833-a837b68f1658,2026-08-14 04:15:00+00:00,6998.13,7347.11,6002.74,7830.9544176825,7857.177779442018
e8fffaab-f310-4c9c-a833-a837b68f1658,2026-08-14 04:30:00+00:00,6081.98,6998.13,8146.0,7524.690925056853,7550.533743814816
e8fffaab-f310-4c9c-a833-a837b68f1658,2026-08-14 04:45:00+00:00,9071.77,6081.98,7021.29,6656.708782118415,6718.075570468767
e8fffaab-f310-4c9c-a833-a837b68f1658,2026-08-14 05:00:00+00:00,8062.84,9071.77,7086.31,9853.840897111782,9905.122389463028
e8fffaab-f310-4c9c-a833-a837b68f1658,2026-08-14 05:15:00+00:00,11626.86,8062.84,7650.24,8468.867870257307,8479.49929894628
e8fffaab-f310-4c9c-a833-a837b68f1658,2026-08-14 05:30:00+00:00,10026.17,11626.86,16065.28,12377.18480167636,12299.245270271536
e8fffaab-f310-4c9c-a833-a837b68f1658,2026-08-14 05:45:00+00:00,10718.92,10026.17,18598.13,10321.575749651367,10184.583279807526
e8fffaab-f310-4c9c-a833-a837b68f1658,2026-08-14 06:00:00+00:00,10943.54,10718.92,17758.91,11299.515800618887,11151.88161978846
e8fffaab-f310-4c9c-a833-a837b68f1658,2026-08-14 06:15:00+00:00,10744.4,10943.54,16577.63,11311.461113809206,11137.88397089421
e8fffaab-f310-4c9c-a833-a837b68f1658,2026-08-14 06:30:00+00:00,12277.52,10744.4,13457.82,10933.272361562445,10770.02570419678
e8fffaab-f310-4c9c-a833-a837b68f1658,2026-08-14 06:45:00+00:00,11000.54,12277.52,18289.8,12727.92909716507,12472.603145150028
e8fffaab-f310-4c9c-a833-a837b68f1658,2026-08-14 07:00:00+00:00,11923.83,11000.54,16238.84,11082.519459864212,10824.632353478857
e8fffaab-f310-4c9c-a833-a837b68f1658,2026-08-14 07:15:00+00:00,13841.57,11923.83,16640.42,12279.654482832455,11988.136759518895
e8fffaab-f310-4c9c-a833-a837b68f1658,2026-08-14 07:30:00+00:00,13641.95,13841.57,17911.55,14004.069443630073,13666.437556697234
e8fffaab-f310-4c9c-a833-a837b68f1658,2026-08-14 07:45:00+00:00,10782.61,13641.95,15159.24,13485.035380158364,13128.395570137334
e8fffaab-f310-4c9c-a833-a837b68f1658,2026-08-14 08:00:00+00:00,46628.81,10782.61,7654.75,10179.719491455366,9916.181172649958
e8fffaab-f310-4c9c-a833-a837b68f1658,2026-08-14 08:15:00+00:00,66230.69,46628.81,6909.42,46225.219550311,45698.18442480617
e8fffaab-f310-4c9c-a833-a837b68f1658,2026-08-14 08:30:00+00:00,65836.94,66230.69,10044.03,58999.88811298864,58245.26839665492
e8fffaab-f310-4c9c-a833-a837b68f1658,2026-08-14 08:45:00+00:00,68305.66,65836.94,13462.73,54938.88307238431,54134.02981108993
e8fffaab-f310-4c9c-a833-a837b68f1658,2026-08-14 09:00:00+00:00,51970.3,68305.66,6111.94,57934.35319999514,56905.73086829629
e8fffaab-f310-4c9c-a833-a837b68f1658,2026-08-14 09:15:00+00:00,19651.71,51970.3,6673.33,41781.39349615891,40687.13089785396
e8fffaab-f310-4c9c-a833-a837b68f1658,2026-08-14 09:30:00+00:00,16733.76,19651.71,11403.92,13189.280302938354,12243.23866842068
e8fffaab-f310-4c9c-a833-a837b68f1658,2026-08-14 09:45:00+00:00,16453.4,16733.76,9089.84,16415.443392397283,15498.789688476685
e8fffaab-f310-4c9c-a833-a837b68f1658,2026-08-14 10:00:00+00:00,11445.05,16453.4,10892.73,16263.655776926,15444.840286800165
e8fffaab-f310-4c9c-a833-a837b68f1658,2026-08-14 10:15:00+00:00,4968.36,11445.05,4329.54,10137.076612819708,9661.904994066737
e8fffaab-f310-4c9c-a833-a837b68f1658,2026-08-14 10:30:00+00:00,9067.38,4968.36,5342.0,4756.865018001944,4305.961645080928
e8fffaab-f310-4c9c-a833-a837b68f1658,2026-08-14 10:45:00+00:00,5119.31,9067.38,9427.92,10042.90879685516,9540.345379318002
e8fffaab-f310-4c9c-a833-a837b68f1658,2026-08-14 11:00:00+00:00,6860.86,5119.31,3798.88,5237.342993386443,4786.853377370693
e8fffaab-f310-4c9c-a833-a837b68f1658,2026-08-14 11:15:00+00:00,5578.78,6860.86,10051.71,7963.599864014713,7450.584810189017
e8fffaab-f310-4c9c-a833-a837b68f1658,2026-08-14 11:30:00+00:00,11957.82,5578.78,4570.94,6021.44609946191,5547.739646183681
e8fffaab-f310-4c9c-a833-a837b68f1658,2026-08-14 11:45:00+00:00,11035.11,11957.82,3984.77,12584.460764907642,12060.625633311076
e8fffaab-f310-4c9c-a833-a837b68f1658,2026-08-14 12:00:00+00:00,13546.11,11035.11,9748.56,10695.346194466158,10084.590805226318
e8fffaab-f310-4c9c-a833-a837b68f1658,2026-08-14 12:15:00+00:00,14320.53,13546.11,5171.7,13113.634063208132,12538.700376711015
e8fffaab-f310-4c9c-a833-a837b68f1658,2026-08-14 12:30:00+00:00,14235.29,14320.53,10756.86,13836.911535515208,13140.454565525672
e8fffaab-f310-4c9c-a833-a837b68f1658,2026-08-14 12:45:00+00:00,14670.59,14235.29,14003.55,13668.469976443357,12947.6083704706
e8fffaab-f310-4c9c-a833-a837b68f1658,2026-08-14 13:00:00+00:00,10340.72,14670.59,10150.42,13992.190111064665,13280.308464722646
e8fffaab-f310-4c9c-a833-a837b68f1658,2026-08-14 13:15:00+00:00,13137.35,10340.72,11631.61,9623.679640548038,8935.223464737644
e8fffaab-f310-4c9c-a833-a837b68f1658,2026-08-14 13:30:00+00:00,14792.03,13137.35,12042.37,13227.664320103444,12523.049233585603
e8fffaab-f310-4c9c-a833-a837b68f1658,2026-08-14 13:45:00+00:00,7758.51,14792.03,14738.18,14354.710426288502,13622.756257468754
e8fffaab-f310-4c9c-a833-a837b68f1658,2026-08-14 14:00:00+00:00,12255.92,7758.51,13430.43,6872.696945118136,6234.981122470774
e8fffaab-f310-4c9c-a833-a837b68f1658,2026-08-14 14:15:00+00:00,19128.83,12255.92,14044.46,12763.781044123789,12080.04886676559
e8fffaab-f310-4c9c-a833-a837b68f1658,2026-08-14 14:30:00+00:00,14749.51,19128.83,15465.17,18748.229726300422,18001.543239995903
e8fffaab-f310-4c9c-a833-a837b68f1658,2026-08-14 14:45:00+00:00,12485.34,14749.51,10378.89,12578.216530836005,11978.391686864667
e8fffaab-f310-4c9c-a833-a837b68f1658,2026-08-14 15:00:00+00:00,11557.3,12485.34,8337.92,11185.50438971753,10593.29881272075
e8fffaab-f310-4c9c-a833-a837b68f1658,2026-08-14 15:15:00+00:00,8651.18,11557.3,7208.8,10755.141598723027,10145.8303858431
e8fffaab-f310-4c9c-a833-a837b68f1658,2026-08-14 15:30:00+00:00,11061.21,8651.18,6136.76,7931.017459061059,7384.195320007628
e8fffaab-f310-4c9c-a833-a837b68f1658,2026-08-14 15:45:00+00:00,11855.87,11061.21,8967.71,10963.866182465748,10392.267221564587
e8fffaab-f310-4c9c-a833-a837b68f1658,2026-08-14 16:00:00+00:00,5741.94,11855.87,6198.71,11018.424340998701,10496.044266944802
e8fffaab-f310-4c9c-a833-a837b68f1658,2026-08-14 16:15:00+00:00,5072.76,5741.94,5040.81,4586.611377126003,4160.713273604134
e8fffaab-f310-4c9c-a833-a837b68f1658,2026-08-14 16:30:00+00:00,5114.84,5072.76,5769.66,5246.771160923294,4802.269036380078
e8fffaab-f310-4c9c-a833-a837b68f1658,2026-08-14 16:45:00+00:00,6645.08,5114.84,5587.3,5423.74135753635,4982.315725093966
e8fffaab-f310-4c9c-a833-a837b68f1658,2026-08-14 17:00:00+00:00,5179.88,6645.08,4787.47,6711.138736753683,6324.361768105633
e8fffaab-f310-4c9c-a833-a837b68f1658,2026-08-14 17:15:00+00:00,5070.26,5179.88,5474.85,4984.461617763768,4612.165569848271
e8fffaab-f310-4c9c-a833-a837b68f1658,2026-08-14 17:30:00+00:00,5281.03,5070.26,5248.27,5128.677473221533,4771.52157347311
e8fffaab-f310-4c9c-a833-a837b68f1658,2026-08-14 17:45:00+00:00,6631.57,5281.03,4916.61,5348.049925471484,4995.16523174559
e8fffaab-f310-4c9c-a833-a837b68f1658,2026-08-14 18:00:00+00:00,6183.48,6631.57,5216.38,6616.584817766482,6272.14414732504
e8fffaab-f310-4c9c-a833-a837b68f1658,2026-08-14 18:15:00+00:00,6467.73,6183.48,7464.84,6006.998278136021,5667.0563589828735
e8fffaab-f310-4c9c-a833-a837b68f1658,2026-08-14 18:30:00+00:00,5554.69,6467.73,5357.52,6308.941407827775,6006.990129388397
e8fffaab-f310-4c9c-a833-a837b68f1658,2026-08-14 18:45:00+00:00,5683.99,5554.69,5190.94,5374.879042881916,5095.111879139137
e8fffaab-f310-4c9c-a833-a837b68f1658,2026-08-14 19:00:00+00:00,6029.0,5683.99,5662.06,5690.183116966223,5433.883018013593
e8fffaab-f310-4c9c-a833-a837b68f1658,2026-08-14 19:15:00+00:00,6146.27,6029.0,6208.35,6028.419358408167,5754.846012112572
e8fffaab-f310-4c9c-a833-a837b68f1658,2026-08-14 19:30:00+00:00,5722.84,6146.27,5658.47,6029.673777441145,5759.680289244692
e8fffaab-f310-4c9c-a833-a837b68f1658,2026-08-14 19:45:00+00:00,5713.07,5722.84,5802.89,5601.396268572274,5324.310505978879
e8fffaab-f310-4c9c-a833-a837b68f1658,2026-08-14 20:00:00+00:00,5666.99,5713.07,6092.29,5714.003418479781,5423.111144370892
e8fffaab-f310-4c9c-a833-a837b68f1658,2026-08-14 20:15:00+00:00,5694.22,5666.99,5910.13,5653.634187674083,5361.666325592563
e8fffaab-f310-4c9c-a833-a837b68f1658,2026-08-14 20:30:00+00:00,5708.38,5694.22,5510.94,5658.411537999357,5371.09930532595
e8fffaab-f310-4c9c-a833-a837b68f1658,2026-08-14 20:45:00+00:00,5437.52,5708.38,5933.56,5697.438631850612,5402.739839144315
e8fffaab-f310-4c9c-a833-a837b68f1658,2026-08-14 21:00:00+00:00,5595.9,5437.52,5284.13,5390.981312674984,5105.915486473095
e8fffaab-f310-4c9c-a833-a837b68f1658,2026-08-14 21:15:00+00:00,6083.03,5595.9,5087.52,5598.379684583066,5301.66129020122
e8fffaab-f310-4c9c-a833-a837b68f1658,2026-08-14 21:30:00+00:00,6170.26,6083.03,5291.98,6085.832728155917,5769.655040183512
e8fffaab-f310-4c9c-a833-a837b68f1658,2026-08-14 21:45:00+00:00,6364.26,6170.26,5155.63,6134.947143122404,5802.172105955822
e8fffaab-f310-4c9c-a833-a837b68f1658,2026-08-14 22:00:00+00:00,5554.42,6364.26,5022.37,6274.888812897551,5939.735763584276
e8fffaab-f310-4c9c-a833-a837b68f1658,2026-08-14 22:15:00+00:00,5624.24,5554.42,4811.31,5454.503524548946,5119.053301916622
e8fffaab-f310-4c9c-a833-a837b68f1658,2026-08-14 22:30:00+00:00,5280.67,5624.24,5039.34,5720.82957757623,5378.334515551277
e8fffaab-f310-4c9c-a833-a837b68f1658,2026-08-14 22:45:00+00:00,5246.63,5280.67,4954.77,5385.286827394398,5043.93731300517
e8fffaab-f310-4c9c-a833-a837b68f1658,2026-08-14 23:00:00+00:00,5076.3,5246.63,4754.47,5364.136484064204,5039.205613238617
e8fffaab-f310-4c9c-a833-a837b68f1658,2026-08-14 23:15:00+00:00,5116.21,5076.3,4788.71,5234.085440331307,4915.874136802103
e8fffaab-f310-4c9c-a833-a837b68f1658,2026-08-14 23:30:00+00:00,4993.62,5116.21,5002.86,5290.687290297844,4988.230178311862
e8fffaab-f310-4c9c-a833-a837b68f1658,2026-08-14 23:45:00+00:00,4849.41,4993.62,5731.62,5220.829901407781,4922.531429376641
e8fffaab-f310-4c9c-a833-a837b68f1658,2026-08-15 00:00:00+00:00,4833.7,4849.41,4915.75,4598.856359180499,4197.322228243209
e8fffaab-f310-4c9c-a833-a837b68f1658,2026-08-15 00:15:00+00:00,4908.84,4833.7,4934.37,4632.731131709938,4237.338760622987
e8fffaab-f310-4c9c-a833-a837b68f1658,2026-08-15 00:30:00+00:00,4932.92,4908.84,5548.76,4768.497684444327,4373.424596758474
e8fffaab-f310-4c9c-a833-a837b68f1658,2026-08-15 00:45:00+00:00,5802.09,4932.92,4686.45,4751.078708256214,4376.119066460576
e8fffaab-f310-4c9c-a833-a837b68f1658,2026-08-15 01:00:00+00:00,5109.94,5802.09,4417.23,5619.383576376507,5252.295680965883
e8fffaab-f310-4c9c-a833-a837b68f1658,2026-08-15 01:15:00+00:00,4836.8,5109.94,4403.35,4830.445439412829,4473.016789547009
e8fffaab-f310-4c9c-a833-a837b68f1658,2026-08-15 01:30:00+00:00,5595.02,4836.8,4656.55,4752.99962927936,4405.096567427154
e8fffaab-f310-4c9c-a833-a837b68f1658,2026-08-15 01:45:00+00:00,5594.6,5595.02,4795.01,5580.854225747845,5239.691618208272
e8fffaab-f310-4c9c-a833-a837b68f1658,2026-08-15 02:00:00+00:00,5328.73,5594.6,7217.87,5537.6055062469795,5195.6032656298685
e8fffaab-f310-4c9c-a833-a837b68f1658,2026-08-15 02:15:00+00:00,4672.41,5328.73,6840.85,5295.256614827655,4974.936522850367
e8fffaab-f310-4c9c-a833-a837b68f1658,2026-08-15 02:30:00+00:00,4642.37,4672.41,6913.06,4765.0387676826795,4457.950940119006
e8fffaab-f310-4c9c-a833-a837b68f1658,2026-08-15 02:45:00+00:00,4725.13,4642.37,6640.19,4864.493714418389,4581.9607956195
e8fffaab-f310-4c9c-a833-a837b68f1658,2026-08-15 03:00:00+00:00,4947.39,4725.13,7052.64,5000.794018566639,4734.519698754139
e8fffaab-f310-4c9c-a833-a837b68f1658,2026-08-15 03:15:00+00:00,5060.35,4947.39,7698.25,5246.014916896547,4998.272982935725
e8fffaab-f310-4c9c-a833-a837b68f1658,2026-08-15 03:30:00+00:00,5054.46,5060.35,7385.0,5297.580486258922,5079.652922045656
e8fffaab-f310-4c9c-a833-a837b68f1658,2026-08-15 03:45:00+00:00,4776.67,5054.46,6985.71,5255.058900683864,5068.032617810821
e8fffaab-f310-4c9c-a833-a837b68f1658,2026-08-15 04:00:00+00:00,4720.59,4776.67,7347.11,5023.236084852204,4857.982489028739
e8fffaab-f310-4c9c-a833-a837b68f1658,2026-08-15 04:15:00+00:00,5991.72,4720.59,6998.13,5028.131929688938,4887.216822159372
e8fffaab-f310-4c9c-a833-a837b68f1658,2026-08-15 04:30:00+00:00,5416.64,5991.72,6081.98,6255.294917739914,6139.963573075849
e8fffaab-f310-4c9c-a833-a837b68f1658,2026-08-15 04:45:00+00:00,4714.81,5416.64,9071.77,5584.031879977213,5466.53717261279
e8fffaab-f310-4c9c-a833-a837b68f1658,2026-08-15 05:00:00+00:00,4894.57,4714.81,8062.84,4942.836519423007,4867.708389846762
e8fffaab-f310-4c9c-a833-a837b68f1658,2026-08-15 05:15:00+00:00,4581.28,4894.57,11626.86,5504.937944085902,5366.104603569913
e8fffaab-f310-4c9c-a833-a837b68f1658,2026-08-15 05:30:00+00:00,3493.29,4581.28,10026.17,5070.432248785756,4945.478574847423
e8fffaab-f310-4c9c-a833-a837b68f1658,2026-08-15 05:45:00+00:00,3715.04,3493.29,10718.92,4050.560234568704,3924.950166299074
e8fffaab-f310-4c9c-a833-a837b68f1658,2026-08-15 06:00:00+00:00,3720.67,3715.04,10943.54,4518.853271489499,4375.607315477874
e8fffaab-f310-4c9c-a833-a837b68f1658,2026-08-15 06:15:00+00:00,3022.58,3720.67,10744.4,4544.155666467409,4389.49620248681
e8fffaab-f310-4c9c-a833-a837b68f1658,2026-08-15 06:30:00+00:00,2903.72,3022.58,12277.52,3867.4425515962175,3710.8073561800556
e8fffaab-f310-4c9c-a833-a837b68f1658,2026-08-15 06:45:00+00:00,3442.58,2903.72,11000.54,3746.869250579487,3611.733165407767
e8fffaab-f310-4c9c-a833-a837b68f1658,2026-08-15 07:00:00+00:00,4111.65,3442.58,11923.83,4337.744478012703,4185.928166660844
e8fffaab-f310-4c9c-a833-a837b68f1658,2026-08-15 07:15:00+00:00,3955.17,4111.65,13841.57,4872.682192752151,4696.105858810866
e8fffaab-f310-4c9c-a833-a837b68f1658,2026-08-15 07:30:00+00:00,4420.19,3955.17,13641.95,4511.305012626525,4326.947456615921
e8fffaab-f310-4c9c-a833-a837b68f1658,2026-08-15 07:45:00+00:00,1927.77,4420.19,10782.61,4959.37278270287,4762.371983490354
e8fffaab-f310-4c9c-a833-a837b68f1658,2026-08-15 08:00:00+00:00,4336.83,1927.77,46628.81,4114.092222307859,3533.6511646633917
e8fffaab-f310-4c9c-a833-a837b68f1658,2026-08-15 08:15:00+00:00,5325.21,4336.83,66230.69,7755.146432930902,6965.388381363008
e8fffaab-f310-4c9c-a833-a837b68f1658,2026-08-15 08:30:00+00:00,3148.41,5325.21,65836.94,7926.173331382378,7164.008847072397
e8fffaab-f310-4c9c-a833-a837b68f1658,2026-08-15 08:45:00+00:00,5361.97,3148.41,68305.66,5880.903955161144,5067.812282992949
e8fffaab-f310-4c9c-a833-a837b68f1658,2026-08-15 09:00:00+00:00,5012.4,5361.97,51970.3,7808.732214032168,7107.794618033051
e8fffaab-f310-4c9c-a833-a837b68f1658,2026-08-15 09:15:00+00:00,-1590.76,5012.4,19651.71,5598.377234915238,5183.675388689755
e8fffaab-f310-4c9c-a833-a837b68f1658,2026-08-15 09:30:00+00:00,3842.53,-1590.76,16733.76,-1057.732601815691,-1415.5521434298971
e8fffaab-f310-4c9c-a833-a837b68f1658,2026-08-15 09:45:00+00:00,4520.77,3842.53,16453.4,5420.0299177822635,5015.971968392652
e8fffaab-f310-4c9c-a833-a837b68f1658,2026-08-15 10:00:00+00:00,5929.27,4520.77,11445.05,4967.42491126942,4547.022536932997
e8fffaab-f310-4c9c-a833-a837b68f1658,2026-08-15 10:15:00+00:00,8537.18,5929.27,4968.36,7474.520710888768,6921.370041233342
e8fffaab-f310-4c9c-a833-a837b68f1658,2026-08-15 10:30:00+00:00,4798.1,8537.18,9067.38,11330.685179380374,10513.129298880065
e8fffaab-f310-4c9c-a833-a837b68f1658,2026-08-15 10:45:00+00:00,3327.4,4798.1,5119.31,6604.006171739549,5927.702411785312
e8fffaab-f310-4c9c-a833-a837b68f1658,2026-08-15 11:00:00+00:00,4140.53,3327.4,6860.86,5487.564596781097,4898.2288416485535
e8fffaab-f310-4c9c-a833-a837b68f1658,2026-08-15 11:15:00+00:00,10441.72,4140.53,5578.78,5476.129828396391,5071.832279175194
e8fffaab-f310-4c9c-a833-a837b68f1658,2026-08-15 11:30:00+00:00,35224.28,10441.72,11957.82,10411.783822928634,10160.529571192184
e8fffaab-f310-4c9c-a833-a837b68f1658,2026-08-15 11:45:00+00:00,5679.51,35224.28,11035.11,33387.657702450284,33048.06823375039
e8fffaab-f310-4c9c-a833-a837b68f1658,2026-08-15 12:00:00+00:00,3839.57,5679.51,13546.11,343.35961518364275,36.18731137676696
e8fffaab-f310-4c9c-a833-a837b68f1658,2026-08-15 12:15:00+00:00,1974.47,3839.57,14320.53,4006.9833902306063,3804.8069269318257
e8fffaab-f310-4c9c-a833-a837b68f1658,2026-08-15 12:30:00+00:00,6789.88,1974.47,14235.29,3185.5830509126727,2867.047908725888
e8fffaab-f310-4c9c-a833-a837b68f1658,2026-08-15 12:45:00+00:00,49665.4,6789.88,14670.59,7621.803165730418,7548.297833818831
e8fffaab-f310-4c9c-a833-a837b68f1658,2026-08-15 13:00:00+00:00,54939.93,49665.4,10340.72,48558.5725903431,48368.55918904781
e8fffaab-f310-4c9c-a833-a837b68f1658,2026-08-15 13:15:00+00:00,55714.5,54939.93,13137.35,45760.09929911303,45412.03662708652
e8fffaab-f310-4c9c-a833-a837b68f1658,2026-08-15 13:30:00+00:00,25889.76,55714.5,14792.03,45649.044244906516,45190.80780876968
e8fffaab-f310-4c9c-a833-a837b68f1658,2026-08-15 13:45:00+00:00,4635.06,25889.76,7758.51,16718.172872982548,16147.797174944513
e8fffaab-f310-4c9c-a833-a837b68f1658,2026-08-15 14:00:00+00:00,4708.42,4635.06,12255.92,1748.712301138894,1194.642673513712
e8fffaab-f310-4c9c-a833-a837b68f1658,2026-08-15 14:15:00+00:00,4823.99,4708.42,19128.83,6376.207649692142,5751.72519385153
e8fffaab-f310-4c9c-a833-a837b68f1658,2026-08-15 14:30:00+00:00,4127.39,4823.99,14749.51,5755.4920501186525,5373.591011994193
e8fffaab-f310-4c9c-a833-a837b68f1658,2026-08-15 14:45:00+00:00,4089.09,4127.39,12485.34,4316.150497439567,4145.182297763309
e8fffaab-f310-4c9c-a833-a837b68f1658,2026-08-15 15:00:00+00:00,4487.34,4089.09,11557.3,4218.034816717256,4088.7912747928794
e8fffaab-f310-4c9c-a833-a837b68f1658,2026-08-15 15:15:00+00:00,4468.03,4487.34,8651.18,4483.26444682156,4381.1752855329805
e8fffaab-f310-4c9c-a833-a837b68f1658,2026-08-15 15:30:00+00:00,3878.18,4468.03,11061.21,4384.6921215609955,4277.805573842722
e8fffaab-f310-4c9c-a833-a837b68f1658,2026-08-15 15:45:00+00:00,3849.1,3878.18,11855.87,3863.808836785447,3747.953241306217
e8fffaab-f310-4c9c-a833-a837b68f1658,2026-08-15 16:00:00+00:00,4022.6,3849.1,5741.94,3753.1011767520204,3682.860065150342
e8fffaab-f310-4c9c-a833-a837b68f1658,2026-08-15 16:15:00+00:00,3736.77,4022.6,5072.76,3927.0469156593936,3825.910693722326
e8fffaab-f310-4c9c-a833-a837b68f1658,2026-08-15 16:30:00+00:00,3953.46,3736.77,5114.84,3578.3580489010183,3453.3626655358075
e8fffaab-f310-4c9c-a833-a837b68f1658,2026-08-15 16:45:00+00:00,3555.18,3953.46,6645.08,3838.636155073008,3676.4831002353285
e8fffaab-f310-4c9c-a833-a837b68f1658,2026-08-15 17:00:00+00:00,3152.68,3555.18,5179.88,3319.228195581026,3143.0928050903767
e8fffaab-f310-4c9c-a833-a837b68f1658,2026-08-15 17:15:00+00:00,4103.12,3152.68,5070.26,3113.683978830939,2902.4592916609754
e8fffaab-f310-4c9c-a833-a837b68f1658,2026-08-15 17:30:00+00:00,4382.47,4103.12,5281.03,4142.999492584136,3901.5961212475913
e8fffaab-f310-4c9c-a833-a837b68f1658,2026-08-15 17:45:00+00:00,4354.38,4382.47,6631.57,4338.397433640063,4055.1346319544364
e8fffaab-f310-4c9c-a833-a837b68f1658,2026-08-15 18:00:00+00:00,4205.48,4354.38,6183.48,4180.190394996274,3891.195156064732
e8fffaab-f310-4c9c-a833-a837b68f1658,2026-08-15 18:15:00+00:00,4229.52,4205.48,6467.73,4059.22003957808,3775.461485013412
e8fffaab-f310-4c9c-a833-a837b68f1658,2026-08-15 18:30:00+00:00,4393.61,4229.52,5554.69,4154.460410376618,3877.839509897657
e8fffaab-f310-4c9c-a833-a837b68f1658,2026-08-15 18:45:00+00:00,5334.48,4393.61,5683.99,4242.842623630112,3988.716530891823
e8fffaab-f310-4c9c-a833-a837b68f1658,2026-08-15 19:00:00+00:00,5388.0,5334.48,6029.0,5145.45280252692,4897.782257404492
e8fffaab-f310-4c9c-a833-a837b68f1658,2026-08-15 19:15:00+00:00,5113.38,5388.0,6146.27,5012.321466445674,4758.065844221558
e8fffaab-f310-4c9c-a833-a837b68f1658,2026-08-15 19:30:00+00:00,5494.64,5113.38,5722.84,4695.8998057356885,4444.481989190468
e8fffaab-f310-4c9c-a833-a837b68f1658,2026-08-15 19:45:00+00:00,5166.72,5494.64,5713.07,5157.250796959255,4891.346007384423
e8fffaab-f310-4c9c-a833-a837b68f1658,2026-08-15 20:00:00+00:00,4689.27,5166.72,5666.99,4780.357724007903,4510.265146519776
e8fffaab-f310-4c9c-a833-a837b68f1658,2026-08-15 20:15:00+00:00,4670.4,4689.27,5694.22,4335.6927248019965,4059.814520222343
e8fffaab-f310-4c9c-a833-a837b68f1658,2026-08-15 20:30:00+00:00,4727.4,4670.4,5708.38,4417.716278166836,4125.246178029979
e8fffaab-f310-4c9c-a833-a837b68f1658,2026-08-15 20:45:00+00:00,4711.78,4727.4,5437.52,4464.8759235318275,4163.225886534554
e8fffaab-f310-4c9c-a833-a837b68f1658,2026-08-15 21:00:00+00:00,4399.63,4711.78,5595.9,4424.2647469388585,4114.857879238538
e8fffaab-f310-4c9c-a833-a837b68f1658,2026-08-15 21:15:00+00:00,4370.76,4399.63,6083.03,4147.046677962252,3825.5535723326047
e8fffaab-f310-4c9c-a833-a837b68f1658,2026-08-15 21:30:00+00:00,4663.94,4370.76,6170.26,4193.811049165197,3863.20873415806
e8fffaab-f310-4c9c-a833-a837b68f1658,2026-08-15 21:45:00+00:00,4657.12,4663.94,6364.26,4514.569866580245,4172.648901460676
e8fffaab-f310-4c9c-a833-a837b68f1658,2026-08-15 22:00:00+00:00,4547.39,4657.12,5554.42,4401.045743174869,4067.1576565381965
e8fffaab-f310-4c9c-a833-a837b68f1658,2026-08-15 22:15:00+00:00,4279.9,4547.39,5624.24,4322.957618415362,3986.473140461756
e8fffaab-f310-4c9c-a833-a837b68f1658,2026-08-15 22:30:00+00:00,5262.1,4279.9,5280.67,4072.915416591559,3742.428912247072
e8fffaab-f310-4c9c-a833-a837b68f1658,2026-08-15 22:45:00+00:00,4603.37,5262.1,5246.63,5143.300219417295,4804.302244272337
e8fffaab-f310-4c9c-a833-a837b68f1658,2026-08-15 23:00:00+00:00,4386.88,4603.37,5076.3,4328.744282233172,3997.043114788098
e8fffaab-f310-4c9c-a833-a837b68f1658,2026-08-15 23:15:00+00:00,4684.43,4386.88,5116.21,4221.595787419781,3900.7358480273097
e8fffaab-f310-4c9c-a833-a837b68f1658,2026-08-15 23:30:00+00:00,4659.86,4684.43,4993.62,4595.836521899575,4270.874563541486
e8fffaab-f310-4c9c-a833-a837b68f1658,2026-08-15 23:45:00+00:00,4080.55,4659.86,4849.41,4525.434262936641,4210.190303797315
e8fffaab-f310-4c9c-a833-a837b68f1658,2026-08-16 00:00:00+00:00,4079.25,4080.55,4833.7,4036.5852935459516,3705.764047619792
e8fffaab-f310-4c9c-a833-a837b68f1658,2026-08-16 00:15:00+00:00,4588.45,4079.25,4908.84,4201.830486922351,3870.750661230296
e8fffaab-f310-4c9c-a833-a837b68f1658,2026-08-16 00:30:00+00:00,3252.41,4588.45,4932.92,4641.99690976476,4328.756931863837
e8fffaab-f310-4c9c-a833-a837b68f1658,2026-08-16 00:45:00+00:00,3447.93,3252.41,5802.09,3275.8087709868087,2974.930808705917
e8fffaab-f310-4c9c-a833-a837b68f1658,2026-08-16 01:00:00+00:00,3028.89,3447.93,5109.94,3708.374837527296,3426.4992245152453
e8fffaab-f310-4c9c-a833-a837b68f1658,2026-08-16 01:15:00+00:00,3351.05,3028.89,4836.8,3276.9930605518784,3008.781097479774
e8fffaab-f310-4c9c-a833-a837b68f1658,2026-08-16 01:30:00+00:00,3224.22,3351.05,5595.02,3728.752433154348,3469.997670867542
e8fffaab-f310-4c9c-a833-a837b68f1658,2026-08-16 01:45:00+00:00,3178.04,3224.22,5594.6,3560.1424449742635,3316.7925100783086
e8fffaab-f310-4c9c-a833-a837b68f1658,2026-08-16 02:00:00+00:00,3438.28,3178.04,5328.73,3540.726050647593,3319.6682458391215
e8fffaab-f310-4c9c-a833-a837b68f1658,2026-08-16 02:15:00+00:00,4148.08,3438.28,4672.41,3804.317216937663,3602.6987677440475
e8fffaab-f310-4c9c-a833-a837b68f1658,2026-08-16 02:30:00+00:00,3562.82,4148.08,4642.37,4499.44713581667,4307.992258651744
e8fffaab-f310-4c9c-a833-a837b68f1658,2026-08-16 02:45:00+00:00,3359.89,3562.82,4725.13,3860.7999812069793,3682.901096089812
e8fffaab-f310-4c9c-a833-a837b68f1658,2026-08-16 03:00:00+00:00,4123.61,3359.89,4947.39,3792.5456330448624,3635.158386897763
e8fffaab-f310-4c9c-a833-a837b68f1658,2026-08-16 03:15:00+00:00,4047.29,4123.61,5060.35,4622.952468148911,4478.476189526101
e8fffaab-f310-4c9c-a833-a837b68f1658,2026-08-16 03:30:00+00:00,3545.85,4047.29,5054.46,4430.111763404299,4310.243756258323
e8fffaab-f310-4c9c-a833-a837b68f1658,2026-08-16 03:45:00+00:00,3575.1,3545.85,4776.67,3947.668926446202,3860.7854175822913
e8fffaab-f310-4c9c-a833-a837b68f1658,2026-08-16 04:00:00+00:00,3458.31,3575.1,4720.59,4067.9062638073783,4008.0219172535135
e8fffaab-f310-4c9c-a833-a837b68f1658,2026-08-16 04:15:00+00:00,3875.06,3458.31,5991.72,4029.08664021001,3975.2284155638927
e8fffaab-f310-4c9c-a833-a837b68f1658,2026-08-16 04:30:00+00:00,3453.78,3875.06,5416.64,4412.993960090056,4390.069516536922
e8fffaab-f310-4c9c-a833-a837b68f1658,2026-08-16 04:45:00+00:00,3706.71,3453.78,4714.81,3911.850464162185,3916.4026402096906
e8fffaab-f310-4c9c-a833-a837b68f1658,2026-08-16 05:00:00+00:00,3354.39,3706.71,4894.57,4256.384752311751,4279.977223177616
e8fffaab-f310-4c9c-a833-a837b68f1658,2026-08-16 05:15:00+00:00,2481.81,3354.39,4581.28,3862.8713114266575,3882.950917743723
e8fffaab-f310-4c9c-a833-a837b68f1658,2026-08-16 05:30:00+00:00,2939.58,2481.81,3493.29,3017.0583032180275,3051.1345260507414
e8fffaab-f310-4c9c-a833-a837b68f1658,2026-08-16 05:45:00+00:00,3260.95,2939.58,3715.04,3626.1943824491145,3653.438650091829
e8fffaab-f310-4c9c-a833-a837b68f1658,2026-08-16 06:00:00+00:00,3966.04,3260.95,3720.67,3914.2641605752406,3926.175444761043
e8fffaab-f310-4c9c-a833-a837b68f1658,2026-08-16 06:15:00+00:00,3334.29,3966.04,3022.58,4496.640964495219,4501.9361483186385
e8fffaab-f310-4c9c-a833-a837b68f1658,2026-08-16 06:30:00+00:00,3241.91,3334.29,2903.72,3736.487839396771,3728.172583999525
e8fffaab-f310-4c9c-a833-a837b68f1658,2026-08-16 06:45:00+00:00,3447.22,3241.91,3442.58,3823.543072967368,3788.055495524007
e8fffaab-f310-4c9c-a833-a837b68f1658,2026-08-16 07:00:00+00:00,3646.33,3447.22,4111.65,4034.163081036705,3977.26439013691
e8fffaab-f310-4c9c-a833-a837b68f1658,2026-08-16 07:15:00+00:00,3560.07,3646.33,3955.17,4278.568945717169,4193.564221117596
e8fffaab-f310-4c9c-a833-a837b68f1658,2026-08-16 07:30:00+00:00,716.54,3560.07,4420.19,4052.8409907296527,3966.6534198128693
e8fffaab-f310-4c9c-a833-a837b68f1658,2026-08-16 07:45:00+00:00,2514.99,716.54,1927.77,1239.5414130447662,1163.3825432152153
e8fffaab-f310-4c9c-a833-a837b68f1658,2026-08-16 08:00:00+00:00,3744.69,2514.99,4336.83,3690.5639967554334,3558.325627483544
e8fffaab-f310-4c9c-a833-a837b68f1658,2026-08-16 08:15:00+00:00,-1630.95,3744.69,5325.21,4555.926556825246,4395.27225862312
e8fffaab-f310-4c9c-a833-a837b68f1658,2026-08-16 08:30:00+00:00,-2801.81,-1630.95,3148.41,-1307.919698766169,-1387.8490370494856
e8fffaab-f310-4c9c-a833-a837b68f1658,2026-08-16 08:45:00+00:00,-4575.76,-2801.81,5361.97,-1304.8654319877678,-1426.5448511663872
e8fffaab-f310-4c9c-a833-a837b68f1658,2026-08-16 09:00:00+00:00,-3276.7,-4575.76,5012.4,-2759.537127539792,-2905.7402686516944
e8fffaab-f310-4c9c-a833-a837b68f1658,2026-08-16 09:15:00+00:00,1628.16,-3276.7,-1590.76,-1741.1370178704838,-1781.3786409216682
e8fffaab-f310-4c9c-a833-a837b68f1658,2026-08-16 09:30:00+00:00,-5651.78,1628.16,3842.53,3318.9472534016095,3139.573399718426
e8fffaab-f310-4c9c-a833-a837b68f1658,2026-08-16 09:45:00+00:00,1863.73,-5651.78,4520.77,-5152.109015375319,-5255.870477921195
e8fffaab-f310-4c9c-a833-a837b68f1658,2026-08-16 10:00:00+00:00,4334.95,1863.73,5929.27,3855.051521439078,3645.396982261046
e8fffaab-f310-4c9c-a833-a837b68f1658,2026-08-16 10:15:00+00:00,-4506.44,4334.95,8537.18,5154.438203756921,4823.11879214169
e8fffaab-f310-4c9c-a833-a837b68f1658,2026-08-16 10:30:00+00:00,1859.04,-4506.44,4798.1,-4549.638401090293,-4741.7377380780035
e8fffaab-f310-4c9c-a833-a837b68f1658,2026-08-16 10:45:00+00:00,3992.26,1859.04,3327.4,3545.4362680148242,3248.3269675698803
e8fffaab-f310-4c9c-a833-a837b68f1658,2026-08-16 11:00:00+00:00,7259.58,3992.26,4140.53,4583.052747821278,4199.094400851545
e8fffaab-f310-4c9c-a833-a837b68f1658,2026-08-16 11:15:00+00:00,6157.16,7259.58,10441.72,7374.165033100557,6962.865341843596
e8fffaab-f310-4c9c-a833-a837b68f1658,2026-08-16 11:30:00+00:00,605.2,6157.16,35224.28,6951.450098922522,6221.646844124687
e8fffaab-f310-4c9c-a833-a837b68f1658,2026-08-16 11:45:00+00:00,1055.22,605.2,5679.51,244.3043453890623,-172.3386651198216
e8fffaab-f310-4c9c-a833-a837b68f1658,2026-08-16 12:00:00+00:00,-6746.11,1055.22,3839.57,1825.9590072961782,1364.6642702078698
e8fffaab-f310-4c9c-a833-a837b68f1658,2026-08-16 12:15:00+00:00,3971.43,-6746.11,1974.47,-6081.044647193081,-6453.758847995949
e8fffaab-f310-4c9c-a833-a837b68f1658,2026-08-16 12:30:00+00:00,-5574.84,3971.43,6789.88,6269.685942223867,5809.899084019595
e8fffaab-f310-4c9c-a833-a837b68f1658,2026-08-16 12:45:00+00:00,-643.44,-5574.84,49665.4,-3567.106317648093,-4351.7098701142
e8fffaab-f310-4c9c-a833-a837b68f1658,2026-08-16 13:00:00+00:00,-1032.42,-643.44,54939.93,3356.1531221152445,2532.9132832035757
e8fffaab-f310-4c9c-a833-a837b68f1658,2026-08-16 13:15:00+00:00,3688.53,-1032.42,55714.5,2186.527260464225,1302.8106998308704
e8fffaab-f310-4c9c-a833-a837b68f1658,2026-08-16 13:30:00+00:00,467.13,3688.53,25889.76,5242.5299024882415,4720.1088226013835
e8fffaab-f310-4c9c-a833-a837b68f1658,2026-08-16 13:45:00+00:00,2471.86,467.13,4635.06,393.66352747270867,55.379672941486206
e8fffaab-f310-4c9c-a833-a837b68f1658,2026-08-16 14:00:00+00:00,4396.85,2471.86,4708.42,3106.537458881703,2743.5119068175254
e8fffaab-f310-4c9c-a833-a837b68f1658,2026-08-16 14:15:00+00:00,2985.74,4396.85,4823.99,4592.134317315739,4208.1106804689125
e8fffaab-f310-4c9c-a833-a837b68f1658,2026-08-16 14:30:00+00:00,1823.94,2985.74,4127.39,2729.0728127984994,2385.4699837173066
e8fffaab-f310-4c9c-a833-a837b68f1658,2026-08-16 14:45:00+00:00,3647.99,1823.94,4089.09,2063.730760842489,1690.6729783719584
e8fffaab-f310-4c9c-a833-a837b68f1658,2026-08-16 15:00:00+00:00,3519.38,3647.99,4487.34,4155.906591046448,3755.0024593455446
e8fffaab-f310-4c9c-a833-a837b68f1658,2026-08-16 15:15:00+00:00,2906.65,3519.38,4468.03,3464.8190961643195,3138.119126124254
e8fffaab-f310-4c9c-a833-a837b68f1658,2026-08-16 15:30:00+00:00,3566.87,2906.65,3878.18,2906.540392366822,2621.2550662187723
e8fffaab-f310-4c9c-a833-a837b68f1658,2026-08-16 15:45:00+00:00,3748.72,3566.87,3849.1,3743.4698936450986,3471.759164399494
e8fffaab-f310-4c9c-a833-a837b68f1658,2026-08-16 16:00:00+00:00,2781.37,3748.72,4022.6,3772.5876613194714,3536.5873061237917
e8fffaab-f310-4c9c-a833-a837b68f1658,2026-08-16 16:15:00+00:00,3685.68,2781.37,3736.77,2749.503188353573,2529.651579810582
e8fffaab-f310-4c9c-a833-a837b68f1658,2026-08-16 16:30:00+00:00,3551.31,3685.68,3953.46,3804.806011272831,3582.325618350953
e8fffaab-f310-4c9c-a833-a837b68f1658,2026-08-16 16:45:00+00:00,4394.59,3551.31,3555.18,3471.4789186994285,3255.2166206181173
e8fffaab-f310-4c9c-a833-a837b68f1658,2026-08-16 17:00:00+00:00,4451.22,4394.59,3152.68,4289.800090098949,4080.422307366406
e8fffaab-f310-4c9c-a833-a837b68f1658,2026-08-16 17:15:00+00:00,2879.63,4451.22,4103.12,4216.204418358602,4002.222942972522
e8fffaab-f310-4c9c-a833-a837b68f1658,2026-08-16 17:30:00+00:00,4309.8,2879.63,4382.47,2648.6096816328854,2452.368464684856
e8fffaab-f310-4c9c-a833-a837b68f1658,2026-08-16 17:45:00+00:00,4801.25,4309.8,4354.38,4405.528650981551,4199.5246541754905
e8fffaab-f310-4c9c-a833-a837b68f1658,2026-08-16 18:00:00+00:00,4251.01,4801.25,4205.48,5318.294633515638,5005.816468971
e8fffaab-f310-4c9c-a833-a837b68f1658,2026-08-16 18:15:00+00:00,4558.68,4251.01,4229.52,6699.41085693638,6084.405442729625
e8fffaab-f310-4c9c-a833-a837b68f1658,2026-08-16 18:30:00+00:00,4261.46,4558.68,4393.61,7123.4828239086855,6506.3774246191
e8fffaab-f310-4c9c-a833-a837b68f1658,2026-08-16 18:45:00+00:00,4531.59,4261.46,5334.48,6670.628201881532,6074.420881903516
e8fffaab-f310-4c9c-a833-a837b68f1658,2026-08-16 19:00:00+00:00,4702.27,4531.59,5388.0,6053.822767359273,5614.810327933128
e8fffaab-f310-4c9c-a833-a837b68f1658,2026-08-16 19:15:00+00:00,4703.1,4702.27,5113.38,4874.508683653943,4624.715531445679
e8fffaab-f310-4c9c-a833-a837b68f1658,2026-08-16 19:30:00+00:00,4729.52,4703.1,5494.64,4472.366034351586,4268.3766908604075
e8fffaab-f310-4c9c-a833-a837b68f1658,2026-08-16 19:45:00+00:00,4787.68,4729.52,5166.72,4522.687172099428,4303.430185735696
e8fffaab-f310-4c9c-a833-a837b68f1658,2026-08-16 20:00:00+00:00,4864.24,4787.68,4689.27,4521.2281977823395,4300.770106742837
e8fffaab-f310-4c9c-a833-a837b68f1658,2026-08-16 20:15:00+00:00,4848.37,4864.24,4670.4,4587.4519063326725,4349.889038752585
e8fffaab-f310-4c9c-a833-a837b68f1658,2026-08-16 20:30:00+00:00,5740.17,4848.37,4727.4,4601.9723655638445,4342.139943627126
e8fffaab-f310-4c9c-a833-a837b68f1658,2026-08-16 20:45:00+00:00,5083.96,5740.17,4711.78,5494.726685335411,5214.180741071727
e8fffaab-f310-4c9c-a833-a837b68f1658,2026-08-16 21:00:00+00:00,4674.61,5083.96,4399.63,4632.679445342923,4350.91258403192
e8fffaab-f310-4c9c-a833-a837b68f1658,2026-08-16 21:15:00+00:00,4912.82,4674.61,4370.76,4390.528230467565,4089.8998674560844
e8fffaab-f310-4c9c-a833-a837b68f1658,2026-08-16 21:30:00+00:00,5563.22,4912.82,4663.94,4763.364495428146,4433.500749011017
e8fffaab-f310-4c9c-a833-a837b68f1658,2026-08-16 21:45:00+00:00,4779.25,5563.22,4657.12,5337.204709235819,4996.011494390447
e8fffaab-f310-4c9c-a833-a837b68f1658,2026-08-16 22:00:00+00:00,4215.7,4779.25,4547.39,4402.083168962881,4061.5025792912393
e8fffaab-f310-4c9c-a833-a837b68f1658,2026-08-16 22:15:00+00:00,4046.05,4215.7,4279.9,4005.002818404463,3661.815618418902
e8fffaab-f310-4c9c-a833-a837b68f1658,2026-08-16 22:30:00+00:00,4179.52,4046.05,5262.1,4008.375864891196,3648.1992955549385
e8fffaab-f310-4c9c-a833-a837b68f1658,2026-08-16 22:45:00+00:00,4104.53,4179.52,4603.37,4138.178288979803,3785.8773337052053
e8fffaab-f310-4c9c-a833-a837b68f1658,2026-08-16 23:00:00+00:00,4025.79,4104.53,4386.88,4032.9364775522054,3684.8056317989394
e8fffaab-f310-4c9c-a833-a837b68f1658,2026-08-16 23:15:00+00:00,4094.74,4025.79,4684.43,3998.0513393914007,3649.452146496954
e8fffaab-f310-4c9c-a833-a837b68f1658,2026-08-16 23:30:00+00:00,4017.89,4094.74,4659.86,4104.566403467972,3757.089912872384
e8fffaab-f310-4c9c-a833-a837b68f1658,2026-08-16 23:45:00+00:00,4791.59,4017.89,4080.55,4006.117697930874,3669.917119203902
e8fffaab-f310-4c9c-a833-a837b68f1658,2026-08-17 00:00:00+00:00,3388.15,4791.59,4079.25,5400.830160073486,5152.596298522845
e8fffaab-f310-4c9c-a833-a837b68f1658,2026-08-17 00:15:00+00:00,4748.55,3388.15,4588.45,3938.418202326752,3693.4183890549866
e8fffaab-f310-4c9c-a833-a837b68f1658,2026-08-17 00:30:00+00:00,3544.71,4748.55,3252.41,5480.414470640513,5253.134384069526
e8fffaab-f310-4c9c-a833-a837b68f1658,2026-08-17 00:45:00+00:00,3960.43,3544.71,3447.93,4117.205135762394,3891.058422638721
e8fffaab-f310-4c9c-a833-a837b68f1658,2026-08-17 01:00:00+00:00,3810.46,3960.43,3028.89,4699.366348297499,4500.47497295501
e8fffaab-f310-4c9c-a833-a837b68f1658,2026-08-17 01:15:00+00:00,3517.49,3810.46,3351.05,4519.6195921085655,4319.687757931116
e8fffaab-f310-4c9c-a833-a837b68f1658,2026-08-17 01:30:00+00:00,3229.84,3517.49,3224.22,4253.073508495596,4074.0342890547136
e8fffaab-f310-4c9c-a833-a837b68f1658,2026-08-17 01:45:00+00:00,3222.03,3229.84,3178.04,4074.6827672864465,3903.3613786662418
e8fffaab-f310-4c9c-a833-a837b68f1658,2026-08-17 02:00:00+00:00,5430.85,3222.03,3438.28,4236.42843871534,4063.4511233432277
e8fffaab-f310-4c9c-a833-a837b68f1658,2026-08-17 02:15:00+00:00,5501.49,5430.85,4148.08,6430.220423383604,6260.231643884974
e8fffaab-f310-4c9c-a833-a837b68f1658,2026-08-17 02:30:00+00:00,5592.7,5501.49,3562.82,6076.815117429862,5928.161933883441
e8fffaab-f310-4c9c-a833-a837b68f1658,2026-08-17 02:45:00+00:00,5420.44,5592.7,3359.89,6160.109689286501,6032.416327619456
e8fffaab-f310-4c9c-a833-a837b68f1658,2026-08-17 03:00:00+00:00,5714.98,5420.44,4123.61,6108.468285732662,5973.356341617767
e8fffaab-f310-4c9c-a833-a837b68f1658,2026-08-17 03:15:00+00:00,5734.59,5714.98,4047.29,6451.901381004675,6337.442134688652
e8fffaab-f310-4c9c-a833-a837b68f1658,2026-08-17 03:30:00+00:00,5676.97,5734.59,3545.85,6408.822924116981,6322.445703210886
e8fffaab-f310-4c9c-a833-a837b68f1658,2026-08-17 03:45:00+00:00,6345.54,5676.97,3575.1,6399.484965071028,6333.051553859815
e8fffaab-f310-4c9c-a833-a837b68f1658,2026-08-17 04:00:00+00:00,7182.17,6345.54,3458.31,7250.427034822001,7178.643350072785
e8fffaab-f310-4c9c-a833-a837b68f1658,2026-08-17 04:15:00+00:00,10354.66,7182.17,3875.06,7929.448897794569,7884.770849194054
e8fffaab-f310-4c9c-a833-a837b68f1658,2026-08-17 04:30:00+00:00,8588.78,10354.66,3453.78,10814.249811349076,10795.885333846878
e8fffaab-f310-4c9c-a833-a837b68f1658,2026-08-17 04:45:00+00:00,7845.48,8588.78,3706.71,8447.864970984987,8469.069217198852
e8fffaab-f310-4c9c-a833-a837b68f1658,2026-08-17 05:00:00+00:00,7274.66,7845.48,3354.39,8015.169628757584,8078.397347182316
e8fffaab-f310-4c9c-a833-a837b68f1658,2026-08-17 05:15:00+00:00,7518.83,7274.66,2481.81,7628.555141456083,7706.21079711687
e8fffaab-f310-4c9c-a833-a837b68f1658,2026-08-17 05:30:00+00:00,9653.92,7518.83,2939.58,7996.3073114288045,8099.685139002229
e8fffaab-f310-4c9c-a833-a837b68f1658,2026-08-17 05:45:00+00:00,12393.31,9653.92,3260.95,10386.63048431478,10450.753558452108
e8fffaab-f310-4c9c-a833-a837b68f1658,2026-08-17 06:00:00+00:00,12655.82,12393.31,3966.04,12671.137884559173,12742.256148266713
e8fffaab-f310-4c9c-a833-a837b68f1658,2026-08-17 06:15:00+00:00,10903.46,12655.82,3334.29,12283.427683048782,12397.247385282932
e8fffaab-f310-4c9c-a833-a837b68f1658,2026-08-17 06:30:00+00:00,11426.43,10903.46,3241.91,10604.235599097927,10731.284281644745
e8fffaab-f310-4c9c-a833-a837b68f1658,2026-08-17 06:45:00+00:00,11820.14,11426.43,3447.22,11542.956620579584,11669.32175361532
e8fffaab-f310-4c9c-a833-a837b68f1658,2026-08-17 07:00:00+00:00,12172.13,11820.14,3646.33,11770.419110998788,11926.440999015233
e8fffaab-f310-4c9c-a833-a837b68f1658,2026-08-17 07:15:00+00:00,10829.67,12172.13,3560.07,11991.066500212186,12158.867343294325
e8fffaab-f310-4c9c-a833-a837b68f1658,2026-08-17 07:30:00+00:00,12336.81,10829.67,716.54,10436.699695790396,10643.06222500938
e8fffaab-f310-4c9c-a833-a837b68f1658,2026-08-17 07:45:00+00:00,12817.02,12336.81,2514.99,12343.530151134133,12507.123931268245
e8fffaab-f310-4c9c-a833-a837b68f1658,2026-08-17 08:00:00+00:00,7174.55,12817.02,3744.69,12743.239247143994,12860.475504678257
e8fffaab-f310-4c9c-a833-a837b68f1658,2026-08-17 08:15:00+00:00,11096.6,7174.55,-1630.95,6791.246149350443,6925.023982654045
e8fffaab-f310-4c9c-a833-a837b68f1658,2026-08-17 08:30:00+00:00,15698.21,11096.6,-2801.81,11537.441319002699,11596.53786262972
e8fffaab-f310-4c9c-a833-a837b68f1658,2026-08-17 08:45:00+00:00,16900.07,15698.21,-4575.76,15315.062351158307,15261.096865266005
e8fffaab-f310-4c9c-a833-a837b68f1658,2026-08-17 09:00:00+00:00,12225.82,16900.07,-3276.7,15231.930139829557,15155.918297581436
e8fffaab-f310-4c9c-a833-a837b68f1658,2026-08-17 09:15:00+00:00,12983.8,12225.82,1628.16,10923.744311740687,10765.458478697039
e8fffaab-f310-4c9c-a833-a837b68f1658,2026-08-17 09:30:00+00:00,6161.38,12983.8,-5651.78,11970.58742649615,11910.789164224292
e8fffaab-f310-4c9c-a833-a837b68f1658,2026-08-17 09:45:00+00:00,6837.69,6161.38,1863.73,5864.511880268751,5697.539723585177
e8fffaab-f310-4c9c-a833-a837b68f1658,2026-08-17 10:00:00+00:00,7203.04,6837.69,4334.95,7673.789277653723,7541.152468633058
e8fffaab-f310-4c9c-a833-a837b68f1658,2026-08-17 10:15:00+00:00,8327.26,7203.04,-4506.44,7671.988437945127,7611.751043514512
e8fffaab-f310-4c9c-a833-a837b68f1658,2026-08-17 10:30:00+00:00,3182.46,8327.26,1859.04,8668.51054547036,8627.634874414292
e8fffaab-f310-4c9c-a833-a837b68f1658,2026-08-17 10:45:00+00:00,3544.34,3182.46,3992.26,3666.4210504149514,3613.905889736665
e8fffaab-f310-4c9c-a833-a837b68f1658,2026-08-17 11:00:00+00:00,9346.16,3544.34,7259.58,5039.669103593807,4983.652766012109
e8fffaab-f310-4c9c-a833-a837b68f1658,2026-08-17 11:15:00+00:00,13412.44,9346.16,6157.16,10559.53079844395,10471.230747553185
e8fffaab-f310-4c9c-a833-a837b68f1658,2026-08-17 11:30:00+00:00,10771.42,13412.44,605.2,13206.361249602138,13144.135239879442
e8fffaab-f310-4c9c-a833-a837b68f1658,2026-08-17 11:45:00+00:00,8283.85,10771.42,1055.22,9989.608446018146,9890.524907974275
e8fffaab-f310-4c9c-a833-a837b68f1658,2026-08-17 12:00:00+00:00,15086.86,8283.85,-6746.11,7600.049121980044,7567.1221811340565
e8fffaab-f310-4c9c-a833-a837b68f1658,2026-08-17 12:15:00+00:00,13113.93,15086.86,3971.43,15251.262052473843,15047.556287331365
e8fffaab-f310-4c9c-a833-a837b68f1658,2026-08-17 12:30:00+00:00,10960.92,13113.93,-5574.84,11299.124594211216,11235.175852850765
e8fffaab-f310-4c9c-a833-a837b68f1658,2026-08-17 12:45:00+00:00,22791.23,10960.92,-643.44,10229.365228026887,10052.038413168313
e8fffaab-f310-4c9c-a833-a837b68f1658,2026-08-17 13:00:00+00:00,39265.07,22791.23,-1032.42,22311.82910562507,22023.002639883212
e8fffaab-f310-4c9c-a833-a837b68f1658,2026-08-17 13:15:00+00:00,12270.15,39265.07,3688.53,36357.51650186995,35970.56525920477
e8fffaab-f310-4c9c-a833-a837b68f1658,2026-08-17 13:30:00+00:00,11005.75,12270.15,467.13,6519.267354019964,6335.213167593349
e8fffaab-f310-4c9c-a833-a837b68f1658,2026-08-17 13:45:00+00:00,10540.56,11005.75,2471.86,10687.969275094574,10471.839630431981
e8fffaab-f310-4c9c-a833-a837b68f1658,2026-08-17 14:00:00+00:00,10161.35,10540.56,4396.85,11118.636565890205,10763.332206455714
e8fffaab-f310-4c9c-a833-a837b68f1658,2026-08-17 14:15:00+00:00,10838.73,10161.35,2985.74,9861.971136541606,9744.932796592977
e8fffaab-f310-4c9c-a833-a837b68f1658,2026-08-17 14:30:00+00:00,9005.95,10838.73,1823.94,10661.731086469286,10519.936137582901
e8fffaab-f310-4c9c-a833-a837b68f1658,2026-08-17 14:45:00+00:00,7887.16,9005.95,3647.99,8497.105804779878,8377.284940663489
e8fffaab-f310-4c9c-a833-a837b68f1658,2026-08-17 15:00:00+00:00,5803.14,7887.16,3519.38,7779.072029789188,7641.995722741105
e8fffaab-f310-4c9c-a833-a837b68f1658,2026-08-17 15:15:00+00:00,4496.5,5803.14,2906.65,5827.469099806593,5705.629233706457
e8fffaab-f310-4c9c-a833-a837b68f1658,2026-08-17 15:30:00+00:00,5023.51,4496.5,3566.87,4932.166354805295,4809.572352716528
e8fffaab-f310-4c9c-a833-a837b68f1658,2026-08-17 15:45:00+00:00,4839.45,5023.51,3748.72,5666.98319965489,5534.573311925513
e8fffaab-f310-4c9c-a833-a837b68f1658,2026-08-17 16:00:00+00:00,3741.92,4839.45,2781.37,5125.848231218146,5027.741091432396
e8fffaab-f310-4c9c-a833-a837b68f1658,2026-08-17 16:15:00+00:00,3037.84,3741.92,3685.68,4024.778443643375,3949.7073532698614
e8fffaab-f310-4c9c-a833-a837b68f1658,2026-08-17 16:30:00+00:00,3358.68,3037.84,3551.31,3576.8528745796903,3505.0064987086744
e8fffaab-f310-4c9c-a833-a837b68f1658,2026-08-17 16:45:00+00:00,4496.22,3358.68,4394.59,4060.880743744404,3985.6852955772447
e8fffaab-f310-4c9c-a833-a837b68f1658,2026-08-17 17:00:00+00:00,3890.59,4496.22,4451.22,5064.94964522315,5000.001415034174
e8fffaab-f310-4c9c-a833-a837b68f1658,2026-08-17 17:15:00+00:00,4771.56,3890.59,2879.63,4127.966790574664,4089.1879002086253
e8fffaab-f310-4c9c-a833-a837b68f1658,2026-08-17 17:30:00+00:00,4782.01,4771.56,4309.8,5191.24242558402,5127.206328758747
e8fffaab-f310-4c9c-a833-a837b68f1658,2026-08-17 17:45:00+00:00,3914.83,4782.01,4801.25,5093.8094714366325,5011.282382855115
e8fffaab-f310-4c9c-a833-a837b68f1658,2026-08-17 18:00:00+00:00,3778.01,3914.83,4251.01,4152.830626670604,4090.1947598782917
e8fffaab-f310-4c9c-a833-a837b68f1658,2026-08-17 18:15:00+00:00,4472.12,3778.01,4558.68,4243.401682899912,4175.0924570312445
e8fffaab-f310-4c9c-a833-a837b68f1658,2026-08-17 18:30:00+00:00,5080.21,4472.12,4261.46,4957.514576242375,4892.137416628942
e8fffaab-f310-4c9c-a833-a837b68f1658,2026-08-17 18:45:00+00:00,4669.24,5080.21,4531.59,5399.669977474353,5343.6209862360065
e8fffaab-f310-4c9c-a833-a837b68f1658,2026-08-17 19:00:00+00:00,4822.96,4669.24,4702.27,4900.034420761718,4850.622994046688
e8fffaab-f310-4c9c-a833-a837b68f1658,2026-08-17 19:15:00+00:00,11525.98,4822.96,4703.1,5133.70097489162,5069.37267080433
e8fffaab-f310-4c9c-a833-a837b68f1658,2026-08-17 19:30:00+00:00,57450.95,11525.98,4729.52,11738.101267594093,11616.853928403983
e8fffaab-f310-4c9c-a833-a837b68f1658,2026-08-17 19:45:00+00:00,57076.24,57450.95,4787.68,55866.8599707126,55435.24168186428
e8fffaab-f310-4c9c-a833-a837b68f1658,2026-08-17 20:00:00+00:00,56697.59,57076.24,4864.24,46699.08803285335,46223.57868887503
e8fffaab-f310-4c9c-a833-a837b68f1658,2026-08-17 20:15:00+00:00,42650.02,56697.59,4848.37,46560.9101957465,46020.64932436061
e8fffaab-f310-4c9c-a833-a837b68f1658,2026-08-17 20:30:00+00:00,25332.78,42650.02,5740.17,34022.83561895366,33188.641795994045
e8fffaab-f310-4c9c-a833-a837b68f1658,2026-08-17 20:45:00+00:00,4276.45,25332.78,5083.96,19543.38449217482,18828.33266552216
e8fffaab-f310-4c9c-a833-a837b68f1658,2026-08-17 21:00:00+00:00,4221.62,4276.45,4674.61,2031.1973207580131,1456.9099973474804
e8fffaab-f310-4c9c-a833-a837b68f1658,2026-08-17 21:15:00+00:00,3658.99,4221.62,4912.82,5642.840930096267,5180.42909147986
e8fffaab-f310-4c9c-a833-a837b68f1658,2026-08-17 21:30:00+00:00,3436.62,3658.99,5563.22,4668.743977788797,4326.055316399143
e8fffaab-f310-4c9c-a833-a837b68f1658,2026-08-17 21:45:00+00:00,3368.8,3436.62,4779.25,4031.4882880591376,3841.2508163409484
e8fffaab-f310-4c9c-a833-a837b68f1658,2026-08-17 22:00:00+00:00,3119.27,3368.8,4215.7,3947.6388895136224,3761.0723506207087
e8fffaab-f310-4c9c-a833-a837b68f1658,2026-08-17 22:15:00+00:00,4296.08,3119.27,4046.05,3691.2963784556487,3507.380951295416
e8fffaab-f310-4c9c-a833-a837b68f1658,2026-08-17 22:30:00+00:00,4042.18,4296.08,4179.52,4941.909250475667,4741.568674270662
e8fffaab-f310-4c9c-a833-a837b68f1658,2026-08-17 22:45:00+00:00,4018.89,4042.18,4104.53,4475.487540914927,4273.275847791347
e8fffaab-f310-4c9c-a833-a837b68f1658,2026-08-17 23:00:00+00:00,3615.96,4018.89,4025.79,4486.91690017605,4288.847958755376
e8fffaab-f310-4c9c-a833-a837b68f1658,2026-08-17 23:15:00+00:00,2961.54,3615.96,4094.74,4136.03284852454,3929.830269331289
e8fffaab-f310-4c9c-a833-a837b68f1658,2026-08-17 23:30:00+00:00,4499.16,2961.54,4017.89,3615.922254057292,3409.8635286541976
e8fffaab-f310-4c9c-a833-a837b68f1658,2026-08-17 23:45:00+00:00,4801.27,4499.16,4791.59,5249.920590712793,5038.313491923756
e8fffaab-f310-4c9c-a833-a837b68f1658,2026-08-18 00:00:00+00:00,3754.56,4801.27,3388.15,5138.451010778038,4967.972548748637
e8fffaab-f310-4c9c-a833-a837b68f1658,2026-08-18 00:15:00+00:00,3325.1,3754.56,4748.55,4153.735341327811,3972.2185571497666
e8fffaab-f310-4c9c-a833-a837b68f1658,2026-08-18 00:30:00+00:00,3303.48,3325.1,3544.71,3897.5818236395216,3725.573477707906
e8fffaab-f310-4c9c-a833-a837b68f1658,2026-08-18 00:45:00+00:00,3672.24,3303.48,3960.43,4019.118132476995,3840.374008331676
e8fffaab-f310-4c9c-a833-a837b68f1658,2026-08-18 01:00:00+00:00,3202.58,3672.24,3810.46,4372.277022251246,4204.129696597918
e8fffaab-f310-4c9c-a833-a837b68f1658,2026-08-18 01:15:00+00:00,3891.76,3202.58,3517.49,3864.3484855652077,3709.397983109806
e8fffaab-f310-4c9c-a833-a837b68f1658,2026-08-18 01:30:00+00:00,4215.92,3891.76,3229.84,4674.8220529298405,4524.499972004485
e8fffaab-f310-4c9c-a833-a837b68f1658,2026-08-18 01:45:00+00:00,3960.55,4215.92,3222.03,4869.366398618069,4729.595996024525
e8fffaab-f310-4c9c-a833-a837b68f1658,2026-08-18 02:00:00+00:00,5068.92,3960.55,5430.85,4808.123070284894,4642.025758744995
e8fffaab-f310-4c9c-a833-a837b68f1658,2026-08-18 02:15:00+00:00,5096.18,5068.92,5501.49,5996.530887281604,5837.667065145787
e8fffaab-f310-4c9c-a833-a837b68f1658,2026-08-18 02:30:00+00:00,5118.42,5096.18,5592.7,5840.011896613629,5699.082252350138
e8fffaab-f310-4c9c-a833-a837b68f1658,2026-08-18 02:45:00+00:00,6300.95,5118.42,5420.44,5865.299480684304,5750.450301808504
e8fffaab-f310-4c9c-a833-a837b68f1658,2026-08-18 03:00:00+00:00,5140.88,6300.95,5714.98,7109.496063856553,6996.97790653897
e8fffaab-f310-4c9c-a833-a837b68f1658,2026-08-18 03:15:00+00:00,5407.35,5140.88,5734.59,5732.4540397481,5649.229984587237
e8fffaab-f310-4c9c-a833-a837b68f1658,2026-08-18 03:30:00+00:00,4733.22,5407.35,5676.97,6254.117003150435,6187.794359546622
e8fffaab-f310-4c9c-a833-a837b68f1658,2026-08-18 03:45:00+00:00,5113.76,4733.22,6345.54,5602.5632530802395,5547.840343811498
e8fffaab-f310-4c9c-a833-a837b68f1658,2026-08-18 04:00:00+00:00,4642.95,5113.76,7182.17,6133.804639112166,6099.534683864072
e8fffaab-f310-4c9c-a833-a837b68f1658,2026-08-18 04:15:00+00:00,7185.72,4642.95,10354.66,5762.603668012215,5721.421354708125
e8fffaab-f310-4c9c-a833-a837b68f1658,2026-08-18 04:30:00+00:00,7831.66,7185.72,8588.78,8258.169853389096,8252.918720617201
e8fffaab-f310-4c9c-a833-a837b68f1658,2026-08-18 04:45:00+00:00,6526.24,7831.66,7845.48,8403.275187035115,8421.191606031836
e8fffaab-f310-4c9c-a833-a837b68f1658,2026-08-18 05:00:00+00:00,8338.08,6526.24,7274.66,7149.179937438192,7180.852277989087
e8fffaab-f310-4c9c-a833-a837b68f1658,2026-08-18 05:15:00+00:00,8411.15,8338.08,7518.83,9306.239463279537,9323.66939745189
e8fffaab-f310-4c9c-a833-a837b68f1658,2026-08-18 05:30:00+00:00,15576.95,8411.15,9653.92,9120.572248853725,9137.855581953794
e8fffaab-f310-4c9c-a833-a837b68f1658,2026-08-18 05:45:00+00:00,17761.25,15576.95,12393.31,16386.907011098236,16348.082213173177
e8fffaab-f310-4c9c-a833-a837b68f1658,2026-08-18 06:00:00+00:00,17748.97,17761.25,12655.82,17203.00079160057,17156.286749562965
e8fffaab-f310-4c9c-a833-a837b68f1658,2026-08-18 06:15:00+00:00,17548.43,17748.97,10903.46,16755.35215568685,16706.740328481996
e8fffaab-f310-4c9c-a833-a837b68f1658,2026-08-18 06:30:00+00:00,18149.87,17548.43,11426.43,16575.467839710476,16490.19823950931
e8fffaab-f310-4c9c-a833-a837b68f1658,2026-08-18 06:45:00+00:00,16740.62,18149.87,11820.14,17346.63043549854,17218.045297082703
e8fffaab-f310-4c9c-a833-a837b68f1658,2026-08-18 07:00:00+00:00,17813.75,16740.62,12172.13,15766.724879859677,15647.345084857458
e8fffaab-f310-4c9c-a833-a837b68f1658,2026-08-18 07:15:00+00:00,16539.05,17813.75,10829.67,17249.46683100077,17059.32345879827
e8fffaab-f310-4c9c-a833-a837b68f1658,2026-08-18 07:30:00+00:00,14499.74,16539.05,12336.81,15804.524979365582,15565.233948036186
e8fffaab-f310-4c9c-a833-a837b68f1658,2026-08-18 07:45:00+00:00,14747.18,14499.74,12817.02,13934.500814521369,13680.723935915928
e8fffaab-f310-4c9c-a833-a837b68f1658,2026-08-18 08:00:00+00:00,10705.22,14747.18,7174.55,14179.838766295674,13951.104324819073
e8fffaab-f310-4c9c-a833-a837b68f1658,2026-08-18 08:15:00+00:00,8359.16,10705.22,11096.6,10544.254373161784,10346.440526221408
e8fffaab-f310-4c9c-a833-a837b68f1658,2026-08-18 08:30:00+00:00,10708.61,8359.16,15698.21,9178.415098328078,9039.504653207416
e8fffaab-f310-4c9c-a833-a837b68f1658,2026-08-18 08:45:00+00:00,9613.01,10708.61,16900.07,11912.23148196537,11835.1237735145
e8fffaab-f310-4c9c-a833-a837b68f1658,2026-08-18 09:00:00+00:00,9033.27,9613.01,12225.82,9819.953584851231,9935.8890506554
e8fffaab-f310-4c9c-a833-a837b68f1658,2026-08-18 09:15:00+00:00,10220.42,9033.27,12983.8,9783.155155723403,9838.347598943486
e8fffaab-f310-4c9c-a833-a837b68f1658,2026-08-18 09:30:00+00:00,10569.11,10220.42,6161.38,10484.862395851766,10614.259291285947
e8fffaab-f310-4c9c-a833-a837b68f1658,2026-08-18 09:45:00+00:00,11808.35,10569.11,6837.69,10491.05085386432,10613.21603551363
e8fffaab-f310-4c9c-a833-a837b68f1658,2026-08-18 10:00:00+00:00,12759.1,11808.35,7203.04,11644.303731637006,11734.789713199512
e8fffaab-f310-4c9c-a833-a837b68f1658,2026-08-18 10:15:00+00:00,11704.7,12759.1,8327.26,12728.738170983448,12676.6675851539
e8fffaab-f310-4c9c-a833-a837b68f1658,2026-08-18 10:30:00+00:00,12662.17,11704.7,3182.46,11104.337410562897,11065.294899933135
e8fffaab-f310-4c9c-a833-a837b68f1658,2026-08-18 10:45:00+00:00,9021.0,12662.17,3544.34,12007.062149828396,11924.497877781583
e8fffaab-f310-4c9c-a833-a837b68f1658,2026-08-18 11:00:00+00:00,10686.53,9021.0,9346.16,8772.218891558028,8532.431569115211
e8fffaab-f310-4c9c-a833-a837b68f1658,2026-08-18 11:15:00+00:00,14232.88,10686.53,13412.44,11309.219833925017,11004.735004777925
e8fffaab-f310-4c9c-a833-a837b68f1658,2026-08-18 11:30:00+00:00,12052.97,14232.88,10771.42,14316.76977928108,14000.142123686219
e8fffaab-f310-4c9c-a833-a837b68f1658,2026-08-18 11:45:00+00:00,12898.42,12052.97,8283.85,11119.986593755735,10869.511093489478
e8fffaab-f310-4c9c-a833-a837b68f1658,2026-08-18 12:00:00+00:00,13042.56,12898.42,15086.86,12965.323272803065,12568.136876437638
e8fffaab-f310-4c9c-a833-a837b68f1658,2026-08-18 12:15:00+00:00,12392.53,13042.56,13113.93,12759.635886121825,12396.141519527402
e8fffaab-f310-4c9c-a833-a837b68f1658,2026-08-18 12:30:00+00:00,11380.8,12392.53,10960.92,12055.48500369118,11726.630168906013
e8fffaab-f310-4c9c-a833-a837b68f1658,2026-08-18 12:45:00+00:00,10587.9,11380.8,22791.23,11851.149851642846,11395.730392060887
e8fffaab-f310-4c9c-a833-a837b68f1658,2026-08-18 13:00:00+00:00,13904.95,10587.9,39265.07,11498.571777049527,10971.157813012704
e8fffaab-f310-4c9c-a833-a837b68f1658,2026-08-18 13:15:00+00:00,14027.5,13904.95,12270.15,13813.828292158194,13488.598102057822
e8fffaab-f310-4c9c-a833-a837b68f1658,2026-08-18 13:30:00+00:00,12239.27,14027.5,11005.75,13314.170996976642,12955.414899530508
e8fffaab-f310-4c9c-a833-a837b68f1658,2026-08-18 13:45:00+00:00,11063.85,12239.27,10540.56,11390.622597639329,11031.742712161913
e8fffaab-f310-4c9c-a833-a837b68f1658,2026-08-18 14:00:00+00:00,9300.16,11063.85,10161.35,10822.477108271738,10384.248104368635
e8fffaab-f310-4c9c-a833-a837b68f1658,2026-08-18 14:15:00+00:00,12333.47,9300.16,10838.73,9288.883869393592,8855.876641252644
e8fffaab-f310-4c9c-a833-a837b68f1658,2026-08-18 14:30:00+00:00,11494.86,12333.47,9005.95,12353.556274931663,11948.688874608277
e8fffaab-f310-4c9c-a833-a837b68f1658,2026-08-18 14:45:00+00:00,8573.3,11494.86,7887.16,10651.212190475779,10293.20481259987
e8fffaab-f310-4c9c-a833-a837b68f1658,2026-08-18 15:00:00+00:00,4984.87,8573.3,5803.14,7813.353566475747,7493.903719913302
e8fffaab-f310-4c9c-a833-a837b68f1658,2026-08-18 15:15:00+00:00,3268.49,4984.87,4496.5,4822.712334107676,4537.3809727312655
e8fffaab-f310-4c9c-a833-a837b68f1658,2026-08-18 15:30:00+00:00,6400.7,3268.49,5023.51,3818.159354814221,3561.918787915197
e8fffaab-f310-4c9c-a833-a837b68f1658,2026-08-18 15:45:00+00:00,4642.35,6400.7,4839.45,7253.5423987467675,7001.625762919599
e8fffaab-f310-4c9c-a833-a837b68f1658,2026-08-18 16:00:00+00:00,2829.27,4642.35,3741.92,4599.481289036565,4435.06931474373
e8fffaab-f310-4c9c-a833-a837b68f1658,2026-08-18 16:15:00+00:00,2699.63,2829.27,3037.84,3071.3116296449225,2954.8528064265847
e8fffaab-f310-4c9c-a833-a837b68f1658,2026-08-18 16:30:00+00:00,2923.18,2699.63,3358.68,3374.199256125543,3249.519379184155
e8fffaab-f310-4c9c-a833-a837b68f1658,2026-08-18 16:45:00+00:00,2367.59,2923.18,4496.22,3614.1844019649925,3506.59890758863
e8fffaab-f310-4c9c-a833-a837b68f1658,2026-08-18 17:00:00+00:00,3529.4,2367.59,3890.59,2904.510899987372,2841.3932871241395
e8fffaab-f310-4c9c-a833-a837b68f1658,2026-08-18 17:15:00+00:00,3553.1,3529.4,4771.56,4181.364034256802,4108.62538472917
e8fffaab-f310-4c9c-a833-a837b68f1658,2026-08-18 17:30:00+00:00,3221.52,3553.1,4782.01,4015.176613683335,3938.2960534480153
e8fffaab-f310-4c9c-a833-a837b68f1658,2026-08-18 17:45:00+00:00,3688.16,3221.52,3914.83,3623.34183061773,3565.5979874327204
e8fffaab-f310-4c9c-a833-a837b68f1658,2026-08-18 18:00:00+00:00,3848.88,3688.16,3778.01,4154.057374134797,4092.3383872336517
e8fffaab-f310-4c9c-a833-a837b68f1658,2026-08-18 18:15:00+00:00,3867.3,3848.88,4472.12,4254.247178016024,4182.373175383139
e8fffaab-f310-4c9c-a833-a837b68f1658,2026-08-18 18:30:00+00:00,3857.84,3867.3,5080.21,4258.203061449814,4181.624326302832
e8fffaab-f310-4c9c-a833-a837b68f1658,2026-08-18 18:45:00+00:00,4344.57,3857.84,4669.24,4222.324265325325,4148.303035356038
e8fffaab-f310-4c9c-a833-a837b68f1658,2026-08-18 19:00:00+00:00,4529.88,4344.57,4822.96,4725.879157297458,4644.6120117346645
e8fffaab-f310-4c9c-a833-a837b68f1658,2026-08-18 19:15:00+00:00,5202.35,4529.88,11525.98,5165.803756808647,4992.139741498163
e8fffaab-f310-4c9c-a833-a837b68f1658,2026-08-18 19:30:00+00:00,5019.9,5202.35,57450.95,7881.331637498373,7226.387184439696
e8fffaab-f310-4c9c-a833-a837b68f1658,2026-08-18 19:45:00+00:00,4825.23,5019.9,57076.24,7538.019768678745,6874.266479840534
e8fffaab-f310-4c9c-a833-a837b68f1658,2026-08-18 20:00:00+00:00,4935.48,4825.23,56697.59,7392.326844812844,6715.576495824124
e8fffaab-f310-4c9c-a833-a837b68f1658,2026-08-18 20:15:00+00:00,5022.76,4935.48,42650.02,6926.697585927343,6366.659205177426
e8fffaab-f310-4c9c-a833-a837b68f1658,2026-08-18 20:30:00+00:00,4839.52,5022.76,25332.78,6146.481643034496,5753.716166004297
e8fffaab-f310-4c9c-a833-a837b68f1658,2026-08-18 20:45:00+00:00,4512.9,4839.52,4276.45,4989.413430651256,4795.917925187476
e8fffaab-f310-4c9c-a833-a837b68f1658,2026-08-18 21:00:00+00:00,3914.28,4512.9,4221.62,4700.725985828976,4496.293418356238
e8fffaab-f310-4c9c-a833-a837b68f1658,2026-08-18 21:15:00+00:00,4303.86,3914.28,3658.99,4156.134573199738,3946.320675745461
e8fffaab-f310-4c9c-a833-a837b68f1658,2026-08-18 21:30:00+00:00,4469.72,4303.86,3436.62,4672.412569673711,4447.700530244261
e8fffaab-f310-4c9c-a833-a837b68f1658,2026-08-18 21:45:00+00:00,4483.04,4469.72,3368.8,4786.025694944112,4547.581442688305
e8fffaab-f310-4c9c-a833-a837b68f1658,2026-08-18 22:00:00+00:00,4069.42,4483.04,3119.27,4702.871808296929,4469.0915264465475
e8fffaab-f310-4c9c-a833-a837b68f1658,2026-08-18 22:15:00+00:00,4037.27,4069.42,4296.08,4370.926434693322,4115.439464453839
e8fffaab-f310-4c9c-a833-a837b68f1658,2026-08-18 22:30:00+00:00,4032.48,4037.27,4042.18,4427.711506197529,4166.214777646555
e8fffaab-f310-4c9c-a833-a837b68f1658,2026-08-18 22:45:00+00:00,4890.73,4032.48,4018.89,4472.775910937156,4201.098738116231
e8fffaab-f310-4c9c-a833-a837b68f1658,2026-08-18 23:00:00+00:00,5002.06,4890.73,3615.96,5342.798563837278,5063.494710036334
e8fffaab-f310-4c9c-a833-a837b68f1658,2026-08-18 23:15:00+00:00,4210.26,5002.06,2961.54,5242.376756354448,4965.915299204739
e8fffaab-f310-4c9c-a833-a837b68f1658,2026-08-18 23:30:00+00:00,3554.29,4210.26,4499.16,4570.900780091868,4270.955895414794
e8fffaab-f310-4c9c-a833-a837b68f1658,2026-08-18 23:45:00+00:00,4951.41,3554.29,4801.27,4076.08717127191,3775.438063239556
e8fffaab-f310-4c9c-a833-a837b68f1658,2026-08-19 00:00:00+00:00,4588.35,4951.41,3754.56,5478.120454749423,5209.8743602532395
e8fffaab-f310-4c9c-a833-a837b68f1658,2026-08-19 00:15:00+00:00,3508.82,4588.35,3325.1,4832.358553894525,4578.11336185877
e8fffaab-f310-4c9c-a833-a837b68f1658,2026-08-19 00:30:00+00:00,3431.27,3508.82,3303.48,3818.772677780742,3584.1695253457074
e8fffaab-f310-4c9c-a833-a837b68f1658,2026-08-19 00:45:00+00:00,3150.43,3431.27,3672.24,4034.11600950902,3790.633434636665
e8fffaab-f310-4c9c-a833-a837b68f1658,2026-08-19 01:00:00+00:00,3185.96,3150.43,3202.58,3733.3361375815493,3511.3091722990757
e8fffaab-f310-4c9c-a833-a837b68f1658,2026-08-19 01:15:00+00:00,3378.96,3185.96,3891.76,3857.103444541306,3647.3524075485493
e8fffaab-f310-4c9c-a833-a837b68f1658,2026-08-19 01:30:00+00:00,3558.01,3378.96,4215.92,4082.2659851936405,3881.5806014830596
e8fffaab-f310-4c9c-a833-a837b68f1658,2026-08-19 01:45:00+00:00,3567.13,3558.01,3960.55,4235.126091817031,4051.8615850111055
e8fffaab-f310-4c9c-a833-a837b68f1658,2026-08-19 02:00:00+00:00,5045.91,3567.13,5068.92,4425.724465030702,4225.368930566455
e8fffaab-f310-4c9c-a833-a837b68f1658,2026-08-19 02:15:00+00:00,5404.03,5045.91,5096.18,5934.776075103933,5738.475318300962
e8fffaab-f310-4c9c-a833-a837b68f1658,2026-08-19 02:30:00+00:00,5042.22,5404.03,5118.42,6025.669540737146,5845.287837995923
e8fffaab-f310-4c9c-a833-a837b68f1658,2026-08-19 02:45:00+00:00,5951.01,5042.22,6300.95,5716.913538651918,5541.104985001184
e8fffaab-f310-4c9c-a833-a837b68f1658,2026-08-19 03:00:00+00:00,6096.33,5951.01,5140.88,6674.268707858119,6518.197877600062
e8fffaab-f310-4c9c-a833-a837b68f1658,2026-08-19 03:15:00+00:00,6156.05,6096.33,5407.35,6661.862561477903,6525.606363712082
e8fffaab-f310-4c9c-a833-a837b68f1658,2026-08-19 03:30:00+00:00,5692.63,6156.05,4733.22,6689.513652463456,6583.820630864289
e8fffaab-f310-4c9c-a833-a837b68f1658,2026-08-19 03:45:00+00:00,5281.8,5692.63,5113.76,6300.012743742571,6208.313391519885
e8fffaab-f310-4c9c-a833-a837b68f1658,2026-08-19 04:00:00+00:00,5969.59,5281.8,4642.95,6189.279989747525,6097.613504389106
e8fffaab-f310-4c9c-a833-a837b68f1658,2026-08-19 04:15:00+00:00,8450.08,5969.59,7185.72,6993.763410085123,6911.829994470625
e8fffaab-f310-4c9c-a833-a837b68f1658,2026-08-19 04:30:00+00:00,6710.88,8450.08,7831.66,9250.831038737062,9191.21655985813
e8fffaab-f310-4c9c-a833-a837b68f1658,2026-08-19 04:45:00+00:00,7377.87,6710.88,6526.24,7019.012234924922,7009.043491916202
e8fffaab-f310-4c9c-a833-a837b68f1658,2026-08-19 05:00:00+00:00,6351.41,7377.87,8338.08,8094.389699878154,8090.347154904515
e8fffaab-f310-4c9c-a833-a837b68f1658,2026-08-19 05:15:00+00:00,8124.84,6351.41,8411.15,7138.178345084141,7122.383925660122
e8fffaab-f310-4c9c-a833-a837b68f1658,2026-08-19 05:30:00+00:00,12585.38,8124.84,15576.95,9406.594944132514,9336.138531875704
e8fffaab-f310-4c9c-a833-a837b68f1658,2026-08-19 05:45:00+00:00,19112.83,12585.38,17761.25,13620.421457333978,13508.898642948621
e8fffaab-f310-4c9c-a833-a837b68f1658,2026-08-19 06:00:00+00:00,19056.67,19112.83,17748.97,19316.62757065999,19167.96596205754
e8fffaab-f310-4c9c-a833-a837b68f1658,2026-08-19 06:15:00+00:00,19789.72,19056.67,17548.43,17938.13226344565,17807.90803362203
e8fffaab-f310-4c9c-a833-a837b68f1658,2026-08-19 06:30:00+00:00,19153.23,19789.72,18149.87,18766.954090543695,18616.854418343428
e8fffaab-f310-4c9c-a833-a837b68f1658,2026-08-19 06:45:00+00:00,20760.69,19153.23,16740.62,18203.78536623259,18021.923529539825
e8fffaab-f310-4c9c-a833-a837b68f1658,2026-08-19 07:00:00+00:00,19598.32,20760.69,17813.75,19862.88900507809,19692.286838765158
e8fffaab-f310-4c9c-a833-a837b68f1658,2026-08-19 07:15:00+00:00,17819.54,19598.32,16539.05,18581.01124802309,18366.603187732013
e8fffaab-f310-4c9c-a833-a837b68f1658,2026-08-19 07:30:00+00:00,15963.64,17819.54,14499.74,16845.35657613644,16658.56220697974
e8fffaab-f310-4c9c-a833-a837b68f1658,2026-08-19 07:45:00+00:00,13549.36,15963.64,14747.18,15602.517026842801,15357.56457039891
e8fffaab-f310-4c9c-a833-a837b68f1658,2026-08-19 08:00:00+00:00,11483.02,13549.36,10705.22,13304.029913270857,13107.389863568202
e8fffaab-f310-4c9c-a833-a837b68f1658,2026-08-19 08:15:00+00:00,10728.16,11483.02,8359.16,11786.419165355317,11679.236818759673
e8fffaab-f310-4c9c-a833-a837b68f1658,2026-08-19 08:30:00+00:00,10898.38,10728.16,10708.61,11409.24143154162,11382.189942885387
e8fffaab-f310-4c9c-a833-a837b68f1658,2026-08-19 08:45:00+00:00,10823.01,10898.38,9613.01,11496.510802009818,11584.437521754673
e8fffaab-f310-4c9c-a833-a837b68f1658,2026-08-19 09:00:00+00:00,11959.3,10823.01,9033.27,11366.542559873766,11534.100102598028
e8fffaab-f310-4c9c-a833-a837b68f1658,2026-08-19 09:15:00+00:00,10247.44,11959.3,10220.42,12630.789684402323,12745.13862856557
e8fffaab-f310-4c9c-a833-a837b68f1658,2026-08-19 09:30:00+00:00,9233.69,10247.44,10569.11,10786.548987708245,10872.039003586817
e8fffaab-f310-4c9c-a833-a837b68f1658,2026-08-19 09:45:00+00:00,9552.84,9233.69,11808.35,10096.039965109612,10160.024944007762
e8fffaab-f310-4c9c-a833-a837b68f1658,2026-08-19 10:00:00+00:00,13473.09,9552.84,12759.1,10546.832995381259,10581.645672451363
e8fffaab-f310-4c9c-a833-a837b68f1658,2026-08-19 10:15:00+00:00,12796.28,13473.09,11704.7,14170.93428540303,14195.705101019532
e8fffaab-f310-4c9c-a833-a837b68f1658,2026-08-19 10:30:00+00:00,11963.28,12796.28,12662.17,12933.195980233246,12905.718464110223
e8fffaab-f310-4c9c-a833-a837b68f1658,2026-08-19 10:45:00+00:00,9618.99,11963.28,9021.0,11442.235939996586,11528.212307650234
e8fffaab-f310-4c9c-a833-a837b68f1658,2026-08-19 11:00:00+00:00,11667.41,9618.99,10686.53,10058.072680578243,9989.79454071563
e8fffaab-f310-4c9c-a833-a837b68f1658,2026-08-19 11:15:00+00:00,14661.97,11667.41,14232.88,12137.296667522003,12017.43156285175
e8fffaab-f310-4c9c-a833-a837b68f1658,2026-08-19 11:30:00+00:00,11468.78,14661.97,12052.97,14672.800767002973,14449.90037178966
e8fffaab-f310-4c9c-a833-a837b68f1658,2026-08-19 11:45:00+00:00,12660.47,11468.78,12898.42,10525.059342728695,10293.515222527762
e8fffaab-f310-4c9c-a833-a837b68f1658,2026-08-19 12:00:00+00:00,12160.39,12660.47,13042.56,12548.859273790671,12167.405478619148
e8fffaab-f310-4c9c-a833-a837b68f1658,2026-08-19 12:15:00+00:00,11332.6,12160.39,12392.53,12195.349457803743,11844.547567339896
e8fffaab-f310-4c9c-a833-a837b68f1658,2026-08-19 12:30:00+00:00,10339.12,11332.6,11380.8,10945.573630628034,10791.495636951598
e8fffaab-f310-4c9c-a833-a837b68f1658,2026-08-19 12:45:00+00:00,11352.62,10339.12,10587.9,10420.523455455856,10316.359888903573
e8fffaab-f310-4c9c-a833-a837b68f1658,2026-08-19 13:00:00+00:00,11551.53,11352.62,13904.95,11713.675114563506,11670.250997065014
e8fffaab-f310-4c9c-a833-a837b68f1658,2026-08-19 13:15:00+00:00,8953.42,11551.53,14027.5,12058.709732211117,11969.802799509021
e8fffaab-f310-4c9c-a833-a837b68f1658,2026-08-19 13:30:00+00:00,9864.69,8953.42,12239.27,9519.475512865272,9451.604822905705
e8fffaab-f310-4c9c-a833-a837b68f1658,2026-08-19 13:45:00+00:00,9754.63,9864.69,11063.85,10840.376535872396,10785.615465560308
e8fffaab-f310-4c9c-a833-a837b68f1658,2026-08-19 14:00:00+00:00,9728.21,9754.63,9300.16,10371.997128455792,10354.128378876983
e8fffaab-f310-4c9c-a833-a837b68f1658,2026-08-19 14:15:00+00:00,9165.76,9728.21,12333.47,10550.295454381725,10469.17771004701
e8fffaab-f310-4c9c-a833-a837b68f1658,2026-08-19 14:30:00+00:00,9654.66,9165.76,11494.86,9816.803029757642,9730.773132185393
e8fffaab-f310-4c9c-a833-a837b68f1658,2026-08-19 14:45:00+00:00,6582.48,9654.66,8573.3,10153.70409415206,10076.231074281297
e8fffaab-f310-4c9c-a833-a837b68f1658,2026-08-19 15:00:00+00:00,5649.12,6582.48,4984.87,6930.346487428809,6858.562041961923
e8fffaab-f310-4c9c-a833-a837b68f1658,2026-08-19 15:15:00+00:00,4781.17,5649.12,3268.49,5745.449221013501,5799.283902818941
e8fffaab-f310-4c9c-a833-a837b68f1658,2026-08-19 15:30:00+00:00,5008.71,4781.17,6400.7,5226.419257460831,5225.802443249789
e8fffaab-f310-4c9c-a833-a837b68f1658,2026-08-19 15:45:00+00:00,4118.19,5008.71,4642.35,5536.087021411141,5538.155342518528
e8fffaab-f310-4c9c-a833-a837b68f1658,2026-08-19 16:00:00+00:00,4582.78,4118.19,2829.27,4390.208248645768,4415.189687697612
e8fffaab-f310-4c9c-a833-a837b68f1658,2026-08-19 16:15:00+00:00,4902.68,4582.78,2699.63,4925.268869150361,4961.873477457837
e8fffaab-f310-4c9c-a833-a837b68f1658,2026-08-19 16:30:00+00:00,4687.0,4902.68,2923.18,5094.353723243345,5131.2530288220605
e8fffaab-f310-4c9c-a833-a837b68f1658,2026-08-19 16:45:00+00:00,4396.02,4687.0,2367.59,4777.892659314337,4822.046737793353
e8fffaab-f310-4c9c-a833-a837b68f1658,2026-08-19 17:00:00+00:00,5179.3,4396.02,3529.4,4586.998760513027,4613.963080295997
e8fffaab-f310-4c9c-a833-a837b68f1658,2026-08-19 17:15:00+00:00,4625.12,5179.3,3553.1,5366.036412519282,5387.055662925578
e8fffaab-f310-4c9c-a833-a837b68f1658,2026-08-19 17:30:00+00:00,3965.51,4625.12,3221.52,4672.5009322978285,4689.555128409855
e8fffaab-f310-4c9c-a833-a837b68f1658,2026-08-19 17:45:00+00:00,3524.34,3965.51,3688.16,4136.455144120893,4148.575943244719
e8fffaab-f310-4c9c-a833-a837b68f1658,2026-08-19 18:00:00+00:00,4273.16,3524.34,3848.88,3837.3625002822164,3840.4505544161802
e8fffaab-f310-4c9c-a833-a837b68f1658,2026-08-19 18:15:00+00:00,4609.29,4273.16,3867.3,4626.048405998109,4628.879215665515
e8fffaab-f310-4c9c-a833-a837b68f1658,2026-08-19 18:30:00+00:00,4284.43,4609.29,3857.84,4789.9854999615745,4793.471432483532
e8fffaab-f310-4c9c-a833-a837b68f1658,2026-08-19 18:45:00+00:00,4779.56,4284.43,4344.57,4411.660507434967,4413.75458789037
e8fffaab-f310-4c9c-a833-a837b68f1658,2026-08-19 19:00:00+00:00,3955.11,4779.56,4529.88,5009.339721255181,4996.580024836901
e8fffaab-f310-4c9c-a833-a837b68f1658,2026-08-19 19:15:00+00:00,4307.55,3955.11,5202.35,4153.315349329365,4114.168169280408
e8fffaab-f310-4c9c-a833-a837b68f1658,2026-08-19 19:30:00+00:00,4156.01,4307.55,5019.9,4644.2803605294075,4588.989724608078
e8fffaab-f310-4c9c-a833-a837b68f1658,2026-08-19 19:45:00+00:00,4909.65,4156.01,4825.23,4453.416435334195,4375.848117529435
e8fffaab-f310-4c9c-a833-a837b68f1658,2026-08-19 20:00:00+00:00,5000.41,4909.65,4935.48,5183.91936571317,5094.719556694951
e8fffaab-f310-4c9c-a833-a837b68f1658,2026-08-19 20:15:00+00:00,4459.77,5000.41,5022.76,5125.767207571295,5015.823617279975
e8fffaab-f310-4c9c-a833-a837b68f1658,2026-08-19 20:30:00+00:00,4109.6,4459.77,4839.52,4568.074601477623,4446.298305792208
e8fffaab-f310-4c9c-a833-a837b68f1658,2026-08-19 20:45:00+00:00,4623.67,4109.6,4512.9,4334.002279709541,4196.02944045131
e8fffaab-f310-4c9c-a833-a837b68f1658,2026-08-19 21:00:00+00:00,4637.04,4623.67,3914.28,4876.898266347282,4728.1411833307
e8fffaab-f310-4c9c-a833-a837b68f1658,2026-08-19 21:15:00+00:00,4244.22,4637.04,4303.86,4801.83383928669,4640.714985389438
e8fffaab-f310-4c9c-a833-a837b68f1658,2026-08-19 21:30:00+00:00,4264.66,4244.22,4469.72,4427.351256631708,4257.516849659172
e8fffaab-f310-4c9c-a833-a837b68f1658,2026-08-19 21:45:00+00:00,4038.12,4264.66,4483.04,4554.95700890811,4370.645955896144
e8fffaab-f310-4c9c-a833-a837b68f1658,2026-08-19 22:00:00+00:00,4532.8,4038.12,4069.42,4309.288266496908,4124.392339069929
e8fffaab-f310-4c9c-a833-a837b68f1658,2026-08-19 22:15:00+00:00,3680.6,4532.8,4037.27,4837.171672452605,4650.06017773727
e8fffaab-f310-4c9c-a833-a837b68f1658,2026-08-19 22:30:00+00:00,3626.1,3680.6,4032.48,3964.7926492199504,3772.8576213092947
e8fffaab-f310-4c9c-a833-a837b68f1658,2026-08-19 22:45:00+00:00,3729.89,3626.1,4890.73,4095.856087614019,3902.092217426666
e8fffaab-f310-4c9c-a833-a837b68f1658,2026-08-19 23:00:00+00:00,4416.74,3729.89,5002.06,4258.964160850088,4058.6722450960824
e8fffaab-f310-4c9c-a833-a837b68f1658,2026-08-19 23:15:00+00:00,4405.43,4416.74,4210.26,4874.821050859808,4689.268688373104
e8fffaab-f310-4c9c-a833-a837b68f1658,2026-08-19 23:30:00+00:00,4370.88,4405.43,3554.29,4724.587391547406,4550.761645817261
e8fffaab-f310-4c9c-a833-a837b68f1658,2026-08-19 23:45:00+00:00,4128.04,4370.88,4951.41,4770.006605396544,4590.599879895488
e8fffaab-f310-4c9c-a833-a837b68f1658,2026-08-20 00:00:00+00:00,4397.18,4128.04,4588.35,4482.712445170806,4336.381508264759
e8fffaab-f310-4c9c-a833-a837b68f1658,2026-08-20 00:15:00+00:00,4344.0,4397.18,3508.82,4774.4787700957095,4637.906624189199
e8fffaab-f310-4c9c-a833-a837b68f1658,2026-08-20 00:30:00+00:00,4231.21,4344.0,3431.27,4683.8795458823215,4552.278765671718
e8fffaab-f310-4c9c-a833-a837b68f1658,2026-08-20 00:45:00+00:00,3868.93,4231.21,3150.43,4587.934312240955,4466.32123550936
e8fffaab-f310-4c9c-a833-a837b68f1658,2026-08-20 01:00:00+00:00,3553.24,3868.93,3185.96,4272.540243167219,4159.03419906341
e8fffaab-f310-4c9c-a833-a837b68f1658,2026-08-20 01:15:00+00:00,3561.26,3553.24,3378.96,4066.2007278679876,3963.975158547064
e8fffaab-f310-4c9c-a833-a837b68f1658,2026-08-20 01:30:00+00:00,3717.84,3561.26,3558.01,4201.350021480973,4105.329329876665
e8fffaab-f310-4c9c-a833-a837b68f1658,2026-08-20 01:45:00+00:00,3806.35,3717.84,3567.13,4345.259682851136,4269.11750144084
e8fffaab-f310-4c9c-a833-a837b68f1658,2026-08-20 02:00:00+00:00,5697.95,3806.35,5045.91,4654.0029303777255,4554.054602347408
e8fffaab-f310-4c9c-a833-a837b68f1658,2026-08-20 02:15:00+00:00,5251.01,5697.95,5404.03,6530.992452974741,6430.132017706264
e8fffaab-f310-4c9c-a833-a837b68f1658,2026-08-20 02:30:00+00:00,5686.82,5251.01,5042.22,5691.546454747448,5615.486229542917
e8fffaab-f310-4c9c-a833-a837b68f1658,2026-08-20 02:45:00+00:00,6176.95,5686.82,5951.01,6270.763623731938,6198.0553316404985
e8fffaab-f310-4c9c-a833-a837b68f1658,2026-08-20 03:00:00+00:00,6453.31,6176.95,6096.33,6787.162372222247,6705.300032427015
e8fffaab-f310-4c9c-a833-a837b68f1658,2026-08-20 03:15:00+00:00,6717.45,6453.31,6156.05,6983.526399686507,6921.2590940836235
e8fffaab-f310-4c9c-a833-a837b68f1658,2026-08-20 03:30:00+00:00,6091.68,6717.45,5692.63,7202.690794966974,7160.452233551483
e8fffaab-f310-4c9c-a833-a837b68f1658,2026-08-20 03:45:00+00:00,6172.8,6091.68,5281.8,6519.926727282958,6507.736704492852
e8fffaab-f310-4c9c-a833-a837b68f1658,2026-08-20 04:00:00+00:00,6118.27,6172.8,5969.59,6775.845026724814,6777.22164693664
e8fffaab-f310-4c9c-a833-a837b68f1658,2026-08-20 04:15:00+00:00,6471.99,6118.27,8450.08,6849.368837184906,6848.2757573773
e8fffaab-f310-4c9c-a833-a837b68f1658,2026-08-20 04:30:00+00:00,5191.01,6471.99,6710.88,7245.92035931009,7272.4865469051365
e8fffaab-f310-4c9c-a833-a837b68f1658,2026-08-20 04:45:00+00:00,5904.86,5191.01,7377.87,5902.495378655529,5964.886025224454
e8fffaab-f310-4c9c-a833-a837b68f1658,2026-08-20 05:00:00+00:00,8855.97,5904.86,6351.41,6825.642489122489,6920.905431019005
e8fffaab-f310-4c9c-a833-a837b68f1658,2026-08-20 05:15:00+00:00,9943.68,8855.97,8124.84,9742.570564494315,9801.745607150962
e8fffaab-f310-4c9c-a833-a837b68f1658,2026-08-20 05:30:00+00:00,18494.99,9943.68,12585.38,10881.018765122408,10834.772636989437
e8fffaab-f310-4c9c-a833-a837b68f1658,2026-08-20 05:45:00+00:00,19641.76,18494.99,19112.83,19591.761670846303,19406.02438989419
e8fffaab-f310-4c9c-a833-a837b68f1658,2026-08-20 06:00:00+00:00,20390.87,19641.76,19056.67,19130.46793349827,18923.980516894888
e8fffaab-f310-4c9c-a833-a837b68f1658,2026-08-20 06:15:00+00:00,19922.73,20390.87,19789.72,19661.180131968875,19424.011047437612
e8fffaab-f310-4c9c-a833-a837b68f1658,2026-08-20 06:30:00+00:00,19194.71,19922.73,19153.23,19097.490583585794,18809.306726336414
e8fffaab-f310-4c9c-a833-a837b68f1658,2026-08-20 06:45:00+00:00,17077.93,19194.71,20760.69,18833.34685993674,18465.286856924416
e8fffaab-f310-4c9c-a833-a837b68f1658,2026-08-20 07:00:00+00:00,16012.81,17077.93,19598.32,16743.123292566477,16392.21711488413
e8fffaab-f310-4c9c-a833-a837b68f1658,2026-08-20 07:15:00+00:00,17275.3,16012.81,17819.54,16026.288683042152,15678.60647407646
e8fffaab-f310-4c9c-a833-a837b68f1658,2026-08-20 07:30:00+00:00,14002.63,17275.3,15963.64,17443.424306174453,17077.90022450642
e8fffaab-f310-4c9c-a833-a837b68f1658,2026-08-20 07:45:00+00:00,8396.4,14002.63,13549.36,13653.059856123466,13346.26712407492
e8fffaab-f310-4c9c-a833-a837b68f1658,2026-08-20 08:00:00+00:00,8121.39,8396.4,11483.02,8215.118183770051,8012.785918226409
e8fffaab-f310-4c9c-a833-a837b68f1658,2026-08-20 08:15:00+00:00,6057.89,8121.39,10728.16,8973.815875403681,8763.862866094882
e8fffaab-f310-4c9c-a833-a837b68f1658,2026-08-20 08:30:00+00:00,5254.91,6057.89,10898.38,7067.0600845894905,6849.340975265954
e8fffaab-f310-4c9c-a833-a837b68f1658,2026-08-20 08:45:00+00:00,9080.0,5254.91,10823.01,6689.196802636231,6474.132885006596
e8fffaab-f310-4c9c-a833-a837b68f1658,2026-08-20 09:00:00+00:00,6641.16,9080.0,11959.3,10272.81972054703,10064.144513733658
e8fffaab-f310-4c9c-a833-a837b68f1658,2026-08-20 09:15:00+00:00,7588.29,6641.16,10247.44,7014.99752903558,6860.674151570497
e8fffaab-f310-4c9c-a833-a837b68f1658,2026-08-20 09:30:00+00:00,5680.42,7588.29,9233.69,8589.98576227775,8420.196773110905
e8fffaab-f310-4c9c-a833-a837b68f1658,2026-08-20 09:45:00+00:00,7656.91,5680.42,9552.84,6503.662791247318,6341.824941651372
e8fffaab-f310-4c9c-a833-a837b68f1658,2026-08-20 10:00:00+00:00,9213.22,7656.91,13473.09,9018.353665190061,8818.38061787378
e8fffaab-f310-4c9c-a833-a837b68f1658,2026-08-20 10:15:00+00:00,2516.76,9213.22,12796.28,9810.38165472905,9650.370797562273
e8fffaab-f310-4c9c-a833-a837b68f1658,2026-08-20 10:30:00+00:00,8359.09,2516.76,11963.28,2838.304683968643,2731.0353862106167
e8fffaab-f310-4c9c-a833-a837b68f1658,2026-08-20 10:45:00+00:00,6695.31,8359.09,9618.99,10042.35315289492,9871.178788261857
e8fffaab-f310-4c9c-a833-a837b68f1658,2026-08-20 11:00:00+00:00,8939.57,6695.31,11667.41,7095.988200575866,6937.510869317133
e8fffaab-f310-4c9c-a833-a837b68f1658,2026-08-20 11:15:00+00:00,9409.85,8939.57,14661.97,9901.938800358255,9694.928154555651
e8fffaab-f310-4c9c-a833-a837b68f1658,2026-08-20 11:30:00+00:00,7831.1,9409.85,11468.78,9636.52662925281,9449.93893940442
e8fffaab-f310-4c9c-a833-a837b68f1658,2026-08-20 11:45:00+00:00,7012.17,7831.1,12660.47,7942.132184672584,7762.472285793945
e8fffaab-f310-4c9c-a833-a837b68f1658,2026-08-20 12:00:00+00:00,3330.71,7012.17,12160.39,7754.074088188196,7510.053207507721
e8fffaab-f310-4c9c-a833-a837b68f1658,2026-08-20 12:15:00+00:00,3846.93,3330.71,11332.6,3979.9099019437854,3812.527482424278
e8fffaab-f310-4c9c-a833-a837b68f1658,2026-08-20 12:30:00+00:00,7709.74,3846.93,10339.12,5379.488637401431,5195.253356791015
e8fffaab-f310-4c9c-a833-a837b68f1658,2026-08-20 12:45:00+00:00,8447.71,7709.74,11352.62,9271.703452714493,9037.235135072196
e8fffaab-f310-4c9c-a833-a837b68f1658,2026-08-20 13:00:00+00:00,7819.64,8447.71,11551.53,8943.221772346753,8764.009915907489
e8fffaab-f310-4c9c-a833-a837b68f1658,2026-08-20 13:15:00+00:00,10454.54,7819.64,8953.42,8129.226028504647,7970.4548763769235
e8fffaab-f310-4c9c-a833-a837b68f1658,2026-08-20 13:30:00+00:00,22180.23,10454.54,9864.69,10996.252996473839,10783.812469048222
e8fffaab-f310-4c9c-a833-a837b68f1658,2026-08-20 13:45:00+00:00,25017.48,22180.23,9754.63,22217.94780470113,21904.552934086132
e8fffaab-f310-4c9c-a833-a837b68f1658,2026-08-20 14:00:00+00:00,21413.78,25017.48,9728.21,22664.397237640063,22341.837190215607
e8fffaab-f310-4c9c-a833-a837b68f1658,2026-08-20 14:15:00+00:00,21879.05,21413.78,9165.76,18609.49043215278,18289.976766707387
e8fffaab-f310-4c9c-a833-a837b68f1658,2026-08-20 14:30:00+00:00,18254.24,21879.05,9654.66,20146.145420293564,19719.084930660858
e8fffaab-f310-4c9c-a833-a837b68f1658,2026-08-20 14:45:00+00:00,11508.17,18254.24,6582.48,16114.92840054506,15761.597540415481
e8fffaab-f310-4c9c-a833-a837b68f1658,2026-08-20 15:00:00+00:00,6402.26,11508.17,5649.12,9867.826544224268,9613.826858160646
e8fffaab-f310-4c9c-a833-a837b68f1658,2026-08-20 15:15:00+00:00,4533.67,6402.26,4781.17,6001.191861034422,5811.421967972586
e8fffaab-f310-4c9c-a833-a837b68f1658,2026-08-20 15:30:00+00:00,3997.08,4533.67,5008.71,4965.739497556986,4837.320305270937
e8fffaab-f310-4c9c-a833-a837b68f1658,2026-08-20 15:45:00+00:00,3050.39,3997.08,4118.19,4699.894537042034,4623.787749591028
e8fffaab-f310-4c9c-a833-a837b68f1658,2026-08-20 16:00:00+00:00,2088.95,3050.39,4582.78,3583.7021010733615,3580.8718071577505
e8fffaab-f310-4c9c-a833-a837b68f1658,2026-08-20 16:15:00+00:00,2145.04,2088.95,4902.68,2697.6619924044926,2695.381551290903
e8fffaab-f310-4c9c-a833-a837b68f1658,2026-08-20 16:30:00+00:00,3381.64,2145.04,4687.0,2932.6494573798127,2903.0554805723805
e8fffaab-f310-4c9c-a833-a837b68f1658,2026-08-20 16:45:00+00:00,3553.92,3381.64,4396.02,4078.543173455332,4024.2362093557367
e8fffaab-f310-4c9c-a833-a837b68f1658,2026-08-20 17:00:00+00:00,3502.07,3553.92,5179.3,3962.997094529128,3883.9453064964982
e8fffaab-f310-4c9c-a833-a837b68f1658,2026-08-20 17:15:00+00:00,4185.94,3502.07,4625.12,3875.9007770030876,3830.322604685288
e8fffaab-f310-4c9c-a833-a837b68f1658,2026-08-20 17:30:00+00:00,4656.98,4185.94,3965.51,4539.021025670272,4521.641061253936
e8fffaab-f310-4c9c-a833-a837b68f1658,2026-08-20 17:45:00+00:00,4417.13,4656.98,3524.34,4828.086280981163,4846.60653180316
e8fffaab-f310-4c9c-a833-a837b68f1658,2026-08-20 18:00:00+00:00,4865.74,4417.13,4273.16,4538.132788228523,4581.890569422618
e8fffaab-f310-4c9c-a833-a837b68f1658,2026-08-20 18:15:00+00:00,4657.64,4865.74,4609.29,5170.583133166013,5181.762198361939
e8fffaab-f310-4c9c-a833-a837b68f1658,2026-08-20 18:30:00+00:00,4075.44,4657.64,4284.43,4757.0964094574465,4784.274854027846
e8fffaab-f310-4c9c-a833-a837b68f1658,2026-08-20 18:45:00+00:00,4373.96,4075.44,4779.56,4222.140828925254,4249.778272444127
e8fffaab-f310-4c9c-a833-a837b68f1658,2026-08-20 19:00:00+00:00,4402.77,4373.96,3955.11,4623.309320695135,4649.147864629485
e8fffaab-f310-4c9c-a833-a837b68f1658,2026-08-20 19:15:00+00:00,4460.1,4402.77,4307.55,4630.775047269092,4638.151955503155
e8fffaab-f310-4c9c-a833-a837b68f1658,2026-08-20 19:30:00+00:00,4704.89,4460.1,4156.01,4628.802510597006,4635.611103410123
e8fffaab-f310-4c9c-a833-a837b68f1658,2026-08-20 19:45:00+00:00,4218.5,4704.89,4909.65,4909.954878064772,4893.991550102607
e8fffaab-f310-4c9c-a833-a837b68f1658,2026-08-20 20:00:00+00:00,3881.73,4218.5,5000.41,4404.064535889901,4378.410111610684
e8fffaab-f310-4c9c-a833-a837b68f1658,2026-08-20 20:15:00+00:00,3886.82,3881.73,4459.77,4134.888113013563,4103.156114484043
e8fffaab-f310-4c9c-a833-a837b68f1658,2026-08-20 20:30:00+00:00,4279.2,3886.82,4109.6,4178.9459247637105,4138.330532071097
e8fffaab-f310-4c9c-a833-a837b68f1658,2026-08-20 20:45:00+00:00,4656.54,4279.2,4623.67,4605.414711287679,4544.461960400757
e8fffaab-f310-4c9c-a833-a837b68f1658,2026-08-20 21:00:00+00:00,3903.34,4656.54,4637.04,4868.860721962168,4801.42655870619
e8fffaab-f310-4c9c-a833-a837b68f1658,2026-08-20 21:15:00+00:00,3705.62,3903.34,4244.22,4033.4038990846066,3961.941859705923
e8fffaab-f310-4c9c-a833-a837b68f1658,2026-08-20 21:30:00+00:00,3677.95,3705.62,4264.66,4015.7553179163215,3928.469587588055
e8fffaab-f310-4c9c-a833-a837b68f1658,2026-08-20 21:45:00+00:00,4201.62,3677.95,4038.12,4031.599731326928,3933.8532905365173
e8fffaab-f310-4c9c-a833-a837b68f1658,2026-08-20 22:00:00+00:00,4120.08,4201.62,4532.8,4564.273980036165,4455.405640350909
e8fffaab-f310-4c9c-a833-a837b68f1658,2026-08-20 22:15:00+00:00,3971.36,4120.08,3680.6,4343.524655296629,4236.690777130075
e8fffaab-f310-4c9c-a833-a837b68f1658,2026-08-20 22:30:00+00:00,3760.68,3971.36,3626.1,4237.738393296889,4122.43923280617
e8fffaab-f310-4c9c-a833-a837b68f1658,2026-08-20 22:45:00+00:00,3199.22,3760.68,3729.89,4090.1969096861258,3965.2469785985622
e8fffaab-f310-4c9c-a833-a837b68f1658,2026-08-20 23:00:00+00:00,4061.55,3199.22,4416.74,3613.087055098792,3482.3004649367485
e8fffaab-f310-4c9c-a833-a837b68f1658,2026-08-20 23:15:00+00:00,3735.64,4061.55,4405.43,4590.875112779901,4454.989626557441
e8fffaab-f310-4c9c-a833-a837b68f1658,2026-08-20 23:30:00+00:00,3162.19,3735.64,4370.88,4128.676370953745,3995.136760628434
e8fffaab-f310-4c9c-a833-a837b68f1658,2026-08-20 23:45:00+00:00,3358.79,3162.19,4128.04,3658.5736242684607,3532.2110615829542
e8fffaab-f310-4c9c-a833-a837b68f1658,2026-08-21 00:00:00+00:00,3403.54,3358.79,4397.18,4007.013286437541,3870.333238048842
e8fffaab-f310-4c9c-a833-a837b68f1658,2026-08-21 00:15:00+00:00,3936.85,3403.54,4344.0,4026.941304875366,3898.3028465496436
e8fffaab-f310-4c9c-a833-a837b68f1658,2026-08-21 00:30:00+00:00,4035.17,3936.85,4231.21,4581.813936913189,4457.448186320597
e8fffaab-f310-4c9c-a833-a837b68f1658,2026-08-21 00:45:00+00:00,3807.51,4035.17,3868.93,4544.541790963704,4437.350547505113
e8fffaab-f310-4c9c-a833-a837b68f1658,2026-08-21 01:00:00+00:00,3440.67,3807.51,3553.24,4298.079497590328,4207.940963497368
e8fffaab-f310-4c9c-a833-a837b68f1658,2026-08-21 01:15:00+00:00,3332.2,3440.67,3561.26,4018.0501447943852,3937.4303415038867
e8fffaab-f310-4c9c-a833-a837b68f1658,2026-08-21 01:30:00+00:00,3905.76,3332.2,3717.84,4029.59501397658,3958.184532249207
e8fffaab-f310-4c9c-a833-a837b68f1658,2026-08-21 01:45:00+00:00,3857.09,3905.76,3806.35,4648.201855092556,4587.081225244324
e8fffaab-f310-4c9c-a833-a837b68f1658,2026-08-21 02:00:00+00:00,5490.19,3857.09,5697.95,4720.142982723883,4638.105986448963
e8fffaab-f310-4c9c-a833-a837b68f1658,2026-08-21 02:15:00+00:00,5106.06,5490.19,5251.01,6326.262341511576,6256.759219242731
e8fffaab-f310-4c9c-a833-a837b68f1658,2026-08-21 02:30:00+00:00,4540.33,5106.06,5686.82,5697.468625959901,5635.541886290291
e8fffaab-f310-4c9c-a833-a837b68f1658,2026-08-21 02:45:00+00:00,5943.22,4540.33,6176.95,5242.796580175708,5199.682356334138
e8fffaab-f310-4c9c-a833-a837b68f1658,2026-08-21 03:00:00+00:00,5711.97,5943.22,6453.31,6840.520821445123,6788.150091780697
e8fffaab-f310-4c9c-a833-a837b68f1658,2026-08-21 03:15:00+00:00,5214.29,5711.97,6717.45,6402.428163546844,6367.09919449162
e8fffaab-f310-4c9c-a833-a837b68f1658,2026-08-21 03:30:00+00:00,5863.62,5214.29,6091.68,5917.122543345756,5921.250206801982
e8fffaab-f310-4c9c-a833-a837b68f1658,2026-08-21 03:45:00+00:00,5726.42,5863.62,6172.8,6696.6055317725495,6712.1385064569085
e8fffaab-f310-4c9c-a833-a837b68f1658,2026-08-21 04:00:00+00:00,6079.67,5726.42,6118.27,6468.048696091564,6507.716277124002
e8fffaab-f310-4c9c-a833-a837b68f1658,2026-08-21 04:15:00+00:00,8229.34,6079.67,6471.99,6848.10505688095,6909.976234656703
e8fffaab-f310-4c9c-a833-a837b68f1658,2026-08-21 04:30:00+00:00,9177.48,8229.34,5191.01,8835.5929880001,8920.506312851963
e8fffaab-f310-4c9c-a833-a837b68f1658,2026-08-21 04:45:00+00:00,8860.7,9177.48,5904.86,9566.195544995246,9634.441667678968
e8fffaab-f310-4c9c-a833-a837b68f1658,2026-08-21 05:00:00+00:00,9251.31,8860.7,8855.97,9178.673121424172,9246.727330076055
e8fffaab-f310-4c9c-a833-a837b68f1658,2026-08-21 05:15:00+00:00,9592.59,9251.31,9943.68,9936.61340103918,9937.612582887847
e8fffaab-f310-4c9c-a833-a837b68f1658,2026-08-21 05:30:00+00:00,15970.42,9592.59,18494.99,10544.018141825152,10455.017003000547
e8fffaab-f310-4c9c-a833-a837b68f1658,2026-08-21 05:45:00+00:00,22441.0,15970.42,19641.76,16878.277007357814,16725.751504046828
e8fffaab-f310-4c9c-a833-a837b68f1658,2026-08-21 06:00:00+00:00,20155.6,22441.0,20390.87,22122.233131775683,21903.02244110086
e8fffaab-f310-4c9c-a833-a837b68f1658,2026-08-21 06:15:00+00:00,21677.07,20155.6,19922.73,18609.53560888934,18383.613078788625
e8fffaab-f310-4c9c-a833-a837b68f1658,2026-08-21 06:30:00+00:00,16407.8,21677.07,19194.71,20778.40547234613,20469.103231715293
e8fffaab-f310-4c9c-a833-a837b68f1658,2026-08-21 06:45:00+00:00,10219.43,16407.8,17077.93,15291.978425307274,14976.383029390676
e8fffaab-f310-4c9c-a833-a837b68f1658,2026-08-21 07:00:00+00:00,10140.53,10219.43,16012.81,10126.340333146329,9854.717963055466
e8fffaab-f310-4c9c-a833-a837b68f1658,2026-08-21 07:15:00+00:00,9714.9,10140.53,17275.3,11436.914320655755,11106.632676821235
e8fffaab-f310-4c9c-a833-a837b68f1658,2026-08-21 07:30:00+00:00,8748.59,9714.9,14002.63,10731.982058609126,10455.908393652859
e8fffaab-f310-4c9c-a833-a837b68f1658,2026-08-21 07:45:00+00:00,8092.47,8748.59,8396.4,9285.490897364693,9119.424122432809
e8fffaab-f310-4c9c-a833-a837b68f1658,2026-08-21 08:00:00+00:00,7939.1,8092.47,8121.39,10701.36455791702,10219.059674330283
e8fffaab-f310-4c9c-a833-a837b68f1658,2026-08-21 08:15:00+00:00,8813.29,7939.1,6057.89,11603.266201122267,10963.222411041805
e8fffaab-f310-4c9c-a833-a837b68f1658,2026-08-21 08:30:00+00:00,9117.64,8813.29,5254.91,12408.736107865827,11760.879480936735
e8fffaab-f310-4c9c-a833-a837b68f1658,2026-08-21 08:45:00+00:00,3765.04,9117.64,9080.0,12823.02996380323,12096.113754257341
e8fffaab-f310-4c9c-a833-a837b68f1658,2026-08-21 09:00:00+00:00,6662.2,3765.04,6641.16,6484.372087024036,5929.991104764078
e8fffaab-f310-4c9c-a833-a837b68f1658,2026-08-21 09:15:00+00:00,13301.24,6662.2,7588.29,8722.11237780666,8403.235758738098
e8fffaab-f310-4c9c-a833-a837b68f1658,2026-08-21 09:30:00+00:00,8487.16,13301.24,5680.42,14487.34241728621,14160.035245580486
e8fffaab-f310-4c9c-a833-a837b68f1658,2026-08-21 09:45:00+00:00,5714.12,8487.16,7656.91,8374.463310446894,8091.221743753926
e8fffaab-f310-4c9c-a833-a837b68f1658,2026-08-21 10:00:00+00:00,15435.62,5714.12,9213.22,6424.157552007126,6158.848453612531
e8fffaab-f310-4c9c-a833-a837b68f1658,2026-08-21 10:15:00+00:00,11384.91,15435.62,2516.76,16082.329796451831,15842.813726268978
e8fffaab-f310-4c9c-a833-a837b68f1658,2026-08-21 10:30:00+00:00,10025.83,11384.91,8359.09,10552.025640674521,10290.388185582995
e8fffaab-f310-4c9c-a833-a837b68f1658,2026-08-21 10:45:00+00:00,7086.21,10025.83,6695.31,9607.33968026302,9442.472978401545
e8fffaab-f310-4c9c-a833-a837b68f1658,2026-08-21 11:00:00+00:00,12635.85,7086.21,8939.57,7396.281704221939,7150.334826300348
e8fffaab-f310-4c9c-a833-a837b68f1658,2026-08-21 11:15:00+00:00,11978.68,12635.85,9409.85,13272.208636880765,13043.988292850852
e8fffaab-f310-4c9c-a833-a837b68f1658,2026-08-21 11:30:00+00:00,12122.69,11978.68,7831.1,11766.968046392141,11523.841825738637
e8fffaab-f310-4c9c-a833-a837b68f1658,2026-08-21 11:45:00+00:00,11175.08,12122.69,7012.17,11848.462342591234,11654.04055610083
e8fffaab-f310-4c9c-a833-a837b68f1658,2026-08-21 12:00:00+00:00,11033.16,11175.08,3330.71,10974.341792276928,10767.397456111703
e8fffaab-f310-4c9c-a833-a837b68f1658,2026-08-21 12:15:00+00:00,11197.98,11033.16,3846.93,11038.99162755851,10826.315278733864
e8fffaab-f310-4c9c-a833-a837b68f1658,2026-08-21 12:30:00+00:00,11148.79,11197.98,7709.74,11380.609778456586,11125.062076763512
e8fffaab-f310-4c9c-a833-a837b68f1658,2026-08-21 12:45:00+00:00,11518.33,11148.79,8447.71,11307.17101595541,11043.8864933074
e8fffaab-f310-4c9c-a833-a837b68f1658,2026-08-21 13:00:00+00:00,10008.99,11518.33,7819.64,11395.621371615904,11167.588341710718
e8fffaab-f310-4c9c-a833-a837b68f1658,2026-08-21 13:15:00+00:00,4304.55,10008.99,10454.54,10079.657324667282,9794.320277901412
e8fffaab-f310-4c9c-a833-a837b68f1658,2026-08-21 13:30:00+00:00,8512.51,4304.55,22180.23,5323.831800791684,4927.8135176064125
e8fffaab-f310-4c9c-a833-a837b68f1658,2026-08-21 13:45:00+00:00,10316.73,8512.51,25017.48,10319.582338730186,9909.408777972345
e8fffaab-f310-4c9c-a833-a837b68f1658,2026-08-21 14:00:00+00:00,8702.58,10316.73,21413.78,11305.204920757466,10870.440710325713
e8fffaab-f310-4c9c-a833-a837b68f1658,2026-08-21 14:15:00+00:00,8895.04,8702.58,21879.05,9570.415297815534,9142.025972806216
e8fffaab-f310-4c9c-a833-a837b68f1658,2026-08-21 14:30:00+00:00,8408.91,8895.04,18254.24,9760.668026814332,9386.098898738826
e8fffaab-f310-4c9c-a833-a837b68f1658,2026-08-21 14:45:00+00:00,6160.83,8408.91,11508.17,8839.381425714022,8552.889409588895
e8fffaab-f310-4c9c-a833-a837b68f1658,2026-08-21 15:00:00+00:00,6704.21,6160.83,6402.26,6360.39746525201,6171.735024248627
e8fffaab-f310-4c9c-a833-a837b68f1658,2026-08-21 15:15:00+00:00,5289.66,6704.21,4533.67,7071.19790869433,6906.679462721086
e8fffaab-f310-4c9c-a833-a837b68f1658,2026-08-21 15:30:00+00:00,6435.36,5289.66,3997.08,5635.595607822075,5452.186383262715
e8fffaab-f310-4c9c-a833-a837b68f1658,2026-08-21 15:45:00+00:00,5190.57,6435.36,3050.39,6956.27902567474,6769.441870647059
e8fffaab-f310-4c9c-a833-a837b68f1658,2026-08-21 16:00:00+00:00,3059.86,5190.57,2088.95,5132.128716446234,4990.378992398943
e8fffaab-f310-4c9c-a833-a837b68f1658,2026-08-21 16:15:00+00:00,3456.49,3059.86,2145.04,3172.9606134021105,3071.970483736287
e8fffaab-f310-4c9c-a833-a837b68f1658,2026-08-21 16:30:00+00:00,3507.89,3456.49,3381.64,4043.6161383881563,3929.4009195910503
e8fffaab-f310-4c9c-a833-a837b68f1658,2026-08-21 16:45:00+00:00,3612.34,3507.89,3553.92,4056.0491847107696,3945.270545137065
e8fffaab-f310-4c9c-a833-a837b68f1658,2026-08-21 17:00:00+00:00,3333.96,3612.34,3502.07,3995.954186222817,3922.268046069662
e8fffaab-f310-4c9c-a833-a837b68f1658,2026-08-21 17:15:00+00:00,3660.5,3333.96,4185.94,3721.2789664146067,3663.7776021387263
e8fffaab-f310-4c9c-a833-a837b68f1658,2026-08-21 17:30:00+00:00,3348.86,3660.5,4656.98,4117.47019543877,4074.561948615821
e8fffaab-f310-4c9c-a833-a837b68f1658,2026-08-21 17:45:00+00:00,3955.08,3348.86,4417.13,3797.406682096045,3769.936868750994
e8fffaab-f310-4c9c-a833-a837b68f1658,2026-08-21 18:00:00+00:00,4228.74,3955.08,4865.74,4434.717521441055,4428.3616364223635
e8fffaab-f310-4c9c-a833-a837b68f1658,2026-08-21 18:15:00+00:00,4169.55,4228.74,4657.64,4593.803445115579,4586.82563699728
e8fffaab-f310-4c9c-a833-a837b68f1658,2026-08-21 18:30:00+00:00,4170.45,4169.55,4075.44,4391.577893775938,4405.406195656314
e8fffaab-f310-4c9c-a833-a837b68f1658,2026-08-21 18:45:00+00:00,4175.17,4170.45,4373.96,4433.983651656992,4444.182530351951
e8fffaab-f310-4c9c-a833-a837b68f1658,2026-08-21 19:00:00+00:00,4340.48,4175.17,4402.77,4460.487044694686,4471.005465485331
e8fffaab-f310-4c9c-a833-a837b68f1658,2026-08-21 19:15:00+00:00,4453.63,4340.48,4460.1,4627.048461996836,4618.832265074588
e8fffaab-f310-4c9c-a833-a837b68f1658,2026-08-21 19:30:00+00:00,4598.78,4453.63,4704.89,4694.479222168896,4670.58495450793
e8fffaab-f310-4c9c-a833-a837b68f1658,2026-08-21 19:45:00+00:00,4316.22,4598.78,4218.5,4793.8380162129015,4758.81530961159
e8fffaab-f310-4c9c-a833-a837b68f1658,2026-08-21 20:00:00+00:00,4246.71,4316.22,3881.73,4474.996448270106,4430.055791365089
e8fffaab-f310-4c9c-a833-a837b68f1658,2026-08-21 20:15:00+00:00,4147.98,4246.71,3886.82,4468.499429753588,4408.5963758903035
e8fffaab-f310-4c9c-a833-a837b68f1658,2026-08-21 20:30:00+00:00,4179.0,4147.98,4279.2,4411.75857527703,4333.9631547302715
e8fffaab-f310-4c9c-a833-a837b68f1658,2026-08-21 20:45:00+00:00,4052.9,4179.0,4656.54,4463.333948929457,4373.874160113476
e8fffaab-f310-4c9c-a833-a837b68f1658,2026-08-21 21:00:00+00:00,4116.69,4052.9,3903.34,4313.109997565523,4220.318526354712
e8fffaab-f310-4c9c-a833-a837b68f1658,2026-08-21 21:15:00+00:00,3815.61,4116.69,3705.62,4424.253406837542,4316.747587622083
e8fffaab-f310-4c9c-a833-a837b68f1658,2026-08-21 21:30:00+00:00,3924.38,3815.61,3677.95,4129.810471111492,4011.789885577484
e8fffaab-f310-4c9c-a833-a837b68f1658,2026-08-21 21:45:00+00:00,3974.02,3924.38,4201.62,4338.599651278042,4203.9551441515505
e8fffaab-f310-4c9c-a833-a837b68f1658,2026-08-21 22:00:00+00:00,3659.36,3974.02,4120.08,4336.1838244395485,4199.483412910626
e8fffaab-f310-4c9c-a833-a837b68f1658,2026-08-21 22:15:00+00:00,3882.63,3659.36,3971.36,4019.9200125007665,3885.5849223061578
e8fffaab-f310-4c9c-a833-a837b68f1658,2026-08-21 22:30:00+00:00,3579.49,3882.63,3760.68,4292.923622909638,4160.259239437808
e8fffaab-f310-4c9c-a833-a837b68f1658,2026-08-21 22:45:00+00:00,3422.42,3579.49,3199.22,3942.336250749415,3817.3774930848067
e8fffaab-f310-4c9c-a833-a837b68f1658,2026-08-21 23:00:00+00:00,3095.94,3422.42,4061.55,3886.165760142024,3759.696122421832
e8fffaab-f310-4c9c-a833-a837b68f1658,2026-08-21 23:15:00+00:00,3120.71,3095.94,3735.64,3606.851455986829,3483.0801924860016
e8fffaab-f310-4c9c-a833-a837b68f1658,2026-08-21 23:30:00+00:00,3014.49,3120.71,3162.19,3674.3191008199074,3560.780179645395
e8fffaab-f310-4c9c-a833-a837b68f1658,2026-08-21 23:45:00+00:00,3162.01,3014.49,3358.79,3583.722727794783,3473.9778258608076
e8fffaab-f310-4c9c-a833-a837b68f1658,2026-08-22 00:00:00+00:00,3046.18,3162.01,3403.54,3281.0194604793332,3050.3357170838344
e8fffaab-f310-4c9c-a833-a837b68f1658,2026-08-22 00:15:00+00:00,3078.27,3046.18,3936.85,3190.6845545390524,2961.070179748369
e8fffaab-f310-4c9c-a833-a837b68f1658,2026-08-22 00:30:00+00:00,3086.41,3078.27,4035.17,3271.6085841675667,3049.8635102993403
e8fffaab-f310-4c9c-a833-a837b68f1658,2026-08-22 00:45:00+00:00,3066.56,3086.41,3807.51,3337.6016473394784,3119.6904500357905
e8fffaab-f310-4c9c-a833-a837b68f1658,2026-08-22 01:00:00+00:00,2998.89,3066.56,3440.67,3284.9080419624615,3089.150802246335
e8fffaab-f310-4c9c-a833-a837b68f1658,2026-08-22 01:15:00+00:00,2879.37,2998.89,3332.2,3228.4592274830766,3048.129969131385
e8fffaab-f310-4c9c-a833-a837b68f1658,2026-08-22 01:30:00+00:00,3144.59,2879.37,3905.76,3215.076436917604,3036.8345892236375
e8fffaab-f310-4c9c-a833-a837b68f1658,2026-08-22 01:45:00+00:00,3204.14,3144.59,3857.09,3522.8620126735814,3358.587090538851
e8fffaab-f310-4c9c-a833-a837b68f1658,2026-08-22 02:00:00+00:00,3571.23,3204.14,5490.19,3614.892065600089,3452.689806666427
e8fffaab-f310-4c9c-a833-a837b68f1658,2026-08-22 02:15:00+00:00,3938.02,3571.23,5106.06,3936.214415202594,3802.976269853053
e8fffaab-f310-4c9c-a833-a837b68f1658,2026-08-22 02:30:00+00:00,3702.2,3938.02,4540.33,4233.171612071009,4123.5906546549795
e8fffaab-f310-4c9c-a833-a837b68f1658,2026-08-22 02:45:00+00:00,3324.01,3702.2,5943.22,4024.18636310451,3924.227229238041
e8fffaab-f310-4c9c-a833-a837b68f1658,2026-08-22 03:00:00+00:00,4069.85,3324.01,5711.97,3730.458376563084,3655.6136719171527
e8fffaab-f310-4c9c-a833-a837b68f1658,2026-08-22 03:15:00+00:00,3444.26,4069.85,5214.29,4556.942231527487,4500.675800399823
e8fffaab-f310-4c9c-a833-a837b68f1658,2026-08-22 03:30:00+00:00,3376.03,3444.26,5863.62,3841.1904509603573,3806.576333981099
e8fffaab-f310-4c9c-a833-a837b68f1658,2026-08-22 03:45:00+00:00,3381.23,3376.03,5726.42,3884.4751477724603,3881.227641261392
e8fffaab-f310-4c9c-a833-a837b68f1658,2026-08-22 04:00:00+00:00,3423.07,3381.23,6079.67,3956.857409156246,3969.3011448570314
e8fffaab-f310-4c9c-a833-a837b68f1658,2026-08-22 04:15:00+00:00,3769.65,3423.07,8229.34,4165.885155081926,4171.245035012229
e8fffaab-f310-4c9c-a833-a837b68f1658,2026-08-22 04:30:00+00:00,3010.71,3769.65,9177.48,4530.623365045391,4550.643627365125
e8fffaab-f310-4c9c-a833-a837b68f1658,2026-08-22 04:45:00+00:00,2824.66,3010.71,8860.7,3680.235990207172,3735.5406891220246
e8fffaab-f310-4c9c-a833-a837b68f1658,2026-08-22 05:00:00+00:00,2948.32,2824.66,9251.31,3686.802385679578,3760.20794674467
e8fffaab-f310-4c9c-a833-a837b68f1658,2026-08-22 05:15:00+00:00,2266.82,2948.32,9592.59,3868.388484202859,3930.689413294004
e8fffaab-f310-4c9c-a833-a837b68f1658,2026-08-22 05:30:00+00:00,2297.73,2266.82,15970.42,3397.917367934093,3408.460282773053
e8fffaab-f310-4c9c-a833-a837b68f1658,2026-08-22 05:45:00+00:00,1947.68,2297.73,22441.0,3873.5677001739086,3812.12442939391
e8fffaab-f310-4c9c-a833-a837b68f1658,2026-08-22 06:00:00+00:00,845.01,1947.68,20155.6,3432.031065114923,3388.086822759189
e8fffaab-f310-4c9c-a833-a837b68f1658,2026-08-22 06:15:00+00:00,1074.38,845.01,21677.07,2432.6440280646175,2373.8879962239544
e8fffaab-f310-4c9c-a833-a837b68f1658,2026-08-22 06:30:00+00:00,1798.53,1074.38,16407.8,2633.000172549937,2609.2208629629713
e8fffaab-f310-4c9c-a833-a837b68f1658,2026-08-22 06:45:00+00:00,2109.67,1798.53,10219.43,3048.479425684747,3061.757887394152
e8fffaab-f310-4c9c-a833-a837b68f1658,2026-08-22 07:00:00+00:00,2551.34,2109.67,10140.53,3224.569450550366,3219.8623661909232
e8fffaab-f310-4c9c-a833-a837b68f1658,2026-08-22 07:15:00+00:00,-580.82,2551.34,9714.9,3583.3655288092814,3574.9450160929946
e8fffaab-f310-4c9c-a833-a837b68f1658,2026-08-22 07:30:00+00:00,3328.84,-580.82,8748.59,403.05542646095637,409.62474354600636
e8fffaab-f310-4c9c-a833-a837b68f1658,2026-08-22 07:45:00+00:00,3493.38,3328.84,8092.47,4715.604475389261,4718.45703764611
e8fffaab-f310-4c9c-a833-a837b68f1658,2026-08-22 08:00:00+00:00,-397.33,3493.38,7939.1,4259.722948475245,4229.516424485857
e8fffaab-f310-4c9c-a833-a837b68f1658,2026-08-22 08:15:00+00:00,1156.64,-397.33,8813.29,385.9560143431154,385.1666472067409
e8fffaab-f310-4c9c-a833-a837b68f1658,2026-08-22 08:30:00+00:00,917.48,1156.64,9117.64,2666.26574780782,2639.1171020929023
e8fffaab-f310-4c9c-a833-a837b68f1658,2026-08-22 08:45:00+00:00,3698.41,917.48,3765.04,2002.725121516075,2004.865582027548
e8fffaab-f310-4c9c-a833-a837b68f1658,2026-08-22 09:00:00+00:00,2258.91,3698.41,6662.2,4799.7488010825355,4781.638339832722
e8fffaab-f310-4c9c-a833-a837b68f1658,2026-08-22 09:15:00+00:00,-90.8,2258.91,13301.24,2828.860640155349,2769.9477206358724
e8fffaab-f310-4c9c-a833-a837b68f1658,2026-08-22 09:30:00+00:00,514.93,-90.8,8487.16,831.295697045698,768.6548152651758
e8fffaab-f310-4c9c-a833-a837b68f1658,2026-08-22 09:45:00+00:00,573.92,514.93,5714.12,1851.4336574342578,1760.722835559538
e8fffaab-f310-4c9c-a833-a837b68f1658,2026-08-22 10:00:00+00:00,-933.54,573.92,15435.62,2258.9369867432106,2040.6411094937266
e8fffaab-f310-4c9c-a833-a837b68f1658,2026-08-22 10:15:00+00:00,2781.04,-933.54,11384.91,631.8238966020563,460.7784246087722
e8fffaab-f310-4c9c-a833-a837b68f1658,2026-08-22 10:30:00+00:00,1565.97,2781.04,10025.83,4333.340629297148,4178.15842620044
e8fffaab-f310-4c9c-a833-a837b68f1658,2026-08-22 10:45:00+00:00,-2181.07,1565.97,7086.21,2191.846391699949,2079.807422983202
e8fffaab-f310-4c9c-a833-a837b68f1658,2026-08-22 11:00:00+00:00,-2108.92,-2181.07,12635.85,-1043.848816189131,-1186.4676009180002
e8fffaab-f310-4c9c-a833-a837b68f1658,2026-08-22 11:15:00+00:00,-2594.69,-2108.92,11978.68,127.84162226308399,-87.88464127493171
e8fffaab-f310-4c9c-a833-a837b68f1658,2026-08-22 11:30:00+00:00,-7058.85,-2594.69,12122.69,897.3406991498214,483.72224176229247
e8fffaab-f310-4c9c-a833-a837b68f1658,2026-08-22 11:45:00+00:00,-1345.72,-7058.85,11175.08,-5151.964981110203,-5255.779553761735
e8fffaab-f310-4c9c-a833-a837b68f1658,2026-08-22 12:00:00+00:00,-9603.32,-1345.72,11033.16,1227.9359409905937,1100.9959257493028
e8fffaab-f310-4c9c-a833-a837b68f1658,2026-08-22 12:15:00+00:00,-5097.06,-9603.32,11197.98,-8159.593719741191,-8214.491407921094
e8fffaab-f310-4c9c-a833-a837b68f1658,2026-08-22 12:30:00+00:00,-5848.0,-5097.06,11148.79,-2012.6195078996552,-2090.829620583645
e8fffaab-f310-4c9c-a833-a837b68f1658,2026-08-22 12:45:00+00:00,2998.96,-5848.0,11518.33,-1205.7462479129863,-1685.8712718478928
e8fffaab-f310-4c9c-a833-a837b68f1658,2026-08-22 13:00:00+00:00,1037.08,2998.96,10008.99,7650.560009178051,7150.137808270661
e8fffaab-f310-4c9c-a833-a837b68f1658,2026-08-22 13:15:00+00:00,150.12,1037.08,4304.55,3891.678450357046,3412.3636816153485
e8fffaab-f310-4c9c-a833-a837b68f1658,2026-08-22 13:30:00+00:00,-4347.57,150.12,8512.51,1959.567287536258,1697.5383249337901
e8fffaab-f310-4c9c-a833-a837b68f1658,2026-08-22 13:45:00+00:00,2084.64,-4347.57,10316.73,-3148.5909291727858,-3294.360502710995
e8fffaab-f310-4c9c-a833-a837b68f1658,2026-08-22 14:00:00+00:00,-4129.15,2084.64,8702.58,3925.900878252629,3768.296898181289
e8fffaab-f310-4c9c-a833-a837b68f1658,2026-08-22 14:15:00+00:00,-1099.01,-4129.15,8895.04,-3484.816953779491,-3592.8215024129477
e8fffaab-f310-4c9c-a833-a837b68f1658,2026-08-22 14:30:00+00:00,1076.54,-1099.01,8408.91,497.7788906585429,430.3197671154285
e8fffaab-f310-4c9c-a833-a837b68f1658,2026-08-22 14:45:00+00:00,3009.71,1076.54,6160.83,2111.399304037407,2008.3389622249397
e8fffaab-f310-4c9c-a833-a837b68f1658,2026-08-22 15:00:00+00:00,1413.29,3009.71,6704.21,3461.7764566739497,3391.000701571369
e8fffaab-f310-4c9c-a833-a837b68f1658,2026-08-22 15:15:00+00:00,-245.4,1413.29,5289.66,1504.8757336035433,1444.9882889391774
e8fffaab-f310-4c9c-a833-a837b68f1658,2026-08-22 15:30:00+00:00,2166.31,-245.4,6435.36,227.0872300045903,165.95941847709764
e8fffaab-f310-4c9c-a833-a837b68f1658,2026-08-22 15:45:00+00:00,2750.03,2166.31,5190.57,2901.0656176937237,2832.8562001023
e8fffaab-f310-4c9c-a833-a837b68f1658,2026-08-22 16:00:00+00:00,1883.74,2750.03,3059.86,2864.413002497482,2831.5939427230123
e8fffaab-f310-4c9c-a833-a837b68f1658,2026-08-22 16:15:00+00:00,2854.67,1883.74,3456.49,1834.4791682981158,1823.9954530123705
e8fffaab-f310-4c9c-a833-a837b68f1658,2026-08-22 16:30:00+00:00,2754.37,2854.67,3507.89,3019.7947646620596,2987.9246357928187
e8fffaab-f310-4c9c-a833-a837b68f1658,2026-08-22 16:45:00+00:00,3130.87,2754.37,3612.34,2715.998724073973,2686.52354830898
e8fffaab-f310-4c9c-a833-a837b68f1658,2026-08-22 17:00:00+00:00,3375.16,3130.87,3333.96,3033.6680334666426,3019.175782486561
e8fffaab-f310-4c9c-a833-a837b68f1658,2026-08-22 17:15:00+00:00,3626.51,3375.16,3660.5,3278.8255002843334,3254.5427389270244
e8fffaab-f310-4c9c-a833-a837b68f1658,2026-08-22 17:30:00+00:00,3856.62,3626.51,3348.86,3464.397343887713,3450.585240435371
e8fffaab-f310-4c9c-a833-a837b68f1658,2026-08-22 17:45:00+00:00,4171.15,3856.62,3955.08,3667.384704327311,3653.7178177357573
e8fffaab-f310-4c9c-a833-a837b68f1658,2026-08-22 18:00:00+00:00,3730.59,4171.15,4228.74,3934.292512676332,3925.7103214253357
e8fffaab-f310-4c9c-a833-a837b68f1658,2026-08-22 18:15:00+00:00,3684.52,3730.59,4169.55,3434.045968221345,3431.658282059484
e8fffaab-f310-4c9c-a833-a837b68f1658,2026-08-22 18:30:00+00:00,3592.26,3684.52,4170.45,3479.6889573622693,3480.2398297577092
e8fffaab-f310-4c9c-a833-a837b68f1658,2026-08-22 18:45:00+00:00,3957.39,3592.26,4175.17,3449.1848231304575,3445.8854309068083
e8fffaab-f310-4c9c-a833-a837b68f1658,2026-08-22 19:00:00+00:00,4016.44,3957.39,4340.48,3821.626518893576,3823.724740726181
e8fffaab-f310-4c9c-a833-a837b68f1658,2026-08-22 19:15:00+00:00,4027.48,4016.44,4453.63,3796.232811723444,3781.3574010443144
e8fffaab-f310-4c9c-a833-a837b68f1658,2026-08-22 19:30:00+00:00,4033.92,4027.48,4598.78,3818.5778423049233,3782.5794624242844
e8fffaab-f310-4c9c-a833-a837b68f1658,2026-08-22 19:45:00+00:00,4020.78,4033.92,4316.22,3802.4495116906037,3752.868323227728
e8fffaab-f310-4c9c-a833-a837b68f1658,2026-08-22 20:00:00+00:00,4044.51,4020.78,4246.71,3763.1256443058455,3702.4919824720955
e8fffaab-f310-4c9c-a833-a837b68f1658,2026-08-22 20:15:00+00:00,4035.87,4044.51,4147.98,3787.302643171399,3708.6863994490977
e8fffaab-f310-4c9c-a833-a837b68f1658,2026-08-22 20:30:00+00:00,4078.12,4035.87,4179.0,3783.854501295249,3686.6155004031634
e8fffaab-f310-4c9c-a833-a837b68f1658,2026-08-22 20:45:00+00:00,4053.96,4078.12,4052.9,3827.016072117257,3714.3897968662877
e8fffaab-f310-4c9c-a833-a837b68f1658,2026-08-22 21:00:00+00:00,3838.6,4053.96,4116.69,3790.3124943888542,3664.2033246251985
e8fffaab-f310-4c9c-a833-a837b68f1658,2026-08-22 21:15:00+00:00,4165.09,3838.6,3815.61,3576.298357336399,3440.831677455688
e8fffaab-f310-4c9c-a833-a837b68f1658,2026-08-22 21:30:00+00:00,4018.58,4165.09,3924.38,3973.310951031007,3819.3471788347506
e8fffaab-f310-4c9c-a833-a837b68f1658,2026-08-22 21:45:00+00:00,3451.57,4018.58,3974.02,3779.918142695653,3615.1401209590285
e8fffaab-f310-4c9c-a833-a837b68f1658,2026-08-22 22:00:00+00:00,3205.53,3451.57,3659.36,3235.58532858968,3070.649960362073
e8fffaab-f310-4c9c-a833-a837b68f1658,2026-08-22 22:15:00+00:00,3115.03,3205.53,3882.63,3121.2316281232797,2944.4958008124904
e8fffaab-f310-4c9c-a833-a837b68f1658,2026-08-22 22:30:00+00:00,3208.9,3115.03,3579.49,3129.90111268477,2940.298598057492
e8fffaab-f310-4c9c-a833-a837b68f1658,2026-08-22 22:45:00+00:00,3472.04,3208.9,3422.42,3200.915822022217,3014.2524609550255
e8fffaab-f310-4c9c-a833-a837b68f1658,2026-08-22 23:00:00+00:00,3211.62,3472.04,3095.94,3429.3639316596746,3241.596768491012
e8fffaab-f310-4c9c-a833-a837b68f1658,2026-08-22 23:15:00+00:00,3190.63,3211.62,3120.71,3156.0917039647857,2968.0881788557
e8fffaab-f310-4c9c-a833-a837b68f1658,2026-08-22 23:30:00+00:00,3113.67,3190.63,3014.49,3202.767274279,3017.6982799386396
e8fffaab-f310-4c9c-a833-a837b68f1658,2026-08-22 23:45:00+00:00,3104.31,3113.67,3162.01,3135.858146982082,2956.3554737577197
e8fffaab-f310-4c9c-a833-a837b68f1658,2026-08-23 00:00:00+00:00,3107.38,3104.31,3046.18,3223.0908710472413,3022.899806099389
e8fffaab-f310-4c9c-a833-a837b68f1658,2026-08-23 00:15:00+00:00,3137.88,3107.38,3078.27,3279.256651054724,3077.9116410498464
e8fffaab-f310-4c9c-a833-a837b68f1658,2026-08-23 00:30:00+00:00,3561.56,3137.88,3086.41,3260.5598199238484,3075.6181056129317
e8fffaab-f310-4c9c-a833-a837b68f1658,2026-08-23 00:45:00+00:00,3198.93,3561.56,3066.56,3707.4062820456174,3524.9775911663337
e8fffaab-f310-4c9c-a833-a837b68f1658,2026-08-23 01:00:00+00:00,2918.1,3198.93,2998.89,3267.419306358651,3099.415867515484
e8fffaab-f310-4c9c-a833-a837b68f1658,2026-08-23 01:15:00+00:00,3014.25,2918.1,2879.37,3096.8068280529915,2939.61837878036
e8fffaab-f310-4c9c-a833-a837b68f1658,2026-08-23 01:30:00+00:00,3316.46,3014.25,3144.59,3287.762415981585,3137.247242898484
e8fffaab-f310-4c9c-a833-a837b68f1658,2026-08-23 01:45:00+00:00,3231.59,3316.46,3204.14,3584.1518628148324,3447.718795911718
e8fffaab-f310-4c9c-a833-a837b68f1658,2026-08-23 02:00:00+00:00,3248.73,3231.59,3571.23,3490.669601637439,3365.8207247035125
e8fffaab-f310-4c9c-a833-a837b68f1658,2026-08-23 02:15:00+00:00,3250.58,3248.73,3938.02,3605.8967401033515,3487.977152699248
e8fffaab-f310-4c9c-a833-a837b68f1658,2026-08-23 02:30:00+00:00,3215.61,3250.58,3702.2,3595.7124934686517,3501.319120578096
e8fffaab-f310-4c9c-a833-a837b68f1658,2026-08-23 02:45:00+00:00,3255.6,3215.61,3324.01,3555.0420438451374,3486.9443540370385
e8fffaab-f310-4c9c-a833-a837b68f1658,2026-08-23 03:00:00+00:00,3371.98,3255.6,4069.85,3700.1839496630882,3638.920468839683
e8fffaab-f310-4c9c-a833-a837b68f1658,2026-08-23 03:15:00+00:00,3521.64,3371.98,3444.26,3798.5171044645704,3764.0573893567043
e8fffaab-f310-4c9c-a833-a837b68f1658,2026-08-23 03:30:00+00:00,3403.06,3521.64,3376.03,3916.383840309175,3907.6565069019925
e8fffaab-f310-4c9c-a833-a837b68f1658,2026-08-23 03:45:00+00:00,4009.28,3403.06,3381.23,3795.2663208020876,3809.135169721764
e8fffaab-f310-4c9c-a833-a837b68f1658,2026-08-23 04:00:00+00:00,3425.57,4009.28,3423.07,4437.348393347074,4470.402341790404
e8fffaab-f310-4c9c-a833-a837b68f1658,2026-08-23 04:15:00+00:00,3774.42,3425.57,3769.65,3805.968934201539,3855.246195604449
e8fffaab-f310-4c9c-a833-a837b68f1658,2026-08-23 04:30:00+00:00,3100.23,3774.42,3010.71,4221.728780577576,4302.966844815208
e8fffaab-f310-4c9c-a833-a837b68f1658,2026-08-23 04:45:00+00:00,2729.08,3100.23,2824.66,3527.243528693707,3629.7491656046795
e8fffaab-f310-4c9c-a833-a837b68f1658,2026-08-23 05:00:00+00:00,2527.97,2729.08,2948.32,3277.4933615935606,3411.7295951786
e8fffaab-f310-4c9c-a833-a837b68f1658,2026-08-23 05:15:00+00:00,2328.66,2527.97,2266.82,3097.2324470221693,3248.201000107555
e8fffaab-f310-4c9c-a833-a837b68f1658,2026-08-23 05:30:00+00:00,2068.03,2328.66,2297.73,2960.3148232032236,3117.753961728057
e8fffaab-f310-4c9c-a833-a837b68f1658,2026-08-23 05:45:00+00:00,2006.44,2068.03,1947.68,2744.517152622643,2911.483748710639
e8fffaab-f310-4c9c-a833-a837b68f1658,2026-08-23 06:00:00+00:00,2095.64,2006.44,845.01,2726.32909510878,2904.5730689175152
e8fffaab-f310-4c9c-a833-a837b68f1658,2026-08-23 06:15:00+00:00,2604.55,2095.64,1074.38,2807.6928703096683,2968.1473311271047
e8fffaab-f310-4c9c-a833-a837b68f1658,2026-08-23 06:30:00+00:00,2783.21,2604.55,1798.53,3323.0825315577113,3453.608170175131
e8fffaab-f310-4c9c-a833-a837b68f1658,2026-08-23 06:45:00+00:00,1475.13,2783.21,2109.67,3432.137024522068,3534.261345346501
e8fffaab-f310-4c9c-a833-a837b68f1658,2026-08-23 07:00:00+00:00,4175.65,1475.13,2551.34,2142.381235670602,2223.0467486738016
e8fffaab-f310-4c9c-a833-a837b68f1658,2026-08-23 07:15:00+00:00,3517.38,4175.65,-580.82,4932.7539677019295,5013.761481628999
e8fffaab-f310-4c9c-a833-a837b68f1658,2026-08-23 07:30:00+00:00,2864.39,3517.38,3328.84,3798.722065741681,3852.3546778786995
e8fffaab-f310-4c9c-a833-a837b68f1658,2026-08-23 07:45:00+00:00,3983.33,2864.39,3493.38,3346.7079284092806,3385.512402482954
e8fffaab-f310-4c9c-a833-a837b68f1658,2026-08-23 08:00:00+00:00,5137.93,3983.33,-397.33,4536.304588491454,4562.288748794572
e8fffaab-f310-4c9c-a833-a837b68f1658,2026-08-23 08:15:00+00:00,3938.03,5137.93,1156.64,5229.170618471846,5268.852261108208
e8fffaab-f310-4c9c-a833-a837b68f1658,2026-08-23 08:30:00+00:00,-511.67,3938.03,917.48,3726.1277834194816,3776.6075649809964
e8fffaab-f310-4c9c-a833-a837b68f1658,2026-08-23 08:45:00+00:00,-1031.02,-511.67,3698.41,-387.65825815995595,-343.8881162960424
e8fffaab-f310-4c9c-a833-a837b68f1658,2026-08-23 09:00:00+00:00,916.45,-1031.02,2258.91,-22.984475851622847,6.715912544936145
e8fffaab-f310-4c9c-a833-a837b68f1658,2026-08-23 09:15:00+00:00,-811.35,916.45,-90.8,2112.5780195960087,2113.6111957616477
e8fffaab-f310-4c9c-a833-a837b68f1658,2026-08-23 09:30:00+00:00,3856.49,-811.35,514.93,-456.7614586670952,-367.0116211331988
e8fffaab-f310-4c9c-a833-a837b68f1658,2026-08-23 09:45:00+00:00,-6532.78,3856.49,573.92,4863.46609817365,4853.74471987748
e8fffaab-f310-4c9c-a833-a837b68f1658,2026-08-23 10:00:00+00:00,-2576.08,-6532.78,-933.54,-6204.16871046979,-6184.1794363659665
e8fffaab-f310-4c9c-a833-a837b68f1658,2026-08-23 10:15:00+00:00,-2124.34,-2576.08,2781.04,-661.1065341524536,-613.9091636359553
e8fffaab-f310-4c9c-a833-a837b68f1658,2026-08-23 10:30:00+00:00,-4050.12,-2124.34,1565.97,-583.2214609779458,-626.2290986893458
e8fffaab-f310-4c9c-a833-a837b68f1658,2026-08-23 10:45:00+00:00,2530.48,-4050.12,-2181.07,-2927.9859166652295,-2866.483894039706
e8fffaab-f310-4c9c-a833-a837b68f1658,2026-08-23 11:00:00+00:00,283.38,2530.48,-2108.92,4210.794506640784,4162.293132222064
e8fffaab-f310-4c9c-a833-a837b68f1658,2026-08-23 11:15:00+00:00,29.66,283.38,-2594.69,639.416241290739,594.9746722280597
e8fffaab-f310-4c9c-a833-a837b68f1658,2026-08-23 11:30:00+00:00,619.36,29.66,-7058.85,249.126804758238,297.00043216791346
e8fffaab-f310-4c9c-a833-a837b68f1658,2026-08-23 11:45:00+00:00,-2653.97,619.36,-1345.72,1319.1841152397628,1231.6859325584173
e8fffaab-f310-4c9c-a833-a837b68f1658,2026-08-23 12:00:00+00:00,-2221.96,-2653.97,-9603.32,-2902.720100566088,-2824.64662497228
e8fffaab-f310-4c9c-a833-a837b68f1658,2026-08-23 12:15:00+00:00,-109.1,-2221.96,-5097.06,-1106.2821380530513,-1157.715658444562
e8fffaab-f310-4c9c-a833-a837b68f1658,2026-08-23 12:30:00+00:00,1136.66,-109.1,-5848.0,352.72166725689385,371.437899749013
e8fffaab-f310-4c9c-a833-a837b68f1658,2026-08-23 12:45:00+00:00,981.69,1136.66,2998.96,1731.9915936215984,1636.1994831444554
e8fffaab-f310-4c9c-a833-a837b68f1658,2026-08-23 13:00:00+00:00,2170.54,981.69,1037.08,1216.6368522614011,1138.8201559309546
e8fffaab-f310-4c9c-a833-a837b68f1658,2026-08-23 13:15:00+00:00,1040.51,2170.54,150.12,2662.437086141318,2537.620749382828
e8fffaab-f310-4c9c-a833-a837b68f1658,2026-08-23 13:30:00+00:00,1021.89,1040.51,-4347.57,949.6942840766715,899.5378150250563
e8fffaab-f310-4c9c-a833-a837b68f1658,2026-08-23 13:45:00+00:00,1765.55,1021.89,2084.64,1517.656396798062,1392.5513922741866
e8fffaab-f310-4c9c-a833-a837b68f1658,2026-08-23 14:00:00+00:00,499.31,1765.55,-4129.15,2081.415416524149,1991.7302983921509
e8fffaab-f310-4c9c-a833-a837b68f1658,2026-08-23 14:15:00+00:00,-2732.53,499.31,-1099.01,695.0259056884261,618.9564884594402
e8fffaab-f310-4c9c-a833-a837b68f1658,2026-08-23 14:30:00+00:00,766.27,-2732.53,1076.54,-2245.7016932607658,-2297.2760482105205
e8fffaab-f310-4c9c-a833-a837b68f1658,2026-08-23 14:45:00+00:00,3448.82,766.27,3009.71,2013.2166847808003,1914.6110968228086
e8fffaab-f310-4c9c-a833-a837b68f1658,2026-08-23 15:00:00+00:00,3502.34,3448.82,1413.29,3857.923463530992,3778.452516147843
e8fffaab-f310-4c9c-a833-a837b68f1658,2026-08-23 15:15:00+00:00,2686.95,3502.34,-245.4,3178.9507395321125,3156.8282185526095
e8fffaab-f310-4c9c-a833-a837b68f1658,2026-08-23 15:30:00+00:00,2887.99,2686.95,2166.31,2578.168425071556,2516.02302593271
e8fffaab-f310-4c9c-a833-a837b68f1658,2026-08-23 15:45:00+00:00,1677.04,2887.99,2750.03,3019.2133198213905,2939.066981452039
e8fffaab-f310-4c9c-a833-a837b68f1658,2026-08-23 16:00:00+00:00,581.31,1677.04,1883.74,1672.9601480625297,1626.9813400594048
e8fffaab-f310-4c9c-a833-a837b68f1658,2026-08-23 16:15:00+00:00,2027.95,581.31,2854.67,871.6944775736847,827.994388000132
e8fffaab-f310-4c9c-a833-a837b68f1658,2026-08-23 16:30:00+00:00,3034.13,2027.95,2754.37,2486.7527864470285,2439.734856582375
e8fffaab-f310-4c9c-a833-a837b68f1658,2026-08-23 16:45:00+00:00,2771.6,3034.13,3130.87,3216.004512611492,3164.02219658425
e8fffaab-f310-4c9c-a833-a837b68f1658,2026-08-23 17:00:00+00:00,2809.8,2771.6,3375.16,2731.778321112797,2689.9915855509353
e8fffaab-f310-4c9c-a833-a837b68f1658,2026-08-23 17:15:00+00:00,4155.19,2809.8,3626.51,2771.48542155594,2733.6920588230396
e8fffaab-f310-4c9c-a833-a837b68f1658,2026-08-23 17:30:00+00:00,4158.9,4155.19,3856.62,4193.524206284257,4129.503364232918
e8fffaab-f310-4c9c-a833-a837b68f1658,2026-08-23 17:45:00+00:00,4003.19,4158.9,4171.15,3960.1141371801086,3894.288408563745
e8fffaab-f310-4c9c-a833-a837b68f1658,2026-08-23 18:00:00+00:00,3597.0,4003.19,3730.59,3746.0992617140173,3694.6081030633204
e8fffaab-f310-4c9c-a833-a837b68f1658,2026-08-23 18:15:00+00:00,3565.4,3597.0,3684.52,3414.7928301599777,3360.739784185551
e8fffaab-f310-4c9c-a833-a837b68f1658,2026-08-23 18:30:00+00:00,3833.86,3565.4,3592.26,3433.4560294500443,3390.8892404252547
e8fffaab-f310-4c9c-a833-a837b68f1658,2026-08-23 18:45:00+00:00,4147.49,3833.86,3957.39,3725.2547026822504,3684.222942006768
e8fffaab-f310-4c9c-a833-a837b68f1658,2026-08-23 19:00:00+00:00,4060.27,4147.49,4016.44,3979.9292786143887,3946.285649526926
e8fffaab-f310-4c9c-a833-a837b68f1658,2026-08-23 19:15:00+00:00,4074.23,4060.27,4027.48,3830.0657996315895,3782.159553058552
e8fffaab-f310-4c9c-a833-a837b68f1658,2026-08-23 19:30:00+00:00,4134.28,4074.23,4033.92,3867.8754200393605,3803.603263405789
e8fffaab-f310-4c9c-a833-a837b68f1658,2026-08-23 19:45:00+00:00,4160.18,4134.28,4020.78,3935.52974254917,3854.9114825770903
e8fffaab-f310-4c9c-a833-a837b68f1658,2026-08-23 20:00:00+00:00,4183.03,4160.18,4044.51,3954.180943847062,3860.9021385051456
e8fffaab-f310-4c9c-a833-a837b68f1658,2026-08-23 20:15:00+00:00,4333.82,4183.03,4035.87,3974.3538578190182,3864.9242607279166
e8fffaab-f310-4c9c-a833-a837b68f1658,2026-08-23 20:30:00+00:00,4318.2,4333.82,4078.12,4174.82127684185,4041.082395842309
e8fffaab-f310-4c9c-a833-a837b68f1658,2026-08-23 20:45:00+00:00,3993.0,4318.2,4053.96,4102.0264486941205,3959.9625037992864
e8fffaab-f310-4c9c-a833-a837b68f1658,2026-08-23 21:00:00+00:00,3772.12,3993.0,3838.6,3760.838192383012,3613.741811205834
e8fffaab-f310-4c9c-a833-a837b68f1658,2026-08-23 21:15:00+00:00,3774.71,3772.12,4165.09,3646.0576161716226,3482.2966284900276
e8fffaab-f310-4c9c-a833-a837b68f1658,2026-08-23 21:30:00+00:00,3881.71,3774.71,4018.58,3729.550151742127,3551.6321165426107
e8fffaab-f310-4c9c-a833-a837b68f1658,2026-08-23 21:45:00+00:00,4256.92,3881.71,3451.57,3771.6099095054115,3598.744991751656
e8fffaab-f310-4c9c-a833-a837b68f1658,2026-08-23 22:00:00+00:00,3636.8,4256.92,3205.53,4089.374279886514,3915.381878882663
e8fffaab-f310-4c9c-a833-a837b68f1658,2026-08-23 22:15:00+00:00,3906.96,3636.8,3115.03,3406.7985194665944,3232.9538290409873
e8fffaab-f310-4c9c-a833-a837b68f1658,2026-08-23 22:30:00+00:00,3088.56,3906.96,3208.9,3823.766976575188,3641.5254639645145
e8fffaab-f310-4c9c-a833-a837b68f1658,2026-08-23 22:45:00+00:00,3086.29,3088.56,3472.04,2998.847475613228,2814.111839410455
e8fffaab-f310-4c9c-a833-a837b68f1658,2026-08-23 23:00:00+00:00,3028.37,3086.29,3211.62,3139.9320873427523,2963.0706305199756
e8fffaab-f310-4c9c-a833-a837b68f1658,2026-08-23 23:15:00+00:00,3022.47,3028.37,3190.63,3113.2151614506556,2937.7632626157274
e8fffaab-f310-4c9c-a833-a837b68f1658,2026-08-23 23:30:00+00:00,3139.7,3022.47,3113.67,3110.185773146535,2947.8452901427836
e8fffaab-f310-4c9c-a833-a837b68f1658,2026-08-23 23:45:00+00:00,3370.94,3139.7,3104.31,3289.7125716953005,3127.2380139663383
e8fffaab-f310-4c9c-a833-a837b68f1658,2026-08-24 00:00:00+00:00,3054.19,3370.94,3107.38,4016.1498716473307,3962.779047113194
e8fffaab-f310-4c9c-a833-a837b68f1658,2026-08-24 00:15:00+00:00,3037.73,3054.19,3137.88,3755.3241116723393,3699.521155336375
e8fffaab-f310-4c9c-a833-a837b68f1658,2026-08-24 00:30:00+00:00,3125.28,3037.73,3561.56,3782.606883242095,3741.007224751753
e8fffaab-f310-4c9c-a833-a837b68f1658,2026-08-24 00:45:00+00:00,3075.46,3125.28,3198.93,3908.523924722317,3875.434583719062
e8fffaab-f310-4c9c-a833-a837b68f1658,2026-08-24 01:00:00+00:00,2938.38,3075.46,2918.1,3838.2065477340266,3824.235392765322
e8fffaab-f310-4c9c-a833-a837b68f1658,2026-08-24 01:15:00+00:00,2838.39,2938.38,3014.25,3725.8514244615963,3727.391290658794
e8fffaab-f310-4c9c-a833-a837b68f1658,2026-08-24 01:30:00+00:00,3057.05,2838.39,3316.46,3679.50940855339,3695.037536390366
e8fffaab-f310-4c9c-a833-a837b68f1658,2026-08-24 01:45:00+00:00,3110.89,3057.05,3231.59,3934.6700256158283,3966.2534314523464
e8fffaab-f310-4c9c-a833-a837b68f1658,2026-08-24 02:00:00+00:00,5665.33,3110.89,3248.73,4085.299030466329,4116.377305171969
e8fffaab-f310-4c9c-a833-a837b68f1658,2026-08-24 02:15:00+00:00,5410.61,5665.33,3250.58,6627.193969095341,6656.511016405366
e8fffaab-f310-4c9c-a833-a837b68f1658,2026-08-24 02:30:00+00:00,5393.86,5410.61,3215.61,5919.880699564609,5962.592925039654
e8fffaab-f310-4c9c-a833-a837b68f1658,2026-08-24 02:45:00+00:00,6134.2,5393.86,3255.6,5970.789673079639,6031.609393942139
e8fffaab-f310-4c9c-a833-a837b68f1658,2026-08-24 03:00:00+00:00,6869.62,6134.2,3371.98,6819.295101557447,6870.1687302641385
e8fffaab-f310-4c9c-a833-a837b68f1658,2026-08-24 03:15:00+00:00,5944.39,6869.62,3521.64,7429.138620837135,7494.600271895529
e8fffaab-f310-4c9c-a833-a837b68f1658,2026-08-24 03:30:00+00:00,6252.49,5944.39,3403.06,6387.189524180259,6480.477576224198
e8fffaab-f310-4c9c-a833-a837b68f1658,2026-08-24 03:45:00+00:00,5961.67,6252.49,4009.28,6973.883491790083,7070.003352835479
e8fffaab-f310-4c9c-a833-a837b68f1658,2026-08-24 04:00:00+00:00,8162.97,5961.67,3425.57,6685.652559478909,6798.927719010011
e8fffaab-f310-4c9c-a833-a837b68f1658,2026-08-24 04:15:00+00:00,26183.07,8162.97,3774.42,9097.131344659449,9196.908672961556
e8fffaab-f310-4c9c-a833-a837b68f1658,2026-08-24 04:30:00+00:00,16296.43,26183.07,3100.23,26397.196809890193,26421.655149283928
e8fffaab-f310-4c9c-a833-a837b68f1658,2026-08-24 04:45:00+00:00,7912.27,16296.43,2729.08,13122.395060500163,13232.66224456224
e8fffaab-f310-4c9c-a833-a837b68f1658,2026-08-24 05:00:00+00:00,8564.83,7912.27,2527.97,6762.362520540837,6949.1381739416465
e8fffaab-f310-4c9c-a833-a837b68f1658,2026-08-24 05:15:00+00:00,8472.75,8564.83,2328.66,9515.139432433045,9556.656735376051
e8fffaab-f310-4c9c-a833-a837b68f1658,2026-08-24 05:30:00+00:00,9705.42,8472.75,2068.03,9149.731870518306,9246.071010768415
e8fffaab-f310-4c9c-a833-a837b68f1658,2026-08-24 05:45:00+00:00,11321.91,9705.42,2006.44,10316.744488772501,10441.242192486934
e8fffaab-f310-4c9c-a833-a837b68f1658,2026-08-24 06:00:00+00:00,12972.98,11321.91,2095.64,11725.558351877877,11823.257369794139
e8fffaab-f310-4c9c-a833-a837b68f1658,2026-08-24 06:15:00+00:00,11414.33,12972.98,2604.55,12986.17299550685,13051.71843223673
e8fffaab-f310-4c9c-a833-a837b68f1658,2026-08-24 06:30:00+00:00,9940.9,11414.33,2783.21,11205.469123311475,11233.33735027376
e8fffaab-f310-4c9c-a833-a837b68f1658,2026-08-24 06:45:00+00:00,8928.73,9940.9,1475.13,10058.019948137464,10062.932923535012
e8fffaab-f310-4c9c-a833-a837b68f1658,2026-08-24 07:00:00+00:00,10456.63,8928.73,4175.65,9530.28452372247,9468.353591684647
e8fffaab-f310-4c9c-a833-a837b68f1658,2026-08-24 07:15:00+00:00,8733.24,10456.63,3517.38,11095.55106184495,11030.061969895842
e8fffaab-f310-4c9c-a833-a837b68f1658,2026-08-24 07:30:00+00:00,9904.36,8733.24,2864.39,9110.786289542306,9035.536684404073
e8fffaab-f310-4c9c-a833-a837b68f1658,2026-08-24 07:45:00+00:00,12714.51,9904.36,3983.33,10648.288202888754,10533.482291203385
e8fffaab-f310-4c9c-a833-a837b68f1658,2026-08-24 08:00:00+00:00,9145.77,12714.51,5137.93,12995.995167194746,12858.601787731952
e8fffaab-f310-4c9c-a833-a837b68f1658,2026-08-24 08:15:00+00:00,7010.35,9145.77,3938.03,9031.95267365215,8898.233351160174
e8fffaab-f310-4c9c-a833-a837b68f1658,2026-08-24 08:30:00+00:00,5524.87,7010.35,-511.67,7670.854216188783,7540.162626618792
e8fffaab-f310-4c9c-a833-a837b68f1658,2026-08-24 08:45:00+00:00,7818.23,5524.87,-1031.02,6719.487871144331,6561.199477186287
e8fffaab-f310-4c9c-a833-a837b68f1658,2026-08-24 09:00:00+00:00,6754.13,7818.23,916.45,9009.738574676228,8871.435939889212
e8fffaab-f310-4c9c-a833-a837b68f1658,2026-08-24 09:15:00+00:00,7879.54,6754.13,-811.35,7412.508754649076,7307.854803198842
e8fffaab-f310-4c9c-a833-a837b68f1658,2026-08-24 09:30:00+00:00,15493.71,7879.54,3856.49,8530.24209557844,8440.017352870242
e8fffaab-f310-4c9c-a833-a837b68f1658,2026-08-24 09:45:00+00:00,14823.93,15493.71,-6532.78,15454.142457312037,15393.037154575984
e8fffaab-f310-4c9c-a833-a837b68f1658,2026-08-24 10:00:00+00:00,16406.85,14823.93,-2576.08,13490.169305108808,13389.077079486655
e8fffaab-f310-4c9c-a833-a837b68f1658,2026-08-24 10:15:00+00:00,7370.14,16406.85,-2124.34,15278.353569802717,15118.644164727079
e8fffaab-f310-4c9c-a833-a837b68f1658,2026-08-24 10:30:00+00:00,10848.32,7370.14,-4050.12,5866.241131076918,5738.704726586821
e8fffaab-f310-4c9c-a833-a837b68f1658,2026-08-24 10:45:00+00:00,-0.56,10848.32,2530.48,11320.282953218057,11083.957289138483
e8fffaab-f310-4c9c-a833-a837b68f1658,2026-08-24 11:00:00+00:00,4598.46,-0.56,283.38,153.80714590464413,-84.4171418798669
e8fffaab-f310-4c9c-a833-a837b68f1658,2026-08-24 11:15:00+00:00,8344.76,4598.46,29.66,6721.615771414036,6494.405377738042
e8fffaab-f310-4c9c-a833-a837b68f1658,2026-08-24 11:30:00+00:00,3399.69,8344.76,619.36,9503.96101140513,9228.847505782425
e8fffaab-f310-4c9c-a833-a837b68f1658,2026-08-24 11:45:00+00:00,10629.11,3399.69,-2653.97,3303.334327488492,3184.8137597720115
e8fffaab-f310-4c9c-a833-a837b68f1658,2026-08-24 12:00:00+00:00,5974.12,10629.11,-2221.96,11879.092100419315,11608.637159387867
e8fffaab-f310-4c9c-a833-a837b68f1658,2026-08-24 12:15:00+00:00,8386.97,5974.12,-109.1,5959.7269029902145,5692.60072908532
e8fffaab-f310-4c9c-a833-a837b68f1658,2026-08-24 12:30:00+00:00,12968.54,8386.97,1136.66,9024.090312790195,8800.543601687452
e8fffaab-f310-4c9c-a833-a837b68f1658,2026-08-24 12:45:00+00:00,8300.64,12968.54,981.69,13879.590424701975,13480.944058640756
e8fffaab-f310-4c9c-a833-a837b68f1658,2026-08-24 13:00:00+00:00,5221.43,8300.64,2170.54,9162.169177409312,8685.224238439114
e8fffaab-f310-4c9c-a833-a837b68f1658,2026-08-24 13:15:00+00:00,2864.33,5221.43,1040.51,5571.735105290123,5320.119319694019
e8fffaab-f310-4c9c-a833-a837b68f1658,2026-08-24 13:30:00+00:00,1985.46,2864.33,1021.89,3860.391253897581,3584.1711701353515
e8fffaab-f310-4c9c-a833-a837b68f1658,2026-08-24 13:45:00+00:00,6106.34,1985.46,1765.55,3302.0238474662247,3047.3140459367387
e8fffaab-f310-4c9c-a833-a837b68f1658,2026-08-24 14:00:00+00:00,8593.71,6106.34,499.31,7359.7243806089755,7098.703385987872
e8fffaab-f310-4c9c-a833-a837b68f1658,2026-08-24 14:15:00+00:00,9387.53,8593.71,-2732.53,8829.959298934595,8611.499527016078
e8fffaab-f310-4c9c-a833-a837b68f1658,2026-08-24 14:30:00+00:00,6490.08,9387.53,766.27,9152.586959534628,8929.166142602096
e8fffaab-f310-4c9c-a833-a837b68f1658,2026-08-24 14:45:00+00:00,8266.9,6490.08,3448.82,6284.30670256253,6043.2048720794055
e8fffaab-f310-4c9c-a833-a837b68f1658,2026-08-24 15:00:00+00:00,6611.5,8266.9,3502.34,8531.113101347695,8291.217708990014
e8fffaab-f310-4c9c-a833-a837b68f1658,2026-08-24 15:15:00+00:00,4623.29,6611.5,2686.95,6445.279985044013,6247.266589470136
e8fffaab-f310-4c9c-a833-a837b68f1658,2026-08-24 15:30:00+00:00,5304.86,4623.29,2887.99,4733.265094766369,4584.326440088718
e8fffaab-f310-4c9c-a833-a837b68f1658,2026-08-24 15:45:00+00:00,6788.83,5304.86,1677.04,5748.740597518487,5614.706207735856
e8fffaab-f310-4c9c-a833-a837b68f1658,2026-08-24 16:00:00+00:00,4511.85,6788.83,581.31,6912.165193138794,6818.086973749203
e8fffaab-f310-4c9c-a833-a837b68f1658,2026-08-24 16:15:00+00:00,3972.04,4511.85,2027.95,4331.784520065951,4272.870857970698
e8fffaab-f310-4c9c-a833-a837b68f1658,2026-08-24 16:30:00+00:00,3519.27,3972.04,3034.13,4296.312299670988,4238.873956381509
e8fffaab-f310-4c9c-a833-a837b68f1658,2026-08-24 16:45:00+00:00,3444.92,3519.27,2771.6,4022.0030753536357,3963.3097482519206
e8fffaab-f310-4c9c-a833-a837b68f1658,2026-08-24 17:00:00+00:00,21046.61,3444.92,2809.8,3927.361112969821,3905.321852949559
e8fffaab-f310-4c9c-a833-a837b68f1658,2026-08-24 17:15:00+00:00,56106.3,21046.61,4155.19,21424.687640297183,21290.59924541787
e8fffaab-f310-4c9c-a833-a837b68f1658,2026-08-24 17:30:00+00:00,56724.87,56106.3,4158.9,52694.70080582624,52341.36932084647
e8fffaab-f310-4c9c-a833-a837b68f1658,2026-08-24 17:45:00+00:00,57919.25,56724.87,4003.19,46521.53740698393,46163.322706059655
e8fffaab-f310-4c9c-a833-a837b68f1658,2026-08-24 18:00:00+00:00,48427.76,57919.25,3597.0,48017.87416175926,47537.64484747485
e8fffaab-f310-4c9c-a833-a837b68f1658,2026-08-24 18:15:00+00:00,33382.97,48427.76,3565.4,39366.90657470391,38679.42551401517
e8fffaab-f310-4c9c-a833-a837b68f1658,2026-08-24 18:30:00+00:00,4380.85,33382.97,3833.86,26361.653868345464,25777.947941120743
e8fffaab-f310-4c9c-a833-a837b68f1658,2026-08-24 18:45:00+00:00,4645.34,4380.85,4147.49,584.2073782264051,202.91992012908122
e8fffaab-f310-4c9c-a833-a837b68f1658,2026-08-24 19:00:00+00:00,4527.22,4645.34,4060.27,6147.818824947136,5874.26582088461
e8fffaab-f310-4c9c-a833-a837b68f1658,2026-08-24 19:15:00+00:00,4538.47,4527.22,4074.23,5929.9147134848,5703.757204699062
e8fffaab-f310-4c9c-a833-a837b68f1658,2026-08-24 19:30:00+00:00,4784.81,4538.47,4134.28,7618.186170786774,7221.255225965683
e8fffaab-f310-4c9c-a833-a837b68f1658,2026-08-24 19:45:00+00:00,4360.64,4784.81,4160.18,7848.13932114603,7437.472462951895
e8fffaab-f310-4c9c-a833-a837b68f1658,2026-08-24 20:00:00+00:00,4035.13,4360.64,4183.03,7361.116095200925,6944.804686240996
e8fffaab-f310-4c9c-a833-a837b68f1658,2026-08-24 20:15:00+00:00,4007.2,4035.13,4333.82,6388.110054397845,6070.6090599897925
e8fffaab-f310-4c9c-a833-a837b68f1658,2026-08-24 20:30:00+00:00,4010.18,4007.2,4318.2,5517.857266691291,5325.341010663822
e8fffaab-f310-4c9c-a833-a837b68f1658,2026-08-24 20:45:00+00:00,3973.41,4010.18,3993.0,4392.9571940293545,4365.659817326343
e8fffaab-f310-4c9c-a833-a837b68f1658,2026-08-24 21:00:00+00:00,3796.21,3973.41,3772.12,4342.593812730631,4305.259968757759
e8fffaab-f310-4c9c-a833-a837b68f1658,2026-08-24 21:15:00+00:00,3834.85,3796.21,3774.71,4153.8333595246695,4108.182694915914
e8fffaab-f310-4c9c-a833-a837b68f1658,2026-08-24 21:30:00+00:00,3939.0,3834.85,3881.71,4230.503388940365,4172.531248606034
e8fffaab-f310-4c9c-a833-a837b68f1658,2026-08-24 21:45:00+00:00,4005.47,3939.0,4256.92,4351.405577614551,4278.298892882038
e8fffaab-f310-4c9c-a833-a837b68f1658,2026-08-24 22:00:00+00:00,4029.3,4005.47,3636.8,4365.141230156331,4291.254369546046
e8fffaab-f310-4c9c-a833-a837b68f1658,2026-08-24 22:15:00+00:00,3381.46,4029.3,3906.96,4467.10011162712,4372.148694852648
e8fffaab-f310-4c9c-a833-a837b68f1658,2026-08-24 22:30:00+00:00,3512.32,3381.46,3088.56,3790.7774360289122,3703.130342266226
e8fffaab-f310-4c9c-a833-a837b68f1658,2026-08-24 22:45:00+00:00,3351.12,3512.32,3086.29,4062.7631692014093,3969.7276306455124
e8fffaab-f310-4c9c-a833-a837b68f1658,2026-08-24 23:00:00+00:00,3211.96,3351.12,3028.37,3874.1331191401796,3782.699815574838
e8fffaab-f310-4c9c-a833-a837b68f1658,2026-08-24 23:15:00+00:00,3050.26,3211.96,3022.47,3735.4120302632728,3657.219255824839
e8fffaab-f310-4c9c-a833-a837b68f1658,2026-08-24 23:30:00+00:00,3135.55,3050.26,3139.7,3713.5237204655596,3624.843169750233
e8fffaab-f310-4c9c-a833-a837b68f1658,2026-08-24 23:45:00+00:00,3163.46,3135.55,3370.94,3873.099008172624,3785.4921622799848
e8fffaab-f310-4c9c-a833-a837b68f1658,2026-08-25 00:00:00+00:00,3333.47,3163.46,3054.19,3772.784443975401,3728.9119628111175
e8fffaab-f310-4c9c-a833-a837b68f1658,2026-08-25 00:15:00+00:00,3188.52,3333.47,3037.73,3931.259838648127,3893.8400087000737
e8fffaab-f310-4c9c-a833-a837b68f1658,2026-08-25 00:30:00+00:00,3046.77,3188.52,3125.28,3784.5708025934673,3750.850162872278
e8fffaab-f310-4c9c-a833-a837b68f1658,2026-08-25 00:45:00+00:00,3149.44,3046.77,3075.46,3714.7148437781243,3685.183024878739
e8fffaab-f310-4c9c-a833-a837b68f1658,2026-08-25 01:00:00+00:00,2900.31,3149.44,2938.38,3841.7817865162515,3823.2568962387977
e8fffaab-f310-4c9c-a833-a837b68f1658,2026-08-25 01:15:00+00:00,2924.08,2900.31,2838.39,3628.9765548442747,3619.547419837296
e8fffaab-f310-4c9c-a833-a837b68f1658,2026-08-25 01:30:00+00:00,3034.47,2924.08,3057.05,3748.8950023770985,3748.4508609816776
e8fffaab-f310-4c9c-a833-a837b68f1658,2026-08-25 01:45:00+00:00,3107.39,3034.47,3110.89,3870.5955147834957,3884.4529676574894
e8fffaab-f310-4c9c-a833-a837b68f1658,2026-08-25 02:00:00+00:00,6137.88,3107.39,5665.33,4115.365683363288,4111.330406834131
e8fffaab-f310-4c9c-a833-a837b68f1658,2026-08-25 02:15:00+00:00,5358.65,6137.88,5410.61,7113.647051109612,7111.499649336053
e8fffaab-f310-4c9c-a833-a837b68f1658,2026-08-25 02:30:00+00:00,6246.55,5358.65,5393.86,5790.7654068063985,5811.024393286599
e8fffaab-f310-4c9c-a833-a837b68f1658,2026-08-25 02:45:00+00:00,5232.17,6246.55,6134.2,6940.816012757929,6960.039923591095
e8fffaab-f310-4c9c-a833-a837b68f1658,2026-08-25 03:00:00+00:00,5534.21,5232.17,6869.62,5844.920368319012,5871.728278742825
e8fffaab-f310-4c9c-a833-a837b68f1658,2026-08-25 03:15:00+00:00,6033.25,5534.21,5944.39,6312.423506836041,6374.5167019478085
e8fffaab-f310-4c9c-a833-a837b68f1658,2026-08-25 03:30:00+00:00,6120.29,6033.25,6252.49,6772.906625808476,6851.346699384457
e8fffaab-f310-4c9c-a833-a837b68f1658,2026-08-25 03:45:00+00:00,5854.33,6120.29,5961.67,6765.051294458115,6875.326222621825
e8fffaab-f310-4c9c-a833-a837b68f1658,2026-08-25 04:00:00+00:00,6013.09,5854.33,8162.97,6590.04379659035,6707.279391294965
e8fffaab-f310-4c9c-a833-a837b68f1658,2026-08-25 04:15:00+00:00,18889.66,6013.09,26183.07,7787.849161524298,7720.804396712041
e8fffaab-f310-4c9c-a833-a837b68f1658,2026-08-25 04:30:00+00:00,16994.36,18889.66,16296.43,20094.668103051816,20061.719129825156
e8fffaab-f310-4c9c-a833-a837b68f1658,2026-08-25 04:45:00+00:00,8705.41,16994.36,7912.27,15312.804826557818,15403.481288081952
e8fffaab-f310-4c9c-a833-a837b68f1658,2026-08-25 05:00:00+00:00,9580.41,8705.41,8564.83,7626.154285048434,7773.740430099229
e8fffaab-f310-4c9c-a833-a837b68f1658,2026-08-25 05:15:00+00:00,9861.5,9580.41,8472.75,10438.925010282223,10481.022612564486
e8fffaab-f310-4c9c-a833-a837b68f1658,2026-08-25 05:30:00+00:00,8583.68,9861.5,9705.42,10947.80874237782,10923.722071416298
e8fffaab-f310-4c9c-a833-a837b68f1658,2026-08-25 05:45:00+00:00,16318.03,8583.68,11321.91,9610.62142979424,9618.42249090221
e8fffaab-f310-4c9c-a833-a837b68f1658,2026-08-25 06:00:00+00:00,17231.73,16318.03,12972.98,17612.5657814976,17541.71560293914
e8fffaab-f310-4c9c-a833-a837b68f1658,2026-08-25 06:15:00+00:00,17107.34,17231.73,11414.33,16969.65685066109,16878.93407647308
e8fffaab-f310-4c9c-a833-a837b68f1658,2026-08-25 06:30:00+00:00,18070.53,17107.34,9940.9,16610.112682971496,16516.0908435445
e8fffaab-f310-4c9c-a833-a837b68f1658,2026-08-25 06:45:00+00:00,16702.2,18070.53,8928.73,17679.00818161395,17516.94010583947
e8fffaab-f310-4c9c-a833-a837b68f1658,2026-08-25 07:00:00+00:00,16959.58,16702.2,10456.63,16297.18702687926,16087.629608450514
e8fffaab-f310-4c9c-a833-a837b68f1658,2026-08-25 07:15:00+00:00,15155.69,16959.58,8733.24,16667.732576079827,16464.710237815038
e8fffaab-f310-4c9c-a833-a837b68f1658,2026-08-25 07:30:00+00:00,20556.47,15155.69,9904.36,14807.584782865586,14591.095709050252
e8fffaab-f310-4c9c-a833-a837b68f1658,2026-08-25 07:45:00+00:00,12572.42,20556.47,12714.51,20598.1972268456,20305.13764884491
e8fffaab-f310-4c9c-a833-a837b68f1658,2026-08-25 08:00:00+00:00,8169.33,12572.42,9145.77,11297.206264822566,11094.682918219876
e8fffaab-f310-4c9c-a833-a837b68f1658,2026-08-25 08:15:00+00:00,10612.77,8169.33,7010.35,8199.89959415365,8066.4228430771545
e8fffaab-f310-4c9c-a833-a837b68f1658,2026-08-25 08:30:00+00:00,12207.9,10612.77,5524.87,11655.543796449378,11441.037794597578
e8fffaab-f310-4c9c-a833-a837b68f1658,2026-08-25 08:45:00+00:00,55318.74,12207.9,7818.23,12591.168274826494,12389.336073555507
e8fffaab-f310-4c9c-a833-a837b68f1658,2026-08-25 09:00:00+00:00,35681.48,55318.74,6754.13,54709.33573586329,54252.92980457397
e8fffaab-f310-4c9c-a833-a837b68f1658,2026-08-25 09:15:00+00:00,28698.96,35681.48,7879.54,27201.440673607478,26771.212430187392
e8fffaab-f310-4c9c-a833-a837b68f1658,2026-08-25 09:30:00+00:00,28004.35,28698.96,15493.71,24456.436644477526,23968.200337713282
e8fffaab-f310-4c9c-a833-a837b68f1658,2026-08-25 09:45:00+00:00,17108.02,28004.35,14823.93,26282.58482588675,25436.421180855767
e8fffaab-f310-4c9c-a833-a837b68f1658,2026-08-25 10:00:00+00:00,7798.25,17108.02,16406.85,15224.24463672496,14548.357935030479
e8fffaab-f310-4c9c-a833-a837b68f1658,2026-08-25 10:15:00+00:00,4441.73,7798.25,7370.14,7435.983214281976,6977.507697308777
e8fffaab-f310-4c9c-a833-a837b68f1658,2026-08-25 10:30:00+00:00,2664.15,4441.73,10848.32,6074.573544465597,5600.200910351313
e8fffaab-f310-4c9c-a833-a837b68f1658,2026-08-25 10:45:00+00:00,2411.18,2664.15,-0.56,3963.0957130658862,3718.410014976781
e8fffaab-f310-4c9c-a833-a837b68f1658,2026-08-25 11:00:00+00:00,3203.37,2411.18,4598.46,4083.2485661622213,3843.145679613879
e8fffaab-f310-4c9c-a833-a837b68f1658,2026-08-25 11:15:00+00:00,9050.69,3203.37,8344.76,5163.521187073843,4875.38654136968
e8fffaab-f310-4c9c-a833-a837b68f1658,2026-08-25 11:30:00+00:00,8878.22,9050.69,3399.69,10384.147067632159,10135.750674648678
e8fffaab-f310-4c9c-a833-a837b68f1658,2026-08-25 11:45:00+00:00,9397.29,8878.22,10629.11,9438.94543191291,9103.564899175595
e8fffaab-f310-4c9c-a833-a837b68f1658,2026-08-25 12:00:00+00:00,7378.61,9397.29,5974.12,9778.924607218782,9472.74172991318
e8fffaab-f310-4c9c-a833-a837b68f1658,2026-08-25 12:15:00+00:00,8582.26,7378.61,8386.97,7891.909751790303,7523.31496227569
e8fffaab-f310-4c9c-a833-a837b68f1658,2026-08-25 12:30:00+00:00,1274.88,8582.26,12968.54,9595.6406645007,9172.24826771064
e8fffaab-f310-4c9c-a833-a837b68f1658,2026-08-25 12:45:00+00:00,5318.14,1274.88,8300.64,1873.797705507517,1532.353021351355
e8fffaab-f310-4c9c-a833-a837b68f1658,2026-08-25 13:00:00+00:00,10423.76,5318.14,5221.43,7227.99020559569,6869.922859303851
e8fffaab-f310-4c9c-a833-a837b68f1658,2026-08-25 13:15:00+00:00,12649.57,10423.76,2864.33,11407.842567197062,11018.854889770359
e8fffaab-f310-4c9c-a833-a837b68f1658,2026-08-25 13:30:00+00:00,11990.49,12649.57,1985.46,12275.11505224506,11938.758838334037
e8fffaab-f310-4c9c-a833-a837b68f1658,2026-08-25 13:45:00+00:00,5938.87,11990.49,6106.34,11405.471100439325,10997.215407624066
e8fffaab-f310-4c9c-a833-a837b68f1658,2026-08-25 14:00:00+00:00,9318.06,5938.87,8593.71,5679.139318585197,5247.79840319121
e8fffaab-f310-4c9c-a833-a837b68f1658,2026-08-25 14:15:00+00:00,12342.72,9318.06,9387.53,10411.00859757614,9919.205532091222
e8fffaab-f310-4c9c-a833-a837b68f1658,2026-08-25 14:30:00+00:00,10035.43,12342.72,6490.08,12535.390973644788,12068.4030256486
e8fffaab-f310-4c9c-a833-a837b68f1658,2026-08-25 14:45:00+00:00,2977.04,10035.43,8266.9,9414.541643525336,9018.134251950383
e8fffaab-f310-4c9c-a833-a837b68f1658,2026-08-25 15:00:00+00:00,6378.21,2977.04,6611.5,2678.1539170640344,2352.811621445122
e8fffaab-f310-4c9c-a833-a837b68f1658,2026-08-25 15:15:00+00:00,6009.25,6378.21,4623.29,7269.64525488244,6951.832961555199
e8fffaab-f310-4c9c-a833-a837b68f1658,2026-08-25 15:30:00+00:00,7532.17,6009.25,5304.86,6365.463373418064,6044.332682206879
e8fffaab-f310-4c9c-a833-a837b68f1658,2026-08-25 15:45:00+00:00,6435.74,7532.17,6788.83,7706.010205683546,7441.172153193407
e8fffaab-f310-4c9c-a833-a837b68f1658,2026-08-25 16:00:00+00:00,3686.09,6435.74,4511.85,6200.187701119212,5963.073731625725
e8fffaab-f310-4c9c-a833-a837b68f1658,2026-08-25 16:15:00+00:00,3516.25,3686.09,3972.04,3629.8926016532714,3439.7353105500533
e8fffaab-f310-4c9c-a833-a837b68f1658,2026-08-25 16:30:00+00:00,3373.08,3516.25,3519.27,4001.626453475682,3823.925522545336
e8fffaab-f310-4c9c-a833-a837b68f1658,2026-08-25 16:45:00+00:00,4197.95,3373.08,3444.92,3812.59472223566,3667.69148542116
e8fffaab-f310-4c9c-a833-a837b68f1658,2026-08-25 17:00:00+00:00,4457.24,4197.95,21046.61,5429.74411462886,5131.377060042523
e8fffaab-f310-4c9c-a833-a837b68f1658,2026-08-25 17:15:00+00:00,3837.91,4457.24,56106.3,7108.54104705093,6477.296693488406
e8fffaab-f310-4c9c-a833-a837b68f1658,2026-08-25 17:30:00+00:00,4559.53,3837.91,56724.87,6439.260172800372,5831.0516228386905
e8fffaab-f310-4c9c-a833-a837b68f1658,2026-08-25 17:45:00+00:00,4823.31,4559.53,57919.25,7360.065943374086,6746.890730227626
e8fffaab-f310-4c9c-a833-a837b68f1658,2026-08-25 18:00:00+00:00,4614.01,4823.31,48427.76,7053.992803575,6552.465054683702
e8fffaab-f310-4c9c-a833-a837b68f1658,2026-08-25 18:15:00+00:00,4681.2,4614.01,33382.97,6085.0437443711435,5750.678274595739
e8fffaab-f310-4c9c-a833-a837b68f1658,2026-08-25 18:30:00+00:00,5398.49,4681.2,4380.85,4879.462501473684,4841.6202044337715
e8fffaab-f310-4c9c-a833-a837b68f1658,2026-08-25 18:45:00+00:00,5365.9,5398.49,4645.34,5614.231614584096,5573.298466166819
e8fffaab-f310-4c9c-a833-a837b68f1658,2026-08-25 19:00:00+00:00,13294.95,5365.9,4527.22,5438.52109323629,5409.379993718496
e8fffaab-f310-4c9c-a833-a837b68f1658,2026-08-25 19:15:00+00:00,57968.45,13294.95,4538.47,13319.837974974007,13219.680780781558
e8fffaab-f310-4c9c-a833-a837b68f1658,2026-08-25 19:30:00+00:00,48604.74,57968.45,4784.81,55994.05214631067,55579.34776252796
e8fffaab-f310-4c9c-a833-a837b68f1658,2026-08-25 19:45:00+00:00,35225.65,48604.74,4360.64,38145.38499008019,37749.12087265685
e8fffaab-f310-4c9c-a833-a837b68f1658,2026-08-25 20:00:00+00:00,6314.75,35225.65,4035.13,26914.654370508586,26541.88100953711
e8fffaab-f310-4c9c-a833-a837b68f1658,2026-08-25 20:15:00+00:00,5494.88,6314.75,4007.2,2091.7510116863396,1554.8575057026173
e8fffaab-f310-4c9c-a833-a837b68f1658,2026-08-25 20:30:00+00:00,5800.19,5494.88,4010.18,6565.266776698871,6119.601913471777
e8fffaab-f310-4c9c-a833-a837b68f1658,2026-08-25 20:45:00+00:00,5443.84,5800.19,3973.41,6654.138899172134,6303.757169817786
e8fffaab-f310-4c9c-a833-a837b68f1658,2026-08-25 21:00:00+00:00,5294.17,5443.84,3796.21,5438.5800984074585,5312.87461044489
e8fffaab-f310-4c9c-a833-a837b68f1658,2026-08-25 21:15:00+00:00,5212.0,5294.17,3834.85,5369.098936046347,5236.128558752578
e8fffaab-f310-4c9c-a833-a837b68f1658,2026-08-25 21:30:00+00:00,5434.55,5212.0,3939.0,5349.523917293207,5202.520338422208
e8fffaab-f310-4c9c-a833-a837b68f1658,2026-08-25 21:45:00+00:00,5293.09,5434.55,4005.47,5592.311714079278,5437.525860236189
e8fffaab-f310-4c9c-a833-a837b68f1658,2026-08-25 22:00:00+00:00,4957.5,5293.09,4029.3,5399.185761756279,5242.620103800275
e8fffaab-f310-4c9c-a833-a837b68f1658,2026-08-25 22:15:00+00:00,5037.69,4957.5,3381.46,5076.535191980319,4920.572477637423
e8fffaab-f310-4c9c-a833-a837b68f1658,2026-08-25 22:30:00+00:00,4762.57,5037.69,3512.32,5248.607475001137,5081.864821278204
e8fffaab-f310-4c9c-a833-a837b68f1658,2026-08-25 22:45:00+00:00,4748.99,4762.57,3351.12,5013.479550495042,4838.1735292723415
e8fffaab-f310-4c9c-a833-a837b68f1658,2026-08-25 23:00:00+00:00,4603.06,4748.99,3211.96,5062.4845268073805,4886.389772097286
e8fffaab-f310-4c9c-a833-a837b68f1658,2026-08-25 23:15:00+00:00,4676.93,4603.06,3050.26,4893.884161578566,4728.531010988706
e8fffaab-f310-4c9c-a833-a837b68f1658,2026-08-25 23:30:00+00:00,4689.47,4676.93,3135.55,4977.895565834635,4822.833571486913
e8fffaab-f310-4c9c-a833-a837b68f1658,2026-08-25 23:45:00+00:00,4650.86,4689.47,3163.46,5072.989446009974,4911.596380867272
e8fffaab-f310-4c9c-a833-a837b68f1658,2026-08-26 00:00:00+00:00,4651.01,4650.86,3333.47,4955.664268358008,4838.7137763399405
e8fffaab-f310-4c9c-a833-a837b68f1658,2026-08-26 00:15:00+00:00,4628.32,4651.01,3188.52,4924.9800511005205,4821.61991835131
e8fffaab-f310-4c9c-a833-a837b68f1658,2026-08-26 00:30:00+00:00,4538.61,4628.32,3046.77,4916.3661504040365,4820.523764054766
e8fffaab-f310-4c9c-a833-a837b68f1658,2026-08-26 00:45:00+00:00,4461.32,4538.61,3149.44,4845.362888302699,4758.792706791308
e8fffaab-f310-4c9c-a833-a837b68f1658,2026-08-26 01:00:00+00:00,5083.13,4461.32,2900.31,4801.576853517036,4726.492979433085
e8fffaab-f310-4c9c-a833-a837b68f1658,2026-08-26 01:15:00+00:00,4196.0,5083.13,2924.08,5467.127840152917,5395.527245969329
e8fffaab-f310-4c9c-a833-a837b68f1658,2026-08-26 01:30:00+00:00,4181.23,4196.0,3034.47,4508.238824049461,4450.623272430622
e8fffaab-f310-4c9c-a833-a837b68f1658,2026-08-26 01:45:00+00:00,4231.44,4181.23,3107.39,4690.747855624639,4645.912529702103
e8fffaab-f310-4c9c-a833-a837b68f1658,2026-08-26 02:00:00+00:00,6134.86,4231.44,6137.88,5001.638981612696,4922.423389781773
e8fffaab-f310-4c9c-a833-a837b68f1658,2026-08-26 02:15:00+00:00,6007.77,6134.86,5358.65,6859.013045079446,6794.451801267418
e8fffaab-f310-4c9c-a833-a837b68f1658,2026-08-26 02:30:00+00:00,6212.99,6007.77,6246.55,6414.525260286204,6359.955353219801
e8fffaab-f310-4c9c-a833-a837b68f1658,2026-08-26 02:45:00+00:00,6944.88,6212.99,5232.17,6669.458639846065,6633.714347247956
e8fffaab-f310-4c9c-a833-a837b68f1658,2026-08-26 03:00:00+00:00,7083.89,6944.88,5534.21,7450.245268093657,7409.465919832048
e8fffaab-f310-4c9c-a833-a837b68f1658,2026-08-26 03:15:00+00:00,6480.13,7083.89,6033.25,7493.434477419929,7467.59918265233
e8fffaab-f310-4c9c-a833-a837b68f1658,2026-08-26 03:30:00+00:00,6309.36,6480.13,6120.29,6877.483171000046,6878.788495680439
e8fffaab-f310-4c9c-a833-a837b68f1658,2026-08-26 03:45:00+00:00,6347.82,6309.36,5854.33,6831.970172577363,6858.1361182176415
e8fffaab-f310-4c9c-a833-a837b68f1658,2026-08-26 04:00:00+00:00,7511.55,6347.82,6013.09,6971.130171594468,7012.4479362200345
e8fffaab-f310-4c9c-a833-a837b68f1658,2026-08-26 04:15:00+00:00,9703.22,7511.55,18889.66,8836.955272666815,8746.244166601198
e8fffaab-f310-4c9c-a833-a837b68f1658,2026-08-26 04:30:00+00:00,8905.02,9703.22,16994.36,10617.20587490836,10568.190229421618
e8fffaab-f310-4c9c-a833-a837b68f1658,2026-08-26 04:45:00+00:00,7645.71,8905.02,8705.41,9084.151668945186,9138.59180580139
e8fffaab-f310-4c9c-a833-a837b68f1658,2026-08-26 05:00:00+00:00,8882.76,7645.71,9580.41,8025.276343950431,8101.9121345474305
e8fffaab-f310-4c9c-a833-a837b68f1658,2026-08-26 05:15:00+00:00,8129.45,8882.76,9861.5,9670.406131271728,9698.278030032856
e8fffaab-f310-4c9c-a833-a837b68f1658,2026-08-26 05:30:00+00:00,8361.34,8129.45,8583.68,8858.835752794606,8865.600907658394
e8fffaab-f310-4c9c-a833-a837b68f1658,2026-08-26 05:45:00+00:00,9597.42,8361.34,16318.03,9909.428532642045,9785.911335580753
e8fffaab-f310-4c9c-a833-a837b68f1658,2026-08-26 06:00:00+00:00,10559.62,9597.42,17231.73,11170.211926391252,11013.177639364894
e8fffaab-f310-4c9c-a833-a837b68f1658,2026-08-26 06:15:00+00:00,10382.97,10559.62,17107.34,11907.424982980348,11723.08364133882
e8fffaab-f310-4c9c-a833-a837b68f1658,2026-08-26 06:30:00+00:00,9872.63,10382.97,18070.53,11572.952248494363,11361.34664932569
e8fffaab-f310-4c9c-a833-a837b68f1658,2026-08-26 06:45:00+00:00,11263.97,9872.63,16702.2,11164.319175021208,10925.113276564867
e8fffaab-f310-4c9c-a833-a837b68f1658,2026-08-26 07:00:00+00:00,9913.91,11263.97,16959.58,12618.752884516001,12348.25126003741
e8fffaab-f310-4c9c-a833-a837b68f1658,2026-08-26 07:15:00+00:00,10389.51,9913.91,15155.69,10839.357528076926,10590.348423972306
e8fffaab-f310-4c9c-a833-a837b68f1658,2026-08-26 07:30:00+00:00,8012.91,10389.51,20556.47,11704.412107687771,11397.21617411306
e8fffaab-f310-4c9c-a833-a837b68f1658,2026-08-26 07:45:00+00:00,11728.07,8012.91,12572.42,8808.519795715747,8584.024488441644
e8fffaab-f310-4c9c-a833-a837b68f1658,2026-08-26 08:00:00+00:00,10908.97,11728.07,8169.33,12589.523045272803,12392.129066792635
e8fffaab-f310-4c9c-a833-a837b68f1658,2026-08-26 08:15:00+00:00,12179.76,10908.97,10612.77,11148.61814098142,10911.995405567191
e8fffaab-f310-4c9c-a833-a837b68f1658,2026-08-26 08:30:00+00:00,7467.02,12179.76,12207.9,12575.29860512178,12311.597019678893
e8fffaab-f310-4c9c-a833-a837b68f1658,2026-08-26 08:45:00+00:00,7260.21,7467.02,55318.74,9726.829523272581,9007.895952834608
e8fffaab-f310-4c9c-a833-a837b68f1658,2026-08-26 09:00:00+00:00,5132.36,7260.21,35681.48,9559.522756143808,9017.614331785568
e8fffaab-f310-4c9c-a833-a837b68f1658,2026-08-26 09:15:00+00:00,4920.73,5132.36,28698.96,7110.239713208417,6639.694940033495
e8fffaab-f310-4c9c-a833-a837b68f1658,2026-08-26 09:30:00+00:00,9394.44,4920.73,28004.35,7086.007956580326,6652.055639692381
e8fffaab-f310-4c9c-a833-a837b68f1658,2026-08-26 09:45:00+00:00,13627.66,9394.44,17108.02,11051.835375630088,10677.785949939665
e8fffaab-f310-4c9c-a833-a837b68f1658,2026-08-26 10:00:00+00:00,6243.41,13627.66,7798.25,14092.220457891386,13743.284820887528
e8fffaab-f310-4c9c-a833-a837b68f1658,2026-08-26 10:15:00+00:00,10732.29,6243.41,4441.73,5769.358218111034,5495.291359154378
e8fffaab-f310-4c9c-a833-a837b68f1658,2026-08-26 10:30:00+00:00,8597.56,10732.29,2664.15,11600.541296535823,11281.265030174882
e8fffaab-f310-4c9c-a833-a837b68f1658,2026-08-26 10:45:00+00:00,1123.93,8597.56,2411.18,8589.289233022322,8255.436318324315
e8fffaab-f310-4c9c-a833-a837b68f1658,2026-08-26 11:00:00+00:00,4383.79,1123.93,3203.37,1536.02764528634,1269.2339197118763
e8fffaab-f310-4c9c-a833-a837b68f1658,2026-08-26 11:15:00+00:00,7892.43,4383.79,9050.69,6716.291694512588,6315.638937380601
e8fffaab-f310-4c9c-a833-a837b68f1658,2026-08-26 11:30:00+00:00,11859.05,7892.43,8878.22,9306.127447951181,8923.459147605718
e8fffaab-f310-4c9c-a833-a837b68f1658,2026-08-26 11:45:00+00:00,3458.68,11859.05,9397.29,12420.962287154785,12049.523782585818
e8fffaab-f310-4c9c-a833-a837b68f1658,2026-08-26 12:00:00+00:00,6783.66,3458.68,7378.61,3300.338009443035,2973.9577985250908
e8fffaab-f310-4c9c-a833-a837b68f1658,2026-08-26 12:15:00+00:00,8172.73,6783.66,8582.26,8279.068732886375,7905.036555168231
e8fffaab-f310-4c9c-a833-a837b68f1658,2026-08-26 12:30:00+00:00,12209.13,8172.73,1274.88,8711.719649526794,8374.970994279736
e8fffaab-f310-4c9c-a833-a837b68f1658,2026-08-26 12:45:00+00:00,18887.42,12209.13,5318.14,12425.66954518057,12074.263724372477
e8fffaab-f310-4c9c-a833-a837b68f1658,2026-08-26 13:00:00+00:00,18374.21,18887.42,10423.76,18563.352794994822,18081.078212282566
e8fffaab-f310-4c9c-a833-a837b68f1658,2026-08-26 13:15:00+00:00,65464.49,18374.21,12649.57,16752.41671283831,16265.391276331839
e8fffaab-f310-4c9c-a833-a837b68f1658,2026-08-26 13:30:00+00:00,40304.53,65464.49,11990.49,63515.424857544815,62699.4739601201
e8fffaab-f310-4c9c-a833-a837b68f1658,2026-08-26 13:45:00+00:00,20320.83,40304.53,5938.87,29485.807885742983,28810.058822788757
e8fffaab-f310-4c9c-a833-a837b68f1658,2026-08-26 14:00:00+00:00,20467.35,20320.83,9318.06,14659.635347625659,14108.004519219283
e8fffaab-f310-4c9c-a833-a837b68f1658,2026-08-26 14:15:00+00:00,19000.36,20467.35,12342.72,19975.70898295877,19112.02235293534
e8fffaab-f310-4c9c-a833-a837b68f1658,2026-08-26 14:30:00+00:00,18923.71,19000.36,10035.43,17719.879942995285,17145.170098905117
e8fffaab-f310-4c9c-a833-a837b68f1658,2026-08-26 14:45:00+00:00,14193.27,18923.71,2977.04,16881.75548853992,16624.294596468022
e8fffaab-f310-4c9c-a833-a837b68f1658,2026-08-26 15:00:00+00:00,7695.38,14193.27,6378.21,12304.531476367954,12111.925178274421
e8fffaab-f310-4c9c-a833-a837b68f1658,2026-08-26 15:15:00+00:00,6388.44,7695.38,6009.25,6660.188278131855,6532.412747037228
e8fffaab-f310-4c9c-a833-a837b68f1658,2026-08-26 15:30:00+00:00,6400.08,6388.44,7532.17,6669.516255284616,6534.410673552373
e8fffaab-f310-4c9c-a833-a837b68f1658,2026-08-26 15:45:00+00:00,4013.18,6400.08,6435.74,6685.849109776569,6601.782747263047
e8fffaab-f310-4c9c-a833-a837b68f1658,2026-08-26 16:00:00+00:00,3114.04,4013.18,3686.09,4027.6980184304566,4027.4706681599127
e8fffaab-f310-4c9c-a833-a837b68f1658,2026-08-26 16:15:00+00:00,2762.43,3114.04,3516.25,3550.0420882172502,3559.9243818281275
e8fffaab-f310-4c9c-a833-a837b68f1658,2026-08-26 16:30:00+00:00,3488.26,2762.43,3373.08,3337.962791543576,3346.524923294466
e8fffaab-f310-4c9c-a833-a837b68f1658,2026-08-26 16:45:00+00:00,3251.4,3488.26,4197.95,4063.5419422814302,4072.453038366868
e8fffaab-f310-4c9c-a833-a837b68f1658,2026-08-26 17:00:00+00:00,3425.9,3251.4,4457.24,3702.7869491783213,3702.167897523863
e8fffaab-f310-4c9c-a833-a837b68f1658,2026-08-26 17:15:00+00:00,3487.28,3425.9,3837.91,3838.3577098102915,3851.263252643138
e8fffaab-f310-4c9c-a833-a837b68f1658,2026-08-26 17:30:00+00:00,3487.27,3487.28,4559.53,3869.0151231353484,3874.657456074742
e8fffaab-f310-4c9c-a833-a837b68f1658,2026-08-26 17:45:00+00:00,4259.95,3487.27,4823.31,3826.9806405771697,3836.0869926453015
e8fffaab-f310-4c9c-a833-a837b68f1658,2026-08-26 18:00:00+00:00,4397.77,4259.95,4614.01,4614.593067742291,4613.948137197943
e8fffaab-f310-4c9c-a833-a837b68f1658,2026-08-26 18:15:00+00:00,3936.32,4397.77,4681.2,4615.673399007388,4614.287701630162
e8fffaab-f310-4c9c-a833-a837b68f1658,2026-08-26 18:30:00+00:00,4531.48,3936.32,5398.49,4140.425406727071,4142.405489806707
e8fffaab-f310-4c9c-a833-a837b68f1658,2026-08-26 18:45:00+00:00,4515.24,4531.48,5365.9,4856.218065131648,4850.325124314853
e8fffaab-f310-4c9c-a833-a837b68f1658,2026-08-26 19:00:00+00:00,4398.33,4515.24,13294.95,5042.9958559024535,4968.515619288017
e8fffaab-f310-4c9c-a833-a837b68f1658,2026-08-26 19:15:00+00:00,4372.17,4398.33,57968.45,6971.205560989385,6428.943310788421
e8fffaab-f310-4c9c-a833-a837b68f1658,2026-08-26 19:30:00+00:00,4451.81,4372.17,48604.74,6546.968813213321,6077.823676815271
e8fffaab-f310-4c9c-a833-a837b68f1658,2026-08-26 19:45:00+00:00,4410.69,4451.81,35225.65,6059.999788920447,5701.737460303152
e8fffaab-f310-4c9c-a833-a837b68f1658,2026-08-26 20:00:00+00:00,4393.85,4410.69,6314.75,4688.826998831955,4605.933847390306
e8fffaab-f310-4c9c-a833-a837b68f1658,2026-08-26 20:15:00+00:00,4406.74,4393.85,5494.88,4616.764329413793,4528.048846917289
e8fffaab-f310-4c9c-a833-a837b68f1658,2026-08-26 20:30:00+00:00,4328.22,4406.74,5800.19,4635.311624253424,4527.920684557512
e8fffaab-f310-4c9c-a833-a837b68f1658,2026-08-26 20:45:00+00:00,4353.06,4328.22,5443.84,4571.693173535079,4447.775123619314
e8fffaab-f310-4c9c-a833-a837b68f1658,2026-08-26 21:00:00+00:00,4088.27,4353.06,5294.17,4612.97637714762,4475.111087226246
e8fffaab-f310-4c9c-a833-a837b68f1658,2026-08-26 21:15:00+00:00,4430.69,4088.27,5212.0,4332.0077798661905,4187.378630452104
e8fffaab-f310-4c9c-a833-a837b68f1658,2026-08-26 21:30:00+00:00,4278.1,4430.69,5434.55,4741.777285667997,4582.297492237805
e8fffaab-f310-4c9c-a833-a837b68f1658,2026-08-26 21:45:00+00:00,4279.49,4278.1,5293.09,4520.29332559588,4355.057200584637
e8fffaab-f310-4c9c-a833-a837b68f1658,2026-08-26 22:00:00+00:00,4046.99,4279.49,4957.5,4568.863253786348,4397.006374830578
e8fffaab-f310-4c9c-a833-a837b68f1658,2026-08-26 22:15:00+00:00,3976.67,4046.99,5037.69,4321.970378922003,4145.186316413284
e8fffaab-f310-4c9c-a833-a837b68f1658,2026-08-26 22:30:00+00:00,4022.97,3976.67,4762.57,4294.2840361756025,4114.110749761137
e8fffaab-f310-4c9c-a833-a837b68f1658,2026-08-26 22:45:00+00:00,4119.66,4022.97,4748.99,4376.470314554252,4188.517189259622
e8fffaab-f310-4c9c-a833-a837b68f1658,2026-08-26 23:00:00+00:00,4360.8,4119.66,4603.06,4505.818342219189,4309.658673873068
e8fffaab-f310-4c9c-a833-a837b68f1658,2026-08-26 23:15:00+00:00,4076.34,4360.8,4676.93,4746.834500515621,4549.465275695732
e8fffaab-f310-4c9c-a833-a837b68f1658,2026-08-26 23:30:00+00:00,4005.56,4076.34,4689.47,4440.505642719555,4246.823339775512
e8fffaab-f310-4c9c-a833-a837b68f1658,2026-08-26 23:45:00+00:00,3725.4,4005.56,4650.86,4435.041557228785,4247.669559928801
e8fffaab-f310-4c9c-a833-a837b68f1658,2026-08-27 00:00:00+00:00,3041.64,3725.4,4651.01,4170.935088726827,4005.7217208183374
e8fffaab-f310-4c9c-a833-a837b68f1658,2026-08-27 00:15:00+00:00,3081.37,3041.64,4628.32,3560.5419104725215,3400.848198395208
e8fffaab-f310-4c9c-a833-a837b68f1658,2026-08-27 00:30:00+00:00,3490.87,3081.37,4538.61,3742.9650199127254,3585.6456591274846
e8fffaab-f310-4c9c-a833-a837b68f1658,2026-08-27 00:45:00+00:00,2981.35,3490.87,4461.32,4134.657002142364,3981.9960950419872
e8fffaab-f310-4c9c-a833-a837b68f1658,2026-08-27 01:00:00+00:00,2999.22,2981.35,5083.13,3570.6844663237644,3425.6779033098246
e8fffaab-f310-4c9c-a833-a837b68f1658,2026-08-27 01:15:00+00:00,2811.16,2999.22,4196.0,3672.196553261847,3552.9600035189305
e8fffaab-f310-4c9c-a833-a837b68f1658,2026-08-27 01:30:00+00:00,3114.02,2811.16,4181.23,3526.7292026834375,3422.83094964893
e8fffaab-f310-4c9c-a833-a837b68f1658,2026-08-27 01:45:00+00:00,3038.11,3114.02,4231.44,3880.983735863554,3798.00886539986
e8fffaab-f310-4c9c-a833-a837b68f1658,2026-08-27 02:00:00+00:00,5271.09,3038.11,6134.86,3960.5832150982133,3864.214118160131
e8fffaab-f310-4c9c-a833-a837b68f1658,2026-08-27 02:15:00+00:00,5321.8,5271.09,6007.77,6173.858923787992,6085.986152139865
e8fffaab-f310-4c9c-a833-a837b68f1658,2026-08-27 02:30:00+00:00,5149.13,5321.8,6212.99,5861.585113145773,5781.251422102947
e8fffaab-f310-4c9c-a833-a837b68f1658,2026-08-27 02:45:00+00:00,5769.71,5149.13,6944.88,5762.9209288546535,5691.779862839272
e8fffaab-f310-4c9c-a833-a837b68f1658,2026-08-27 03:00:00+00:00,6500.85,5769.71,7083.89,6514.3517512673325,6438.371730980785
e8fffaab-f310-4c9c-a833-a837b68f1658,2026-08-27 03:15:00+00:00,5733.05,6500.85,6480.13,7129.645479408468,7074.143664891348
e8fffaab-f310-4c9c-a833-a837b68f1658,2026-08-27 03:30:00+00:00,5518.87,5733.05,6309.36,6207.586665253538,6187.959755982481
e8fffaab-f310-4c9c-a833-a837b68f1658,2026-08-27 03:45:00+00:00,5880.06,5518.87,6347.82,6187.505646817936,6188.096915980104
e8fffaab-f310-4c9c-a833-a837b68f1658,2026-08-27 04:00:00+00:00,5470.11,5880.06,7511.55,6676.518353654303,6682.903703400151
e8fffaab-f310-4c9c-a833-a837b68f1658,2026-08-27 04:15:00+00:00,7536.8,5470.11,9703.22,6320.1903166183365,6333.664103787882
e8fffaab-f310-4c9c-a833-a837b68f1658,2026-08-27 04:30:00+00:00,8426.81,7536.8,8905.02,8351.480956011079,8396.700301590176
e8fffaab-f310-4c9c-a833-a837b68f1658,2026-08-27 04:45:00+00:00,6794.3,8426.81,7645.71,8843.456182159685,8910.058361274536
e8fffaab-f310-4c9c-a833-a837b68f1658,2026-08-27 05:00:00+00:00,8790.36,6794.3,8882.76,7276.903084795927,7344.738653041228
e8fffaab-f310-4c9c-a833-a837b68f1658,2026-08-27 05:15:00+00:00,8701.01,8790.36,8129.45,9657.271113086183,9691.446011096625
e8fffaab-f310-4c9c-a833-a837b68f1658,2026-08-27 05:30:00+00:00,16706.75,8701.01,8361.34,9687.190514544987,9635.478486450456
e8fffaab-f310-4c9c-a833-a837b68f1658,2026-08-27 05:45:00+00:00,38096.23,16706.75,9597.42,17706.56909826168,17589.608865428057
e8fffaab-f310-4c9c-a833-a837b68f1658,2026-08-27 06:00:00+00:00,18698.47,38096.23,10559.62,37471.17384553453,37173.633150596535
e8fffaab-f310-4c9c-a833-a837b68f1658,2026-08-27 06:15:00+00:00,19515.96,18698.47,10382.97,14166.557488423932,13964.794282816245
e8fffaab-f310-4c9c-a833-a837b68f1658,2026-08-27 06:30:00+00:00,17334.71,19515.96,9872.63,18851.81915486131,18590.372981665252
e8fffaab-f310-4c9c-a833-a837b68f1658,2026-08-27 06:45:00+00:00,17943.77,17334.71,11263.97,17068.363667121674,16637.898651235686
e8fffaab-f310-4c9c-a833-a837b68f1658,2026-08-27 07:00:00+00:00,19173.14,17943.77,9913.91,17456.712256488172,17177.9533913543
e8fffaab-f310-4c9c-a833-a837b68f1658,2026-08-27 07:15:00+00:00,18761.2,19173.14,10389.51,18669.20975500324,18336.476123823915
e8fffaab-f310-4c9c-a833-a837b68f1658,2026-08-27 07:30:00+00:00,15307.47,18761.2,8012.91,17688.080374360383,17400.6634972783
e8fffaab-f310-4c9c-a833-a837b68f1658,2026-08-27 07:45:00+00:00,10904.33,15307.47,11728.07,14241.020175757907,13955.364556440021
e8fffaab-f310-4c9c-a833-a837b68f1658,2026-08-27 08:00:00+00:00,7230.91,10904.33,10908.97,10528.0349651694,10248.290788364719
e8fffaab-f310-4c9c-a833-a837b68f1658,2026-08-27 08:15:00+00:00,12025.27,7230.91,12179.76,7673.695131494271,7405.297179081901
e8fffaab-f310-4c9c-a833-a837b68f1658,2026-08-27 08:30:00+00:00,11546.12,12025.27,7467.02,12763.441332959112,12523.506907432411
e8fffaab-f310-4c9c-a833-a837b68f1658,2026-08-27 08:45:00+00:00,12284.68,11546.12,7260.21,11439.536532613576,11177.535092882976
e8fffaab-f310-4c9c-a833-a837b68f1658,2026-08-27 09:00:00+00:00,8776.73,12284.68,5132.36,11929.108370811255,11706.030628814002
e8fffaab-f310-4c9c-a833-a837b68f1658,2026-08-27 09:15:00+00:00,11738.02,8776.73,4920.73,8477.725170937505,8251.848021328075
e8fffaab-f310-4c9c-a833-a837b68f1658,2026-08-27 09:30:00+00:00,14427.3,11738.02,9394.44,12157.038053052112,11906.235898262754
e8fffaab-f310-4c9c-a833-a837b68f1658,2026-08-27 09:45:00+00:00,11802.63,14427.3,13627.66,14553.491511109762,14233.392505097672
e8fffaab-f310-4c9c-a833-a837b68f1658,2026-08-27 10:00:00+00:00,9227.47,11802.63,6243.41,11080.410914093096,10877.78576936876
e8fffaab-f310-4c9c-a833-a837b68f1658,2026-08-27 10:15:00+00:00,13756.23,9227.47,10732.29,8951.136669972551,8708.569254148042
e8fffaab-f310-4c9c-a833-a837b68f1658,2026-08-27 10:30:00+00:00,10120.52,13756.23,8597.56,14189.407688694042,13823.76980612666
e8fffaab-f310-4c9c-a833-a837b68f1658,2026-08-27 10:45:00+00:00,4687.11,10120.52,1123.93,9209.548662847628,8923.981813021463
e8fffaab-f310-4c9c-a833-a837b68f1658,2026-08-27 11:00:00+00:00,14273.98,4687.11,4383.79,4712.810500387166,4382.717008467321
e8fffaab-f310-4c9c-a833-a837b68f1658,2026-08-27 11:15:00+00:00,15727.83,14273.98,7892.43,15519.357848038266,15050.21375681718
e8fffaab-f310-4c9c-a833-a837b68f1658,2026-08-27 11:30:00+00:00,16240.4,15727.83,11859.05,15099.187974928587,14605.773471683797
e8fffaab-f310-4c9c-a833-a837b68f1658,2026-08-27 11:45:00+00:00,14576.04,16240.4,3458.68,14733.655906333679,14359.273740389672
e8fffaab-f310-4c9c-a833-a837b68f1658,2026-08-27 12:00:00+00:00,13291.54,14576.04,6783.66,13180.208536017597,12726.517266097295
e8fffaab-f310-4c9c-a833-a837b68f1658,2026-08-27 12:15:00+00:00,11588.73,13291.54,8172.73,12334.987656181898,11868.745805443006
e8fffaab-f310-4c9c-a833-a837b68f1658,2026-08-27 12:30:00+00:00,13240.99,11588.73,12209.13,11275.350902810764,10750.047654518494
e8fffaab-f310-4c9c-a833-a837b68f1658,2026-08-27 12:45:00+00:00,5905.17,13240.99,18887.42,13509.959473818986,12918.943486617123
e8fffaab-f310-4c9c-a833-a837b68f1658,2026-08-27 13:00:00+00:00,10782.77,5905.17,18374.21,5823.6564736786295,5301.549562252595
e8fffaab-f310-4c9c-a833-a837b68f1658,2026-08-27 13:15:00+00:00,5230.81,10782.77,65464.49,14268.729807565061,13234.736024858501
e8fffaab-f310-4c9c-a833-a837b68f1658,2026-08-27 13:30:00+00:00,11571.55,5230.81,40304.53,7335.726957376069,6472.238274725709
e8fffaab-f310-4c9c-a833-a837b68f1658,2026-08-27 13:45:00+00:00,11775.39,11571.55,20320.83,13686.298984351126,13015.316254982466
e8fffaab-f310-4c9c-a833-a837b68f1658,2026-08-27 14:00:00+00:00,13087.53,11775.39,20467.35,12594.196862155497,11899.799469910218
e8fffaab-f310-4c9c-a833-a837b68f1658,2026-08-27 14:15:00+00:00,13313.46,13087.53,19000.36,13636.654980390806,12982.740014681136
e8fffaab-f310-4c9c-a833-a837b68f1658,2026-08-27 14:30:00+00:00,11231.24,13313.46,18923.71,13558.126597145285,12876.841931367959
e8fffaab-f310-4c9c-a833-a837b68f1658,2026-08-27 14:45:00+00:00,7635.58,11231.24,14193.27,10864.262612014656,10290.907974804037
e8fffaab-f310-4c9c-a833-a837b68f1658,2026-08-27 15:00:00+00:00,9866.61,7635.58,7695.38,7152.363738665454,6692.92021691228
e8fffaab-f310-4c9c-a833-a837b68f1658,2026-08-27 15:15:00+00:00,8335.85,9866.61,6388.44,9871.528157455235,9430.220243143676
e8fffaab-f310-4c9c-a833-a837b68f1658,2026-08-27 15:30:00+00:00,7327.69,8335.85,6400.08,7824.1421517814615,7413.172705914847
e8fffaab-f310-4c9c-a833-a837b68f1658,2026-08-27 15:45:00+00:00,6862.12,7327.69,4013.18,6843.473458787279,6501.003421118739
e8fffaab-f310-4c9c-a833-a837b68f1658,2026-08-27 16:00:00+00:00,4652.45,6862.12,3114.04,6522.9949453775225,6183.990948007617
e8fffaab-f310-4c9c-a833-a837b68f1658,2026-08-27 16:15:00+00:00,1884.23,4652.45,2762.43,4353.111324370005,4058.57806422023
e8fffaab-f310-4c9c-a833-a837b68f1658,2026-08-27 16:30:00+00:00,3865.8,1884.23,3488.26,2091.6972046086466,1821.2763580741612
e8fffaab-f310-4c9c-a833-a837b68f1658,2026-08-27 16:45:00+00:00,4201.76,3865.8,3251.4,4549.44870366102,4286.74388799192
e8fffaab-f310-4c9c-a833-a837b68f1658,2026-08-27 17:00:00+00:00,3781.81,4201.76,3425.9,4431.431772517952,4194.178559434972
e8fffaab-f310-4c9c-a833-a837b68f1658,2026-08-27 17:15:00+00:00,4093.66,3781.81,3487.28,3901.346712319554,3713.4222160619274
e8fffaab-f310-4c9c-a833-a837b68f1658,2026-08-27 17:30:00+00:00,4406.78,4093.66,3487.27,4354.037427059605,4176.526481504235
e8fffaab-f310-4c9c-a833-a837b68f1658,2026-08-27 17:45:00+00:00,4241.36,4406.78,4259.95,4622.823753673723,4466.038423569639
e8fffaab-f310-4c9c-a833-a837b68f1658,2026-08-27 18:00:00+00:00,4102.42,4241.36,4397.77,4406.883858937656,4280.538692216875
e8fffaab-f310-4c9c-a833-a837b68f1658,2026-08-27 18:15:00+00:00,4477.5,4102.42,3936.32,4267.834045935394,4139.155083312185
e8fffaab-f310-4c9c-a833-a837b68f1658,2026-08-27 18:30:00+00:00,4857.95,4477.5,4531.48,4661.984768061061,4520.358071229451
e8fffaab-f310-4c9c-a833-a837b68f1658,2026-08-27 18:45:00+00:00,4479.9,4857.95,4515.24,4970.451114533403,4818.382636505511
e8fffaab-f310-4c9c-a833-a837b68f1658,2026-08-27 19:00:00+00:00,4756.24,4479.9,4398.33,4511.3379956458775,4357.301778871107
e8fffaab-f310-4c9c-a833-a837b68f1658,2026-08-27 19:15:00+00:00,4780.84,4756.24,4372.17,4865.660799942636,4691.4430469798235
e8fffaab-f310-4c9c-a833-a837b68f1658,2026-08-27 19:30:00+00:00,4603.62,4780.84,4451.81,4862.219027302949,4666.978686359077
e8fffaab-f310-4c9c-a833-a837b68f1658,2026-08-27 19:45:00+00:00,4762.13,4603.62,4410.69,4644.640628204505,4443.9254972258705
e8fffaab-f310-4c9c-a833-a837b68f1658,2026-08-27 20:00:00+00:00,4453.21,4762.13,4393.85,4825.890665006113,4612.004040265247
e8fffaab-f310-4c9c-a833-a837b68f1658,2026-08-27 20:15:00+00:00,4638.41,4453.21,4406.74,4494.969639328854,4266.662274156966
e8fffaab-f310-4c9c-a833-a837b68f1658,2026-08-27 20:30:00+00:00,4498.94,4638.41,4328.22,4754.759021882608,4509.583659577679
e8fffaab-f310-4c9c-a833-a837b68f1658,2026-08-27 20:45:00+00:00,5230.31,4498.94,4353.06,4613.352153113598,4350.65561225431
e8fffaab-f310-4c9c-a833-a837b68f1658,2026-08-27 21:00:00+00:00,4156.35,5230.31,4088.27,5311.339603560461,5042.999338630994
e8fffaab-f310-4c9c-a833-a837b68f1658,2026-08-27 21:15:00+00:00,4459.44,4156.35,4430.69,4129.1715313680415,3842.724607598331
e8fffaab-f310-4c9c-a833-a837b68f1658,2026-08-27 21:30:00+00:00,4420.43,4459.44,4278.1,4633.797587709936,4329.31575805015
e8fffaab-f310-4c9c-a833-a837b68f1658,2026-08-27 21:45:00+00:00,4389.91,4420.43,4279.49,4597.249692604284,4264.361104594374
e8fffaab-f310-4c9c-a833-a837b68f1658,2026-08-27 22:00:00+00:00,4367.95,4389.91,4046.99,4545.089966151613,4207.011991501108
e8fffaab-f310-4c9c-a833-a837b68f1658,2026-08-27 22:15:00+00:00,3965.17,4367.95,3976.67,4541.788151345943,4206.643805151495
e8fffaab-f310-4c9c-a833-a837b68f1658,2026-08-27 22:30:00+00:00,4202.32,3965.17,4022.97,4154.45715897123,3828.33614726237
e8fffaab-f310-4c9c-a833-a837b68f1658,2026-08-27 22:45:00+00:00,4766.15,4202.32,4119.66,4458.048549711625,4141.121075210216
e8fffaab-f310-4c9c-a833-a837b68f1658,2026-08-27 23:00:00+00:00,4031.65,4766.15,4360.8,5045.316405445644,4723.235227657116
e8fffaab-f310-4c9c-a833-a837b68f1658,2026-08-27 23:15:00+00:00,3985.45,4031.65,4076.34,4190.221266008993,3880.335102278006
e8fffaab-f310-4c9c-a833-a837b68f1658,2026-08-27 23:30:00+00:00,3905.54,3985.45,4005.56,4279.217504487718,3974.776746199468
e8fffaab-f310-4c9c-a833-a837b68f1658,2026-08-27 23:45:00+00:00,4133.62,3905.54,3725.4,4243.794182922134,3939.329881293227
e8fffaab-f310-4c9c-a833-a837b68f1658,2026-08-28 00:00:00+00:00,4257.32,4133.62,3041.64,4488.151808731055,4187.804612493843
e8fffaab-f310-4c9c-a833-a837b68f1658,2026-08-28 00:15:00+00:00,4025.74,4257.32,3081.37,4619.0565954887,4309.326712460585
e8fffaab-f310-4c9c-a833-a837b68f1658,2026-08-28 00:30:00+00:00,3974.76,4025.74,3490.87,4412.188772099967,4097.312505589967
e8fffaab-f310-4c9c-a833-a837b68f1658,2026-08-28 00:45:00+00:00,3998.55,3974.76,2981.35,4401.52686967453,4091.8778980520383
e8fffaab-f310-4c9c-a833-a837b68f1658,2026-08-28 01:00:00+00:00,4051.77,3998.55,2999.22,4444.471646321593,4137.7220936826425
e8fffaab-f310-4c9c-a833-a837b68f1658,2026-08-28 01:15:00+00:00,3721.69,4051.77,2811.16,4497.228052486856,4209.453729727082
e8fffaab-f310-4c9c-a833-a837b68f1658,2026-08-28 01:30:00+00:00,3920.53,3721.69,3114.02,4228.781927975653,3951.9632752560647
e8fffaab-f310-4c9c-a833-a837b68f1658,2026-08-28 01:45:00+00:00,4181.84,3920.53,3038.11,4508.644218923938,4249.60592011664
e8fffaab-f310-4c9c-a833-a837b68f1658,2026-08-28 02:00:00+00:00,7107.62,4181.84,5271.09,4943.929213861287,4665.7842926064495
e8fffaab-f310-4c9c-a833-a837b68f1658,2026-08-28 02:15:00+00:00,7687.02,7107.62,5321.8,7785.285620986797,7514.256228382708
e8fffaab-f310-4c9c-a833-a837b68f1658,2026-08-28 02:30:00+00:00,8565.64,7687.02,5149.13,7790.066075433906,7540.138274011193
e8fffaab-f310-4c9c-a833-a837b68f1658,2026-08-28 02:45:00+00:00,8691.02,8565.64,5769.71,8681.8655058155,8429.376358562602
e8fffaab-f310-4c9c-a833-a837b68f1658,2026-08-28 03:00:00+00:00,8774.98,8691.02,6500.85,8760.898779299598,8503.355471638622
e8fffaab-f310-4c9c-a833-a837b68f1658,2026-08-28 03:15:00+00:00,7658.09,8774.98,5733.05,8797.487826787974,8570.115203565605
e8fffaab-f310-4c9c-a833-a837b68f1658,2026-08-28 03:30:00+00:00,7746.99,7658.09,5518.87,7747.81331835448,7541.934403963596
e8fffaab-f310-4c9c-a833-a837b68f1658,2026-08-28 03:45:00+00:00,9235.21,7746.99,5880.06,8084.2378777262675,7900.55829070407
e8fffaab-f310-4c9c-a833-a837b68f1658,2026-08-28 04:00:00+00:00,11167.58,9235.21,5470.11,9562.096478552841,9395.411644113452
e8fffaab-f310-4c9c-a833-a837b68f1658,2026-08-28 04:15:00+00:00,9952.02,11167.58,7536.8,11385.927590094181,11204.287287662486
e8fffaab-f310-4c9c-a833-a837b68f1658,2026-08-28 04:30:00+00:00,9228.23,9952.02,8426.81,9925.88591621065,9762.342496624138
e8fffaab-f310-4c9c-a833-a837b68f1658,2026-08-28 04:45:00+00:00,8516.65,9228.23,6794.3,9409.567767530853,9289.040265979414
e8fffaab-f310-4c9c-a833-a837b68f1658,2026-08-28 05:00:00+00:00,9077.68,8516.65,8790.36,9024.683445440109,8901.144809477884
e8fffaab-f310-4c9c-a833-a837b68f1658,2026-08-28 05:15:00+00:00,9205.46,9077.68,8701.01,9712.640109566913,9599.994124801251
e8fffaab-f310-4c9c-a833-a837b68f1658,2026-08-28 05:30:00+00:00,11746.85,9205.46,16706.75,10428.668304705629,10193.113326090062
e8fffaab-f310-4c9c-a833-a837b68f1658,2026-08-28 05:45:00+00:00,12798.97,11746.85,38096.23,14228.609844404786,13719.163094933621
e8fffaab-f310-4c9c-a833-a837b68f1658,2026-08-28 06:00:00+00:00,10490.13,12798.97,18698.47,13802.577706292963,13501.026830460414
e8fffaab-f310-4c9c-a833-a837b68f1658,2026-08-28 06:15:00+00:00,11019.47,10490.13,19515.96,11448.781735558608,11141.024747372836
e8fffaab-f310-4c9c-a833-a837b68f1658,2026-08-28 06:30:00+00:00,11370.77,11019.47,17334.71,12112.433446488576,11850.53700415726
e8fffaab-f310-4c9c-a833-a837b68f1658,2026-08-28 06:45:00+00:00,11799.86,11370.77,17943.77,12093.493418870137,11867.04799956692
e8fffaab-f310-4c9c-a833-a837b68f1658,2026-08-28 07:00:00+00:00,9919.52,11799.86,19173.14,12445.504880761258,12222.705332577334
e8fffaab-f310-4c9c-a833-a837b68f1658,2026-08-28 07:15:00+00:00,11013.04,9919.52,18761.2,10480.057097408242,10263.952200914224
e8fffaab-f310-4c9c-a833-a837b68f1658,2026-08-28 07:30:00+00:00,10212.43,11013.04,15307.47,11723.949469574294,11533.02727621731
e8fffaab-f310-4c9c-a833-a837b68f1658,2026-08-28 07:45:00+00:00,10379.45,10212.43,10904.33,10498.628803389345,10348.283227202022
e8fffaab-f310-4c9c-a833-a837b68f1658,2026-08-28 08:00:00+00:00,8745.82,10379.45,7230.91,10589.476569772918,10480.533013419445
e8fffaab-f310-4c9c-a833-a837b68f1658,2026-08-28 08:15:00+00:00,11214.8,8745.82,12025.27,9232.865363024583,9079.989464566399
e8fffaab-f310-4c9c-a833-a837b68f1658,2026-08-28 08:30:00+00:00,29892.31,11214.8,11546.12,11955.034292604325,11804.74510177065
e8fffaab-f310-4c9c-a833-a837b68f1658,2026-08-28 08:45:00+00:00,59546.12,29892.31,12284.68,29699.13685688794,29469.47704101724
e8fffaab-f310-4c9c-a833-a837b68f1658,2026-08-28 09:00:00+00:00,39930.06,59546.12,8776.73,55384.29201275378,54978.06300827571
e8fffaab-f310-4c9c-a833-a837b68f1658,2026-08-28 09:15:00+00:00,22083.61,39930.06,11738.02,30848.42332982384,30464.665057084367
e8fffaab-f310-4c9c-a833-a837b68f1658,2026-08-28 09:30:00+00:00,11305.1,22083.61,14427.3,17316.01551335741,16953.576728574524
e8fffaab-f310-4c9c-a833-a837b68f1658,2026-08-28 09:45:00+00:00,11680.1,11305.1,11802.63,10591.164156675104,10152.463535324858
e8fffaab-f310-4c9c-a833-a837b68f1658,2026-08-28 10:00:00+00:00,9445.56,11680.1,9227.47,12884.989895915338,12570.232956696927
e8fffaab-f310-4c9c-a833-a837b68f1658,2026-08-28 10:15:00+00:00,10742.16,9445.56,13756.23,10103.076214317909,9847.942829072623
e8fffaab-f310-4c9c-a833-a837b68f1658,2026-08-28 10:30:00+00:00,17767.65,10742.16,10120.52,11270.519072155057,11057.45604365981
e8fffaab-f310-4c9c-a833-a837b68f1658,2026-08-28 10:45:00+00:00,17090.02,17767.65,4687.11,17557.764349458386,17289.571843567253
e8fffaab-f310-4c9c-a833-a837b68f1658,2026-08-28 11:00:00+00:00,19682.18,17090.02,14273.98,16193.543776453891,15711.920674108911
e8fffaab-f310-4c9c-a833-a837b68f1658,2026-08-28 11:15:00+00:00,20553.62,19682.18,15727.83,18932.585958350148,18525.772438666096
e8fffaab-f310-4c9c-a833-a837b68f1658,2026-08-28 11:30:00+00:00,21761.61,20553.62,16240.4,19495.36002999291,19128.267075042437
e8fffaab-f310-4c9c-a833-a837b68f1658,2026-08-28 11:45:00+00:00,19229.1,21761.61,14576.04,20356.685925123442,20117.90177856601
e8fffaab-f310-4c9c-a833-a837b68f1658,2026-08-28 12:00:00+00:00,18175.16,19229.1,13291.54,17601.447196479352,17477.12149279905
e8fffaab-f310-4c9c-a833-a837b68f1658,2026-08-28 12:15:00+00:00,18002.31,18175.16,11588.73,16975.35429537297,16829.083181487582
e8fffaab-f310-4c9c-a833-a837b68f1658,2026-08-28 12:30:00+00:00,20134.29,18002.31,13240.99,17087.349546420046,16875.895667227007
e8fffaab-f310-4c9c-a833-a837b68f1658,2026-08-28 12:45:00+00:00,21169.73,20134.29,5905.17,18821.273328967793,18643.63073299046
e8fffaab-f310-4c9c-a833-a837b68f1658,2026-08-28 13:00:00+00:00,18759.12,21169.73,10782.77,19526.191818412663,19266.92594043834
e8fffaab-f310-4c9c-a833-a837b68f1658,2026-08-28 13:15:00+00:00,22240.52,18759.12,5230.81,16359.376282955927,16209.577987264795
e8fffaab-f310-4c9c-a833-a837b68f1658,2026-08-28 13:30:00+00:00,20347.45,22240.52,11571.55,20807.159408414027,20509.57394313027
e8fffaab-f310-4c9c-a833-a837b68f1658,2026-08-28 13:45:00+00:00,19709.72,20347.45,11775.39,18375.243967377173,18048.75128510603
e8fffaab-f310-4c9c-a833-a837b68f1658,2026-08-28 14:00:00+00:00,20746.68,19709.72,13087.53,17992.005582594644,17675.540558199256
e8fffaab-f310-4c9c-a833-a837b68f1658,2026-08-28 14:15:00+00:00,19415.67,20746.68,13313.46,19227.977351424866,18845.95895497569
e8fffaab-f310-4c9c-a833-a837b68f1658,2026-08-28 14:30:00+00:00,18240.46,19415.67,11231.24,17516.955926437397,17152.810320238354
e8fffaab-f310-4c9c-a833-a837b68f1658,2026-08-28 14:45:00+00:00,17982.87,18240.46,7635.58,16285.41778041936,15958.951042224562
e8fffaab-f310-4c9c-a833-a837b68f1658,2026-08-28 15:00:00+00:00,15528.21,17982.87,9866.61,16390.075738647378,15999.031358297838
e8fffaab-f310-4c9c-a833-a837b68f1658,2026-08-28 15:15:00+00:00,18956.85,15528.21,8335.85,13808.533776889099,13503.98878311831
e8fffaab-f310-4c9c-a833-a837b68f1658,2026-08-28 15:30:00+00:00,20888.51,18956.85,7327.69,17629.58713966624,17346.49526544899
e8fffaab-f310-4c9c-a833-a837b68f1658,2026-08-28 15:45:00+00:00,19764.56,20888.51,6862.12,18766.829728256,18516.485492696145
e8fffaab-f310-4c9c-a833-a837b68f1658,2026-08-28 16:00:00+00:00,14918.89,19764.56,4652.45,16985.143548463297,16829.791714490784
e8fffaab-f310-4c9c-a833-a837b68f1658,2026-08-28 16:15:00+00:00,14355.51,14918.89,1884.23,12375.285450654004,12268.284606179623
e8fffaab-f310-4c9c-a833-a837b68f1658,2026-08-28 16:30:00+00:00,7366.65,14355.51,3865.8,12872.323999138855,12755.080386749465
e8fffaab-f310-4c9c-a833-a837b68f1658,2026-08-28 16:45:00+00:00,3953.24,7366.65,4201.76,6042.405741598588,5992.452795148821
e8fffaab-f310-4c9c-a833-a837b68f1658,2026-08-28 17:00:00+00:00,3437.67,3953.24,3781.81,3826.0159009039207,3864.8916568812583
e8fffaab-f310-4c9c-a833-a837b68f1658,2026-08-28 17:15:00+00:00,3371.47,3437.67,4093.66,3971.2291258917967,4004.9468775412297
e8fffaab-f310-4c9c-a833-a837b68f1658,2026-08-28 17:30:00+00:00,3612.92,3371.47,4406.78,3801.3945885145386,3879.923787523793
e8fffaab-f310-4c9c-a833-a837b68f1658,2026-08-28 17:45:00+00:00,3452.27,3612.92,4241.36,3973.430956247833,4063.689948675833
e8fffaab-f310-4c9c-a833-a837b68f1658,2026-08-28 18:00:00+00:00,3626.88,3452.27,4102.42,3751.505358516343,3835.805850440098
e8fffaab-f310-4c9c-a833-a837b68f1658,2026-08-28 18:15:00+00:00,3629.15,3626.88,4477.5,3957.507867417108,4036.8442989656096
e8fffaab-f310-4c9c-a833-a837b68f1658,2026-08-28 18:30:00+00:00,4159.2,3629.15,4857.95,3942.0715059527665,4014.607610830876
e8fffaab-f310-4c9c-a833-a837b68f1658,2026-08-28 18:45:00+00:00,4217.3,4159.2,4479.9,4437.979623690867,4511.592083613329
e8fffaab-f310-4c9c-a833-a837b68f1658,2026-08-28 19:00:00+00:00,4130.01,4217.3,4756.24,4415.021105752016,4482.306117104051
e8fffaab-f310-4c9c-a833-a837b68f1658,2026-08-28 19:15:00+00:00,4262.21,4130.01,4780.84,4321.511468565073,4371.956214799093
e8fffaab-f310-4c9c-a833-a837b68f1658,2026-08-28 19:30:00+00:00,4138.73,4262.21,4603.62,4481.151585670763,4511.812744520671
e8fffaab-f310-4c9c-a833-a837b68f1658,2026-08-28 19:45:00+00:00,4258.09,4138.73,4762.13,4327.647591521956,4344.676011796256
e8fffaab-f310-4c9c-a833-a837b68f1658,2026-08-28 20:00:00+00:00,4518.7,4258.09,4453.21,4450.977180231696,4458.0114299465495
e8fffaab-f310-4c9c-a833-a837b68f1658,2026-08-28 20:15:00+00:00,4177.22,4518.7,4638.41,4695.967333551119,4680.311454179937
e8fffaab-f310-4c9c-a833-a837b68f1658,2026-08-28 20:30:00+00:00,4185.44,4177.22,4498.94,4305.389480443779,4276.090109263023
e8fffaab-f310-4c9c-a833-a837b68f1658,2026-08-28 20:45:00+00:00,4272.65,4185.44,5230.31,4415.482553618126,4362.587208354935
e8fffaab-f310-4c9c-a833-a837b68f1658,2026-08-28 21:00:00+00:00,3445.26,4272.65,4156.35,4469.748264853095,4409.255136309524
e8fffaab-f310-4c9c-a833-a837b68f1658,2026-08-28 21:15:00+00:00,3410.75,3445.26,4459.44,3633.465324987157,3565.015683507494
e8fffaab-f310-4c9c-a833-a837b68f1658,2026-08-28 21:30:00+00:00,3829.25,3410.75,4420.43,3773.3701573686085,3691.2933906263415
e8fffaab-f310-4c9c-a833-a837b68f1658,2026-08-28 21:45:00+00:00,4200.79,3829.25,4389.91,4210.146192523224,4112.129744044028
e8fffaab-f310-4c9c-a833-a837b68f1658,2026-08-28 22:00:00+00:00,3672.11,4200.79,4367.95,4471.763900410816,4369.3446803116885
e8fffaab-f310-4c9c-a833-a837b68f1658,2026-08-28 22:15:00+00:00,3714.83,3672.11,3965.17,3885.855150568691,3784.9318788305036
e8fffaab-f310-4c9c-a833-a837b68f1658,2026-08-28 22:30:00+00:00,3386.09,3714.83,4202.32,4052.1799051283424,3945.819193676026
e8fffaab-f310-4c9c-a833-a837b68f1658,2026-08-28 22:45:00+00:00,3229.27,3386.09,4766.15,3764.2992167082857,3651.9309855931942
e8fffaab-f310-4c9c-a833-a837b68f1658,2026-08-28 23:00:00+00:00,3481.0,3229.27,4031.65,3626.464025642076,3530.4875133286587
e8fffaab-f310-4c9c-a833-a837b68f1658,2026-08-28 23:15:00+00:00,3413.83,3481.0,3985.45,3925.977742375294,3823.23817623751
e8fffaab-f310-4c9c-a833-a837b68f1658,2026-08-28 23:30:00+00:00,3356.46,3413.83,3905.54,3814.443630593035,3712.697870352309
e8fffaab-f310-4c9c-a833-a837b68f1658,2026-08-28 23:45:00+00:00,3385.62,3356.46,4133.62,3806.6387053870885,3701.2441355036035
e8fffaab-f310-4c9c-a833-a837b68f1658,2026-08-29 00:00:00+00:00,3339.17,3385.62,4257.32,3391.3083961334814,3156.7922661319944
e8fffaab-f310-4c9c-a833-a837b68f1658,2026-08-29 00:15:00+00:00,3302.42,3339.17,4025.74,3352.631417732853,3121.85644318111
e8fffaab-f310-4c9c-a833-a837b68f1658,2026-08-29 00:30:00+00:00,3085.97,3302.42,3974.76,3345.8456250132876,3118.810092830521
e8fffaab-f310-4c9c-a833-a837b68f1658,2026-08-29 00:45:00+00:00,3065.49,3085.97,3998.55,3164.231243191143,2942.568159907313
e8fffaab-f310-4c9c-a833-a837b68f1658,2026-08-29 01:00:00+00:00,2908.99,3065.49,4051.77,3207.9890113147276,2992.9135434955524
e8fffaab-f310-4c9c-a833-a837b68f1658,2026-08-29 01:15:00+00:00,2761.58,2908.99,3721.69,3059.9997164447886,2863.3865832420206
e8fffaab-f310-4c9c-a833-a837b68f1658,2026-08-29 01:30:00+00:00,3091.47,2761.58,3920.53,2986.884898313324,2803.214707289728
e8fffaab-f310-4c9c-a833-a837b68f1658,2026-08-29 01:45:00+00:00,2965.72,3091.47,4181.84,3381.2549134324963,3208.505611285964
e8fffaab-f310-4c9c-a833-a837b68f1658,2026-08-29 02:00:00+00:00,3130.34,2965.72,7107.62,3367.7288132842787,3181.555448497198
e8fffaab-f310-4c9c-a833-a837b68f1658,2026-08-29 02:15:00+00:00,3363.08,3130.34,7687.02,3621.6616578073454,3443.7472540234467
e8fffaab-f310-4c9c-a833-a837b68f1658,2026-08-29 02:30:00+00:00,2986.2,3363.08,8565.64,3881.5841990853214,3710.8608687529395
e8fffaab-f310-4c9c-a833-a837b68f1658,2026-08-29 02:45:00+00:00,3132.98,2986.2,8691.02,3471.1938845824425,3325.1281760813845
e8fffaab-f310-4c9c-a833-a837b68f1658,2026-08-29 03:00:00+00:00,4162.57,3132.98,8774.98,3760.2492928216852,3625.912991719015
e8fffaab-f310-4c9c-a833-a837b68f1658,2026-08-29 03:15:00+00:00,4033.83,4162.57,7658.09,4695.839911131114,4589.597536027352
e8fffaab-f310-4c9c-a833-a837b68f1658,2026-08-29 03:30:00+00:00,3361.04,4033.83,7746.99,4384.3880543376035,4301.961577762483
e8fffaab-f310-4c9c-a833-a837b68f1658,2026-08-29 03:45:00+00:00,3669.37,3361.04,9235.21,3837.82183813999,3765.767721813536
e8fffaab-f310-4c9c-a833-a837b68f1658,2026-08-29 04:00:00+00:00,3346.04,3669.37,11167.58,4410.5702284439285,4332.127948450034
e8fffaab-f310-4c9c-a833-a837b68f1658,2026-08-29 04:15:00+00:00,3780.82,3346.04,9952.02,4011.3257794163055,3969.879596010577
e8fffaab-f310-4c9c-a833-a837b68f1658,2026-08-29 04:30:00+00:00,3419.48,3780.82,9228.23,4431.090217907542,4431.343388826171
e8fffaab-f310-4c9c-a833-a837b68f1658,2026-08-29 04:45:00+00:00,2871.27,3419.48,8516.65,3974.3395451315346,4008.7712782543304
e8fffaab-f310-4c9c-a833-a837b68f1658,2026-08-29 05:00:00+00:00,2672.84,2871.27,9077.68,3541.655747712678,3602.0176206841898
e8fffaab-f310-4c9c-a833-a837b68f1658,2026-08-29 05:15:00+00:00,2395.56,2672.84,9205.46,3447.2856073712983,3513.3721561981893
e8fffaab-f310-4c9c-a833-a837b68f1658,2026-08-29 05:30:00+00:00,2690.62,2395.56,11746.85,3333.053280863822,3381.1933605872428
e8fffaab-f310-4c9c-a833-a837b68f1658,2026-08-29 05:45:00+00:00,2458.16,2690.62,12798.97,3705.3815138450864,3751.630891512613
e8fffaab-f310-4c9c-a833-a837b68f1658,2026-08-29 06:00:00+00:00,1720.84,2458.16,10490.13,3261.2092825981354,3345.871324815559
e8fffaab-f310-4c9c-a833-a837b68f1658,2026-08-29 06:15:00+00:00,1759.52,1720.84,11019.47,2615.170744081076,2696.5360428049325
e8fffaab-f310-4c9c-a833-a837b68f1658,2026-08-29 06:30:00+00:00,2332.37,1759.52,11370.77,2864.984508022305,2931.370046007747
e8fffaab-f310-4c9c-a833-a837b68f1658,2026-08-29 06:45:00+00:00,1853.42,2332.37,11799.86,3460.3239958706818,3514.0185091250996
e8fffaab-f310-4c9c-a833-a837b68f1658,2026-08-29 07:00:00+00:00,1332.89,1853.42,9919.52,2799.7201492925105,2872.7097971061958
e8fffaab-f310-4c9c-a833-a837b68f1658,2026-08-29 07:15:00+00:00,1625.02,1332.89,11013.04,2265.253599673246,2322.861693739077
e8fffaab-f310-4c9c-a833-a837b68f1658,2026-08-29 07:30:00+00:00,1206.51,1625.02,10212.43,2841.011976364681,2833.56414494205
e8fffaab-f310-4c9c-a833-a837b68f1658,2026-08-29 07:45:00+00:00,1799.48,1206.51,10379.45,2374.635166657885,2334.886880010429
e8fffaab-f310-4c9c-a833-a837b68f1658,2026-08-29 08:00:00+00:00,3399.54,1799.48,8745.82,2745.199595378419,2718.5407549948295
e8fffaab-f310-4c9c-a833-a837b68f1658,2026-08-29 08:15:00+00:00,4051.99,3399.54,11214.8,4412.982499504468,4335.659160739587
e8fffaab-f310-4c9c-a833-a837b68f1658,2026-08-29 08:30:00+00:00,2480.93,4051.99,29892.31,5574.608132357084,5307.92866310901
e8fffaab-f310-4c9c-a833-a837b68f1658,2026-08-29 08:45:00+00:00,1550.92,2480.93,59546.12,5404.947554325458,4819.178565019141
e8fffaab-f310-4c9c-a833-a837b68f1658,2026-08-29 09:00:00+00:00,753.04,1550.92,39930.06,3850.0269714103833,3465.5208948456066
e8fffaab-f310-4c9c-a833-a837b68f1658,2026-08-29 09:15:00+00:00,-4913.32,753.04,22083.61,2308.614582802388,2104.071714085864
e8fffaab-f310-4c9c-a833-a837b68f1658,2026-08-29 09:30:00+00:00,-2677.12,-4913.32,11305.1,-3654.460663643633,-3727.619220442173
e8fffaab-f310-4c9c-a833-a837b68f1658,2026-08-29 09:45:00+00:00,-5009.41,-2677.12,11680.1,-375.0366474356815,-478.28264846248385
e8fffaab-f310-4c9c-a833-a837b68f1658,2026-08-29 10:00:00+00:00,-2933.21,-5009.41,9445.56,-3326.876262744203,-3400.285471209061
e8fffaab-f310-4c9c-a833-a837b68f1658,2026-08-29 10:15:00+00:00,304.16,-2933.21,10742.16,-738.4978007372902,-827.7380352629225
e8fffaab-f310-4c9c-a833-a837b68f1658,2026-08-29 10:30:00+00:00,1691.87,304.16,17767.65,2364.06988130051,2168.025401569511
e8fffaab-f310-4c9c-a833-a837b68f1658,2026-08-29 10:45:00+00:00,716.47,1691.87,17090.02,2806.5185108964943,2647.3903323219347
e8fffaab-f310-4c9c-a833-a837b68f1658,2026-08-29 11:00:00+00:00,611.42,716.47,19682.18,1734.562562701496,1528.2877423447298
e8fffaab-f310-4c9c-a833-a837b68f1658,2026-08-29 11:15:00+00:00,1547.9,611.42,20553.62,1897.9977599165177,1650.978468808089
e8fffaab-f310-4c9c-a833-a837b68f1658,2026-08-29 11:30:00+00:00,3991.01,1547.9,21761.61,2679.0679959456047,2426.332588492327
e8fffaab-f310-4c9c-a833-a837b68f1658,2026-08-29 11:45:00+00:00,2568.41,3991.01,19229.1,5053.975673616729,4754.581633362148
e8fffaab-f310-4c9c-a833-a837b68f1658,2026-08-29 12:00:00+00:00,-1033.24,2568.41,18175.16,2668.73905500641,2439.391490160071
e8fffaab-f310-4c9c-a833-a837b68f1658,2026-08-29 12:15:00+00:00,3381.51,-1033.24,18002.31,-388.0961646265623,-640.8845054256017
e8fffaab-f310-4c9c-a833-a837b68f1658,2026-08-29 12:30:00+00:00,3679.37,3381.51,20134.29,4766.147089273678,4447.001610788041
e8fffaab-f310-4c9c-a833-a837b68f1658,2026-08-29 12:45:00+00:00,1257.38,3679.37,21169.73,4667.37837331358,4261.546142239791
e8fffaab-f310-4c9c-a833-a837b68f1658,2026-08-29 13:00:00+00:00,-2878.23,1257.38,18759.12,1880.4187185154624,1548.9375228366443
e8fffaab-f310-4c9c-a833-a837b68f1658,2026-08-29 13:15:00+00:00,2849.5,-2878.23,22240.52,-1540.1755779781051,-1885.6703644620047
e8fffaab-f310-4c9c-a833-a837b68f1658,2026-08-29 13:30:00+00:00,5461.42,2849.5,20347.45,4574.274698229115,4267.20754300638
e8fffaab-f310-4c9c-a833-a837b68f1658,2026-08-29 13:45:00+00:00,3231.96,5461.42,19709.72,6280.537512047638,5940.040807467229
e8fffaab-f310-4c9c-a833-a837b68f1658,2026-08-29 14:00:00+00:00,3519.34,3231.96,20746.68,3158.267542918199,2918.492421275796
e8fffaab-f310-4c9c-a833-a837b68f1658,2026-08-29 14:15:00+00:00,4702.25,3519.34,19415.67,4097.15161151429,3826.527073780436
e8fffaab-f310-4c9c-a833-a837b68f1658,2026-08-29 14:30:00+00:00,4581.94,4702.25,18240.46,5318.19724711627,5037.409730003135
e8fffaab-f310-4c9c-a833-a837b68f1658,2026-08-29 14:45:00+00:00,2903.36,4581.94,17982.87,4978.949284240859,4724.956710899942
e8fffaab-f310-4c9c-a833-a837b68f1658,2026-08-29 15:00:00+00:00,4835.1,2903.36,15528.21,3129.4429106955367,2944.1264843479976
e8fffaab-f310-4c9c-a833-a837b68f1658,2026-08-29 15:15:00+00:00,3151.15,4835.1,18956.85,5438.054052598182,5250.623355569295
e8fffaab-f310-4c9c-a833-a837b68f1658,2026-08-29 15:30:00+00:00,2753.81,3151.15,20888.51,3592.514454997853,3413.762526272727
e8fffaab-f310-4c9c-a833-a837b68f1658,2026-08-29 15:45:00+00:00,2323.8,2753.81,19764.56,3435.0090245974106,3316.8240910479453
e8fffaab-f310-4c9c-a833-a837b68f1658,2026-08-29 16:00:00+00:00,2247.48,2323.8,14918.89,2849.6838737185853,2811.8793759612
e8fffaab-f310-4c9c-a833-a837b68f1658,2026-08-29 16:15:00+00:00,2640.24,2247.48,14355.51,2817.1227289787466,2765.1743707014
e8fffaab-f310-4c9c-a833-a837b68f1658,2026-08-29 16:30:00+00:00,3757.41,2640.24,7366.65,2866.367268553561,2860.00911058521
e8fffaab-f310-4c9c-a833-a837b68f1658,2026-08-29 16:45:00+00:00,3364.17,3757.41,3953.24,3730.619127722285,3724.5383902234007
e8fffaab-f310-4c9c-a833-a837b68f1658,2026-08-29 17:00:00+00:00,2221.16,3364.17,3437.67,3098.40909691406,3070.5433597384763
e8fffaab-f310-4c9c-a833-a837b68f1658,2026-08-29 17:15:00+00:00,3206.47,2221.16,3371.47,2048.898875938782,2015.702154168247
e8fffaab-f310-4c9c-a833-a837b68f1658,2026-08-29 17:30:00+00:00,3534.06,3206.47,3612.92,3281.209240220557,3220.8157364356866
e8fffaab-f310-4c9c-a833-a837b68f1658,2026-08-29 17:45:00+00:00,3663.69,3534.06,3452.27,3402.5215424222724,3332.5350541907846
e8fffaab-f310-4c9c-a833-a837b68f1658,2026-08-29 18:00:00+00:00,3538.26,3663.69,3626.88,3410.8732740096875,3341.9115017939985
e8fffaab-f310-4c9c-a833-a837b68f1658,2026-08-29 18:15:00+00:00,4008.52,3538.26,3629.15,3276.3846070184036,3205.6760496301067
e8fffaab-f310-4c9c-a833-a837b68f1658,2026-08-29 18:30:00+00:00,4269.64,4008.52,4159.2,3785.393413762,3709.761468974486
e8fffaab-f310-4c9c-a833-a837b68f1658,2026-08-29 18:45:00+00:00,4843.48,4269.64,4217.3,3972.43226023422,3895.6359761265467
e8fffaab-f310-4c9c-a833-a837b68f1658,2026-08-29 19:00:00+00:00,4267.28,4843.48,4130.01,4480.744486724124,4407.457298828467
e8fffaab-f310-4c9c-a833-a837b68f1658,2026-08-29 19:15:00+00:00,4053.49,4267.28,4262.21,3816.999795510478,3717.925629885207
e8fffaab-f310-4c9c-a833-a837b68f1658,2026-08-29 19:30:00+00:00,4434.09,4053.49,4138.73,3716.1118382321047,3594.8042726816766
e8fffaab-f310-4c9c-a833-a837b68f1658,2026-08-29 19:45:00+00:00,4393.23,4434.09,4258.09,4153.600516186156,4002.020557969061
e8fffaab-f310-4c9c-a833-a837b68f1658,2026-08-29 20:00:00+00:00,4321.38,4393.23,4518.7,4039.7552601621337,3868.295926494362
e8fffaab-f310-4c9c-a833-a837b68f1658,2026-08-29 20:15:00+00:00,3944.75,4321.38,4177.22,3958.187491877329,3773.117708435654
e8fffaab-f310-4c9c-a833-a837b68f1658,2026-08-29 20:30:00+00:00,4118.04,3944.75,4185.44,3617.361513310998,3413.1777346088093
e8fffaab-f310-4c9c-a833-a837b68f1658,2026-08-29 20:45:00+00:00,4090.74,4118.04,4272.65,3869.139608442796,3646.760138869865
e8fffaab-f310-4c9c-a833-a837b68f1658,2026-08-29 21:00:00+00:00,3979.63,4090.74,3445.26,3766.1394607171806,3538.7450858107386
e8fffaab-f310-4c9c-a833-a837b68f1658,2026-08-29 21:15:00+00:00,3928.33,3979.63,3410.75,3676.923968290971,3435.7259854435224
e8fffaab-f310-4c9c-a833-a837b68f1658,2026-08-29 21:30:00+00:00,4028.38,3928.33,3829.25,3674.771908068574,3415.9278829580635
e8fffaab-f310-4c9c-a833-a837b68f1658,2026-08-29 21:45:00+00:00,4156.48,4028.38,4200.79,3782.5354043349225,3512.024678099807
e8fffaab-f310-4c9c-a833-a837b68f1658,2026-08-29 22:00:00+00:00,4062.44,4156.48,3672.11,3864.1205943309824,3590.2299945179557
e8fffaab-f310-4c9c-a833-a837b68f1658,2026-08-29 22:15:00+00:00,3757.17,4062.44,3714.83,3757.9110826220876,3476.338544578307
e8fffaab-f310-4c9c-a833-a837b68f1658,2026-08-29 22:30:00+00:00,3855.87,3757.17,3386.09,3483.5309637053924,3198.4645614295305
e8fffaab-f310-4c9c-a833-a837b68f1658,2026-08-29 22:45:00+00:00,4076.55,3855.87,3229.27,3667.8300735481716,3375.118322663502
e8fffaab-f310-4c9c-a833-a837b68f1658,2026-08-29 23:00:00+00:00,4044.14,4076.55,3481.0,3881.482127013326,3583.662171604102
e8fffaab-f310-4c9c-a833-a837b68f1658,2026-08-29 23:15:00+00:00,3568.38,4044.14,3413.83,3815.0213964469704,3519.568659568634
e8fffaab-f310-4c9c-a833-a837b68f1658,2026-08-29 23:30:00+00:00,3056.95,3568.38,3356.46,3367.910925752273,3076.8277805398175
e8fffaab-f310-4c9c-a833-a837b68f1658,2026-08-29 23:45:00+00:00,3241.3,3056.95,3385.62,2982.129976922416,2695.340672346242
e8fffaab-f310-4c9c-a833-a837b68f1658,2026-08-30 00:00:00+00:00,3225.4,3241.3,3339.17,3353.64317104778,3041.540564142979
e8fffaab-f310-4c9c-a833-a837b68f1658,2026-08-30 00:15:00+00:00,3192.1,3225.4,3302.42,3313.3162264933026,3009.9377094515557
e8fffaab-f310-4c9c-a833-a837b68f1658,2026-08-30 00:30:00+00:00,3113.35,3192.1,3085.97,3306.3759229503385,3012.50798031219
e8fffaab-f310-4c9c-a833-a837b68f1658,2026-08-30 00:45:00+00:00,3263.31,3113.35,3065.49,3244.262878513914,2961.037707952605
e8fffaab-f310-4c9c-a833-a837b68f1658,2026-08-30 01:00:00+00:00,3068.43,3263.31,2908.99,3410.1503259775955,3140.022622661909
e8fffaab-f310-4c9c-a833-a837b68f1658,2026-08-30 01:15:00+00:00,3468.72,3068.43,2761.58,3211.3857120587454,2956.084108613628
e8fffaab-f310-4c9c-a833-a837b68f1658,2026-08-30 01:30:00+00:00,3152.53,3468.72,3091.47,3698.819107235021,3450.167740952461
e8fffaab-f310-4c9c-a833-a837b68f1658,2026-08-30 01:45:00+00:00,3169.3,3152.53,2965.72,3328.6596122305373,3098.3553523553555
e8fffaab-f310-4c9c-a833-a837b68f1658,2026-08-30 02:00:00+00:00,3143.96,3169.3,3130.34,3434.369215399608,3221.20978983404
e8fffaab-f310-4c9c-a833-a837b68f1658,2026-08-30 02:15:00+00:00,3165.52,3143.96,3363.08,3452.6934653589187,3251.8942943795437
e8fffaab-f310-4c9c-a833-a837b68f1658,2026-08-30 02:30:00+00:00,3046.38,3165.52,2986.2,3476.2703227127013,3300.9255939679933
e8fffaab-f310-4c9c-a833-a837b68f1658,2026-08-30 02:45:00+00:00,3234.11,3046.38,3132.98,3388.1055093311315,3231.838497111752
e8fffaab-f310-4c9c-a833-a837b68f1658,2026-08-30 03:00:00+00:00,3222.56,3234.11,4162.57,3673.030722940419,3525.935794729756
e8fffaab-f310-4c9c-a833-a837b68f1658,2026-08-30 03:15:00+00:00,3330.2,3222.56,4033.83,3651.6990903640335,3524.9551175634806
e8fffaab-f310-4c9c-a833-a837b68f1658,2026-08-30 03:30:00+00:00,3201.86,3330.2,3361.04,3742.9497258996325,3645.759391544949
e8fffaab-f310-4c9c-a833-a837b68f1658,2026-08-30 03:45:00+00:00,3397.52,3201.86,3669.37,3668.5257394140954,3584.899972964803
e8fffaab-f310-4c9c-a833-a837b68f1658,2026-08-30 04:00:00+00:00,3335.35,3397.52,3346.04,3861.7336230811125,3808.40632299194
e8fffaab-f310-4c9c-a833-a837b68f1658,2026-08-30 04:15:00+00:00,3978.53,3335.35,3780.82,3824.033717111268,3785.346087274642
e8fffaab-f310-4c9c-a833-a837b68f1658,2026-08-30 04:30:00+00:00,3545.65,3978.53,3419.48,4435.4073951610035,4425.994799825741
e8fffaab-f310-4c9c-a833-a837b68f1658,2026-08-30 04:45:00+00:00,2739.65,3545.65,2871.27,3862.636370609086,3886.207309094174
e8fffaab-f310-4c9c-a833-a837b68f1658,2026-08-30 05:00:00+00:00,2415.67,2739.65,2672.84,3143.917614761729,3201.2057575436775
e8fffaab-f310-4c9c-a833-a837b68f1658,2026-08-30 05:15:00+00:00,2455.07,2415.67,2395.56,2987.3931160893135,3064.4463455782507
e8fffaab-f310-4c9c-a833-a837b68f1658,2026-08-30 05:30:00+00:00,2758.69,2455.07,2690.62,3090.5640768310723,3187.9481642887195
e8fffaab-f310-4c9c-a833-a837b68f1658,2026-08-30 05:45:00+00:00,3024.87,2758.69,2458.16,3360.4531097091512,3482.782879453698
e8fffaab-f310-4c9c-a833-a837b68f1658,2026-08-30 06:00:00+00:00,3016.72,3024.87,1720.84,3539.0679445066517,3686.368325311393
e8fffaab-f310-4c9c-a833-a837b68f1658,2026-08-30 06:15:00+00:00,2898.28,3016.72,1759.52,3519.3873865876394,3672.155589128998
e8fffaab-f310-4c9c-a833-a837b68f1658,2026-08-30 06:30:00+00:00,3194.81,2898.28,2332.37,3455.6154843255053,3609.7901969306513
e8fffaab-f310-4c9c-a833-a837b68f1658,2026-08-30 06:45:00+00:00,2607.42,3194.81,1853.42,3694.1039627746777,3869.9719443821823
e8fffaab-f310-4c9c-a833-a837b68f1658,2026-08-30 07:00:00+00:00,2406.15,2607.42,1332.89,3180.2093424006052,3351.8221446579482
e8fffaab-f310-4c9c-a833-a837b68f1658,2026-08-30 07:15:00+00:00,2434.07,2406.15,1625.02,3072.30123665847,3258.9644594668425
e8fffaab-f310-4c9c-a833-a837b68f1658,2026-08-30 07:30:00+00:00,2849.73,2434.07,1206.51,3094.3519992445417,3297.452237487176
e8fffaab-f310-4c9c-a833-a837b68f1658,2026-08-30 07:45:00+00:00,2379.86,2849.73,1799.48,3570.449524717428,3768.412202172167
e8fffaab-f310-4c9c-a833-a837b68f1658,2026-08-30 08:00:00+00:00,2467.44,2379.86,3399.54,3153.112225858449,3336.9569327783493
e8fffaab-f310-4c9c-a833-a837b68f1658,2026-08-30 08:15:00+00:00,1823.68,2467.44,4051.99,3293.3798197672722,3472.5715663108613
e8fffaab-f310-4c9c-a833-a837b68f1658,2026-08-30 08:30:00+00:00,2396.04,1823.68,2480.93,2339.1066119579846,2563.295849001708
e8fffaab-f310-4c9c-a833-a837b68f1658,2026-08-30 08:45:00+00:00,4451.41,2396.04,1550.92,2939.2981460300452,3167.725293313545
e8fffaab-f310-4c9c-a833-a837b68f1658,2026-08-30 09:00:00+00:00,5231.2,4451.41,753.04,4922.739625873992,5117.362378191577
e8fffaab-f310-4c9c-a833-a837b68f1658,2026-08-30 09:15:00+00:00,3913.7,5231.2,-4913.32,4923.163017679875,5194.0576113866355
e8fffaab-f310-4c9c-a833-a837b68f1658,2026-08-30 09:30:00+00:00,3485.27,3913.7,-2677.12,3823.861251838671,4041.7965259874736
e8fffaab-f310-4c9c-a833-a837b68f1658,2026-08-30 09:45:00+00:00,4356.28,3485.27,-5009.41,3038.965875180733,3358.3359006192495
e8fffaab-f310-4c9c-a833-a837b68f1658,2026-08-30 10:00:00+00:00,9069.79,4356.28,-2933.21,4292.966031416883,4549.142471181036
e8fffaab-f310-4c9c-a833-a837b68f1658,2026-08-30 10:15:00+00:00,7795.85,9069.79,304.16,8907.69871140788,9104.149309677157
e8fffaab-f310-4c9c-a833-a837b68f1658,2026-08-30 10:30:00+00:00,7693.33,7795.85,1691.87,6678.084369781996,6880.295195387733
e8fffaab-f310-4c9c-a833-a837b68f1658,2026-08-30 10:45:00+00:00,7082.84,7693.33,716.47,7129.621949091039,7276.061456071029
e8fffaab-f310-4c9c-a833-a837b68f1658,2026-08-30 11:00:00+00:00,6639.22,7082.84,611.42,6528.859277494568,6654.982330923374
e8fffaab-f310-4c9c-a833-a837b68f1658,2026-08-30 11:15:00+00:00,6408.8,6639.22,1547.9,6182.182410130537,6276.981427954155
e8fffaab-f310-4c9c-a833-a837b68f1658,2026-08-30 11:30:00+00:00,3814.43,6408.8,3991.01,6158.044987788242,6186.947771344791
e8fffaab-f310-4c9c-a833-a837b68f1658,2026-08-30 11:45:00+00:00,4209.46,3814.43,2568.41,3360.434501377853,3411.930115947608
e8fffaab-f310-4c9c-a833-a837b68f1658,2026-08-30 12:00:00+00:00,2552.86,4209.46,-1033.24,4072.0016492239547,4116.767190778692
e8fffaab-f310-4c9c-a833-a837b68f1658,2026-08-30 12:15:00+00:00,2130.28,2552.86,3381.51,2641.681265625505,2634.4513294957396
e8fffaab-f310-4c9c-a833-a837b68f1658,2026-08-30 12:30:00+00:00,1038.79,2130.28,3679.37,2527.226884072509,2527.1572156209913
e8fffaab-f310-4c9c-a833-a837b68f1658,2026-08-30 12:45:00+00:00,1849.55,1038.79,1257.38,1396.2376113945684,1420.7564442716302
e8fffaab-f310-4c9c-a833-a837b68f1658,2026-08-30 13:00:00+00:00,2028.57,1849.55,-2878.23,2212.06899990437,2269.84106958378
e8fffaab-f310-4c9c-a833-a837b68f1658,2026-08-30 13:15:00+00:00,596.03,2028.57,2849.5,2398.735618249594,2365.6402653991945
e8fffaab-f310-4c9c-a833-a837b68f1658,2026-08-30 13:30:00+00:00,2846.1,596.03,5461.42,1011.5113527378362,924.2772869406526
e8fffaab-f310-4c9c-a833-a837b68f1658,2026-08-30 13:45:00+00:00,731.37,2846.1,3231.96,3444.8212644066552,3307.064644902618
e8fffaab-f310-4c9c-a833-a837b68f1658,2026-08-30 14:00:00+00:00,1294.2,731.37,3519.34,848.2072291848508,679.9907715961381
e8fffaab-f310-4c9c-a833-a837b68f1658,2026-08-30 14:15:00+00:00,2540.02,1294.2,4702.25,1629.4503815622193,1492.8748018206006
e8fffaab-f310-4c9c-a833-a837b68f1658,2026-08-30 14:30:00+00:00,2852.81,2540.02,4581.94,2968.353860242788,2783.8766862103294
e8fffaab-f310-4c9c-a833-a837b68f1658,2026-08-30 14:45:00+00:00,794.83,2852.81,2903.36,3023.201592419845,2851.5834173563044
e8fffaab-f310-4c9c-a833-a837b68f1658,2026-08-30 15:00:00+00:00,3087.53,794.83,4835.1,1010.2600920246932,831.0373986904124
e8fffaab-f310-4c9c-a833-a837b68f1658,2026-08-30 15:15:00+00:00,4292.19,3087.53,3151.15,3561.578854285809,3384.9342381018214
e8fffaab-f310-4c9c-a833-a837b68f1658,2026-08-30 15:30:00+00:00,3676.78,4292.19,2753.81,4291.635229029751,4105.903986391593
e8fffaab-f310-4c9c-a833-a837b68f1658,2026-08-30 15:45:00+00:00,3165.33,3676.78,2323.8,3291.6401695780796,3139.136824441194
e8fffaab-f310-4c9c-a833-a837b68f1658,2026-08-30 16:00:00+00:00,3538.47,3165.33,2247.48,2882.6226609739897,2724.916617726768
e8fffaab-f310-4c9c-a833-a837b68f1658,2026-08-30 16:15:00+00:00,3672.81,3538.47,2640.24,3456.126559219628,3275.2552854279884
e8fffaab-f310-4c9c-a833-a837b68f1658,2026-08-30 16:30:00+00:00,3951.53,3672.81,3757.41,3586.1451759465535,3392.8921362382707
e8fffaab-f310-4c9c-a833-a837b68f1658,2026-08-30 16:45:00+00:00,3364.92,3951.53,3364.17,3772.608603427935,3590.725120463924
e8fffaab-f310-4c9c-a833-a837b68f1658,2026-08-30 17:00:00+00:00,3689.87,3364.92,2221.16,3082.3337756259407,2915.0693687286066
e8fffaab-f310-4c9c-a833-a837b68f1658,2026-08-30 17:15:00+00:00,4112.91,3689.87,3206.47,3620.3387985605223,3442.064424907574
e8fffaab-f310-4c9c-a833-a837b68f1658,2026-08-30 17:30:00+00:00,4323.32,4112.91,3534.06,3984.9418740076717,3810.8184989574056
e8fffaab-f310-4c9c-a833-a837b68f1658,2026-08-30 17:45:00+00:00,4394.12,4323.32,3663.69,4081.309041259963,3922.652742335931
e8fffaab-f310-4c9c-a833-a837b68f1658,2026-08-30 18:00:00+00:00,3960.39,4394.12,3538.26,4081.331288505028,3936.8181727726305
e8fffaab-f310-4c9c-a833-a837b68f1658,2026-08-30 18:15:00+00:00,4270.36,3960.39,4008.52,3660.333663892484,3507.731824450483
e8fffaab-f310-4c9c-a833-a837b68f1658,2026-08-30 18:30:00+00:00,4316.54,4270.36,4269.64,4073.5909642888764,3910.0439765781357
e8fffaab-f310-4c9c-a833-a837b68f1658,2026-08-30 18:45:00+00:00,4554.74,4316.54,4843.48,4098.029397482748,3922.598309701856
e8fffaab-f310-4c9c-a833-a837b68f1658,2026-08-30 19:00:00+00:00,4745.81,4554.74,4267.28,4277.352841029129,4108.397071631226
e8fffaab-f310-4c9c-a833-a837b68f1658,2026-08-30 19:15:00+00:00,4537.64,4745.81,4053.49,4416.695452435794,4225.532755160025
e8fffaab-f310-4c9c-a833-a837b68f1658,2026-08-30 19:30:00+00:00,4346.91,4537.64,4434.09,4194.4391290064095,3980.0726886420534
e8fffaab-f310-4c9c-a833-a837b68f1658,2026-08-30 19:45:00+00:00,4242.46,4346.91,4393.23,4051.6873548380845,3818.182664533555
e8fffaab-f310-4c9c-a833-a837b68f1658,2026-08-30 20:00:00+00:00,4123.69,4242.46,4321.38,3989.735835848752,3738.1564017017026
e8fffaab-f310-4c9c-a833-a837b68f1658,2026-08-30 20:15:00+00:00,4104.4,4123.69,3944.75,3880.935350837386,3619.4571344151937
e8fffaab-f310-4c9c-a833-a837b68f1658,2026-08-30 20:30:00+00:00,4363.19,4104.4,4118.04,3891.6335404107067,3616.416383222706
e8fffaab-f310-4c9c-a833-a837b68f1658,2026-08-30 20:45:00+00:00,4132.75,4363.19,4090.74,4136.645903918307,3850.922915408719
e8fffaab-f310-4c9c-a833-a837b68f1658,2026-08-30 21:00:00+00:00,3634.03,4132.75,3979.63,3847.5188876431494,3555.590179468024
e8fffaab-f310-4c9c-a833-a837b68f1658,2026-08-30 21:15:00+00:00,3567.17,3634.03,3928.33,3405.6059405988026,3106.4335503414395
e8fffaab-f310-4c9c-a833-a837b68f1658,2026-08-30 21:30:00+00:00,3666.71,3567.17,4028.38,3463.501501452354,3151.3526332449555
e8fffaab-f310-4c9c-a833-a837b68f1658,2026-08-30 21:45:00+00:00,3721.6,3666.71,4156.48,3607.0398139686567,3283.2527462732787
e8fffaab-f310-4c9c-a833-a837b68f1658,2026-08-30 22:00:00+00:00,3420.65,3721.6,4062.44,3606.0040651882146,3284.8759199417636
e8fffaab-f310-4c9c-a833-a837b68f1658,2026-08-30 22:15:00+00:00,3446.33,3420.65,3757.17,3312.010739485232,2992.394820778565
e8fffaab-f310-4c9c-a833-a837b68f1658,2026-08-30 22:30:00+00:00,3334.73,3446.33,3855.87,3375.7565891464865,3061.14180339807
e8fffaab-f310-4c9c-a833-a837b68f1658,2026-08-30 22:45:00+00:00,3714.66,3334.73,4076.55,3289.9209207364684,2974.9003033253175
e8fffaab-f310-4c9c-a833-a837b68f1658,2026-08-30 23:00:00+00:00,3392.69,3714.66,4044.14,3693.5518719690062,3382.5273577127628
e8fffaab-f310-4c9c-a833-a837b68f1658,2026-08-30 23:15:00+00:00,3072.3,3392.69,3568.38,3301.268826935463,2989.051082553061
e8fffaab-f310-4c9c-a833-a837b68f1658,2026-08-30 23:30:00+00:00,2796.7,3072.3,3056.95,3047.2058658073984,2736.471507019356
e8fffaab-f310-4c9c-a833-a837b68f1658,2026-08-30 23:45:00+00:00,3084.89,2796.7,3241.3,2888.9139583818214,2569.297686963814
e8fffaab-f310-4c9c-a833-a837b68f1658,2026-08-31 00:00:00+00:00,3010.31,3084.89,3225.4,3796.4771547592054,3567.999715566334
e8fffaab-f310-4c9c-a833-a837b68f1658,2026-08-31 00:15:00+00:00,2899.94,3010.31,3192.1,3680.0598045159068,3461.9592526526785
e8fffaab-f310-4c9c-a833-a837b68f1658,2026-08-31 00:30:00+00:00,2826.72,2899.94,3113.35,3602.963419047069,3396.704754860757
e8fffaab-f310-4c9c-a833-a837b68f1658,2026-08-31 00:45:00+00:00,2836.69,2826.72,3263.31,3588.180567001623,3389.67077536516
e8fffaab-f310-4c9c-a833-a837b68f1658,2026-08-31 01:00:00+00:00,2727.4,2836.69,3068.43,3618.8662506522496,3436.213747722174
e8fffaab-f310-4c9c-a833-a837b68f1658,2026-08-31 01:15:00+00:00,2562.05,2727.4,3468.72,3544.1026768048905,3381.8792183405585
e8fffaab-f310-4c9c-a833-a837b68f1658,2026-08-31 01:30:00+00:00,2897.49,2562.05,3152.53,3422.079826394077,3286.601705591618
e8fffaab-f310-4c9c-a833-a837b68f1658,2026-08-31 01:45:00+00:00,2910.1,2897.49,3169.3,3814.7334893924453,3701.691900682553
e8fffaab-f310-4c9c-a833-a837b68f1658,2026-08-31 02:00:00+00:00,4841.33,2910.1,3143.96,3919.304578376802,3812.3497415877137
e8fffaab-f310-4c9c-a833-a837b68f1658,2026-08-31 02:15:00+00:00,4616.99,4841.33,3165.52,5834.79717845439,5733.353698161694
e8fffaab-f310-4c9c-a833-a837b68f1658,2026-08-31 02:30:00+00:00,4788.81,4616.99,3046.38,5270.501818330722,5183.803938832267
e8fffaab-f310-4c9c-a833-a837b68f1658,2026-08-31 02:45:00+00:00,5017.94,4788.81,3234.11,5555.956320395542,5477.558046220814
e8fffaab-f310-4c9c-a833-a837b68f1658,2026-08-31 03:00:00+00:00,5129.57,5017.94,3222.56,5863.652622854459,5781.125859218061
e8fffaab-f310-4c9c-a833-a837b68f1658,2026-08-31 03:15:00+00:00,5606.82,5129.57,3330.2,5903.546073185077,5850.781502599992
e8fffaab-f310-4c9c-a833-a837b68f1658,2026-08-31 03:30:00+00:00,5297.12,5606.82,3201.86,6391.857033523918,6356.600555436254
e8fffaab-f310-4c9c-a833-a837b68f1658,2026-08-31 03:45:00+00:00,5146.86,5297.12,3397.52,6015.808262159365,6005.027348101635
e8fffaab-f310-4c9c-a833-a837b68f1658,2026-08-31 04:00:00+00:00,6184.13,5146.86,3335.35,6064.216760625896,6061.080127406056
e8fffaab-f310-4c9c-a833-a837b68f1658,2026-08-31 04:15:00+00:00,23215.33,6184.13,3978.53,8133.975263990401,7986.344617472509
e8fffaab-f310-4c9c-a833-a837b68f1658,2026-08-31 04:30:00+00:00,7244.67,23215.33,3545.65,24244.188597896267,24097.76348938104
e8fffaab-f310-4c9c-a833-a837b68f1658,2026-08-31 04:45:00+00:00,5968.33,7244.67,2739.65,4722.632385862512,4768.233754351436
e8fffaab-f310-4c9c-a833-a837b68f1658,2026-08-31 05:00:00+00:00,8266.72,5968.33,2415.67,6584.608387951258,6665.0005065769365
e8fffaab-f310-4c9c-a833-a837b68f1658,2026-08-31 05:15:00+00:00,21017.85,8266.72,2455.07,9569.658352068745,9499.733730407208
e8fffaab-f310-4c9c-a833-a837b68f1658,2026-08-31 05:30:00+00:00,31151.19,21017.85,2758.69,21403.874449716488,21356.927851613185
e8fffaab-f310-4c9c-a833-a837b68f1658,2026-08-31 05:45:00+00:00,22465.02,31151.19,3024.87,29057.040720866957,28924.195299637624
e8fffaab-f310-4c9c-a833-a837b68f1658,2026-08-31 06:00:00+00:00,14511.97,22465.02,3016.72,18686.04839834829,18565.59414880012
e8fffaab-f310-4c9c-a833-a837b68f1658,2026-08-31 06:15:00+00:00,12175.08,14511.97,2898.28,12748.932020586602,12591.05564352181
e8fffaab-f310-4c9c-a833-a837b68f1658,2026-08-31 06:30:00+00:00,11324.9,12175.08,3194.81,12176.608132797024,11959.646803237229
e8fffaab-f310-4c9c-a833-a837b68f1658,2026-08-31 06:45:00+00:00,10369.75,11324.9,2607.42,11477.526917417275,11338.708450507556
e8fffaab-f310-4c9c-a833-a837b68f1658,2026-08-31 07:00:00+00:00,11249.94,10369.75,2406.15,10559.74734736094,10467.273448422318
e8fffaab-f310-4c9c-a833-a837b68f1658,2026-08-31 07:15:00+00:00,17038.59,11249.94,2434.07,11463.955977438507,11408.127372697476
e8fffaab-f310-4c9c-a833-a837b68f1658,2026-08-31 07:30:00+00:00,18599.02,17038.59,2849.73,17079.005152102276,16986.286896506484
e8fffaab-f310-4c9c-a833-a837b68f1658,2026-08-31 07:45:00+00:00,17932.48,18599.02,2379.86,17614.490127041732,17503.506033587466
e8fffaab-f310-4c9c-a833-a837b68f1658,2026-08-31 08:00:00+00:00,18283.31,17932.48,2467.44,16493.466162895274,16414.321810502377
e8fffaab-f310-4c9c-a833-a837b68f1658,2026-08-31 08:15:00+00:00,15471.84,18283.31,1823.68,16977.186052748402,16866.23566989252
e8fffaab-f310-4c9c-a833-a837b68f1658,2026-08-31 08:30:00+00:00,11961.63,15471.84,2396.04,14114.154133419153,14005.202372207339
e8fffaab-f310-4c9c-a833-a837b68f1658,2026-08-31 08:45:00+00:00,7460.36,11961.63,4451.41,11372.40149885595,11242.279460257918
e8fffaab-f310-4c9c-a833-a837b68f1658,2026-08-31 09:00:00+00:00,13756.82,7460.36,5231.2,7574.401311061203,7461.710461692362
e8fffaab-f310-4c9c-a833-a837b68f1658,2026-08-31 09:15:00+00:00,11161.67,13756.82,3913.7,14577.341785944056,14430.525171741683
e8fffaab-f310-4c9c-a833-a837b68f1658,2026-08-31 09:30:00+00:00,5284.36,11161.67,3485.27,11082.817390758868,10891.625975914947
e8fffaab-f310-4c9c-a833-a837b68f1658,2026-08-31 09:45:00+00:00,10991.7,5284.36,4356.28,5639.558749348127,5494.567569802068
e8fffaab-f310-4c9c-a833-a837b68f1658,2026-08-31 10:00:00+00:00,13733.8,10991.7,9069.79,12862.087941500233,12547.888794270466
e8fffaab-f310-4c9c-a833-a837b68f1658,2026-08-31 10:15:00+00:00,9217.32,13733.8,7795.85,13859.045640484319,13681.691493470475
e8fffaab-f310-4c9c-a833-a837b68f1658,2026-08-31 10:30:00+00:00,12644.2,9217.32,7693.33,8872.964207779567,8789.705272072639
e8fffaab-f310-4c9c-a833-a837b68f1658,2026-08-31 10:45:00+00:00,8281.97,12644.2,7082.84,12659.840612659149,12657.699590306976
e8fffaab-f310-4c9c-a833-a837b68f1658,2026-08-31 11:00:00+00:00,9055.05,8281.97,6639.22,7966.986335015491,7980.966911264596
e8fffaab-f310-4c9c-a833-a837b68f1658,2026-08-31 11:15:00+00:00,5513.27,9055.05,6408.8,9613.841619861001,9597.296809997002
e8fffaab-f310-4c9c-a833-a837b68f1658,2026-08-31 11:30:00+00:00,10499.86,5513.27,3814.43,5654.129455186764,5663.382251724199
e8fffaab-f310-4c9c-a833-a837b68f1658,2026-08-31 11:45:00+00:00,14154.72,10499.86,4209.46,11525.246586079982,11436.138245901908
e8fffaab-f310-4c9c-a833-a837b68f1658,2026-08-31 12:00:00+00:00,12571.21,14154.72,2552.86,13859.942864270248,13752.073474735995
e8fffaab-f310-4c9c-a833-a837b68f1658,2026-08-31 12:15:00+00:00,8762.68,12571.21,2130.28,11583.998993365878,11475.462439766887
e8fffaab-f310-4c9c-a833-a837b68f1658,2026-08-31 12:30:00+00:00,13499.35,8762.68,1038.79,8423.244667852014,8253.159061917626
e8fffaab-f310-4c9c-a833-a837b68f1658,2026-08-31 12:45:00+00:00,13999.91,13499.35,1849.55,13699.944125959322,13481.460314766835
e8fffaab-f310-4c9c-a833-a837b68f1658,2026-08-31 13:00:00+00:00,12027.39,13999.91,2028.57,13065.413196409021,12851.314454086634
e8fffaab-f310-4c9c-a833-a837b68f1658,2026-08-31 13:15:00+00:00,12482.45,12027.39,596.03,10701.973563180889,10604.63838486835
e8fffaab-f310-4c9c-a833-a837b68f1658,2026-08-31 13:30:00+00:00,12697.69,12482.45,2846.1,11687.340163645205,11575.479024512944
e8fffaab-f310-4c9c-a833-a837b68f1658,2026-08-31 13:45:00+00:00,14766.87,12697.69,731.37,11922.469791545842,11829.531269480056
e8fffaab-f310-4c9c-a833-a837b68f1658,2026-08-31 14:00:00+00:00,9252.6,14766.87,1294.2,14006.416274746134,13925.036373836676
e8fffaab-f310-4c9c-a833-a837b68f1658,2026-08-31 14:15:00+00:00,8776.13,9252.6,2540.02,8243.141132477043,8136.5712382328575
e8fffaab-f310-4c9c-a833-a837b68f1658,2026-08-31 14:30:00+00:00,6962.63,8776.13,2852.81,8670.376305842534,8552.896973200071
e8fffaab-f310-4c9c-a833-a837b68f1658,2026-08-31 14:45:00+00:00,9710.16,6962.63,794.83,6999.366467128719,6844.798699795589
e8fffaab-f310-4c9c-a833-a837b68f1658,2026-08-31 15:00:00+00:00,8498.1,9710.16,3087.53,9909.15965048203,9731.79006221394
e8fffaab-f310-4c9c-a833-a837b68f1658,2026-08-31 15:15:00+00:00,5137.7,8498.1,4292.19,8097.84522597391,7953.6537167057195
e8fffaab-f310-4c9c-a833-a837b68f1658,2026-08-31 15:30:00+00:00,5661.22,5137.7,3676.78,4943.960478332447,4855.561868907484
e8fffaab-f310-4c9c-a833-a837b68f1658,2026-08-31 15:45:00+00:00,5091.37,5661.22,3165.33,6212.14534063174,6111.98818202654
e8fffaab-f310-4c9c-a833-a837b68f1658,2026-08-31 16:00:00+00:00,3997.17,5091.37,3538.47,5391.459851768366,5335.951569205595
e8fffaab-f310-4c9c-a833-a837b68f1658,2026-08-31 16:15:00+00:00,1754.43,3997.17,3672.81,4286.273295508164,4267.049777706508
e8fffaab-f310-4c9c-a833-a837b68f1658,2026-08-31 16:30:00+00:00,4048.65,1754.43,3951.53,2261.966802273151,2253.81752240282
e8fffaab-f310-4c9c-a833-a837b68f1658,2026-08-31 16:45:00+00:00,2929.64,4048.65,3364.92,4896.408896277975,4884.546200636093
e8fffaab-f310-4c9c-a833-a837b68f1658,2026-08-31 17:00:00+00:00,3184.97,2929.64,3689.87,4250.180497405807,4100.274096332659
e8fffaab-f310-4c9c-a833-a837b68f1658,2026-08-31 17:15:00+00:00,3051.51,3184.97,4112.91,6515.293502903208,6098.952754347498
e8fffaab-f310-4c9c-a833-a837b68f1658,2026-08-31 17:30:00+00:00,3595.01,3051.51,4323.32,6424.033809465978,5996.128747620747
e8fffaab-f310-4c9c-a833-a837b68f1658,2026-08-31 17:45:00+00:00,3763.93,3595.01,4394.12,7010.87512472008,6590.5181781543515
e8fffaab-f310-4c9c-a833-a837b68f1658,2026-08-31 18:00:00+00:00,3761.04,3763.93,3960.39,6547.6529949172655,6220.172950396207
e8fffaab-f310-4c9c-a833-a837b68f1658,2026-08-31 18:15:00+00:00,4175.54,3761.04,4270.36,5717.632101432336,5516.62454231903
e8fffaab-f310-4c9c-a833-a837b68f1658,2026-08-31 18:30:00+00:00,4284.45,4175.54,4316.54,4602.675113855038,4639.507185213875
e8fffaab-f310-4c9c-a833-a837b68f1658,2026-08-31 18:45:00+00:00,3944.17,4284.45,4554.74,4653.831065670036,4687.751634985701
e8fffaab-f310-4c9c-a833-a837b68f1658,2026-08-31 19:00:00+00:00,3975.62,3944.17,4745.81,4294.006136428875,4333.674739554585
e8fffaab-f310-4c9c-a833-a837b68f1658,2026-08-31 19:15:00+00:00,3941.56,3975.62,4537.64,4389.254862350242,4404.063099221637
e8fffaab-f310-4c9c-a833-a837b68f1658,2026-08-31 19:30:00+00:00,3987.16,3941.56,4346.91,4355.2160877796405,4346.2525986986675
e8fffaab-f310-4c9c-a833-a837b68f1658,2026-08-31 19:45:00+00:00,4296.05,3987.16,4242.46,4370.618519895378,4346.457338069564
e8fffaab-f310-4c9c-a833-a837b68f1658,2026-08-31 20:00:00+00:00,3997.97,4296.05,4123.69,4647.273672878966,4603.489361403358
e8fffaab-f310-4c9c-a833-a837b68f1658,2026-08-31 20:15:00+00:00,4275.85,3997.97,4104.4,4293.476499882298,4234.252610828898
e8fffaab-f310-4c9c-a833-a837b68f1658,2026-08-31 20:30:00+00:00,3940.41,4275.85,4363.19,4643.581988794044,4563.118678016883
e8fffaab-f310-4c9c-a833-a837b68f1658,2026-08-31 20:45:00+00:00,3900.86,3940.41,4132.75,4261.114119257332,4167.3015690664715
e8fffaab-f310-4c9c-a833-a837b68f1658,2026-08-31 21:00:00+00:00,3725.61,3900.86,3634.03,4254.42978785304,4155.706729696023
e8fffaab-f310-4c9c-a833-a837b68f1658,2026-08-31 21:15:00+00:00,3685.61,3725.61,3567.17,4104.942524761917,3990.7695599319077
e8fffaab-f310-4c9c-a833-a837b68f1658,2026-08-31 21:30:00+00:00,3873.14,3685.61,3666.71,4111.356658093968,3984.946050469255
e8fffaab-f310-4c9c-a833-a837b68f1658,2026-08-31 21:45:00+00:00,3894.15,3873.14,3721.6,4322.19185540364,4181.887052551273
e8fffaab-f310-4c9c-a833-a837b68f1658,2026-08-31 22:00:00+00:00,3541.48,3894.15,3420.65,4304.068645896052,4157.269823860695
e8fffaab-f310-4c9c-a833-a837b68f1658,2026-08-31 22:15:00+00:00,3563.76,3541.48,3446.33,3932.684716969471,3782.6667502751334
e8fffaab-f310-4c9c-a833-a837b68f1658,2026-08-31 22:30:00+00:00,3852.37,3563.76,3334.73,4045.9456951543925,3885.3401142861594
e8fffaab-f310-4c9c-a833-a837b68f1658,2026-08-31 22:45:00+00:00,3240.85,3852.37,3714.66,4354.449959736876,4181.657550509859
e8fffaab-f310-4c9c-a833-a837b68f1658,2026-08-31 23:00:00+00:00,3630.41,3240.85,3392.69,3682.147125307434,3514.239054129308
e8fffaab-f310-4c9c-a833-a837b68f1658,2026-08-31 23:15:00+00:00,2949.94,3630.41,3072.3,4182.152826318118,4007.6381655087516
e8fffaab-f310-4c9c-a833-a837b68f1658,2026-08-31 23:30:00+00:00,3022.21,2949.94,2796.7,3455.4800112026005,3277.6060451686253
e8fffaab-f310-4c9c-a833-a837b68f1658,2026-08-31 23:45:00+00:00,3023.5,3022.21,3084.89,3677.625756478119,3495.9273798692366
e8fffaab-f310-4c9c-a833-a837b68f1658,2026-09-01 00:00:00+00:00,3081.75,3023.5,3010.31,3646.374971911043,3488.5559574779363
e8fffaab-f310-4c9c-a833-a837b68f1658,2026-09-01 00:15:00+00:00,3053.4,3081.75,2899.94,3696.330128509092,3550.108766780575
e8fffaab-f310-4c9c-a833-a837b68f1658,2026-09-01 00:30:00+00:00,3427.92,3053.4,2826.72,3672.3154958161485,3533.633038750573
e8fffaab-f310-4c9c-a833-a837b68f1658,2026-09-01 00:45:00+00:00,3665.37,3427.92,2836.69,4078.5608336349105,3944.237382361175
e8fffaab-f310-4c9c-a833-a837b68f1658,2026-09-01 01:00:00+00:00,2792.2,3665.37,2727.4,4249.929501231237,4125.857971388277
e8fffaab-f310-4c9c-a833-a837b68f1658,2026-09-01 01:15:00+00:00,3604.36,2792.2,2562.05,3359.179497294599,3252.475015490768
e8fffaab-f310-4c9c-a833-a837b68f1658,2026-09-01 01:30:00+00:00,3597.74,3604.36,2897.49,4386.06592130945,4279.376598885376
e8fffaab-f310-4c9c-a833-a837b68f1658,2026-09-01 01:45:00+00:00,3265.44,3597.74,2910.1,4260.100673603562,4163.502208194906
e8fffaab-f310-4c9c-a833-a837b68f1658,2026-09-01 02:00:00+00:00,5513.85,3265.44,4841.33,4183.14513061492,4065.560048029958
e8fffaab-f310-4c9c-a833-a837b68f1658,2026-09-01 02:15:00+00:00,5421.2,5513.85,4616.99,6465.540627692511,6351.811703147816
e8fffaab-f310-4c9c-a833-a837b68f1658,2026-09-01 02:30:00+00:00,5557.03,5421.2,4788.81,6022.663873606719,5915.659281849154
e8fffaab-f310-4c9c-a833-a837b68f1658,2026-09-01 02:45:00+00:00,5255.7,5557.03,5017.94,6147.155648394813,6066.352027973286
e8fffaab-f310-4c9c-a833-a837b68f1658,2026-09-01 03:00:00+00:00,5857.81,5255.7,5129.57,5928.395929778046,5847.704740371866
e8fffaab-f310-4c9c-a833-a837b68f1658,2026-09-01 03:15:00+00:00,21691.62,5857.81,5606.82,6650.631094468832,6576.929406539191
e8fffaab-f310-4c9c-a833-a837b68f1658,2026-09-01 03:30:00+00:00,12542.9,21691.62,5297.12,22208.960984461715,22053.658348864938
e8fffaab-f310-4c9c-a833-a837b68f1658,2026-09-01 03:45:00+00:00,5916.65,12542.9,5146.86,10121.807734629681,10039.663649235847
e8fffaab-f310-4c9c-a833-a837b68f1658,2026-09-01 04:00:00+00:00,9721.73,5916.65,6184.13,5415.348352660676,5388.550532376474
e8fffaab-f310-4c9c-a833-a837b68f1658,2026-09-01 04:15:00+00:00,11925.3,9721.73,23215.33,12348.883893333701,11924.536160261845
e8fffaab-f310-4c9c-a833-a837b68f1658,2026-09-01 04:30:00+00:00,7961.04,11925.3,7244.67,12744.468911953316,12575.549810675975
e8fffaab-f310-4c9c-a833-a837b68f1658,2026-09-01 04:45:00+00:00,8150.11,7961.04,5968.33,7746.392797571327,7760.015177084386
e8fffaab-f310-4c9c-a833-a837b68f1658,2026-09-01 05:00:00+00:00,7915.5,8150.11,8266.72,8962.440869183329,8943.455153306135
e8fffaab-f310-4c9c-a833-a837b68f1658,2026-09-01 05:15:00+00:00,9472.78,7915.5,21017.85,9365.025252507425,9198.119524909007
e8fffaab-f310-4c9c-a833-a837b68f1658,2026-09-01 05:30:00+00:00,13153.19,9472.78,31151.19,11252.484751794636,11014.039863196054
e8fffaab-f310-4c9c-a833-a837b68f1658,2026-09-01 05:45:00+00:00,18169.18,13153.19,22465.02,14623.959325048218,14381.117428082227
e8fffaab-f310-4c9c-a833-a837b68f1658,2026-09-01 06:00:00+00:00,19220.99,18169.18,14511.97,18569.19841101386,18364.267851689132
e8fffaab-f310-4c9c-a833-a837b68f1658,2026-09-01 06:15:00+00:00,17408.39,19220.99,12175.08,18586.339497076824,18370.85573417381
e8fffaab-f310-4c9c-a833-a837b68f1658,2026-09-01 06:30:00+00:00,17503.42,17408.39,11324.9,16711.15802174589,16465.944114869497
e8fffaab-f310-4c9c-a833-a837b68f1658,2026-09-01 06:45:00+00:00,17709.58,17503.42,10369.75,17177.113027474777,16901.827981748025
e8fffaab-f310-4c9c-a833-a837b68f1658,2026-09-01 07:00:00+00:00,17556.93,17709.58,11249.94,17449.523306563875,17140.272170269196
e8fffaab-f310-4c9c-a833-a837b68f1658,2026-09-01 07:15:00+00:00,17911.84,17556.93,17038.59,17382.456264352644,17031.957994535802
e8fffaab-f310-4c9c-a833-a837b68f1658,2026-09-01 07:30:00+00:00,18386.73,17911.84,18599.02,18123.587295864785,17695.889252647285
e8fffaab-f310-4c9c-a833-a837b68f1658,2026-09-01 07:45:00+00:00,14464.38,18386.73,17932.48,18077.916739216147,17704.083097199586
e8fffaab-f310-4c9c-a833-a837b68f1658,2026-09-01 08:00:00+00:00,11315.76,14464.38,18283.31,13885.71206564777,13555.848287012443
e8fffaab-f310-4c9c-a833-a837b68f1658,2026-09-01 08:15:00+00:00,17116.95,11315.76,15471.84,11530.874056998406,11224.225577703675
e8fffaab-f310-4c9c-a833-a837b68f1658,2026-09-01 08:30:00+00:00,14239.07,17116.95,11961.63,17802.402521771703,17472.59222235634
e8fffaab-f310-4c9c-a833-a837b68f1658,2026-09-01 08:45:00+00:00,12560.61,14239.07,7460.36,15808.49719327113,15201.641571645061
e8fffaab-f310-4c9c-a833-a837b68f1658,2026-09-01 09:00:00+00:00,11948.19,12560.61,13756.82,13856.297305096674,13378.198062806612
e8fffaab-f310-4c9c-a833-a837b68f1658,2026-09-01 09:15:00+00:00,11836.48,11948.19,11161.67,13229.97561189441,12817.678536866355
e8fffaab-f310-4c9c-a833-a837b68f1658,2026-09-01 09:30:00+00:00,10961.66,11836.48,5284.36,12843.759080423459,12540.13402760946
e8fffaab-f310-4c9c-a833-a837b68f1658,2026-09-01 09:45:00+00:00,11461.51,10961.66,10991.7,11626.46455037777,11393.414544943713
e8fffaab-f310-4c9c-a833-a837b68f1658,2026-09-01 10:00:00+00:00,14049.43,11461.51,13733.8,11890.448735421882,11726.551231365122
e8fffaab-f310-4c9c-a833-a837b68f1658,2026-09-01 10:15:00+00:00,13093.21,14049.43,9217.32,13951.62271546263,13809.728099122116
e8fffaab-f310-4c9c-a833-a837b68f1658,2026-09-01 10:30:00+00:00,8776.27,13093.21,12644.2,12532.33802535836,12344.755658527727
e8fffaab-f310-4c9c-a833-a837b68f1658,2026-09-01 10:45:00+00:00,-2533.21,8776.27,8281.97,8229.851235048107,8074.638365199289
e8fffaab-f310-4c9c-a833-a837b68f1658,2026-09-01 11:00:00+00:00,3949.51,-2533.21,9055.05,-1998.9042428818302,-2152.2776546215027
e8fffaab-f310-4c9c-a833-a837b68f1658,2026-09-01 11:15:00+00:00,13489.35,3949.51,5513.27,6680.130887506671,6479.213638054943
e8fffaab-f310-4c9c-a833-a837b68f1658,2026-09-01 11:30:00+00:00,13856.21,13489.35,10499.86,14952.993069641874,14659.018078007904
e8fffaab-f310-4c9c-a833-a837b68f1658,2026-09-01 11:45:00+00:00,3516.74,13856.21,14154.72,13357.625956738793,13087.856206276678
e8fffaab-f310-4c9c-a833-a837b68f1658,2026-09-01 12:00:00+00:00,11323.0,3516.74,12571.21,3034.990777112652,2799.5649072638826
e8fffaab-f310-4c9c-a833-a837b68f1658,2026-09-01 12:15:00+00:00,7216.58,11323.0,8762.68,12856.56394291615,12547.999869555053
e8fffaab-f310-4c9c-a833-a837b68f1658,2026-09-01 12:30:00+00:00,8790.83,7216.58,13499.35,7115.692249548022,6850.8447873657815
e8fffaab-f310-4c9c-a833-a837b68f1658,2026-09-01 12:45:00+00:00,16874.17,8790.83,13999.91,9394.713351944183,9176.470279310517
e8fffaab-f310-4c9c-a833-a837b68f1658,2026-09-01 13:00:00+00:00,15654.94,16874.17,12027.39,17449.996687289313,17104.663140067758
e8fffaab-f310-4c9c-a833-a837b68f1658,2026-09-01 13:15:00+00:00,11424.88,15654.94,12482.45,14699.1321614025,14361.672251748387
e8fffaab-f310-4c9c-a833-a837b68f1658,2026-09-01 13:30:00+00:00,18750.61,11424.88,12697.69,10741.65498100941,10419.658278765079
e8fffaab-f310-4c9c-a833-a837b68f1658,2026-09-01 13:45:00+00:00,13759.34,18750.61,14766.87,18761.04490317496,18356.237265310505
e8fffaab-f310-4c9c-a833-a837b68f1658,2026-09-01 14:00:00+00:00,17136.13,13759.34,9252.6,12291.25558432246,11942.835203521176
e8fffaab-f310-4c9c-a833-a837b68f1658,2026-09-01 14:15:00+00:00,15014.73,17136.13,8776.13,16586.540001215857,16240.23956494399
e8fffaab-f310-4c9c-a833-a837b68f1658,2026-09-01 14:30:00+00:00,13037.6,15014.73,6962.63,13808.149138996387,13459.199026416205
e8fffaab-f310-4c9c-a833-a837b68f1658,2026-09-01 14:45:00+00:00,7673.92,13037.6,9710.16,11853.56036379805,11593.84960154265
e8fffaab-f310-4c9c-a833-a837b68f1658,2026-09-01 15:00:00+00:00,4591.31,7673.92,8498.1,7119.524314492881,6857.208271384545
e8fffaab-f310-4c9c-a833-a837b68f1658,2026-09-01 15:15:00+00:00,7583.56,4591.31,5137.7,4846.059013225878,4666.964627859372
e8fffaab-f310-4c9c-a833-a837b68f1658,2026-09-01 15:30:00+00:00,5733.48,7583.56,5661.22,8424.278654271813,8230.253141798936
e8fffaab-f310-4c9c-a833-a837b68f1658,2026-09-01 15:45:00+00:00,6225.1,5733.48,5091.37,5772.191917692063,5647.9473762791895
e8fffaab-f310-4c9c-a833-a837b68f1658,2026-09-01 16:00:00+00:00,4688.23,6225.1,3997.17,6313.926534961218,6248.7343396030665
e8fffaab-f310-4c9c-a833-a837b68f1658,2026-09-01 16:15:00+00:00,3179.22,4688.23,1754.43,4648.688065889861,4605.416929731648
e8fffaab-f310-4c9c-a833-a837b68f1658,2026-09-01 16:30:00+00:00,2611.11,3179.22,4048.65,3479.5487986238086,3450.8564341298206
e8fffaab-f310-4c9c-a833-a837b68f1658,2026-09-01 16:45:00+00:00,2447.46,2611.11,2929.64,3194.7395503714424,3182.1191498392345
e8fffaab-f310-4c9c-a833-a837b68f1658,2026-09-01 17:00:00+00:00,31308.24,2447.46,3184.97,3109.3375048503212,3115.7008549884686
e8fffaab-f310-4c9c-a833-a837b68f1658,2026-09-01 17:15:00+00:00,54902.74,31308.24,3051.51,31584.29496460961,31439.686778810188
e8fffaab-f310-4c9c-a833-a837b68f1658,2026-09-01 17:30:00+00:00,56222.24,54902.74,3595.01,49419.238316539646,49108.678586640934
e8fffaab-f310-4c9c-a833-a837b68f1658,2026-09-01 17:45:00+00:00,55981.46,56222.24,3763.93,46208.07093609309,45884.17070632223
e8fffaab-f310-4c9c-a833-a837b68f1658,2026-09-01 18:00:00+00:00,49163.56,55981.46,3761.04,46466.67156726126,45937.03642056114
e8fffaab-f310-4c9c-a833-a837b68f1658,2026-09-01 18:15:00+00:00,36777.31,49163.56,4175.54,40414.94134503827,39744.662414545004
e8fffaab-f310-4c9c-a833-a837b68f1658,2026-09-01 18:30:00+00:00,8702.1,36777.31,4284.45,29543.513546052003,28945.514148252852
e8fffaab-f310-4c9c-a833-a837b68f1658,2026-09-01 18:45:00+00:00,4719.77,8702.1,3944.17,4125.060423208102,3728.5812858677536
e8fffaab-f310-4c9c-a833-a837b68f1658,2026-09-01 19:00:00+00:00,4824.03,4719.77,3975.62,5799.884651577067,5443.649468998323
e8fffaab-f310-4c9c-a833-a837b68f1658,2026-09-01 19:15:00+00:00,4448.26,4824.03,3941.56,8692.727144019651,8045.515659198632
e8fffaab-f310-4c9c-a833-a837b68f1658,2026-09-01 19:30:00+00:00,4335.35,4448.26,3987.16,7055.585249493142,6689.494766623991
e8fffaab-f310-4c9c-a833-a837b68f1658,2026-09-01 19:45:00+00:00,4265.4,4335.35,4296.05,6215.976956539546,5973.480850062385
e8fffaab-f310-4c9c-a833-a837b68f1658,2026-09-01 20:00:00+00:00,4152.68,4265.4,3997.97,4630.270726965307,4615.437865811843
e8fffaab-f310-4c9c-a833-a837b68f1658,2026-09-01 20:15:00+00:00,4204.68,4152.68,4275.85,4494.874944735658,4470.390394809834
e8fffaab-f310-4c9c-a833-a837b68f1658,2026-09-01 20:30:00+00:00,4147.78,4204.68,3940.41,4570.758515976337,4531.4661797637
e8fffaab-f310-4c9c-a833-a837b68f1658,2026-09-01 20:45:00+00:00,4211.7,4147.78,3900.86,4488.667007094555,4438.5135998127
e8fffaab-f310-4c9c-a833-a837b68f1658,2026-09-01 21:00:00+00:00,3923.45,4211.7,3725.61,4552.096903557861,4491.617825535884
e8fffaab-f310-4c9c-a833-a837b68f1658,2026-09-01 21:15:00+00:00,3945.97,3923.45,3685.61,4259.842842285574,4184.930944910031
e8fffaab-f310-4c9c-a833-a837b68f1658,2026-09-01 21:30:00+00:00,4171.37,3945.97,3873.14,4367.453269879827,4273.806770871142
e8fffaab-f310-4c9c-a833-a837b68f1658,2026-09-01 21:45:00+00:00,4201.0,4171.37,3894.15,4593.981108315774,4485.272047048546
e8fffaab-f310-4c9c-a833-a837b68f1658,2026-09-01 22:00:00+00:00,4199.07,4201.0,3541.48,4552.734863165018,4439.715602071692
e8fffaab-f310-4c9c-a833-a837b68f1658,2026-09-01 22:15:00+00:00,3774.73,4199.07,3563.76,4566.541944598,4444.395042351687
e8fffaab-f310-4c9c-a833-a837b68f1658,2026-09-01 22:30:00+00:00,3827.96,3774.73,3852.37,4168.769636770433,4040.571697508448
e8fffaab-f310-4c9c-a833-a837b68f1658,2026-09-01 22:45:00+00:00,3239.2,3827.96,3240.85,4292.911126261802,4165.98928701338
e8fffaab-f310-4c9c-a833-a837b68f1658,2026-09-01 23:00:00+00:00,3377.7,3239.2,3630.41,3729.687628444637,3600.725474186469
e8fffaab-f310-4c9c-a833-a837b68f1658,2026-09-01 23:15:00+00:00,3183.17,3377.7,2949.94,3961.1698103894596,3844.6784628871965
e8fffaab-f310-4c9c-a833-a837b68f1658,2026-09-01 23:30:00+00:00,3269.1,3183.17,3022.21,3768.8313683214847,3657.273759536547
e8fffaab-f310-4c9c-a833-a837b68f1658,2026-09-01 23:45:00+00:00,3283.83,3269.1,3023.5,3895.3855528072763,3795.086277604256
e8fffaab-f310-4c9c-a833-a837b68f1658,2026-09-02 00:00:00+00:00,3192.1,3283.83,3081.75,3838.462720448856,3779.234889301102
e8fffaab-f310-4c9c-a833-a837b68f1658,2026-09-02 00:15:00+00:00,3325.36,3192.1,3053.4,3760.742723165813,3706.4756015762014
e8fffaab-f310-4c9c-a833-a837b68f1658,2026-09-02 00:30:00+00:00,3150.59,3325.36,3427.92,3948.8069866582136,3894.140581820824
e8fffaab-f310-4c9c-a833-a837b68f1658,2026-09-02 00:45:00+00:00,3152.14,3150.59,3665.37,3782.1552457083635,3732.4060597567523
e8fffaab-f310-4c9c-a833-a837b68f1658,2026-09-02 01:00:00+00:00,2879.15,3152.14,2792.2,3832.712864569761,3794.8385149354453
e8fffaab-f310-4c9c-a833-a837b68f1658,2026-09-02 01:15:00+00:00,2828.56,2879.15,3604.36,3581.3617875187383,3548.0991594118213
e8fffaab-f310-4c9c-a833-a837b68f1658,2026-09-02 01:30:00+00:00,3228.99,2828.56,3597.74,3603.238152777016,3578.3120336583297
e8fffaab-f310-4c9c-a833-a837b68f1658,2026-09-02 01:45:00+00:00,3238.6,3228.99,3265.44,4021.82921587264,4005.026226165821
e8fffaab-f310-4c9c-a833-a837b68f1658,2026-09-02 02:00:00+00:00,5232.82,3238.6,5513.85,4175.880892538344,4131.522241552221
e8fffaab-f310-4c9c-a833-a837b68f1658,2026-09-02 02:15:00+00:00,5443.61,5232.82,5421.2,6158.844496220372,6117.868739454553
e8fffaab-f310-4c9c-a833-a837b68f1658,2026-09-02 02:30:00+00:00,5897.55,5443.61,5557.03,6037.854940911691,6002.9324541602955
e8fffaab-f310-4c9c-a833-a837b68f1658,2026-09-02 02:45:00+00:00,6760.5,5897.55,5255.7,6496.073754003566,6471.395481131474
e8fffaab-f310-4c9c-a833-a837b68f1658,2026-09-02 03:00:00+00:00,6521.59,6760.5,5857.81,7374.583517773623,7338.825250565389
e8fffaab-f310-4c9c-a833-a837b68f1658,2026-09-02 03:15:00+00:00,6539.89,6521.59,21691.62,7692.355449841709,7521.577694008413
e8fffaab-f310-4c9c-a833-a837b68f1658,2026-09-02 03:30:00+00:00,6104.01,6539.89,12542.9,7364.790428173174,7305.56937645027
e8fffaab-f310-4c9c-a833-a837b68f1658,2026-09-02 03:45:00+00:00,6187.43,6104.01,5916.65,6675.112252765485,6700.717594495126
e8fffaab-f310-4c9c-a833-a837b68f1658,2026-09-02 04:00:00+00:00,9000.75,6187.43,9721.73,7090.903532593004,7093.201014255101
e8fffaab-f310-4c9c-a833-a837b68f1658,2026-09-02 04:15:00+00:00,22909.6,9000.75,11925.3,10093.814325207417,10062.155563809882
e8fffaab-f310-4c9c-a833-a837b68f1658,2026-09-02 04:30:00+00:00,14278.21,22909.6,7961.04,23092.54026198683,23044.225015921256
e8fffaab-f310-4c9c-a833-a837b68f1658,2026-09-02 04:45:00+00:00,8771.49,14278.21,8150.11,11854.919774257976,11885.047330338932
e8fffaab-f310-4c9c-a833-a837b68f1658,2026-09-02 05:00:00+00:00,9746.6,8771.49,7915.5,8210.126232050072,8279.340249950972
e8fffaab-f310-4c9c-a833-a837b68f1658,2026-09-02 05:15:00+00:00,8694.01,9746.6,9472.78,10647.958663261083,10604.2693365058
e8fffaab-f310-4c9c-a833-a837b68f1658,2026-09-02 05:30:00+00:00,14625.82,8694.01,13153.19,9383.64504492166,9381.166870279845
e8fffaab-f310-4c9c-a833-a837b68f1658,2026-09-02 05:45:00+00:00,20116.58,14625.82,18169.18,15610.344304994338,15559.456344976774
e8fffaab-f310-4c9c-a833-a837b68f1658,2026-09-02 06:00:00+00:00,17764.44,20116.58,19220.99,20039.33639617305,19928.86319964746
e8fffaab-f310-4c9c-a833-a837b68f1658,2026-09-02 06:15:00+00:00,19626.64,17764.44,17408.39,16550.96121797953,16459.798658900014
e8fffaab-f310-4c9c-a833-a837b68f1658,2026-09-02 06:30:00+00:00,19843.4,19626.64,17503.42,18987.072448103634,18823.16247866529
e8fffaab-f310-4c9c-a833-a837b68f1658,2026-09-02 06:45:00+00:00,17779.01,19843.4,17709.58,19080.953044018894,18837.59531036455
e8fffaab-f310-4c9c-a833-a837b68f1658,2026-09-02 07:00:00+00:00,19177.82,17779.01,17556.93,16861.704913716763,16642.047047864
e8fffaab-f310-4c9c-a833-a837b68f1658,2026-09-02 07:15:00+00:00,17315.19,19177.82,17911.84,18734.782387976695,18466.73249454249
e8fffaab-f310-4c9c-a833-a837b68f1658,2026-09-02 07:30:00+00:00,15566.41,17315.19,18386.73,16528.301375053314,16264.789063048222
e8fffaab-f310-4c9c-a833-a837b68f1658,2026-09-02 07:45:00+00:00,13462.65,15566.41,14464.38,15118.232285774895,14871.71501426692
e8fffaab-f310-4c9c-a833-a837b68f1658,2026-09-02 08:00:00+00:00,14018.96,13462.65,11315.76,13221.76918233421,12996.501613205652
e8fffaab-f310-4c9c-a833-a837b68f1658,2026-09-02 08:15:00+00:00,9296.39,14018.96,17116.95,14453.52895555984,14161.063347501096
e8fffaab-f310-4c9c-a833-a837b68f1658,2026-09-02 08:30:00+00:00,7740.65,9296.39,14239.07,9244.824112168106,9052.478179490347
e8fffaab-f310-4c9c-a833-a837b68f1658,2026-09-02 08:45:00+00:00,13267.44,7740.65,12560.61,8460.873418627643,8304.419390245424
e8fffaab-f310-4c9c-a833-a837b68f1658,2026-09-02 09:00:00+00:00,1085.37,13267.44,11948.19,14090.115851088975,13904.456984109234
e8fffaab-f310-4c9c-a833-a837b68f1658,2026-09-02 09:15:00+00:00,468.33,1085.37,11836.48,832.913829840496,748.0620885832068
e8fffaab-f310-4c9c-a833-a837b68f1658,2026-09-02 09:30:00+00:00,6187.54,468.33,10961.66,2700.580309971464,2598.7276095093366
e8fffaab-f310-4c9c-a833-a837b68f1658,2026-09-02 09:45:00+00:00,4439.56,6187.54,11461.51,8855.817217159036,8618.110296950956
e8fffaab-f310-4c9c-a833-a837b68f1658,2026-09-02 10:00:00+00:00,10904.52,4439.56,14049.43,5419.1052051425095,5300.907769114387
e8fffaab-f310-4c9c-a833-a837b68f1658,2026-09-02 10:15:00+00:00,5899.92,10904.52,13093.21,12308.47802742687,12113.694619980552
e8fffaab-f310-4c9c-a833-a837b68f1658,2026-09-02 10:30:00+00:00,8655.57,5899.92,8776.27,5947.4974548302325,5781.650603166802
e8fffaab-f310-4c9c-a833-a837b68f1658,2026-09-02 10:45:00+00:00,429.95,8655.57,-2533.21,8655.300263406285,8649.05096782773
e8fffaab-f310-4c9c-a833-a837b68f1658,2026-09-02 11:00:00+00:00,9626.26,429.95,3949.51,615.4992909168013,499.05181964531585
e8fffaab-f310-4c9c-a833-a837b68f1658,2026-09-02 11:15:00+00:00,10709.2,9626.26,13489.35,11751.654500163966,11487.60276006262
e8fffaab-f310-4c9c-a833-a837b68f1658,2026-09-02 11:30:00+00:00,10249.89,10709.2,13856.21,11339.58726806566,10992.68055714277
e8fffaab-f310-4c9c-a833-a837b68f1658,2026-09-02 11:45:00+00:00,15171.91,10249.89,3516.74,9519.995440090299,9401.596322874819
e8fffaab-f310-4c9c-a833-a837b68f1658,2026-09-02 12:00:00+00:00,13839.25,15171.91,11323.0,15230.045453929253,14888.514881877367
e8fffaab-f310-4c9c-a833-a837b68f1658,2026-09-02 12:15:00+00:00,14627.96,13839.25,7216.58,12860.877441541003,12549.632372639415
e8fffaab-f310-4c9c-a833-a837b68f1658,2026-09-02 12:30:00+00:00,11745.99,14627.96,8790.83,14145.02630104758,13786.420873964382
e8fffaab-f310-4c9c-a833-a837b68f1658,2026-09-02 12:45:00+00:00,11441.53,11745.99,16874.17,11973.143671457887,11457.934266680919
e8fffaab-f310-4c9c-a833-a837b68f1658,2026-09-02 13:00:00+00:00,9396.54,11441.53,15654.94,12080.927430948152,11596.235462497938
e8fffaab-f310-4c9c-a833-a837b68f1658,2026-09-02 13:15:00+00:00,5900.55,9396.54,11424.88,12410.708835907571,11587.745212361579
e8fffaab-f310-4c9c-a833-a837b68f1658,2026-09-02 13:30:00+00:00,10870.57,5900.55,18750.61,8246.588629040523,7608.500046602001
e8fffaab-f310-4c9c-a833-a837b68f1658,2026-09-02 13:45:00+00:00,11845.6,10870.57,13759.34,12512.716992308391,12065.404478045857
e8fffaab-f310-4c9c-a833-a837b68f1658,2026-09-02 14:00:00+00:00,13419.97,11845.6,17136.13,12606.356917754918,12128.86637163359
e8fffaab-f310-4c9c-a833-a837b68f1658,2026-09-02 14:15:00+00:00,14958.45,13419.97,15014.73,13683.29696524962,13262.82213365879
e8fffaab-f310-4c9c-a833-a837b68f1658,2026-09-02 14:30:00+00:00,12522.85,14958.45,13037.6,14916.727220583736,14472.667470308079
e8fffaab-f310-4c9c-a833-a837b68f1658,2026-09-02 14:45:00+00:00,11452.31,12522.85,7673.92,11720.305224206766,11381.168136175142
e8fffaab-f310-4c9c-a833-a837b68f1658,2026-09-02 15:00:00+00:00,8121.45,11452.31,4591.31,10662.175815984458,10408.22865161298
e8fffaab-f310-4c9c-a833-a837b68f1658,2026-09-02 15:15:00+00:00,5094.6,8121.45,7583.56,7658.719584211625,7425.596135489777
e8fffaab-f310-4c9c-a833-a837b68f1658,2026-09-02 15:30:00+00:00,3164.04,5094.6,5733.48,5132.22084164786,4987.589587229066
e8fffaab-f310-4c9c-a833-a837b68f1658,2026-09-02 15:45:00+00:00,7243.29,3164.04,6225.1,3648.757247974958,3570.1154766901664
e8fffaab-f310-4c9c-a833-a837b68f1658,2026-09-02 16:00:00+00:00,3529.46,7243.29,4688.23,7824.486317702784,7796.993604609396
e8fffaab-f310-4c9c-a833-a837b68f1658,2026-09-02 16:15:00+00:00,3875.99,3529.46,3179.22,3182.1271897712713,3225.7967823019117
e8fffaab-f310-4c9c-a833-a837b68f1658,2026-09-02 16:30:00+00:00,3721.83,3875.99,2611.11,4178.135266812006,4245.448517427286
e8fffaab-f310-4c9c-a833-a837b68f1658,2026-09-02 16:45:00+00:00,3612.3,3721.83,2447.46,4030.5069665149567,4078.0079409151185
e8fffaab-f310-4c9c-a833-a837b68f1658,2026-09-02 17:00:00+00:00,3970.34,3612.3,31308.24,5161.346216439277,4953.500669358323
e8fffaab-f310-4c9c-a833-a837b68f1658,2026-09-02 17:15:00+00:00,3653.4,3970.34,54902.74,6609.671474289036,6162.651324413764
e8fffaab-f310-4c9c-a833-a837b68f1658,2026-09-02 17:30:00+00:00,4074.08,3653.4,56222.24,6269.694384585277,5816.281771528887
e8fffaab-f310-4c9c-a833-a837b68f1658,2026-09-02 17:45:00+00:00,4106.13,4074.08,55981.46,6760.724347338247,6305.595485599599
e8fffaab-f310-4c9c-a833-a837b68f1658,2026-09-02 18:00:00+00:00,4075.62,4106.13,49163.56,6406.546350142853,6019.623766056124
e8fffaab-f310-4c9c-a833-a837b68f1658,2026-09-02 18:15:00+00:00,4690.18,4075.62,36777.31,5762.754174672578,5496.5321594279785
e8fffaab-f310-4c9c-a833-a837b68f1658,2026-09-02 18:30:00+00:00,4513.29,4690.18,8702.1,5130.377929151754,5124.643008639122
e8fffaab-f310-4c9c-a833-a837b68f1658,2026-09-02 18:45:00+00:00,4659.46,4513.29,4719.77,4649.58410670123,4674.566105471789
e8fffaab-f310-4c9c-a833-a837b68f1658,2026-09-02 19:00:00+00:00,4822.31,4659.46,4824.03,4820.895509583719,4835.800348121983
e8fffaab-f310-4c9c-a833-a837b68f1658,2026-09-02 19:15:00+00:00,4958.54,4822.31,4448.26,4948.6018353492855,4939.731340475469
e8fffaab-f310-4c9c-a833-a837b68f1658,2026-09-02 19:30:00+00:00,4527.99,4958.54,4335.35,5044.863398458873,5015.733151910611
e8fffaab-f310-4c9c-a833-a837b68f1658,2026-09-02 19:45:00+00:00,4337.92,4527.99,4265.4,4591.654210589372,4544.821714324105
e8fffaab-f310-4c9c-a833-a837b68f1658,2026-09-02 20:00:00+00:00,4501.16,4337.92,4152.68,4486.269718052724,4421.654880055246
e8fffaab-f310-4c9c-a833-a837b68f1658,2026-09-02 20:15:00+00:00,4395.14,4501.16,4204.68,4694.199133924947,4610.912463895946
e8fffaab-f310-4c9c-a833-a837b68f1658,2026-09-02 20:30:00+00:00,4442.38,4395.14,4147.78,4544.865254326732,4451.722977419973
e8fffaab-f310-4c9c-a833-a837b68f1658,2026-09-02 20:45:00+00:00,4479.78,4442.38,4211.7,4617.693725003497,4511.1666280847385
e8fffaab-f310-4c9c-a833-a837b68f1658,2026-09-02 21:00:00+00:00,4253.7,4479.78,3923.45,4631.084876114135,4515.568667117532
e8fffaab-f310-4c9c-a833-a837b68f1658,2026-09-02 21:15:00+00:00,4329.05,4253.7,3945.97,4426.469290934866,4295.442368638978
e8fffaab-f310-4c9c-a833-a837b68f1658,2026-09-02 21:30:00+00:00,4676.41,4329.05,4171.37,4559.078953676356,4413.080026703518
e8fffaab-f310-4c9c-a833-a837b68f1658,2026-09-02 21:45:00+00:00,4440.74,4676.41,4201.0,4903.321027514378,4742.581896218755
e8fffaab-f310-4c9c-a833-a837b68f1658,2026-09-02 22:00:00+00:00,4499.69,4440.74,4199.07,4599.486220778799,4433.410934071
e8fffaab-f310-4c9c-a833-a837b68f1658,2026-09-02 22:15:00+00:00,4566.66,4499.69,3774.73,4697.404075391008,4528.211862706666
e8fffaab-f310-4c9c-a833-a837b68f1658,2026-09-02 22:30:00+00:00,4131.22,4566.66,3827.96,4783.311799218746,4604.434081630523
e8fffaab-f310-4c9c-a833-a837b68f1658,2026-09-02 22:45:00+00:00,4555.18,4131.22,3239.2,4329.888115664866,4156.798337219574
e8fffaab-f310-4c9c-a833-a837b68f1658,2026-09-02 23:00:00+00:00,4191.47,4555.18,3377.7,4872.340977307001,4690.753226548367
e8fffaab-f310-4c9c-a833-a837b68f1658,2026-09-02 23:15:00+00:00,4311.03,4191.47,3183.17,4429.547043629757,4256.292475328723
e8fffaab-f310-4c9c-a833-a837b68f1658,2026-09-02 23:30:00+00:00,4160.83,4311.03,3269.1,4627.155685760869,4460.758968053768
e8fffaab-f310-4c9c-a833-a837b68f1658,2026-09-02 23:45:00+00:00,4248.8,4160.83,3283.83,4474.962998452709,4314.258803141594
e8fffaab-f310-4c9c-a833-a837b68f1658,2026-09-03 00:00:00+00:00,3595.96,4248.8,3192.1,4519.321994333137,4394.02865027215
e8fffaab-f310-4c9c-a833-a837b68f1658,2026-09-03 00:15:00+00:00,3623.51,3595.96,3325.36,3891.804009018433,3770.5960225589142
e8fffaab-f310-4c9c-a833-a837b68f1658,2026-09-03 00:30:00+00:00,3883.55,3623.51,3150.59,4077.8795556979603,3960.799209794198
e8fffaab-f310-4c9c-a833-a837b68f1658,2026-09-03 00:45:00+00:00,3770.85,3883.55,3152.14,4329.769462281357,4220.458433441049
e8fffaab-f310-4c9c-a833-a837b68f1658,2026-09-03 01:00:00+00:00,3713.51,3770.85,2879.15,4164.473068674725,4070.933022067702
e8fffaab-f310-4c9c-a833-a837b68f1658,2026-09-03 01:15:00+00:00,3651.28,3713.51,2828.56,4143.0468267296255,4062.6028106853782
e8fffaab-f310-4c9c-a833-a837b68f1658,2026-09-03 01:30:00+00:00,3449.26,3651.28,3228.99,4159.090459933985,4082.831910925178
e8fffaab-f310-4c9c-a833-a837b68f1658,2026-09-03 01:45:00+00:00,3378.25,3449.26,3238.6,3990.064320988963,3930.413442904218
e8fffaab-f310-4c9c-a833-a837b68f1658,2026-09-03 02:00:00+00:00,5640.84,3378.25,5232.82,4191.426995099637,4109.452779870852
e8fffaab-f310-4c9c-a833-a837b68f1658,2026-09-03 02:15:00+00:00,5782.2,5640.84,5443.61,6478.140362380992,6400.111094183204
e8fffaab-f310-4c9c-a833-a837b68f1658,2026-09-03 02:30:00+00:00,5949.32,5782.2,5897.55,6215.48938451836,6155.034516191803
e8fffaab-f310-4c9c-a833-a837b68f1658,2026-09-03 02:45:00+00:00,6290.09,5949.32,6760.5,6448.4577941939415,6396.628370587316
e8fffaab-f310-4c9c-a833-a837b68f1658,2026-09-03 03:00:00+00:00,6401.57,6290.09,6521.59,6865.712103840521,6814.543632201948
e8fffaab-f310-4c9c-a833-a837b68f1658,2026-09-03 03:15:00+00:00,23023.99,6401.57,6539.89,6898.099600271499,6870.775334324308
e8fffaab-f310-4c9c-a833-a837b68f1658,2026-09-03 03:30:00+00:00,11746.22,23023.99,6104.01,23309.376928142105,23200.139547632993
e8fffaab-f310-4c9c-a833-a837b68f1658,2026-09-03 03:45:00+00:00,7022.71,11746.22,6187.43,9026.878287442385,8992.184884480439
e8fffaab-f310-4c9c-a833-a837b68f1658,2026-09-03 04:00:00+00:00,6872.23,7022.71,9000.75,6647.613405672704,6649.202335762294
e8fffaab-f310-4c9c-a833-a837b68f1658,2026-09-03 04:15:00+00:00,9461.67,6872.23,22909.6,8612.18224138786,8356.063357716452
e8fffaab-f310-4c9c-a833-a837b68f1658,2026-09-03 04:30:00+00:00,9995.01,9461.67,14278.21,10572.31986870594,10492.20784734187
e8fffaab-f310-4c9c-a833-a837b68f1658,2026-09-03 04:45:00+00:00,8344.75,9995.01,8771.49,10157.637945572613,10203.508961623938
e8fffaab-f310-4c9c-a833-a837b68f1658,2026-09-03 05:00:00+00:00,8240.31,8344.75,9746.6,8586.347952879543,8643.147263102279
e8fffaab-f310-4c9c-a833-a837b68f1658,2026-09-03 05:15:00+00:00,7708.75,8240.31,8694.01,8831.168859964413,8890.37304733669
e8fffaab-f310-4c9c-a833-a837b68f1658,2026-09-03 05:30:00+00:00,13518.68,7708.75,14625.82,9047.853205131552,8989.340756241072
e8fffaab-f310-4c9c-a833-a837b68f1658,2026-09-03 05:45:00+00:00,20367.96,13518.68,20116.58,16244.923641646204,15938.083097319366
e8fffaab-f310-4c9c-a833-a837b68f1658,2026-09-03 06:00:00+00:00,20838.3,20367.96,17764.44,20779.624126062816,20619.291264367646
e8fffaab-f310-4c9c-a833-a837b68f1658,2026-09-03 06:15:00+00:00,19821.82,20838.3,19626.64,20056.026051891567,19880.192776749696
e8fffaab-f310-4c9c-a833-a837b68f1658,2026-09-03 06:30:00+00:00,19846.35,19821.82,19843.4,19018.779035001913,18834.045592333467
e8fffaab-f310-4c9c-a833-a837b68f1658,2026-09-03 06:45:00+00:00,17058.06,19846.35,17779.01,19365.510632741272,19157.605889902992
e8fffaab-f310-4c9c-a833-a837b68f1658,2026-09-03 07:00:00+00:00,18431.37,17058.06,19177.82,16749.960623391285,16545.378183133893
e8fffaab-f310-4c9c-a833-a837b68f1658,2026-09-03 07:15:00+00:00,20650.97,18431.37,17315.19,18511.4420964463,18308.54450076606
e8fffaab-f310-4c9c-a833-a837b68f1658,2026-09-03 07:30:00+00:00,20763.17,20650.97,15566.41,20182.91315938784,19988.200796468034
e8fffaab-f310-4c9c-a833-a837b68f1658,2026-09-03 07:45:00+00:00,22754.46,20763.17,13462.65,19465.100199109493,19324.10321501999
e8fffaab-f310-4c9c-a833-a837b68f1658,2026-09-03 08:00:00+00:00,19719.22,22754.46,14018.96,21278.703155369585,21114.74583151914
e8fffaab-f310-4c9c-a833-a837b68f1658,2026-09-03 08:15:00+00:00,17821.58,19719.22,9296.39,17990.000745540296,17873.268163173892
e8fffaab-f310-4c9c-a833-a837b68f1658,2026-09-03 08:30:00+00:00,13816.71,17821.58,7740.65,16596.763780415153,16551.307826996243
e8fffaab-f310-4c9c-a833-a837b68f1658,2026-09-03 08:45:00+00:00,11875.53,13816.71,13267.44,13337.98016647382,13279.12701949582
e8fffaab-f310-4c9c-a833-a837b68f1658,2026-09-03 09:00:00+00:00,10255.49,11875.53,1085.37,11355.203561404333,11523.13352647438
e8fffaab-f310-4c9c-a833-a837b68f1658,2026-09-03 09:15:00+00:00,11150.29,10255.49,468.33,10193.118023347282,10358.649959382788
e8fffaab-f310-4c9c-a833-a837b68f1658,2026-09-03 09:30:00+00:00,11851.42,11150.29,6187.54,11672.987490770307,11773.024994478757
e8fffaab-f310-4c9c-a833-a837b68f1658,2026-09-03 09:45:00+00:00,11672.44,11851.42,4439.56,11911.6028459189,12047.340872990946
e8fffaab-f310-4c9c-a833-a837b68f1658,2026-09-03 10:00:00+00:00,11471.41,11672.44,10904.52,11701.455724537871,11791.509886421785
e8fffaab-f310-4c9c-a833-a837b68f1658,2026-09-03 10:15:00+00:00,7725.91,11471.41,5899.92,11556.622221535881,11584.40513309229
e8fffaab-f310-4c9c-a833-a837b68f1658,2026-09-03 10:30:00+00:00,9082.1,7725.91,8655.57,7826.8346452770475,7804.957671254836
e8fffaab-f310-4c9c-a833-a837b68f1658,2026-09-03 10:45:00+00:00,10595.88,9082.1,429.95,9200.112771033173,9229.358937458066
e8fffaab-f310-4c9c-a833-a837b68f1658,2026-09-03 11:00:00+00:00,12564.22,10595.88,9626.26,11339.115476025765,11112.081374690439
e8fffaab-f310-4c9c-a833-a837b68f1658,2026-09-03 11:15:00+00:00,10347.95,12564.22,10709.2,13001.336502466993,12754.277708879099
e8fffaab-f310-4c9c-a833-a837b68f1658,2026-09-03 11:30:00+00:00,9838.35,10347.95,10249.89,10453.975728145619,10195.454439927867
e8fffaab-f310-4c9c-a833-a837b68f1658,2026-09-03 11:45:00+00:00,8580.81,9838.35,15171.91,10529.610879188553,10212.923253923862
e8fffaab-f310-4c9c-a833-a837b68f1658,2026-09-03 12:00:00+00:00,9528.08,8580.81,13839.25,9284.86033705191,8968.09420761047
e8fffaab-f310-4c9c-a833-a837b68f1658,2026-09-03 12:15:00+00:00,14552.73,9528.08,14627.96,10325.61706820127,10021.660062551906
e8fffaab-f310-4c9c-a833-a837b68f1658,2026-09-03 12:30:00+00:00,12036.16,14552.73,11745.99,15030.840200314498,14705.610103567082
e8fffaab-f310-4c9c-a833-a837b68f1658,2026-09-03 12:45:00+00:00,10921.09,12036.16,11441.53,11119.63013824726,10871.598959504454
e8fffaab-f310-4c9c-a833-a837b68f1658,2026-09-03 13:00:00+00:00,12487.32,10921.09,9396.54,10664.28855810396,10387.489869651647
e8fffaab-f310-4c9c-a833-a837b68f1658,2026-09-03 13:15:00+00:00,13517.59,12487.32,5900.55,12082.7330099783,11837.061328419148
e8fffaab-f310-4c9c-a833-a837b68f1658,2026-09-03 13:30:00+00:00,11163.52,13517.59,10870.57,13270.80386329481,12930.376761808711
e8fffaab-f310-4c9c-a833-a837b68f1658,2026-09-03 13:45:00+00:00,14296.21,11163.52,11845.6,10745.680279038299,10411.751583070156
e8fffaab-f310-4c9c-a833-a837b68f1658,2026-09-03 14:00:00+00:00,12864.01,14296.21,13419.97,14452.13558876397,14054.353527699695
e8fffaab-f310-4c9c-a833-a837b68f1658,2026-09-03 14:15:00+00:00,13477.98,12864.01,14958.45,12520.23874967388,12112.32663917872
e8fffaab-f310-4c9c-a833-a837b68f1658,2026-09-03 14:30:00+00:00,12481.52,13477.98,12522.85,13092.66982588826,12749.446593687468
e8fffaab-f310-4c9c-a833-a837b68f1658,2026-09-03 14:45:00+00:00,10495.99,12481.52,11452.31,11809.974496580719,11495.010406899244
e8fffaab-f310-4c9c-a833-a837b68f1658,2026-09-03 15:00:00+00:00,8285.17,10495.99,8121.45,9941.296013978923,9670.95733660903
e8fffaab-f310-4c9c-a833-a837b68f1658,2026-09-03 15:15:00+00:00,6475.68,8285.17,5094.6,7909.563438695075,7694.67891414744
e8fffaab-f310-4c9c-a833-a837b68f1658,2026-09-03 15:30:00+00:00,6240.85,6475.68,3164.04,6353.105098347611,6187.432121517859
e8fffaab-f310-4c9c-a833-a837b68f1658,2026-09-03 15:45:00+00:00,5786.2,6240.85,7243.29,6553.966113691758,6368.696019280098
e8fffaab-f310-4c9c-a833-a837b68f1658,2026-09-03 16:00:00+00:00,5103.87,5786.2,3529.46,5782.924028390412,5672.253752971791
e8fffaab-f310-4c9c-a833-a837b68f1658,2026-09-03 16:15:00+00:00,3561.39,5103.87,3875.99,4996.226927400392,4938.560749584886
e8fffaab-f310-4c9c-a833-a837b68f1658,2026-09-03 16:30:00+00:00,3406.41,3561.39,3721.83,3674.169116952825,3627.860335784465
e8fffaab-f310-4c9c-a833-a837b68f1658,2026-09-03 16:45:00+00:00,3353.44,3406.41,3612.3,3799.163103437455,3770.4202641349793
e8fffaab-f310-4c9c-a833-a837b68f1658,2026-09-03 17:00:00+00:00,6104.13,3353.44,3970.34,3735.664107466334,3725.6789301396693
e8fffaab-f310-4c9c-a833-a837b68f1658,2026-09-03 17:15:00+00:00,5561.46,6104.13,3653.4,6411.146693582074,6409.4784564599795
e8fffaab-f310-4c9c-a833-a837b68f1658,2026-09-03 17:30:00+00:00,6507.72,5561.46,4074.08,5365.087543209641,5372.33946952153
e8fffaab-f310-4c9c-a833-a837b68f1658,2026-09-03 17:45:00+00:00,6730.64,6507.72,4106.13,6383.411998182788,6399.689526116426
e8fffaab-f310-4c9c-a833-a837b68f1658,2026-09-03 18:00:00+00:00,7195.39,6730.64,4075.62,6476.208279107494,6483.583524941846
e8fffaab-f310-4c9c-a833-a837b68f1658,2026-09-03 18:15:00+00:00,4784.8,7195.39,4690.18,6916.767059608783,6912.36654719307
e8fffaab-f310-4c9c-a833-a837b68f1658,2026-09-03 18:30:00+00:00,4462.17,4784.8,4513.29,4473.353180930572,4472.17795827127
e8fffaab-f310-4c9c-a833-a837b68f1658,2026-09-03 18:45:00+00:00,4458.73,4462.17,4659.46,4602.32586543629,4602.310456853535
e8fffaab-f310-4c9c-a833-a837b68f1658,2026-09-03 19:00:00+00:00,4481.64,4458.73,4822.31,4690.339310764817,4680.733052119507
e8fffaab-f310-4c9c-a833-a837b68f1658,2026-09-03 19:15:00+00:00,4435.54,4481.64,4958.54,4653.466816177064,4637.296844045745
e8fffaab-f310-4c9c-a833-a837b68f1658,2026-09-03 19:30:00+00:00,4297.94,4435.54,4527.99,4564.276765339258,4533.816513615705
e8fffaab-f310-4c9c-a833-a837b68f1658,2026-09-03 19:45:00+00:00,4300.86,4297.94,4337.92,4436.755083284008,4385.761594559408
e8fffaab-f310-4c9c-a833-a837b68f1658,2026-09-03 20:00:00+00:00,4340.66,4300.86,4501.16,4459.472157448384,4388.13992305456
e8fffaab-f310-4c9c-a833-a837b68f1658,2026-09-03 20:15:00+00:00,4333.79,4340.66,4395.14,4505.3952161610805,4411.60918752134
e8fffaab-f310-4c9c-a833-a837b68f1658,2026-09-03 20:30:00+00:00,4364.58,4333.79,4442.38,4487.114570729537,4374.117634522435
e8fffaab-f310-4c9c-a833-a837b68f1658,2026-09-03 20:45:00+00:00,4613.71,4364.58,4479.78,4566.000760427047,4426.520345748991
e8fffaab-f310-4c9c-a833-a837b68f1658,2026-09-03 21:00:00+00:00,4063.25,4613.71,4253.7,4748.644129549169,4599.906473597613
e8fffaab-f310-4c9c-a833-a837b68f1658,2026-09-03 21:15:00+00:00,4381.74,4063.25,4329.05,4185.689078028353,4022.8277950896645
e8fffaab-f310-4c9c-a833-a837b68f1658,2026-09-03 21:30:00+00:00,4065.44,4381.74,4676.41,4632.000651906514,4451.251715595867
e8fffaab-f310-4c9c-a833-a837b68f1658,2026-09-03 21:45:00+00:00,4697.99,4065.44,4440.74,4265.2903087681925,4075.6229370708843
e8fffaab-f310-4c9c-a833-a837b68f1658,2026-09-03 22:00:00+00:00,4405.05,4697.99,4499.69,4952.3619083927215,4752.886571913679
e8fffaab-f310-4c9c-a833-a837b68f1658,2026-09-03 22:15:00+00:00,4182.81,4405.05,4566.66,4547.304982430815,4336.486718995732
e8fffaab-f310-4c9c-a833-a837b68f1658,2026-09-03 22:30:00+00:00,4073.3,4182.81,4131.22,4384.71135743151,4169.154151664877
e8fffaab-f310-4c9c-a833-a837b68f1658,2026-09-03 22:45:00+00:00,3866.26,4073.3,4555.18,4403.104661486011,4164.891035500018
e8fffaab-f310-4c9c-a833-a837b68f1658,2026-09-03 23:00:00+00:00,3700.13,3866.26,4191.47,4175.244243176267,3942.547113758529
e8fffaab-f310-4c9c-a833-a837b68f1658,2026-09-03 23:15:00+00:00,4060.92,3700.13,4311.03,4067.911082511777,3835.1188052708667
e8fffaab-f310-4c9c-a833-a837b68f1658,2026-09-03 23:30:00+00:00,4075.1,4060.92,4160.83,4463.661852456611,4231.171274560712
e8fffaab-f310-4c9c-a833-a837b68f1658,2026-09-03 23:45:00+00:00,4080.3,4075.1,4248.8,4441.139632521055,4208.278928386755
e8fffaab-f310-4c9c-a833-a837b68f1658,2026-09-04 00:00:00+00:00,3948.68,4080.3,3595.96,4467.867918615898,4233.656865721675
e8fffaab-f310-4c9c-a833-a837b68f1658,2026-09-04 00:15:00+00:00,3144.64,3948.68,3623.51,4358.882671152158,4128.923954746201
e8fffaab-f310-4c9c-a833-a837b68f1658,2026-09-04 00:30:00+00:00,3408.07,3144.64,3883.55,3622.673820540879,3401.975361202408
e8fffaab-f310-4c9c-a833-a837b68f1658,2026-09-04 00:45:00+00:00,3327.91,3408.07,3770.85,4058.0259676008927,3845.1130508958913
e8fffaab-f310-4c9c-a833-a837b68f1658,2026-09-04 01:00:00+00:00,3097.47,3327.91,3713.51,3949.901819034365,3748.0387146461353
e8fffaab-f310-4c9c-a833-a837b68f1658,2026-09-04 01:15:00+00:00,3396.81,3097.47,3651.28,3720.793210458627,3539.461000593403
e8fffaab-f310-4c9c-a833-a837b68f1658,2026-09-04 01:30:00+00:00,3390.66,3396.81,3449.26,4094.640769374407,3920.769777473497
e8fffaab-f310-4c9c-a833-a837b68f1658,2026-09-04 01:45:00+00:00,3504.85,3390.66,3378.25,4065.049396563433,3902.550704272654
e8fffaab-f310-4c9c-a833-a837b68f1658,2026-09-04 02:00:00+00:00,5628.1,3504.85,5640.84,4456.268387076415,4261.509671706425
e8fffaab-f310-4c9c-a833-a837b68f1658,2026-09-04 02:15:00+00:00,5457.79,5628.1,5782.2,6604.181642182002,6403.071620703044
e8fffaab-f310-4c9c-a833-a837b68f1658,2026-09-04 02:30:00+00:00,5926.17,5457.79,5949.32,6107.800209754978,5914.503134876981
e8fffaab-f310-4c9c-a833-a837b68f1658,2026-09-04 02:45:00+00:00,6334.07,5926.17,6290.09,6653.319782643472,6470.4020865668635
e8fffaab-f310-4c9c-a833-a837b68f1658,2026-09-04 03:00:00+00:00,6854.96,6334.07,6401.57,7057.259783065427,6872.745676600541
e8fffaab-f310-4c9c-a833-a837b68f1658,2026-09-04 03:15:00+00:00,7820.73,6854.96,23023.99,8212.162279415294,7887.869673189778
e8fffaab-f310-4c9c-a833-a837b68f1658,2026-09-04 03:30:00+00:00,6260.62,7820.73,11746.22,8592.914719413528,8393.100046064355
e8fffaab-f310-4c9c-a833-a837b68f1658,2026-09-04 03:45:00+00:00,6354.51,6260.62,7022.71,6761.337954071276,6625.612416960651
e8fffaab-f310-4c9c-a833-a837b68f1658,2026-09-04 04:00:00+00:00,6271.13,6354.51,6872.23,7283.432507674457,7153.278094624684
e8fffaab-f310-4c9c-a833-a837b68f1658,2026-09-04 04:15:00+00:00,6867.81,6271.13,9461.67,7282.743527118859,7154.801342877226
e8fffaab-f310-4c9c-a833-a837b68f1658,2026-09-04 04:30:00+00:00,6947.32,6867.81,9995.01,7852.093575387949,7759.047000650139
e8fffaab-f310-4c9c-a833-a837b68f1658,2026-09-04 04:45:00+00:00,8844.29,6947.32,8344.75,7723.901076125504,7678.049129661782
e8fffaab-f310-4c9c-a833-a837b68f1658,2026-09-04 05:00:00+00:00,8712.53,8844.29,8240.31,9623.79977356269,9589.383890711539
e8fffaab-f310-4c9c-a833-a837b68f1658,2026-09-04 05:15:00+00:00,9990.29,8712.53,7708.75,9143.931444750671,9120.292834218038
e8fffaab-f310-4c9c-a833-a837b68f1658,2026-09-04 05:30:00+00:00,10438.07,9990.29,13518.68,10848.238889696864,10748.074436355795
e8fffaab-f310-4c9c-a833-a837b68f1658,2026-09-04 05:45:00+00:00,12471.07,10438.07,20367.96,11477.617348598245,11292.955866289285
e8fffaab-f310-4c9c-a833-a837b68f1658,2026-09-04 06:00:00+00:00,12495.12,12471.07,20838.3,13309.074851475512,13138.393055150558
e8fffaab-f310-4c9c-a833-a837b68f1658,2026-09-04 06:15:00+00:00,13645.13,12495.12,19821.82,12968.793706207032,12797.619581290346
e8fffaab-f310-4c9c-a833-a837b68f1658,2026-09-04 06:30:00+00:00,12656.98,13645.13,19846.35,14141.10157961569,13960.942710493233
e8fffaab-f310-4c9c-a833-a837b68f1658,2026-09-04 06:45:00+00:00,13393.35,12656.98,17058.06,12900.04030517051,12738.766513294197
e8fffaab-f310-4c9c-a833-a837b68f1658,2026-09-04 07:00:00+00:00,13817.46,13393.35,18431.37,13786.205913265128,13626.829014796898
e8fffaab-f310-4c9c-a833-a837b68f1658,2026-09-04 07:15:00+00:00,12200.23,13817.46,20650.97,14257.554826922002,14052.656990446107
e8fffaab-f310-4c9c-a833-a837b68f1658,2026-09-04 07:30:00+00:00,13581.07,12200.23,20763.17,12515.065443074553,12331.049886046574
e8fffaab-f310-4c9c-a833-a837b68f1658,2026-09-04 07:45:00+00:00,12685.61,13581.07,22754.46,14309.591559014203,14087.485131276837
e8fffaab-f310-4c9c-a833-a837b68f1658,2026-09-04 08:00:00+00:00,14956.9,12685.61,19719.22,12944.32895756703,12763.586949313241
e8fffaab-f310-4c9c-a833-a837b68f1658,2026-09-04 08:15:00+00:00,11885.35,14956.9,17821.58,15359.176272811974,15171.557623871537
e8fffaab-f310-4c9c-a833-a837b68f1658,2026-09-04 08:30:00+00:00,12950.68,11885.35,13816.71,12723.873523910555,12423.106718519368
e8fffaab-f310-4c9c-a833-a837b68f1658,2026-09-04 08:45:00+00:00,12074.85,12950.68,11875.53,15815.044322411663,15283.056543193154
e8fffaab-f310-4c9c-a833-a837b68f1658,2026-09-04 09:00:00+00:00,13599.95,12074.85,10255.49,13685.994659258293,13313.178070842656
e8fffaab-f310-4c9c-a833-a837b68f1658,2026-09-04 09:15:00+00:00,13031.79,13599.95,11150.29,14366.812394899887,14103.864860925902
e8fffaab-f310-4c9c-a833-a837b68f1658,2026-09-04 09:30:00+00:00,13670.88,13031.79,11851.42,12991.880781508049,12759.811585999865
e8fffaab-f310-4c9c-a833-a837b68f1658,2026-09-04 09:45:00+00:00,9804.79,13670.88,11672.44,13708.154845054563,13430.495127078033
e8fffaab-f310-4c9c-a833-a837b68f1658,2026-09-04 10:00:00+00:00,9991.89,9804.79,11471.41,9662.078211234133,9368.684066025191
e8fffaab-f310-4c9c-a833-a837b68f1658,2026-09-04 10:15:00+00:00,10526.74,9991.89,7725.91,10454.819275672411,10255.306962843428
e8fffaab-f310-4c9c-a833-a837b68f1658,2026-09-04 10:30:00+00:00,9370.86,10526.74,9082.1,11381.561127316802,11160.228436734298
e8fffaab-f310-4c9c-a833-a837b68f1658,2026-09-04 10:45:00+00:00,7330.16,9370.86,10595.88,10047.913031299639,9911.450599633094
e8fffaab-f310-4c9c-a833-a837b68f1658,2026-09-04 11:00:00+00:00,14679.57,7330.16,12564.22,8464.209768743487,8354.611243205196
e8fffaab-f310-4c9c-a833-a837b68f1658,2026-09-04 11:15:00+00:00,21202.19,14679.57,10347.95,16061.562413310283,15903.597273843594
e8fffaab-f310-4c9c-a833-a837b68f1658,2026-09-04 11:30:00+00:00,18683.5,21202.19,9838.35,21091.738225574773,20874.616587541877
e8fffaab-f310-4c9c-a833-a837b68f1658,2026-09-04 11:45:00+00:00,22829.09,18683.5,8580.81,17083.57919988256,16910.26089390431
e8fffaab-f310-4c9c-a833-a837b68f1658,2026-09-04 12:00:00+00:00,18455.26,22829.09,9528.08,21826.595954771998,21551.883220979278
e8fffaab-f310-4c9c-a833-a837b68f1658,2026-09-04 12:15:00+00:00,14328.66,18455.26,14552.73,17078.36149343823,16805.36332546273
e8fffaab-f310-4c9c-a833-a837b68f1658,2026-09-04 12:30:00+00:00,14302.93,14328.66,12036.16,13742.418614292346,13602.048857105978
e8fffaab-f310-4c9c-a833-a837b68f1658,2026-09-04 12:45:00+00:00,14540.26,14302.93,10921.09,14597.824168343592,14504.756308928449
e8fffaab-f310-4c9c-a833-a837b68f1658,2026-09-04 13:00:00+00:00,15368.48,14540.26,12487.32,14639.464541813002,14655.122796091615
e8fffaab-f310-4c9c-a833-a837b68f1658,2026-09-04 13:15:00+00:00,14616.74,15368.48,13517.59,15508.521402322654,15526.993571109966
e8fffaab-f310-4c9c-a833-a837b68f1658,2026-09-04 13:30:00+00:00,13773.72,14616.74,11163.52,14372.960119162588,14449.325351460531
e8fffaab-f310-4c9c-a833-a837b68f1658,2026-09-04 13:45:00+00:00,12900.56,13773.72,14296.21,13773.492671026432,13840.28978063203
e8fffaab-f310-4c9c-a833-a837b68f1658,2026-09-04 14:00:00+00:00,13484.91,12900.56,12864.01,13057.93654701645,13141.437746775067
e8fffaab-f310-4c9c-a833-a837b68f1658,2026-09-04 14:15:00+00:00,12575.97,13484.91,13477.98,13715.374365478321,13778.169855654161
e8fffaab-f310-4c9c-a833-a837b68f1658,2026-09-04 14:30:00+00:00,10350.51,12575.97,12481.52,12549.583257624303,12614.465482193182
e8fffaab-f310-4c9c-a833-a837b68f1658,2026-09-04 14:45:00+00:00,13481.07,10350.51,10495.99,10371.08985495686,10449.088078096383
e8fffaab-f310-4c9c-a833-a837b68f1658,2026-09-04 15:00:00+00:00,9052.8,13481.07,8285.17,13653.977568367172,13719.58154102449
e8fffaab-f310-4c9c-a833-a837b68f1658,2026-09-04 15:15:00+00:00,7485.38,9052.8,6475.68,8726.467697234722,8738.181648410793
e8fffaab-f310-4c9c-a833-a837b68f1658,2026-09-04 15:30:00+00:00,9021.45,7485.38,6240.85,8034.189261798503,7985.4963115436785
e8fffaab-f310-4c9c-a833-a837b68f1658,2026-09-04 15:45:00+00:00,8540.75,9021.45,5786.2,9834.982623264794,9688.51814374948
e8fffaab-f310-4c9c-a833-a837b68f1658,2026-09-04 16:00:00+00:00,4017.66,8540.75,5103.87,8638.436020114428,8496.152323779203
e8fffaab-f310-4c9c-a833-a837b68f1658,2026-09-04 16:15:00+00:00,3270.69,4017.66,3561.39,4095.8264168642427,4033.617366848762
e8fffaab-f310-4c9c-a833-a837b68f1658,2026-09-04 16:30:00+00:00,4135.19,3270.69,3406.41,3869.128662455044,3880.6046978245568
e8fffaab-f310-4c9c-a833-a837b68f1658,2026-09-04 16:45:00+00:00,3355.91,4135.19,3353.44,4653.369964643863,4709.479086197174
e8fffaab-f310-4c9c-a833-a837b68f1658,2026-09-04 17:00:00+00:00,3036.4,3355.91,6104.13,3677.709733208246,3766.5016246659034
e8fffaab-f310-4c9c-a833-a837b68f1658,2026-09-04 17:15:00+00:00,3444.42,3036.4,5561.46,3447.4491185813395,3560.2366241827403
e8fffaab-f310-4c9c-a833-a837b68f1658,2026-09-04 17:30:00+00:00,3552.27,3444.42,6507.72,3977.133886868447,4078.547490535586
e8fffaab-f310-4c9c-a833-a837b68f1658,2026-09-04 17:45:00+00:00,3961.46,3552.27,6730.64,3973.8061465958262,4088.6040349116265
e8fffaab-f310-4c9c-a833-a837b68f1658,2026-09-04 18:00:00+00:00,3827.09,3961.46,7195.39,4368.488383888593,4486.216165946621
e8fffaab-f310-4c9c-a833-a837b68f1658,2026-09-04 18:15:00+00:00,4190.49,3827.09,4784.8,4048.6605327244397,4175.130019266865
e8fffaab-f310-4c9c-a833-a837b68f1658,2026-09-04 18:30:00+00:00,4229.94,4190.49,4462.17,4441.861894291963,4551.481236022447
e8fffaab-f310-4c9c-a833-a837b68f1658,2026-09-04 18:45:00+00:00,4622.85,4229.94,4458.73,4418.612842068327,4511.835522906127
e8fffaab-f310-4c9c-a833-a837b68f1658,2026-09-04 19:00:00+00:00,4377.63,4622.85,4481.64,4787.535362677,4868.030035771909
e8fffaab-f310-4c9c-a833-a837b68f1658,2026-09-04 19:15:00+00:00,4466.23,4377.63,4435.54,4481.154196583174,4537.230712689223
e8fffaab-f310-4c9c-a833-a837b68f1658,2026-09-04 19:30:00+00:00,4393.12,4466.23,4297.94,4602.418581699788,4638.745915114329
e8fffaab-f310-4c9c-a833-a837b68f1658,2026-09-04 19:45:00+00:00,4364.66,4393.12,4300.86,4530.190345536174,4542.153221989923
e8fffaab-f310-4c9c-a833-a837b68f1658,2026-09-04 20:00:00+00:00,4077.18,4364.66,4340.66,4526.843705446324,4518.641108115864
e8fffaab-f310-4c9c-a833-a837b68f1658,2026-09-04 20:15:00+00:00,4084.1,4077.18,4333.79,4235.425526700366,4214.157677805548
e8fffaab-f310-4c9c-a833-a837b68f1658,2026-09-04 20:30:00+00:00,4101.16,4084.1,4364.58,4302.271534441564,4265.298444535062
e8fffaab-f310-4c9c-a833-a837b68f1658,2026-09-04 20:45:00+00:00,4321.49,4101.16,4613.71,4339.687318013385,4284.680783508877
e8fffaab-f310-4c9c-a833-a837b68f1658,2026-09-04 21:00:00+00:00,3546.54,4321.49,4063.25,4485.976013841716,4430.587827423068
e8fffaab-f310-4c9c-a833-a837b68f1658,2026-09-04 21:15:00+00:00,3568.65,3546.54,4381.74,3700.1610274037203,3640.5078490525175
e8fffaab-f310-4c9c-a833-a837b68f1658,2026-09-04 21:30:00+00:00,3237.47,3568.65,4065.44,3889.976326684273,3825.6640628033438
e8fffaab-f310-4c9c-a833-a837b68f1658,2026-09-04 21:45:00+00:00,3438.51,3237.47,4697.99,3625.4328694983087,3548.806852580742
e8fffaab-f310-4c9c-a833-a837b68f1658,2026-09-04 22:00:00+00:00,3004.74,3438.51,4405.05,3839.813664749907,3773.8294655064547
e8fffaab-f310-4c9c-a833-a837b68f1658,2026-09-04 22:15:00+00:00,3037.57,3004.74,4182.81,3380.620541320606,3312.409559788396
e8fffaab-f310-4c9c-a833-a837b68f1658,2026-09-04 22:30:00+00:00,3081.28,3037.57,4073.3,3481.7662879457584,3415.1531981092576
e8fffaab-f310-4c9c-a833-a837b68f1658,2026-09-04 22:45:00+00:00,3336.94,3081.28,3866.26,3524.3602359740416,3455.9485534100386
e8fffaab-f310-4c9c-a833-a837b68f1658,2026-09-04 23:00:00+00:00,3525.79,3336.94,3700.13,3782.0798220052066,3713.3029796618794
e8fffaab-f310-4c9c-a833-a837b68f1658,2026-09-04 23:15:00+00:00,3065.24,3525.79,4060.92,3953.8237930074392,3877.30673108256
e8fffaab-f310-4c9c-a833-a837b68f1658,2026-09-04 23:30:00+00:00,3081.85,3065.24,4075.1,3482.1901450665764,3407.239430278956
e8fffaab-f310-4c9c-a833-a837b68f1658,2026-09-04 23:45:00+00:00,2870.83,3081.85,4080.3,3617.5131058842144,3540.995399456885
e8fffaab-f310-4c9c-a833-a837b68f1658,2026-09-05 00:00:00+00:00,3021.45,2870.83,3948.68,2940.855451939129,2741.4188859467613
e8fffaab-f310-4c9c-a833-a837b68f1658,2026-09-05 00:15:00+00:00,3125.7,3021.45,3144.64,3102.7904493898022,2917.659131062549
e8fffaab-f310-4c9c-a833-a837b68f1658,2026-09-05 00:30:00+00:00,2978.11,3125.7,3408.07,3202.111844165742,3020.019806446019
e8fffaab-f310-4c9c-a833-a837b68f1658,2026-09-05 00:45:00+00:00,3104.93,2978.11,3327.91,3050.3749386034306,2878.2678687726047
e8fffaab-f310-4c9c-a833-a837b68f1658,2026-09-05 01:00:00+00:00,2830.8,3104.93,3097.47,3214.2271610822127,3051.9952287501983
e8fffaab-f310-4c9c-a833-a837b68f1658,2026-09-05 01:15:00+00:00,2958.19,2830.8,3396.81,2952.7055041862623,2803.361562800851
e8fffaab-f310-4c9c-a833-a837b68f1658,2026-09-05 01:30:00+00:00,3014.92,2958.19,3390.66,3169.7685576829126,3033.674421258206
e8fffaab-f310-4c9c-a833-a837b68f1658,2026-09-05 01:45:00+00:00,3022.94,3014.92,3504.85,3228.8100291348537,3108.054268519427
e8fffaab-f310-4c9c-a833-a837b68f1658,2026-09-05 02:00:00+00:00,3542.05,3022.94,5628.1,3349.435282096697,3226.302250270014
e8fffaab-f310-4c9c-a833-a837b68f1658,2026-09-05 02:15:00+00:00,3035.4,3542.05,5457.79,3894.3302239499053,3785.161955032724
e8fffaab-f310-4c9c-a833-a837b68f1658,2026-09-05 02:30:00+00:00,3705.54,3035.4,5926.17,3321.7308176232063,3233.244315880803
e8fffaab-f310-4c9c-a833-a837b68f1658,2026-09-05 02:45:00+00:00,3610.9,3705.54,6334.07,4132.5504567169655,4055.8499215010897
e8fffaab-f310-4c9c-a833-a837b68f1658,2026-09-05 03:00:00+00:00,3518.0,3610.9,6854.96,4026.6985230894907,3954.481351856437
e8fffaab-f310-4c9c-a833-a837b68f1658,2026-09-05 03:15:00+00:00,3964.45,3518.0,7820.73,4000.097787644586,3945.1765766352764
e8fffaab-f310-4c9c-a833-a837b68f1658,2026-09-05 03:30:00+00:00,3421.03,3964.45,6260.62,4393.28182845348,4373.985248580229
e8fffaab-f310-4c9c-a833-a837b68f1658,2026-09-05 03:45:00+00:00,3349.01,3421.03,6354.51,3810.4149004822966,3814.7222409882006
e8fffaab-f310-4c9c-a833-a837b68f1658,2026-09-05 04:00:00+00:00,3970.19,3349.01,6271.13,3841.002103326434,3874.50768452949
e8fffaab-f310-4c9c-a833-a837b68f1658,2026-09-05 04:15:00+00:00,3805.93,3970.19,6867.81,4551.290914653609,4592.16632123604
e8fffaab-f310-4c9c-a833-a837b68f1658,2026-09-05 04:30:00+00:00,4238.04,3805.93,6947.32,4258.877149670898,4331.797121418348
e8fffaab-f310-4c9c-a833-a837b68f1658,2026-09-05 04:45:00+00:00,3573.94,4238.04,8844.29,4791.134020518577,4872.93297528162
e8fffaab-f310-4c9c-a833-a837b68f1658,2026-09-05 05:00:00+00:00,3187.74,3573.94,8712.53,4068.4604431387606,4178.255840551026
e8fffaab-f310-4c9c-a833-a837b68f1658,2026-09-05 05:15:00+00:00,3216.95,3187.74,9990.29,3868.4339096941476,3977.7242844640687
e8fffaab-f310-4c9c-a833-a837b68f1658,2026-09-05 05:30:00+00:00,2892.26,3216.95,10438.07,4032.939739841272,4137.91209694191
e8fffaab-f310-4c9c-a833-a837b68f1658,2026-09-05 05:45:00+00:00,2506.34,2892.26,12471.07,3781.5828055605325,3881.195874298651
e8fffaab-f310-4c9c-a833-a837b68f1658,2026-09-05 06:00:00+00:00,1285.4,2506.34,12495.12,3425.115125010617,3542.290700942881
e8fffaab-f310-4c9c-a833-a837b68f1658,2026-09-05 06:15:00+00:00,1796.41,1285.4,13645.13,2356.685045612702,2449.943237195539
e8fffaab-f310-4c9c-a833-a837b68f1658,2026-09-05 06:30:00+00:00,2308.29,1796.41,12656.98,3080.5367687693306,3158.9219719453286
e8fffaab-f310-4c9c-a833-a837b68f1658,2026-09-05 06:45:00+00:00,1099.77,2308.29,13393.35,3493.215177137343,3546.7738765343283
e8fffaab-f310-4c9c-a833-a837b68f1658,2026-09-05 07:00:00+00:00,2546.15,1099.77,13817.46,2164.1618761796426,2213.5220196978944
e8fffaab-f310-4c9c-a833-a837b68f1658,2026-09-05 07:15:00+00:00,2354.36,2546.15,12200.23,3784.5049514321618,3827.0002061292025
e8fffaab-f310-4c9c-a833-a837b68f1658,2026-09-05 07:30:00+00:00,1653.91,2354.36,13581.07,3373.853598558938,3392.892531698377
e8fffaab-f310-4c9c-a833-a837b68f1658,2026-09-05 07:45:00+00:00,-1021.52,1653.91,12685.61,2676.09094322936,2703.4026877849674
e8fffaab-f310-4c9c-a833-a837b68f1658,2026-09-05 08:00:00+00:00,725.15,-1021.52,14956.9,389.9272147907668,376.7629953713313
e8fffaab-f310-4c9c-a833-a837b68f1658,2026-09-05 08:15:00+00:00,3028.97,725.15,11885.35,2515.5514975581436,2510.3433591423054
e8fffaab-f310-4c9c-a833-a837b68f1658,2026-09-05 08:30:00+00:00,2052.61,3028.97,12950.68,4400.694060418771,4375.930499294333
e8fffaab-f310-4c9c-a833-a837b68f1658,2026-09-05 08:45:00+00:00,-3098.28,2052.61,12074.85,2826.501586106092,2831.372612191537
e8fffaab-f310-4c9c-a833-a837b68f1658,2026-09-05 09:00:00+00:00,2500.84,-3098.28,13599.95,-2013.9229343151528,-2010.8073125354167
e8fffaab-f310-4c9c-a833-a837b68f1658,2026-09-05 09:15:00+00:00,2850.69,2500.84,13031.79,4235.698550877192,4234.556678023708
e8fffaab-f310-4c9c-a833-a837b68f1658,2026-09-05 09:30:00+00:00,3335.45,2850.69,13670.88,3618.8780190163734,3584.87020641831
e8fffaab-f310-4c9c-a833-a837b68f1658,2026-09-05 09:45:00+00:00,1999.36,3335.45,9804.79,3580.9634676633123,3632.0154174746867
e8fffaab-f310-4c9c-a833-a837b68f1658,2026-09-05 10:00:00+00:00,2801.61,1999.36,9991.89,2420.8342548378278,2405.6974467851287
e8fffaab-f310-4c9c-a833-a837b68f1658,2026-09-05 10:15:00+00:00,-531.24,2801.61,10526.74,3659.5497831326875,3603.1542836411327
e8fffaab-f310-4c9c-a833-a837b68f1658,2026-09-05 10:30:00+00:00,4117.57,-531.24,9370.86,227.07014134442943,184.1778989280774
e8fffaab-f310-4c9c-a833-a837b68f1658,2026-09-05 10:45:00+00:00,242.9,4117.57,7330.16,5264.049706671766,5227.5753201003745
e8fffaab-f310-4c9c-a833-a837b68f1658,2026-09-05 11:00:00+00:00,3009.6,242.9,14679.57,873.964149286785,772.2849123896522
e8fffaab-f310-4c9c-a833-a837b68f1658,2026-09-05 11:15:00+00:00,3169.5,3009.6,21202.19,4589.802957792213,4416.435650807964
e8fffaab-f310-4c9c-a833-a837b68f1658,2026-09-05 11:30:00+00:00,4775.84,3169.5,18683.5,4335.326252711752,4116.3916374400105
e8fffaab-f310-4c9c-a833-a837b68f1658,2026-09-05 11:45:00+00:00,1952.19,4775.84,22829.09,5881.25352042339,5639.262144629091
e8fffaab-f310-4c9c-a833-a837b68f1658,2026-09-05 12:00:00+00:00,846.68,1952.19,18455.26,2442.579092423928,2255.523498839305
e8fffaab-f310-4c9c-a833-a837b68f1658,2026-09-05 12:15:00+00:00,1004.88,846.68,14328.66,1916.4713449855017,1749.496621728198
e8fffaab-f310-4c9c-a833-a837b68f1658,2026-09-05 12:30:00+00:00,-1368.96,1004.88,14302.93,2318.1702056005506,2141.695894554401
e8fffaab-f310-4c9c-a833-a837b68f1658,2026-09-05 12:45:00+00:00,-2710.55,-1368.96,14540.26,-276.7990037363561,-394.5687078575211
e8fffaab-f310-4c9c-a833-a837b68f1658,2026-09-05 13:00:00+00:00,-1333.53,-2710.55,15368.48,-1384.0357509861205,-1454.4436114172222
e8fffaab-f310-4c9c-a833-a837b68f1658,2026-09-05 13:15:00+00:00,-54.31,-1333.53,14616.74,482.321698112959,374.90964174197507
e8fffaab-f310-4c9c-a833-a837b68f1658,2026-09-05 13:30:00+00:00,2235.23,-54.31,13773.72,1494.2673798809356,1393.3426560601474
e8fffaab-f310-4c9c-a833-a837b68f1658,2026-09-05 13:45:00+00:00,1177.0,2235.23,12900.56,3294.0990208006588,3224.2790203412787
e8fffaab-f310-4c9c-a833-a837b68f1658,2026-09-05 14:00:00+00:00,857.28,1177.0,13484.91,1862.3707007033718,1786.1508809817715
e8fffaab-f310-4c9c-a833-a837b68f1658,2026-09-05 14:15:00+00:00,1668.96,857.28,12575.97,1779.118020436299,1700.1995099540345
e8fffaab-f310-4c9c-a833-a837b68f1658,2026-09-05 14:30:00+00:00,901.88,1668.96,10350.51,2571.445295438578,2496.8561816726096
e8fffaab-f310-4c9c-a833-a837b68f1658,2026-09-05 14:45:00+00:00,1499.75,901.88,13481.07,1658.6176072410944,1581.4802920476177
e8fffaab-f310-4c9c-a833-a837b68f1658,2026-09-05 15:00:00+00:00,2626.61,1499.75,9052.8,2264.384515197994,2216.3401575710186
e8fffaab-f310-4c9c-a833-a837b68f1658,2026-09-05 15:15:00+00:00,2989.58,2626.61,7485.38,3101.8141755679417,3069.9781470420294
e8fffaab-f310-4c9c-a833-a837b68f1658,2026-09-05 15:30:00+00:00,2536.28,2989.58,9021.45,3250.613642733986,3208.7906116775503
e8fffaab-f310-4c9c-a833-a837b68f1658,2026-09-05 15:45:00+00:00,2935.93,2536.28,8540.75,2682.200472166939,2645.343670876362
e8fffaab-f310-4c9c-a833-a837b68f1658,2026-09-05 16:00:00+00:00,989.41,2935.93,4017.66,2962.9531657046255,2959.100720024373
e8fffaab-f310-4c9c-a833-a837b68f1658,2026-09-05 16:15:00+00:00,3014.58,989.41,3270.69,937.9270154548904,958.1037765451547
e8fffaab-f310-4c9c-a833-a837b68f1658,2026-09-05 16:30:00+00:00,2763.77,3014.58,4135.19,3380.7563813796414,3384.6954520926747
e8fffaab-f310-4c9c-a833-a837b68f1658,2026-09-05 16:45:00+00:00,2589.11,2763.77,3355.91,2681.181617112371,2702.38423518172
e8fffaab-f310-4c9c-a833-a837b68f1658,2026-09-05 17:00:00+00:00,2299.52,2589.11,3036.4,2412.7563232885122,2472.078126513735
e8fffaab-f310-4c9c-a833-a837b68f1658,2026-09-05 17:15:00+00:00,2543.98,2299.52,3444.42,2269.355647137466,2319.8933677378545
e8fffaab-f310-4c9c-a833-a837b68f1658,2026-09-05 17:30:00+00:00,3002.25,2543.98,3552.27,2568.062653011383,2632.5311501102815
e8fffaab-f310-4c9c-a833-a837b68f1658,2026-09-05 17:45:00+00:00,2833.68,3002.25,3961.46,2982.5946124168777,3057.148913977302
e8fffaab-f310-4c9c-a833-a837b68f1658,2026-09-05 18:00:00+00:00,3535.82,2833.68,3827.09,2696.4401225836373,2793.536468583793
e8fffaab-f310-4c9c-a833-a837b68f1658,2026-09-05 18:15:00+00:00,3646.47,3535.82,4190.49,3461.37227741023,3538.2317134080904
e8fffaab-f310-4c9c-a833-a837b68f1658,2026-09-05 18:30:00+00:00,3578.22,3646.47,4229.94,3456.0410712539287,3519.410189179378
e8fffaab-f310-4c9c-a833-a837b68f1658,2026-09-05 18:45:00+00:00,3444.41,3578.22,4622.85,3404.625407365271,3455.2574358173824
e8fffaab-f310-4c9c-a833-a837b68f1658,2026-09-05 19:00:00+00:00,3457.28,3444.41,4377.63,3257.6330928876505,3305.8280184168643
e8fffaab-f310-4c9c-a833-a837b68f1658,2026-09-05 19:15:00+00:00,3529.91,3457.28,4466.23,3288.4585005034496,3313.5193391755292
e8fffaab-f310-4c9c-a833-a837b68f1658,2026-09-05 19:30:00+00:00,3471.51,3529.91,4393.12,3371.204977044851,3371.4186226097054
e8fffaab-f310-4c9c-a833-a837b68f1658,2026-09-05 19:45:00+00:00,3571.38,3471.51,4364.66,3292.589974829527,3273.1450870315657
e8fffaab-f310-4c9c-a833-a837b68f1658,2026-09-05 20:00:00+00:00,3753.43,3571.38,4077.18,3387.7113001291164,3350.332916287577
e8fffaab-f310-4c9c-a833-a837b68f1658,2026-09-05 20:15:00+00:00,3511.76,3753.43,4084.1,3534.3306412086804,3480.121760942021
e8fffaab-f310-4c9c-a833-a837b68f1658,2026-09-05 20:30:00+00:00,3485.71,3511.76,4101.16,3273.9036820926076,3202.959463813574
e8fffaab-f310-4c9c-a833-a837b68f1658,2026-09-05 20:45:00+00:00,3393.57,3485.71,4321.49,3312.3817130041552,3223.222566508597
e8fffaab-f310-4c9c-a833-a837b68f1658,2026-09-05 21:00:00+00:00,3324.92,3393.57,3546.54,3198.154748205924,3102.399571205292
e8fffaab-f310-4c9c-a833-a837b68f1658,2026-09-05 21:15:00+00:00,3432.89,3324.92,3568.65,3149.5581012550065,3041.6799251101647
e8fffaab-f310-4c9c-a833-a837b68f1658,2026-09-05 21:30:00+00:00,3607.74,3432.89,3237.47,3270.276097537563,3151.1522776292477
e8fffaab-f310-4c9c-a833-a837b68f1658,2026-09-05 21:45:00+00:00,3387.83,3607.74,3438.51,3448.7421209478916,3314.1801415603886
e8fffaab-f310-4c9c-a833-a837b68f1658,2026-09-05 22:00:00+00:00,3232.53,3387.83,3004.74,3185.3797003445616,3047.4511755455705
e8fffaab-f310-4c9c-a833-a837b68f1658,2026-09-05 22:15:00+00:00,3127.35,3232.53,3037.57,3077.720789001096,2936.258893956773
e8fffaab-f310-4c9c-a833-a837b68f1658,2026-09-05 22:30:00+00:00,3086.07,3127.35,3081.28,3032.1753097317296,2884.4220048600564
e8fffaab-f310-4c9c-a833-a837b68f1658,2026-09-05 22:45:00+00:00,3221.1,3086.07,3336.94,3046.983807415123,2894.060247401826
e8fffaab-f310-4c9c-a833-a837b68f1658,2026-09-05 23:00:00+00:00,3151.51,3221.1,3525.79,3210.3156804721766,3054.9869395066953
e8fffaab-f310-4c9c-a833-a837b68f1658,2026-09-05 23:15:00+00:00,3205.58,3151.51,3065.24,3086.8561071018057,2946.796117216011
e8fffaab-f310-4c9c-a833-a837b68f1658,2026-09-05 23:30:00+00:00,3139.73,3205.58,3081.85,3147.4285521540023,3018.706832027139
e8fffaab-f310-4c9c-a833-a837b68f1658,2026-09-05 23:45:00+00:00,3213.46,3139.73,2870.83,3097.7346883998853,2977.871695160129
e8fffaab-f310-4c9c-a833-a837b68f1658,2026-09-06 00:00:00+00:00,3132.07,3213.46,3021.45,3281.4847241524385,3141.52200777948
e8fffaab-f310-4c9c-a833-a837b68f1658,2026-09-06 00:15:00+00:00,3047.06,3132.07,3125.7,3214.8206446027634,3079.077707010034
e8fffaab-f310-4c9c-a833-a837b68f1658,2026-09-06 00:30:00+00:00,3614.94,3047.06,2978.11,3157.779576195164,3031.954804977504
e8fffaab-f310-4c9c-a833-a837b68f1658,2026-09-06 00:45:00+00:00,3124.13,3614.94,3104.93,3775.847711023178,3651.639916430926
e8fffaab-f310-4c9c-a833-a837b68f1658,2026-09-06 01:00:00+00:00,2964.47,3124.13,2830.8,3181.66563817699,3075.1563540975003
e8fffaab-f310-4c9c-a833-a837b68f1658,2026-09-06 01:15:00+00:00,2933.75,2964.47,2958.19,3167.7324719562157,3072.0959952704898
e8fffaab-f310-4c9c-a833-a837b68f1658,2026-09-06 01:30:00+00:00,3097.46,2933.75,3014.92,3194.3522207309734,3111.6558264150826
e8fffaab-f310-4c9c-a833-a837b68f1658,2026-09-06 01:45:00+00:00,3106.78,3097.46,3022.94,3375.6482675853385,3312.016512686412
e8fffaab-f310-4c9c-a833-a837b68f1658,2026-09-06 02:00:00+00:00,3319.52,3106.78,3542.05,3396.9090744932037,3347.2429139387577
e8fffaab-f310-4c9c-a833-a837b68f1658,2026-09-06 02:15:00+00:00,3555.06,3319.52,3035.4,3607.8703021405863,3579.227602411933
e8fffaab-f310-4c9c-a833-a837b68f1658,2026-09-06 02:30:00+00:00,3692.45,3555.06,3705.54,3853.559814390551,3834.7334999948
e8fffaab-f310-4c9c-a833-a837b68f1658,2026-09-06 02:45:00+00:00,3348.18,3692.45,3610.9,3974.6636264389263,3973.8774056624115
e8fffaab-f310-4c9c-a833-a837b68f1658,2026-09-06 03:00:00+00:00,3916.54,3348.18,3518.0,3632.7877066316332,3654.475158385674
e8fffaab-f310-4c9c-a833-a837b68f1658,2026-09-06 03:15:00+00:00,4066.09,3916.54,3964.45,4316.548179479553,4349.51344895727
e8fffaab-f310-4c9c-a833-a837b68f1658,2026-09-06 03:30:00+00:00,4240.31,4066.09,3421.03,4350.378213515783,4410.30785596816
e8fffaab-f310-4c9c-a833-a837b68f1658,2026-09-06 03:45:00+00:00,4073.42,4240.31,3349.01,4513.811759078503,4598.092008634777
e8fffaab-f310-4c9c-a833-a837b68f1658,2026-09-06 04:00:00+00:00,4094.63,4073.42,3970.19,4376.727519640897,4476.378098444556
e8fffaab-f310-4c9c-a833-a837b68f1658,2026-09-06 04:15:00+00:00,4565.81,4094.63,3805.93,4480.303052918415,4600.050439135934
e8fffaab-f310-4c9c-a833-a837b68f1658,2026-09-06 04:30:00+00:00,3869.03,4565.81,4238.04,4962.66935584061,5102.824603655133
e8fffaab-f310-4c9c-a833-a837b68f1658,2026-09-06 04:45:00+00:00,3918.09,3869.03,3573.94,4123.920714803362,4308.976903847333
e8fffaab-f310-4c9c-a833-a837b68f1658,2026-09-06 05:00:00+00:00,3439.6,3918.09,3187.74,4288.433405290854,4506.602748059892
e8fffaab-f310-4c9c-a833-a837b68f1658,2026-09-06 05:15:00+00:00,3228.94,3439.6,3216.95,3837.3062707994804,4060.0176532137066
e8fffaab-f310-4c9c-a833-a837b68f1658,2026-09-06 05:30:00+00:00,3035.23,3228.94,2892.26,3717.3332029240382,3953.9017570615397
e8fffaab-f310-4c9c-a833-a837b68f1658,2026-09-06 05:45:00+00:00,2855.7,3035.23,2506.34,3576.565229036488,3821.8271171429406
e8fffaab-f310-4c9c-a833-a837b68f1658,2026-09-06 06:00:00+00:00,2440.88,2855.7,1285.4,3378.3975254284305,3647.0119881052797
e8fffaab-f310-4c9c-a833-a837b68f1658,2026-09-06 06:15:00+00:00,2286.34,2440.88,1796.41,3023.663110774958,3264.831817266144
e8fffaab-f310-4c9c-a833-a837b68f1658,2026-09-06 06:30:00+00:00,2167.59,2286.34,2308.29,2992.2628974079253,3200.6224010278147
e8fffaab-f310-4c9c-a833-a837b68f1658,2026-09-06 06:45:00+00:00,2557.52,2167.59,1099.77,2819.9500867946053,3019.2538426193387
e8fffaab-f310-4c9c-a833-a837b68f1658,2026-09-06 07:00:00+00:00,1243.62,2557.52,2546.15,3277.3781860818963,3435.6434984990674
e8fffaab-f310-4c9c-a833-a837b68f1658,2026-09-06 07:15:00+00:00,1370.85,1243.62,2354.36,1895.2821345385419,2039.6888091550245
e8fffaab-f310-4c9c-a833-a837b68f1658,2026-09-06 07:30:00+00:00,780.74,1370.85,1653.91,2261.2617185321515,2384.777317636129
e8fffaab-f310-4c9c-a833-a837b68f1658,2026-09-06 07:45:00+00:00,-1166.2,780.74,-1021.52,1516.8311861351558,1645.4246495544194
e8fffaab-f310-4c9c-a833-a837b68f1658,2026-09-06 08:00:00+00:00,-552.98,-1166.2,725.15,-247.87147762764835,-141.70381513024586
e8fffaab-f310-4c9c-a833-a837b68f1658,2026-09-06 08:15:00+00:00,-289.24,-552.98,3028.97,802.5513533196117,870.1438231126522
e8fffaab-f310-4c9c-a833-a837b68f1658,2026-09-06 08:30:00+00:00,-134.8,-289.24,2052.61,910.7710544302081,967.389559026562
e8fffaab-f310-4c9c-a833-a837b68f1658,2026-09-06 08:45:00+00:00,-505.39,-134.8,-3098.28,827.9955347654286,913.753626233749
e8fffaab-f310-4c9c-a833-a837b68f1658,2026-09-06 09:00:00+00:00,25.62,-505.39,2500.84,736.739768661273,736.17065142707
e8fffaab-f310-4c9c-a833-a837b68f1658,2026-09-06 09:15:00+00:00,1295.44,25.62,2850.69,1276.34452759761,1258.4957142855
e8fffaab-f310-4c9c-a833-a837b68f1658,2026-09-06 09:30:00+00:00,-1694.53,1295.44,3335.45,2422.5019190997027,2372.5509914830363
e8fffaab-f310-4c9c-a833-a837b68f1658,2026-09-06 09:45:00+00:00,-161.6,-1694.53,1999.36,-814.8994953148704,-859.8626655072949
e8fffaab-f310-4c9c-a833-a837b68f1658,2026-09-06 10:00:00+00:00,1541.43,-161.6,2801.61,1559.6663331459786,1431.7993005194603
e8fffaab-f310-4c9c-a833-a837b68f1658,2026-09-06 10:15:00+00:00,-984.9,1541.43,-531.24,2748.992425221162,2645.027780782516
e8fffaab-f310-4c9c-a833-a837b68f1658,2026-09-06 10:30:00+00:00,-400.49,-984.9,4117.57,34.44772636159723,-77.02702036763367
e8fffaab-f310-4c9c-a833-a837b68f1658,2026-09-06 10:45:00+00:00,1332.37,-400.49,242.9,910.3102463758005,827.8900730054011
e8fffaab-f310-4c9c-a833-a837b68f1658,2026-09-06 11:00:00+00:00,-8108.61,1332.37,3009.6,2640.9531937741986,2506.2884980573826
e8fffaab-f310-4c9c-a833-a837b68f1658,2026-09-06 11:15:00+00:00,-5246.07,-8108.61,3169.5,-7119.174962981437,-7178.139742964049
e8fffaab-f310-4c9c-a833-a837b68f1658,2026-09-06 11:30:00+00:00,-1963.03,-5246.07,4775.84,-2549.2819160317704,-2623.8654284171644
e8fffaab-f310-4c9c-a833-a837b68f1658,2026-09-06 11:45:00+00:00,81.15,-1963.03,1952.19,65.01997951437806,-28.783401839820726
e8fffaab-f310-4c9c-a833-a837b68f1658,2026-09-06 12:00:00+00:00,707.9,81.15,846.68,1043.9846850675203,1023.7864180560045
e8fffaab-f310-4c9c-a833-a837b68f1658,2026-09-06 12:15:00+00:00,-6047.95,707.9,1004.88,1309.9953377733218,1263.506397041303
e8fffaab-f310-4c9c-a833-a837b68f1658,2026-09-06 12:30:00+00:00,-2934.47,-6047.95,-1368.96,-5592.7106292636545,-5590.495922173786
e8fffaab-f310-4c9c-a833-a837b68f1658,2026-09-06 12:45:00+00:00,-3629.76,-2934.47,-2710.55,-1207.848929110627,-1232.9996128204748
e8fffaab-f310-4c9c-a833-a837b68f1658,2026-09-06 13:00:00+00:00,2266.2,-3629.76,-1333.53,-2427.7861913131583,-2476.4338840543187
e8fffaab-f310-4c9c-a833-a837b68f1658,2026-09-06 13:15:00+00:00,2654.66,2266.2,-54.31,3312.1901967248095,3280.6578580580763
e8fffaab-f310-4c9c-a833-a837b68f1658,2026-09-06 13:30:00+00:00,1924.8,2654.66,2235.23,2848.025872958242,2744.5131969863814
e8fffaab-f310-4c9c-a833-a837b68f1658,2026-09-06 13:45:00+00:00,-1239.77,1924.8,1177.0,1847.7816150643157,1782.2592445880746
e8fffaab-f310-4c9c-a833-a837b68f1658,2026-09-06 14:00:00+00:00,-1535.62,-1239.77,857.28,-994.0562408200476,-1087.551033659889
e8fffaab-f310-4c9c-a833-a837b68f1658,2026-09-06 14:15:00+00:00,2045.19,-1535.62,1668.96,-592.1580263869928,-701.5691968421525
e8fffaab-f310-4c9c-a833-a837b68f1658,2026-09-06 14:30:00+00:00,3283.38,2045.19,901.88,2942.4496667713574,2820.8237088359147
e8fffaab-f310-4c9c-a833-a837b68f1658,2026-09-06 14:45:00+00:00,3410.0,3283.38,1499.75,3290.010243597865,3191.8863494300667
e8fffaab-f310-4c9c-a833-a837b68f1658,2026-09-06 15:00:00+00:00,2652.22,3410.0,2626.61,3318.7045663719555,3188.0581425103146
e8fffaab-f310-4c9c-a833-a837b68f1658,2026-09-06 15:15:00+00:00,21725.43,2652.22,2989.58,2697.734142627094,2551.5583831012236
e8fffaab-f310-4c9c-a833-a837b68f1658,2026-09-06 15:30:00+00:00,55899.1,21725.43,2536.28,21660.09129947528,21411.59600931144
e8fffaab-f310-4c9c-a833-a837b68f1658,2026-09-06 15:45:00+00:00,55737.93,55899.1,2935.93,51770.08899871097,51303.91962036943
e8fffaab-f310-4c9c-a833-a837b68f1658,2026-09-06 16:00:00+00:00,44886.58,55737.93,989.41,44952.85150437498,44501.04505907965
e8fffaab-f310-4c9c-a833-a837b68f1658,2026-09-06 16:15:00+00:00,27901.08,44886.58,3014.58,34843.13972930259,34292.75918852183
e8fffaab-f310-4c9c-a833-a837b68f1658,2026-09-06 16:30:00+00:00,4375.47,27901.08,2763.77,21024.750903633307,20327.532559095343
e8fffaab-f310-4c9c-a833-a837b68f1658,2026-09-06 16:45:00+00:00,6323.08,4375.47,2589.11,955.2072147872932,431.99363931126936
e8fffaab-f310-4c9c-a833-a837b68f1658,2026-09-06 17:00:00+00:00,4030.93,6323.08,2299.52,7085.50261940001,6653.502627390364
e8fffaab-f310-4c9c-a833-a837b68f1658,2026-09-06 17:15:00+00:00,3944.57,4030.93,2543.98,4009.685583277216,3738.0534755259123
e8fffaab-f310-4c9c-a833-a837b68f1658,2026-09-06 17:30:00+00:00,4151.31,3944.57,3002.25,3752.2685773572657,3680.6109974522287
e8fffaab-f310-4c9c-a833-a837b68f1658,2026-09-06 17:45:00+00:00,3991.09,4151.31,2833.68,4008.7594164753627,3942.255078543275
e8fffaab-f310-4c9c-a833-a837b68f1658,2026-09-06 18:00:00+00:00,4562.82,3991.09,3535.82,3747.3449106888684,3716.6566350766034
e8fffaab-f310-4c9c-a833-a837b68f1658,2026-09-06 18:15:00+00:00,4370.85,4562.82,3646.47,4352.871176295091,4312.34685665656
e8fffaab-f310-4c9c-a833-a837b68f1658,2026-09-06 18:30:00+00:00,4352.99,4370.85,3578.22,4050.2805630634202,4006.267009465151
e8fffaab-f310-4c9c-a833-a837b68f1658,2026-09-06 18:45:00+00:00,4402.75,4352.99,3444.41,4065.1185331844736,4019.4303710282684
e8fffaab-f310-4c9c-a833-a837b68f1658,2026-09-06 19:00:00+00:00,4341.96,4402.75,3457.28,4138.855462052278,4084.62994719212
e8fffaab-f310-4c9c-a833-a837b68f1658,2026-09-06 19:15:00+00:00,4348.63,4341.96,3529.91,4053.148704631486,3981.1457637230524
e8fffaab-f310-4c9c-a833-a837b68f1658,2026-09-06 19:30:00+00:00,4470.48,4348.63,3471.51,4056.585946439397,3967.0093198172053
e8fffaab-f310-4c9c-a833-a837b68f1658,2026-09-06 19:45:00+00:00,4153.44,4470.48,3571.38,4176.243313203298,4066.2575373345935
e8fffaab-f310-4c9c-a833-a837b68f1658,2026-09-06 20:00:00+00:00,4454.6,4153.44,3753.43,3841.544050484098,3714.9749507597026
e8fffaab-f310-4c9c-a833-a837b68f1658,2026-09-06 20:15:00+00:00,4076.4,4454.6,3511.76,4191.616876791925,4046.007062126567
e8fffaab-f310-4c9c-a833-a837b68f1658,2026-09-06 20:30:00+00:00,4133.89,4076.4,3485.71,3780.741586809727,3615.6915369830494
e8fffaab-f310-4c9c-a833-a837b68f1658,2026-09-06 20:45:00+00:00,4091.05,4133.89,3393.57,3891.837879687898,3714.4277459698587
e8fffaab-f310-4c9c-a833-a837b68f1658,2026-09-06 21:00:00+00:00,3955.38,4091.05,3324.92,3825.2542601812047,3634.219960591051
e8fffaab-f310-4c9c-a833-a837b68f1658,2026-09-06 21:15:00+00:00,3854.21,3955.38,3432.89,3700.382958039674,3494.7311142771405
e8fffaab-f310-4c9c-a833-a837b68f1658,2026-09-06 21:30:00+00:00,4047.14,3854.21,3607.74,3652.42728409162,3427.957448894288
e8fffaab-f310-4c9c-a833-a837b68f1658,2026-09-06 21:45:00+00:00,4088.44,4047.14,3387.83,3867.08740051769,3628.470683464614
e8fffaab-f310-4c9c-a833-a837b68f1658,2026-09-06 22:00:00+00:00,3712.33,4088.44,3232.53,3858.5169167462464,3611.0534489297106
e8fffaab-f310-4c9c-a833-a837b68f1658,2026-09-06 22:15:00+00:00,3881.14,3712.33,3127.35,3488.085615002561,3234.909264399894
e8fffaab-f310-4c9c-a833-a837b68f1658,2026-09-06 22:30:00+00:00,4053.58,3881.14,3086.07,3741.2578019132397,3479.0195771107565
e8fffaab-f310-4c9c-a833-a837b68f1658,2026-09-06 22:45:00+00:00,3341.04,4053.58,3221.1,3924.8091453019315,3650.0046302332194
e8fffaab-f310-4c9c-a833-a837b68f1658,2026-09-06 23:00:00+00:00,3312.01,3341.04,3151.51,3176.0886114803116,2907.261857167674
e8fffaab-f310-4c9c-a833-a837b68f1658,2026-09-06 23:15:00+00:00,3690.03,3312.01,3205.58,3294.143164533184,3024.8726521622875
e8fffaab-f310-4c9c-a833-a837b68f1658,2026-09-06 23:30:00+00:00,3271.86,3690.03,3139.73,3681.7015229389817,3411.3244566749927
e8fffaab-f310-4c9c-a833-a837b68f1658,2026-09-06 23:45:00+00:00,3458.5,3271.86,3213.46,3217.3710739225007,2953.220350762601
e8fffaab-f310-4c9c-a833-a837b68f1658,2026-09-07 00:00:00+00:00,3222.54,3458.5,3132.07,4069.4907163178696,3899.20494316222
e8fffaab-f310-4c9c-a833-a837b68f1658,2026-09-07 00:15:00+00:00,3221.72,3222.54,3047.06,3824.3064232336674,3659.7841867604193
e8fffaab-f310-4c9c-a833-a837b68f1658,2026-09-07 00:30:00+00:00,3337.85,3221.72,3614.94,3903.6328282707864,3744.6961784430687
e8fffaab-f310-4c9c-a833-a837b68f1658,2026-09-07 00:45:00+00:00,3282.84,3337.85,3124.13,4026.314302190801,3878.9558415820875
e8fffaab-f310-4c9c-a833-a837b68f1658,2026-09-07 01:00:00+00:00,3035.94,3282.84,2964.47,3955.2281838287,3823.0679042832426
e8fffaab-f310-4c9c-a833-a837b68f1658,2026-09-07 01:15:00+00:00,3053.22,3035.94,2933.75,3736.656305633538,3622.6352738929263
e8fffaab-f310-4c9c-a833-a837b68f1658,2026-09-07 01:30:00+00:00,3179.75,3053.22,3097.46,3854.717077350272,3751.8051472130383
e8fffaab-f310-4c9c-a833-a837b68f1658,2026-09-07 01:45:00+00:00,3254.08,3179.75,3106.78,4001.546560777876,3915.9175481083157
e8fffaab-f310-4c9c-a833-a837b68f1658,2026-09-07 02:00:00+00:00,5289.3,3254.08,3319.52,4181.390862904727,4098.2157464271695
e8fffaab-f310-4c9c-a833-a837b68f1658,2026-09-07 02:15:00+00:00,5448.85,5289.3,3555.06,6204.137053211602,6123.991147853318
e8fffaab-f310-4c9c-a833-a837b68f1658,2026-09-07 02:30:00+00:00,6000.64,5448.85,3692.45,6015.604219569563,5947.184495517097
e8fffaab-f310-4c9c-a833-a837b68f1658,2026-09-07 02:45:00+00:00,5767.91,6000.64,3348.18,6553.577768574344,6501.904542686893
e8fffaab-f310-4c9c-a833-a837b68f1658,2026-09-07 03:00:00+00:00,6189.96,5767.91,3916.54,6328.015499772161,6275.503857187545
e8fffaab-f310-4c9c-a833-a837b68f1658,2026-09-07 03:15:00+00:00,6117.23,6189.96,4066.09,6849.70530362247,6805.2020913471715
e8fffaab-f310-4c9c-a833-a837b68f1658,2026-09-07 03:30:00+00:00,5971.22,6117.23,4240.31,6725.995282333616,6696.425924958199
e8fffaab-f310-4c9c-a833-a837b68f1658,2026-09-07 03:45:00+00:00,5879.68,5971.22,4073.42,6595.725643083999,6591.093251757833
e8fffaab-f310-4c9c-a833-a837b68f1658,2026-09-07 04:00:00+00:00,6002.49,5879.68,4094.63,6621.374735055278,6625.284847017565
e8fffaab-f310-4c9c-a833-a837b68f1658,2026-09-07 04:15:00+00:00,6420.06,6002.49,4565.81,7700.786456075073,7584.181748992514
e8fffaab-f310-4c9c-a833-a837b68f1658,2026-09-07 04:30:00+00:00,7599.74,6420.06,3869.03,7228.821067330526,7277.45022660922
e8fffaab-f310-4c9c-a833-a837b68f1658,2026-09-07 04:45:00+00:00,9923.72,7599.74,3918.09,8265.497579905576,8344.35134109288
e8fffaab-f310-4c9c-a833-a837b68f1658,2026-09-07 05:00:00+00:00,9228.77,9923.72,3439.6,10457.190371942812,10532.510828065262
e8fffaab-f310-4c9c-a833-a837b68f1658,2026-09-07 05:15:00+00:00,8016.5,9228.77,3228.94,10016.115382367385,9991.285534560498
e8fffaab-f310-4c9c-a833-a837b68f1658,2026-09-07 05:30:00+00:00,9542.23,8016.5,3035.23,9523.256772750045,9419.904233153857
e8fffaab-f310-4c9c-a833-a837b68f1658,2026-09-07 05:45:00+00:00,11703.37,9542.23,2855.7,10871.374222001472,10819.961434057925
e8fffaab-f310-4c9c-a833-a837b68f1658,2026-09-07 06:00:00+00:00,10704.77,11703.37,2440.88,12269.049988572973,12283.002823550354
e8fffaab-f310-4c9c-a833-a837b68f1658,2026-09-07 06:15:00+00:00,10735.72,10704.77,2286.34,10714.122640163503,10742.078298642424
e8fffaab-f310-4c9c-a833-a837b68f1658,2026-09-07 06:30:00+00:00,11187.82,10735.72,2167.59,10934.55907751486,10938.031558624096
e8fffaab-f310-4c9c-a833-a837b68f1658,2026-09-07 06:45:00+00:00,9507.89,11187.82,2557.52,11407.23337290898,11373.060916050796
e8fffaab-f310-4c9c-a833-a837b68f1658,2026-09-07 07:00:00+00:00,10067.46,9507.89,1243.62,9624.250030999367,9591.898084774082
e8fffaab-f310-4c9c-a833-a837b68f1658,2026-09-07 07:15:00+00:00,8231.03,10067.46,1370.85,10815.456777000893,10715.159246562309
e8fffaab-f310-4c9c-a833-a837b68f1658,2026-09-07 07:30:00+00:00,12010.08,8231.03,780.74,8961.625316193227,8845.500953394661
e8fffaab-f310-4c9c-a833-a837b68f1658,2026-09-07 07:45:00+00:00,48205.56,12010.08,-1166.2,12881.215306371669,12762.942999708202
e8fffaab-f310-4c9c-a833-a837b68f1658,2026-09-07 08:00:00+00:00,47282.29,48205.56,-552.98,48007.83558598308,47620.71157418391
e8fffaab-f310-4c9c-a833-a837b68f1658,2026-09-07 08:15:00+00:00,33588.67,47282.29,-289.24,39970.8535584224,39569.426435812384
e8fffaab-f310-4c9c-a833-a837b68f1658,2026-09-07 08:30:00+00:00,7537.36,33588.67,-134.8,26524.596764253965,26183.511189232762
e8fffaab-f310-4c9c-a833-a837b68f1658,2026-09-07 08:45:00+00:00,4464.5,7537.36,-505.39,4094.467694638386,3663.5804050614306
e8fffaab-f310-4c9c-a833-a837b68f1658,2026-09-07 09:00:00+00:00,8681.27,4464.5,25.62,6371.5389140632215,5901.444402052071
e8fffaab-f310-4c9c-a833-a837b68f1658,2026-09-07 09:15:00+00:00,9684.23,8681.27,1295.44,10674.554446086864,10288.40343329848
e8fffaab-f310-4c9c-a833-a837b68f1658,2026-09-07 09:30:00+00:00,8109.7,9684.23,-1694.53,9703.130020142517,9581.002488699387
e8fffaab-f310-4c9c-a833-a837b68f1658,2026-09-07 09:45:00+00:00,3327.42,8109.7,-161.6,8230.863329246093,8069.3293598921655
e8fffaab-f310-4c9c-a833-a837b68f1658,2026-09-07 10:00:00+00:00,9311.97,3327.42,1541.43,4125.004561099828,3911.5149044483205
e8fffaab-f310-4c9c-a833-a837b68f1658,2026-09-07 10:15:00+00:00,18215.84,9311.97,-984.9,10616.10426588537,10410.271670069282
e8fffaab-f310-4c9c-a833-a837b68f1658,2026-09-07 10:30:00+00:00,16557.85,18215.84,-400.49,18422.83104293009,18118.026037905256
e8fffaab-f310-4c9c-a833-a837b68f1658,2026-09-07 10:45:00+00:00,10660.54,16557.85,1332.37,14779.838473464417,14518.613233496777
e8fffaab-f310-4c9c-a833-a837b68f1658,2026-09-07 11:00:00+00:00,8469.47,10660.54,-8108.61,9017.270356860436,8819.826897136341
e8fffaab-f310-4c9c-a833-a837b68f1658,2026-09-07 11:15:00+00:00,8710.37,8469.47,-5246.07,8141.740646077441,7886.689167289289
e8fffaab-f310-4c9c-a833-a837b68f1658,2026-09-07 11:30:00+00:00,7262.33,8710.37,-1963.03,9147.720906909983,8821.693156075797
e8fffaab-f310-4c9c-a833-a837b68f1658,2026-09-07 11:45:00+00:00,5543.79,7262.33,81.15,7776.494425567718,7443.344976638287
e8fffaab-f310-4c9c-a833-a837b68f1658,2026-09-07 12:00:00+00:00,11078.98,5543.79,707.9,6218.01328727775,5908.165093603289
e8fffaab-f310-4c9c-a833-a837b68f1658,2026-09-07 12:15:00+00:00,15606.63,11078.98,-6047.95,11493.958130755647,11245.469371200488
e8fffaab-f310-4c9c-a833-a837b68f1658,2026-09-07 12:30:00+00:00,14162.2,15606.63,-2934.47,15240.217525230826,14894.543110450297
e8fffaab-f310-4c9c-a833-a837b68f1658,2026-09-07 12:45:00+00:00,9601.57,14162.2,-3629.76,12868.700552377137,12539.365112333757
e8fffaab-f310-4c9c-a833-a837b68f1658,2026-09-07 13:00:00+00:00,7677.49,9601.57,2266.2,8923.488747594365,8531.416039898533
e8fffaab-f310-4c9c-a833-a837b68f1658,2026-09-07 13:15:00+00:00,38690.22,7677.49,2654.66,8032.382504821425,7614.686626682327
e8fffaab-f310-4c9c-a833-a837b68f1658,2026-09-07 13:30:00+00:00,25213.03,38690.22,1924.8,38981.23290213768,38381.18125646646
e8fffaab-f310-4c9c-a833-a837b68f1658,2026-09-07 13:45:00+00:00,21428.47,25213.03,-1239.77,19530.541396191587,19040.859294777263
e8fffaab-f310-4c9c-a833-a837b68f1658,2026-09-07 14:00:00+00:00,12374.77,21428.47,-1535.62,17988.48605487961,17594.806922154377
e8fffaab-f310-4c9c-a833-a837b68f1658,2026-09-07 14:15:00+00:00,12467.73,12374.77,2045.19,10703.441786397652,10095.383618884338
e8fffaab-f310-4c9c-a833-a837b68f1658,2026-09-07 14:30:00+00:00,14911.66,12467.73,3283.38,12105.223305806672,11608.209183084446
e8fffaab-f310-4c9c-a833-a837b68f1658,2026-09-07 14:45:00+00:00,10333.85,14911.66,3410.0,14529.389234730852,14017.217050024461
e8fffaab-f310-4c9c-a833-a837b68f1658,2026-09-07 15:00:00+00:00,9412.64,10333.85,2652.22,9169.67073323497,8767.618655754393
e8fffaab-f310-4c9c-a833-a837b68f1658,2026-09-07 15:15:00+00:00,7396.52,9412.64,21725.43,9807.116241744074,9265.546702592319
e8fffaab-f310-4c9c-a833-a837b68f1658,2026-09-07 15:30:00+00:00,7706.04,7396.52,55899.1,9619.051455348774,8738.16881926575
e8fffaab-f310-4c9c-a833-a837b68f1658,2026-09-07 15:45:00+00:00,9113.87,7706.04,55737.93,10129.510827176462,9304.232703026106
e8fffaab-f310-4c9c-a833-a837b68f1658,2026-09-07 16:00:00+00:00,5096.1,9113.87,44886.58,10863.770444529406,10167.948431801426
e8fffaab-f310-4c9c-a833-a837b68f1658,2026-09-07 16:15:00+00:00,4758.06,5096.1,27901.08,5653.797184138731,5200.125782229074
e8fffaab-f310-4c9c-a833-a837b68f1658,2026-09-07 16:30:00+00:00,4499.15,4758.06,4375.47,5126.852040593592,4905.368063852183
e8fffaab-f310-4c9c-a833-a837b68f1658,2026-09-07 16:45:00+00:00,4076.23,4499.15,6323.08,4984.999994798863,4754.788607231106
e8fffaab-f310-4c9c-a833-a837b68f1658,2026-09-07 17:00:00+00:00,5421.26,4076.23,4030.93,4401.23090467245,4236.508513343583
e8fffaab-f310-4c9c-a833-a837b68f1658,2026-09-07 17:15:00+00:00,31150.55,5421.26,3944.57,5776.821240646613,5630.002711808554
e8fffaab-f310-4c9c-a833-a837b68f1658,2026-09-07 17:30:00+00:00,57258.52,31150.55,4151.31,30978.04226046546,30680.736391086015
e8fffaab-f310-4c9c-a833-a837b68f1658,2026-09-07 17:45:00+00:00,57331.5,57258.52,3991.09,51842.30518031007,51380.361760870146
e8fffaab-f310-4c9c-a833-a837b68f1658,2026-09-07 18:00:00+00:00,58422.8,57331.5,4562.82,46963.06949856323,46484.772640898635
e8fffaab-f310-4c9c-a833-a837b68f1658,2026-09-07 18:15:00+00:00,60134.42,58422.8,4370.85,48719.82354833976,48020.97044958187
e8fffaab-f310-4c9c-a833-a837b68f1658,2026-09-07 18:30:00+00:00,42615.27,60134.42,4352.99,50898.32390821191,49972.19338628148
e8fffaab-f310-4c9c-a833-a837b68f1658,2026-09-07 18:45:00+00:00,25303.26,42615.27,4402.75,33226.781644246796,32403.58019387314
e8fffaab-f310-4c9c-a833-a837b68f1658,2026-09-07 19:00:00+00:00,5919.95,25303.26,4341.96,19488.042504982324,18772.610338097467
e8fffaab-f310-4c9c-a833-a837b68f1658,2026-09-07 19:15:00+00:00,5286.97,5919.95,4348.63,3679.3107408194373,3070.64941862684
e8fffaab-f310-4c9c-a833-a837b68f1658,2026-09-07 19:30:00+00:00,4798.96,5286.97,4470.48,6304.994439654862,5832.43327871366
e8fffaab-f310-4c9c-a833-a837b68f1658,2026-09-07 19:45:00+00:00,4793.57,4798.96,4153.44,5482.68045505422,5131.528913045214
e8fffaab-f310-4c9c-a833-a837b68f1658,2026-09-07 20:00:00+00:00,5150.02,4793.57,4454.6,5052.177002192401,4835.072325712972
e8fffaab-f310-4c9c-a833-a837b68f1658,2026-09-07 20:15:00+00:00,4792.39,5150.02,4076.4,5389.594650595842,5160.215762663309
e8fffaab-f310-4c9c-a833-a837b68f1658,2026-09-07 20:30:00+00:00,4770.82,4792.39,4133.89,4944.537287394968,4707.904765161781
e8fffaab-f310-4c9c-a833-a837b68f1658,2026-09-07 20:45:00+00:00,4813.92,4770.82,4091.05,4994.195890334709,4744.683477744139
e8fffaab-f310-4c9c-a833-a837b68f1658,2026-09-07 21:00:00+00:00,4574.42,4813.92,3955.38,5043.269421713018,4780.680284710769
e8fffaab-f310-4c9c-a833-a837b68f1658,2026-09-07 21:15:00+00:00,4598.09,4574.42,3854.21,4791.694564039411,4520.579235624532
e8fffaab-f310-4c9c-a833-a837b68f1658,2026-09-07 21:30:00+00:00,4647.48,4598.09,4047.14,4890.440869968019,4603.251831348184
e8fffaab-f310-4c9c-a833-a837b68f1658,2026-09-07 21:45:00+00:00,5051.22,4647.48,4088.44,4951.667406968744,4651.90287190493
e8fffaab-f310-4c9c-a833-a837b68f1658,2026-09-07 22:00:00+00:00,5160.21,5051.22,3712.33,5313.4034912010775,5009.798057221715
e8fffaab-f310-4c9c-a833-a837b68f1658,2026-09-07 22:15:00+00:00,4878.88,5160.21,3881.14,5368.864827569439,5056.940199762726
e8fffaab-f310-4c9c-a833-a837b68f1658,2026-09-07 22:30:00+00:00,4371.28,4878.88,4053.58,5111.062423828393,4792.73851446181
e8fffaab-f310-4c9c-a833-a837b68f1658,2026-09-07 22:45:00+00:00,4365.94,4371.28,3341.04,4627.014725762645,4319.375903461269
e8fffaab-f310-4c9c-a833-a837b68f1658,2026-09-07 23:00:00+00:00,4786.03,4365.94,3312.01,4760.338301732423,4449.06967355983
e8fffaab-f310-4c9c-a833-a837b68f1658,2026-09-07 23:15:00+00:00,4581.36,4786.03,3690.03,5170.690011890708,4861.588064599055
e8fffaab-f310-4c9c-a833-a837b68f1658,2026-09-07 23:30:00+00:00,4458.64,4581.36,3271.86,4880.16427761182,4582.170227278737
e8fffaab-f310-4c9c-a833-a837b68f1658,2026-09-07 23:45:00+00:00,4309.95,4458.64,3458.5,4828.510882239818,4533.900868236793
e8fffaab-f310-4c9c-a833-a837b68f1658,2026-09-08 00:00:00+00:00,4258.18,4309.95,3222.54,4670.5072028266095,4405.740612861099
e8fffaab-f310-4c9c-a833-a837b68f1658,2026-09-08 00:15:00+00:00,4251.98,4258.18,3221.72,4664.296048854983,4407.3375805451615
e8fffaab-f310-4c9c-a833-a837b68f1658,2026-09-08 00:30:00+00:00,4304.24,4251.98,3337.85,4713.9905103503415,4461.004845203848
e8fffaab-f310-4c9c-a833-a837b68f1658,2026-09-08 00:45:00+00:00,4178.12,4304.24,3282.84,4797.487587337726,4552.804035824231
e8fffaab-f310-4c9c-a833-a837b68f1658,2026-09-08 01:00:00+00:00,3763.01,4178.12,3035.94,4628.868299373371,4405.652887099194
e8fffaab-f310-4c9c-a833-a837b68f1658,2026-09-08 01:15:00+00:00,4673.19,3763.01,3053.22,4311.337196965927,4098.783830502648
e8fffaab-f310-4c9c-a833-a837b68f1658,2026-09-08 01:30:00+00:00,3895.82,4673.19,3179.75,5323.050338902129,5119.641724739244
e8fffaab-f310-4c9c-a833-a837b68f1658,2026-09-08 01:45:00+00:00,3581.82,3895.82,3254.08,4387.829238896748,4209.54187992117
e8fffaab-f310-4c9c-a833-a837b68f1658,2026-09-08 02:00:00+00:00,5755.73,3581.82,5289.3,4452.2694940134415,4259.9377713397
e8fffaab-f310-4c9c-a833-a837b68f1658,2026-09-08 02:15:00+00:00,5880.66,5755.73,5448.85,6713.93635851873,6519.313890472957
e8fffaab-f310-4c9c-a833-a837b68f1658,2026-09-08 02:30:00+00:00,6136.43,5880.66,6000.64,6457.422121124198,6280.3600265717005
e8fffaab-f310-4c9c-a833-a837b68f1658,2026-09-08 02:45:00+00:00,6935.71,6136.43,5767.91,6675.9629808001155,6526.463569604515
e8fffaab-f310-4c9c-a833-a837b68f1658,2026-09-08 03:00:00+00:00,6537.95,6935.71,6189.96,7550.569019463526,7392.663355145323
e8fffaab-f310-4c9c-a833-a837b68f1658,2026-09-08 03:15:00+00:00,6223.96,6537.95,6117.23,7865.035498560475,7600.195215177351
e8fffaab-f310-4c9c-a833-a837b68f1658,2026-09-08 03:30:00+00:00,6123.93,6223.96,5971.22,7169.810230353054,7007.266244141429
e8fffaab-f310-4c9c-a833-a837b68f1658,2026-09-08 03:45:00+00:00,6224.81,6123.93,5879.68,6819.74985922923,6733.156885095601
e8fffaab-f310-4c9c-a833-a837b68f1658,2026-09-08 04:00:00+00:00,6082.9,6224.81,6002.49,7155.958424839839,7064.934227766064
e8fffaab-f310-4c9c-a833-a837b68f1658,2026-09-08 04:15:00+00:00,6178.21,6082.9,6420.06,7143.604906188579,7057.314474058019
e8fffaab-f310-4c9c-a833-a837b68f1658,2026-09-08 04:30:00+00:00,6780.69,6178.21,7599.74,7125.54225476378,7085.271295280863
e8fffaab-f310-4c9c-a833-a837b68f1658,2026-09-08 04:45:00+00:00,19227.55,6780.69,9923.72,7839.628541964075,7794.70311053167
e8fffaab-f310-4c9c-a833-a837b68f1658,2026-09-08 05:00:00+00:00,14496.06,19227.55,9228.77,20000.721122810653,19910.420777758747
e8fffaab-f310-4c9c-a833-a837b68f1658,2026-09-08 05:15:00+00:00,8916.25,14496.06,8016.5,12982.38561605107,12927.202558659246
e8fffaab-f310-4c9c-a833-a837b68f1658,2026-09-08 05:30:00+00:00,10187.46,8916.25,9542.23,8665.872678211355,8616.126593647135
e8fffaab-f310-4c9c-a833-a837b68f1658,2026-09-08 05:45:00+00:00,12534.8,10187.46,11703.37,11701.314173549797,11503.596269851541
e8fffaab-f310-4c9c-a833-a837b68f1658,2026-09-08 06:00:00+00:00,11585.11,12534.8,10704.77,13673.563115879735,13514.096873112818
e8fffaab-f310-4c9c-a833-a837b68f1658,2026-09-08 06:15:00+00:00,12273.41,11585.11,10735.72,12050.708269092149,11970.457234697944
e8fffaab-f310-4c9c-a833-a837b68f1658,2026-09-08 06:30:00+00:00,11189.66,12273.41,11187.82,12980.999645429194,12898.201347070659
e8fffaab-f310-4c9c-a833-a837b68f1658,2026-09-08 06:45:00+00:00,10875.96,11189.66,9507.89,11781.03794779208,11717.595815871471
e8fffaab-f310-4c9c-a833-a837b68f1658,2026-09-08 07:00:00+00:00,9340.87,10875.96,10067.46,11675.407011669968,11633.402935401718
e8fffaab-f310-4c9c-a833-a837b68f1658,2026-09-08 07:15:00+00:00,11130.3,9340.87,8231.03,10174.225655128552,10152.526332566451
e8fffaab-f310-4c9c-a833-a837b68f1658,2026-09-08 07:30:00+00:00,11269.53,11130.3,12010.08,12407.847462368007,12341.447152996434
e8fffaab-f310-4c9c-a833-a837b68f1658,2026-09-08 07:45:00+00:00,12707.24,11269.53,48205.56,13637.682891214796,13237.581466709878
e8fffaab-f310-4c9c-a833-a837b68f1658,2026-09-08 08:00:00+00:00,12236.38,12707.24,47282.29,14781.202381915784,14416.683998318187
e8fffaab-f310-4c9c-a833-a837b68f1658,2026-09-08 08:15:00+00:00,11006.71,12236.38,33588.67,13766.843049898474,13447.266784325744
e8fffaab-f310-4c9c-a833-a837b68f1658,2026-09-08 08:30:00+00:00,18809.97,11006.71,7537.36,11299.358804530504,11239.790488189785
e8fffaab-f310-4c9c-a833-a837b68f1658,2026-09-08 08:45:00+00:00,18049.16,18809.97,4464.5,19053.859005017228,18943.604307814567
e8fffaab-f310-4c9c-a833-a837b68f1658,2026-09-08 09:00:00+00:00,21115.67,18049.16,8681.27,16945.595899398886,16763.952718154484
e8fffaab-f310-4c9c-a833-a837b68f1658,2026-09-08 09:15:00+00:00,19815.33,21115.67,9684.23,20120.74925339111,19869.186941521642
e8fffaab-f310-4c9c-a833-a837b68f1658,2026-09-08 09:30:00+00:00,21213.55,19815.33,8109.7,18326.71046041151,17990.87869913572
e8fffaab-f310-4c9c-a833-a837b68f1658,2026-09-08 09:45:00+00:00,14922.33,21213.55,3327.42,19733.62646793651,19385.807243036812
e8fffaab-f310-4c9c-a833-a837b68f1658,2026-09-08 10:00:00+00:00,9991.31,14922.33,9311.97,13722.501178152532,13252.901514771496
e8fffaab-f310-4c9c-a833-a837b68f1658,2026-09-08 10:15:00+00:00,14559.49,9991.31,18215.84,10357.193475918883,9850.191181440932
e8fffaab-f310-4c9c-a833-a837b68f1658,2026-09-08 10:30:00+00:00,12894.6,14559.49,16557.85,15535.701414145467,15040.614247886235
e8fffaab-f310-4c9c-a833-a837b68f1658,2026-09-08 10:45:00+00:00,13448.81,12894.6,10660.54,11960.756010761093,11669.44624965835
e8fffaab-f310-4c9c-a833-a837b68f1658,2026-09-08 11:00:00+00:00,19562.42,13448.81,8469.47,12919.658392642836,12624.993102167937
e8fffaab-f310-4c9c-a833-a837b68f1658,2026-09-08 11:15:00+00:00,17336.33,19562.42,8710.37,19476.273131325448,19038.983576577455
e8fffaab-f310-4c9c-a833-a837b68f1658,2026-09-08 11:30:00+00:00,15778.2,17336.33,7262.33,15991.391435741909,15601.166244991424
e8fffaab-f310-4c9c-a833-a837b68f1658,2026-09-08 11:45:00+00:00,12453.93,15778.2,5543.79,14244.717159790227,13976.877671010077
e8fffaab-f310-4c9c-a833-a837b68f1658,2026-09-08 12:00:00+00:00,7677.49,12453.93,11078.98,12062.15933359868,11658.267774349006
e8fffaab-f310-4c9c-a833-a837b68f1658,2026-09-08 12:15:00+00:00,16070.24,7677.49,15606.63,7882.302649215168,7505.4926422732115
e8fffaab-f310-4c9c-a833-a837b68f1658,2026-09-08 12:30:00+00:00,18732.86,16070.24,14162.2,17048.010858201018,16620.331252986492
e8fffaab-f310-4c9c-a833-a837b68f1658,2026-09-08 12:45:00+00:00,20678.61,18732.86,9601.57,18178.916094951077,17716.021996146992
e8fffaab-f310-4c9c-a833-a837b68f1658,2026-09-08 13:00:00+00:00,22996.11,20678.61,7677.49,19287.85514956701,18859.603548773797
e8fffaab-f310-4c9c-a833-a837b68f1658,2026-09-08 13:15:00+00:00,22696.86,22996.11,38690.22,22596.730383962964,21811.63597520165
e8fffaab-f310-4c9c-a833-a837b68f1658,2026-09-08 13:30:00+00:00,21117.9,22696.86,25213.03,21675.404222429715,20945.415695934644
e8fffaab-f310-4c9c-a833-a837b68f1658,2026-09-08 13:45:00+00:00,25120.64,21117.9,21428.47,19761.45030632594,19105.91732838899
e8fffaab-f310-4c9c-a833-a837b68f1658,2026-09-08 14:00:00+00:00,21393.55,25120.64,12374.77,23824.252742416233,23187.198843776612
e8fffaab-f310-4c9c-a833-a837b68f1658,2026-09-08 14:15:00+00:00,23781.94,21393.55,12467.73,19230.778579980448,18640.394796699984
e8fffaab-f310-4c9c-a833-a837b68f1658,2026-09-08 14:30:00+00:00,22248.58,23781.94,14911.66,22246.336091313755,21653.111675470114
e8fffaab-f310-4c9c-a833-a837b68f1658,2026-09-08 14:45:00+00:00,12343.86,22248.58,10333.85,19862.558025535545,19341.10955554172
e8fffaab-f310-4c9c-a833-a837b68f1658,2026-09-08 15:00:00+00:00,8276.22,12343.86,9412.64,10033.562184309387,9644.398289711131
e8fffaab-f310-4c9c-a833-a837b68f1658,2026-09-08 15:15:00+00:00,6446.77,8276.22,7396.52,8015.815395799207,7671.241348982892
e8fffaab-f310-4c9c-a833-a837b68f1658,2026-09-08 15:30:00+00:00,6102.4,6446.77,7706.04,6838.661523220262,6565.937570596573
e8fffaab-f310-4c9c-a833-a837b68f1658,2026-09-08 15:45:00+00:00,7103.05,6102.4,9113.87,6652.016883260978,6473.516514141298
e8fffaab-f310-4c9c-a833-a837b68f1658,2026-09-08 16:00:00+00:00,4761.78,7103.05,5096.1,7313.058341918579,7244.179287330784
e8fffaab-f310-4c9c-a833-a837b68f1658,2026-09-08 16:15:00+00:00,4111.71,4761.78,4758.06,4641.978160124144,4655.782622894987
e8fffaab-f310-4c9c-a833-a837b68f1658,2026-09-08 16:30:00+00:00,3666.69,4111.71,4499.15,4377.638137753038,4445.078513617108
e8fffaab-f310-4c9c-a833-a837b68f1658,2026-09-08 16:45:00+00:00,4202.66,3666.69,4076.23,4043.0552927830367,4148.74330309212
e8fffaab-f310-4c9c-a833-a837b68f1658,2026-09-08 17:00:00+00:00,3750.76,4202.66,5421.26,6166.805664961341,6070.343664100138
e8fffaab-f310-4c9c-a833-a837b68f1658,2026-09-08 17:15:00+00:00,3676.67,3750.76,31150.55,8005.964758688578,7447.308162324429
e8fffaab-f310-4c9c-a833-a837b68f1658,2026-09-08 17:30:00+00:00,3787.25,3676.67,57258.52,9253.957308522264,8411.410256881389
e8fffaab-f310-4c9c-a833-a837b68f1658,2026-09-08 17:45:00+00:00,3873.51,3787.25,57331.5,9369.796768479428,8509.607371311327
e8fffaab-f310-4c9c-a833-a837b68f1658,2026-09-08 18:00:00+00:00,4406.1,3873.51,58422.8,9099.835739768754,8274.309253847929
e8fffaab-f310-4c9c-a833-a837b68f1658,2026-09-08 18:15:00+00:00,4757.14,4406.1,60134.42,9021.277689487584,8255.694314025357
e8fffaab-f310-4c9c-a833-a837b68f1658,2026-09-08 18:30:00+00:00,4414.27,4757.14,42615.27,6977.237662913279,6595.80758727532
e8fffaab-f310-4c9c-a833-a837b68f1658,2026-09-08 18:45:00+00:00,4093.23,4414.27,25303.26,5566.500533759461,5371.678107360338
e8fffaab-f310-4c9c-a833-a837b68f1658,2026-09-08 19:00:00+00:00,4130.78,4093.23,5919.95,4445.5216507028745,4421.583278133532
e8fffaab-f310-4c9c-a833-a837b68f1658,2026-09-08 19:15:00+00:00,4067.78,4130.78,5286.97,4501.572783042506,4469.691615580045
e8fffaab-f310-4c9c-a833-a837b68f1658,2026-09-08 19:30:00+00:00,4293.04,4067.78,4798.96,4393.1059195378075,4356.104189354726
e8fffaab-f310-4c9c-a833-a837b68f1658,2026-09-08 19:45:00+00:00,4275.29,4293.04,4793.57,4615.472721172233,4566.994616078985
e8fffaab-f310-4c9c-a833-a837b68f1658,2026-09-08 20:00:00+00:00,4511.4,4275.29,5150.02,4567.810198491544,4504.035873020784
e8fffaab-f310-4c9c-a833-a837b68f1658,2026-09-08 20:15:00+00:00,4414.86,4511.4,4792.39,4792.83600478157,4720.720596554568
e8fffaab-f310-4c9c-a833-a837b68f1658,2026-09-08 20:30:00+00:00,4363.28,4414.86,4770.82,4659.208764943879,4577.053116618456
e8fffaab-f310-4c9c-a833-a837b68f1658,2026-09-08 20:45:00+00:00,4174.02,4363.28,4813.92,4638.231325720616,4547.4333929921895
e8fffaab-f310-4c9c-a833-a837b68f1658,2026-09-08 21:00:00+00:00,3831.84,4174.02,4574.42,4449.360826424615,4355.853052475924
e8fffaab-f310-4c9c-a833-a837b68f1658,2026-09-08 21:15:00+00:00,3952.7,3831.84,4598.09,4156.755992248157,4051.8115603062706
e8fffaab-f310-4c9c-a833-a837b68f1658,2026-09-08 21:30:00+00:00,4376.51,3952.7,4647.48,4365.932167240133,4245.773001350936
e8fffaab-f310-4c9c-a833-a837b68f1658,2026-09-08 21:45:00+00:00,4130.83,4376.51,5051.22,4789.545863515029,4652.451141495525
e8fffaab-f310-4c9c-a833-a837b68f1658,2026-09-08 22:00:00+00:00,3771.93,4130.83,5160.21,4475.314749831669,4331.300237693079
e8fffaab-f310-4c9c-a833-a837b68f1658,2026-09-08 22:15:00+00:00,3369.62,3771.93,4878.88,4150.986579708155,4010.267042415526
e8fffaab-f310-4c9c-a833-a837b68f1658,2026-09-08 22:30:00+00:00,3206.96,3369.62,4371.28,3829.7478773745725,3690.250962123733
e8fffaab-f310-4c9c-a833-a837b68f1658,2026-09-08 22:45:00+00:00,3107.13,3206.96,4365.94,3726.055969653303,3593.4214289492484
e8fffaab-f310-4c9c-a833-a837b68f1658,2026-09-08 23:00:00+00:00,3228.44,3107.13,4786.03,3694.550227610849,3560.392788673368
e8fffaab-f310-4c9c-a833-a837b68f1658,2026-09-08 23:15:00+00:00,3160.03,3228.44,4581.36,3823.453768236548,3696.706884724137
e8fffaab-f310-4c9c-a833-a837b68f1658,2026-09-08 23:30:00+00:00,3171.05,3160.03,4458.64,3748.333182562057,3626.741364686907
e8fffaab-f310-4c9c-a833-a837b68f1658,2026-09-08 23:45:00+00:00,3104.4,3171.05,4309.95,3785.707157019807,3670.9966472646674
e8fffaab-f310-4c9c-a833-a837b68f1658,2026-09-09 00:00:00+00:00,3153.26,3104.4,4258.18,3652.328738590072,3579.2418626798826
e8fffaab-f310-4c9c-a833-a837b68f1658,2026-09-09 00:15:00+00:00,3197.05,3153.26,4251.98,3741.8508422580744,3674.4410699675827
e8fffaab-f310-4c9c-a833-a837b68f1658,2026-09-09 00:30:00+00:00,3391.98,3197.05,4304.24,3793.3077930029094,3734.5686538972313
e8fffaab-f310-4c9c-a833-a837b68f1658,2026-09-09 00:45:00+00:00,3294.97,3391.98,4178.12,3994.7762342039223,3946.344799178816
e8fffaab-f310-4c9c-a833-a837b68f1658,2026-09-09 01:00:00+00:00,2994.11,3294.97,3763.01,3854.3695441411164,3823.95452061959
e8fffaab-f310-4c9c-a833-a837b68f1658,2026-09-09 01:15:00+00:00,2972.26,2994.11,4673.19,3640.666525337224,3617.2243896784585
e8fffaab-f310-4c9c-a833-a837b68f1658,2026-09-09 01:30:00+00:00,3091.87,2972.26,3895.82,3692.9936471845876,3688.527526844967
e8fffaab-f310-4c9c-a833-a837b68f1658,2026-09-09 01:45:00+00:00,3164.13,3091.87,3581.82,3824.4484668542746,3840.1926934013054
e8fffaab-f310-4c9c-a833-a837b68f1658,2026-09-09 02:00:00+00:00,4971.57,3164.13,5755.73,4094.9124253482905,4092.4951806192903
e8fffaab-f310-4c9c-a833-a837b68f1658,2026-09-09 02:15:00+00:00,4698.11,4971.57,5880.66,5909.74373865191,5910.824849979641
e8fffaab-f310-4c9c-a833-a837b68f1658,2026-09-09 02:30:00+00:00,4939.98,4698.11,6136.43,5356.817920866193,5370.332501024777
e8fffaab-f310-4c9c-a833-a837b68f1658,2026-09-09 02:45:00+00:00,5707.36,4939.98,6935.71,5756.924585356479,5773.948226894422
e8fffaab-f310-4c9c-a833-a837b68f1658,2026-09-09 03:00:00+00:00,6264.17,5707.36,6537.95,6510.974559589768,6536.5955941379325
e8fffaab-f310-4c9c-a833-a837b68f1658,2026-09-09 03:15:00+00:00,5974.48,6264.17,6223.96,6917.305382477967,6967.710042234074
e8fffaab-f310-4c9c-a833-a837b68f1658,2026-09-09 03:30:00+00:00,5816.35,5974.48,6123.93,6525.76981135198,6605.204112194651
e8fffaab-f310-4c9c-a833-a837b68f1658,2026-09-09 03:45:00+00:00,7871.44,5816.35,6224.81,6476.403959746383,6575.157918329653
e8fffaab-f310-4c9c-a833-a837b68f1658,2026-09-09 04:00:00+00:00,8236.78,7871.44,6082.9,8717.112092820602,8802.930807567005
e8fffaab-f310-4c9c-a833-a837b68f1658,2026-09-09 04:15:00+00:00,20733.4,8236.78,6178.21,9436.972073247001,9430.776202757872
e8fffaab-f310-4c9c-a833-a837b68f1658,2026-09-09 04:30:00+00:00,15208.19,20733.4,6780.69,21309.69549427973,21316.644692800233
e8fffaab-f310-4c9c-a833-a837b68f1658,2026-09-09 04:45:00+00:00,8461.78,15208.19,19227.55,13801.293824102175,13765.844198365809
e8fffaab-f310-4c9c-a833-a837b68f1658,2026-09-09 05:00:00+00:00,9665.53,8461.78,14496.06,8051.106467414994,8128.497117160275
e8fffaab-f310-4c9c-a833-a837b68f1658,2026-09-09 05:15:00+00:00,11205.99,9665.53,8916.25,10573.408263300851,10625.949767695
e8fffaab-f310-4c9c-a833-a837b68f1658,2026-09-09 05:30:00+00:00,15993.7,11205.99,10187.46,12104.011832136403,12136.508283013318
e8fffaab-f310-4c9c-a833-a837b68f1658,2026-09-09 05:45:00+00:00,22157.94,15993.7,12534.8,16772.74104541482,16766.327830533693
e8fffaab-f310-4c9c-a833-a837b68f1658,2026-09-09 06:00:00+00:00,21701.2,22157.94,11585.11,21826.414744222406,21806.083804605383
e8fffaab-f310-4c9c-a833-a837b68f1658,2026-09-09 06:15:00+00:00,20430.19,21701.2,12273.41,20374.47462225582,20304.728364043993
e8fffaab-f310-4c9c-a833-a837b68f1658,2026-09-09 06:30:00+00:00,18592.13,20430.19,11189.66,19303.340632674423,19200.769558666663
e8fffaab-f310-4c9c-a833-a837b68f1658,2026-09-09 06:45:00+00:00,18801.53,18592.13,10875.96,17777.19809674733,17646.234135837305
e8fffaab-f310-4c9c-a833-a837b68f1658,2026-09-09 07:00:00+00:00,20084.23,18801.53,9340.87,18333.04193935084,18195.487641853397
e8fffaab-f310-4c9c-a833-a837b68f1658,2026-09-09 07:15:00+00:00,20902.76,20084.23,11130.3,19513.627644597018,19364.889021114555
e8fffaab-f310-4c9c-a833-a837b68f1658,2026-09-09 07:30:00+00:00,15886.57,20902.76,11269.53,19943.526262993226,19805.12304540616
e8fffaab-f310-4c9c-a833-a837b68f1658,2026-09-09 07:45:00+00:00,11046.26,15886.57,12707.24,14786.399082690332,14669.502047894919
e8fffaab-f310-4c9c-a833-a837b68f1658,2026-09-09 08:00:00+00:00,9687.77,11046.26,12236.38,11001.767494932054,10897.76581554473
e8fffaab-f310-4c9c-a833-a837b68f1658,2026-09-09 08:15:00+00:00,10339.45,9687.77,11006.71,10298.461209907653,10248.310465031862
e8fffaab-f310-4c9c-a833-a837b68f1658,2026-09-09 08:30:00+00:00,13781.1,10339.45,18809.97,11337.57816892232,11252.420815146545
e8fffaab-f310-4c9c-a833-a837b68f1658,2026-09-09 08:45:00+00:00,11798.94,13781.1,18049.16,14737.407117611838,14622.36795405579
e8fffaab-f310-4c9c-a833-a837b68f1658,2026-09-09 09:00:00+00:00,8238.22,11798.94,21115.67,11568.976462049473,11537.363284541145
e8fffaab-f310-4c9c-a833-a837b68f1658,2026-09-09 09:15:00+00:00,8426.29,8238.22,19815.33,8343.507209481208,8339.565901012062
e8fffaab-f310-4c9c-a833-a837b68f1658,2026-09-09 09:30:00+00:00,8900.21,8426.29,21213.55,9658.687096251011,9556.334695917043
e8fffaab-f310-4c9c-a833-a837b68f1658,2026-09-09 09:45:00+00:00,10921.73,8900.21,14922.33,9646.085199245863,9620.965709855725
e8fffaab-f310-4c9c-a833-a837b68f1658,2026-09-09 10:00:00+00:00,19767.37,10921.73,9991.31,11561.819405261676,11532.363909993384
e8fffaab-f310-4c9c-a833-a837b68f1658,2026-09-09 10:15:00+00:00,13631.61,19767.37,14559.49,19854.44337718623,19752.480134118283
e8fffaab-f310-4c9c-a833-a837b68f1658,2026-09-09 10:30:00+00:00,18478.4,13631.61,12894.6,12158.158848257106,12069.319010165365
e8fffaab-f310-4c9c-a833-a837b68f1658,2026-09-09 10:45:00+00:00,12062.41,18478.4,13448.81,17752.6145400028,17673.4389521998
e8fffaab-f310-4c9c-a833-a837b68f1658,2026-09-09 11:00:00+00:00,15395.18,12062.41,19562.42,11462.381921386059,11200.742250713014
e8fffaab-f310-4c9c-a833-a837b68f1658,2026-09-09 11:15:00+00:00,19857.19,15395.18,17336.33,15758.607537247717,15553.279098214603
e8fffaab-f310-4c9c-a833-a837b68f1658,2026-09-09 11:30:00+00:00,14479.99,19857.19,15778.2,19545.297377764902,19299.864288058503
e8fffaab-f310-4c9c-a833-a837b68f1658,2026-09-09 11:45:00+00:00,14737.2,14479.99,12453.93,13288.371886945155,13124.571292081746
e8fffaab-f310-4c9c-a833-a837b68f1658,2026-09-09 12:00:00+00:00,18215.42,14737.2,7677.49,14350.91200812695,14229.315534825684
e8fffaab-f310-4c9c-a833-a837b68f1658,2026-09-09 12:15:00+00:00,16903.19,18215.42,16070.24,18261.3286000747,17963.511918554046
e8fffaab-f310-4c9c-a833-a837b68f1658,2026-09-09 12:30:00+00:00,12247.98,16903.19,18732.86,16098.484387177445,15816.14361966389
e8fffaab-f310-4c9c-a833-a837b68f1658,2026-09-09 12:45:00+00:00,7882.38,12247.98,20678.61,11801.686324163526,11500.463969660621
e8fffaab-f310-4c9c-a833-a837b68f1658,2026-09-09 13:00:00+00:00,8088.77,7882.38,22996.11,8442.427168790575,8107.153739466727
e8fffaab-f310-4c9c-a833-a837b68f1658,2026-09-09 13:15:00+00:00,10606.05,8088.77,22696.86,9224.088520827314,8944.336103124184
e8fffaab-f310-4c9c-a833-a837b68f1658,2026-09-09 13:30:00+00:00,13806.47,10606.05,21117.9,11714.682385224947,11438.69377886521
e8fffaab-f310-4c9c-a833-a837b68f1658,2026-09-09 13:45:00+00:00,10594.46,13806.47,25120.64,14489.017922306259,14183.743019723159
e8fffaab-f310-4c9c-a833-a837b68f1658,2026-09-09 14:00:00+00:00,11457.6,10594.46,21393.55,10593.1730765495,10335.328541248518
e8fffaab-f310-4c9c-a833-a837b68f1658,2026-09-09 14:15:00+00:00,17465.85,11457.6,23781.94,12294.525317920044,11989.721972757294
e8fffaab-f310-4c9c-a833-a837b68f1658,2026-09-09 14:30:00+00:00,16258.56,17465.85,22248.58,17932.182874038626,17609.851913587117
e8fffaab-f310-4c9c-a833-a837b68f1658,2026-09-09 14:45:00+00:00,18356.66,16258.56,12343.86,14968.4298835797,14792.793513778794
e8fffaab-f310-4c9c-a833-a837b68f1658,2026-09-09 15:00:00+00:00,14395.99,18356.66,8276.22,16911.74268607954,16794.329552732484
e8fffaab-f310-4c9c-a833-a837b68f1658,2026-09-09 15:15:00+00:00,7548.93,14395.99,6446.77,12487.070500142177,12385.99875372932
e8fffaab-f310-4c9c-a833-a837b68f1658,2026-09-09 15:30:00+00:00,31363.36,7548.93,6102.4,6302.532797851072,6272.518358559646
e8fffaab-f310-4c9c-a833-a837b68f1658,2026-09-09 15:45:00+00:00,27326.51,31363.36,7103.05,31458.194108850435,31213.13179410717
e8fffaab-f310-4c9c-a833-a837b68f1658,2026-09-09 16:00:00+00:00,14401.12,27326.51,4761.78,22473.540764675614,22313.61700920533
e8fffaab-f310-4c9c-a833-a837b68f1658,2026-09-09 16:15:00+00:00,3595.64,14401.12,4111.71,10251.512240691156,10245.00813320309
e8fffaab-f310-4c9c-a833-a837b68f1658,2026-09-09 16:30:00+00:00,3209.82,3595.64,3666.69,2632.639940923579,2535.5246794940094
e8fffaab-f310-4c9c-a833-a837b68f1658,2026-09-09 16:45:00+00:00,3383.3,3209.82,4202.66,4214.188833977393,4163.780494288846
e8fffaab-f310-4c9c-a833-a837b68f1658,2026-09-09 17:00:00+00:00,3384.09,3383.3,3750.76,4095.61094816678,4154.829854427994
e8fffaab-f310-4c9c-a833-a837b68f1658,2026-09-09 17:15:00+00:00,3294.7,3384.09,3676.67,3738.6310088001155,3899.951100471907
e8fffaab-f310-4c9c-a833-a837b68f1658,2026-09-09 17:30:00+00:00,3547.58,3294.7,3787.25,3653.0216889487947,3827.76853465819
e8fffaab-f310-4c9c-a833-a837b68f1658,2026-09-09 17:45:00+00:00,3643.57,3547.58,3873.51,3917.8433578816794,4102.9518258712005
e8fffaab-f310-4c9c-a833-a837b68f1658,2026-09-09 18:00:00+00:00,4120.88,3643.57,4406.1,3975.850914175555,4169.490334472328
e8fffaab-f310-4c9c-a833-a837b68f1658,2026-09-09 18:15:00+00:00,3977.96,4120.88,4757.14,4465.917604047639,4641.830324702531
e8fffaab-f310-4c9c-a833-a837b68f1658,2026-09-09 18:30:00+00:00,3882.07,3977.96,4414.27,4206.828917276797,4379.921894869628
e8fffaab-f310-4c9c-a833-a837b68f1658,2026-09-09 18:45:00+00:00,3816.87,3882.07,4093.23,4128.556089151551,4297.738900523069
e8fffaab-f310-4c9c-a833-a837b68f1658,2026-09-09 19:00:00+00:00,3898.98,3816.87,4130.78,4100.675973861172,4259.493309872166
e8fffaab-f310-4c9c-a833-a837b68f1658,2026-09-09 19:15:00+00:00,3893.11,3898.98,4067.78,4191.6386524601085,4328.2363910588565
e8fffaab-f310-4c9c-a833-a837b68f1658,2026-09-09 19:30:00+00:00,3888.08,3893.11,4293.04,4153.464402436119,4270.45821311024
e8fffaab-f310-4c9c-a833-a837b68f1658,2026-09-09 19:45:00+00:00,4158.98,3888.08,4275.29,4137.094668877117,4235.576546004962
e8fffaab-f310-4c9c-a833-a837b68f1658,2026-09-09 20:00:00+00:00,4042.24,4158.98,4511.4,4429.276591112862,4501.728352898746
e8fffaab-f310-4c9c-a833-a837b68f1658,2026-09-09 20:15:00+00:00,4465.34,4042.24,4414.86,4255.171438490092,4311.387012542518
e8fffaab-f310-4c9c-a833-a837b68f1658,2026-09-09 20:30:00+00:00,4013.74,4465.34,4363.28,4700.960466545201,4737.141135795108
e8fffaab-f310-4c9c-a833-a837b68f1658,2026-09-09 20:45:00+00:00,3991.74,4013.74,4174.02,4180.592764992915,4202.441752914098
e8fffaab-f310-4c9c-a833-a837b68f1658,2026-09-09 21:00:00+00:00,3804.33,3991.74,3831.84,4222.92242773432,4236.406109962327
e8fffaab-f310-4c9c-a833-a837b68f1658,2026-09-09 21:15:00+00:00,3887.1,3804.33,3952.7,4072.4362232723834,4068.5751648545256
e8fffaab-f310-4c9c-a833-a837b68f1658,2026-09-09 21:30:00+00:00,3881.01,3887.1,4376.51,4227.125307197989,4207.211073517905
e8fffaab-f310-4c9c-a833-a837b68f1658,2026-09-09 21:45:00+00:00,4004.91,3881.01,4130.83,4193.762122778357,4167.872344173582
e8fffaab-f310-4c9c-a833-a837b68f1658,2026-09-09 22:00:00+00:00,3522.7,4004.91,3771.93,4313.364494288637,4282.230048901607
e8fffaab-f310-4c9c-a833-a837b68f1658,2026-09-09 22:15:00+00:00,3464.37,3522.7,3369.62,3815.7439740082427,3782.6976935993634
e8fffaab-f310-4c9c-a833-a837b68f1658,2026-09-09 22:30:00+00:00,3675.48,3464.37,3206.96,3836.656053831033,3803.5252700294914
e8fffaab-f310-4c9c-a833-a837b68f1658,2026-09-09 22:45:00+00:00,3760.66,3675.48,3107.13,4095.789384464342,4053.334212734255
e8fffaab-f310-4c9c-a833-a837b68f1658,2026-09-09 23:00:00+00:00,3729.27,3760.66,3228.44,4132.125790198126,4091.6769903629356
e8fffaab-f310-4c9c-a833-a837b68f1658,2026-09-09 23:15:00+00:00,3518.64,3729.27,3160.03,4106.616091633476,4065.3067089414917
e8fffaab-f310-4c9c-a833-a837b68f1658,2026-09-09 23:30:00+00:00,3937.39,3518.64,3171.05,3923.7288219159955,3883.8713824497736
e8fffaab-f310-4c9c-a833-a837b68f1658,2026-09-09 23:45:00+00:00,3608.14,3937.39,3104.4,4404.087732169008,4363.26170351785
e8fffaab-f310-4c9c-a833-a837b68f1658,2026-09-10 00:00:00+00:00,3544.23,3608.14,3153.26,3943.8180162810395,3932.7120501464215
e8fffaab-f310-4c9c-a833-a837b68f1658,2026-09-10 00:15:00+00:00,3641.28,3544.23,3197.05,3965.0287303564064,3960.351727098712
e8fffaab-f310-4c9c-a833-a837b68f1658,2026-09-10 00:30:00+00:00,3472.31,3641.28,3391.98,4131.165603968328,4124.978951670607
e8fffaab-f310-4c9c-a833-a837b68f1658,2026-09-10 00:45:00+00:00,3638.29,3472.31,3294.97,3950.8590614975446,3958.3052320705265
e8fffaab-f310-4c9c-a833-a837b68f1658,2026-09-10 01:00:00+00:00,3336.19,3638.29,2994.11,4153.825082475181,4174.1390717470895
e8fffaab-f310-4c9c-a833-a837b68f1658,2026-09-10 01:15:00+00:00,3641.98,3336.19,2972.26,3846.8058541881655,3881.384829573216
e8fffaab-f310-4c9c-a833-a837b68f1658,2026-09-10 01:30:00+00:00,3702.36,3641.98,3091.87,4222.66518767081,4271.322673757956
e8fffaab-f310-4c9c-a833-a837b68f1658,2026-09-10 01:45:00+00:00,3545.82,3702.36,3164.13,4253.165473656025,4315.28426701983
e8fffaab-f310-4c9c-a833-a837b68f1658,2026-09-10 02:00:00+00:00,5906.34,3545.82,4971.57,4306.180610754154,4351.5531189653
e8fffaab-f310-4c9c-a833-a837b68f1658,2026-09-10 02:15:00+00:00,5730.89,5906.34,4698.11,6698.665938733088,6741.324360832806
e8fffaab-f310-4c9c-a833-a837b68f1658,2026-09-10 02:30:00+00:00,5697.42,5730.89,4939.98,6119.299598330708,6171.423575166707
e8fffaab-f310-4c9c-a833-a837b68f1658,2026-09-10 02:45:00+00:00,6319.33,5697.42,5707.36,6193.1731826791365,6252.097539509394
e8fffaab-f310-4c9c-a833-a837b68f1658,2026-09-10 03:00:00+00:00,6123.9,6319.33,6264.17,6932.996152691343,6979.95079856369
e8fffaab-f310-4c9c-a833-a837b68f1658,2026-09-10 03:15:00+00:00,6377.02,6123.9,5974.48,7505.294849912171,7440.3110593340625
e8fffaab-f310-4c9c-a833-a837b68f1658,2026-09-10 03:30:00+00:00,6511.37,6377.02,5816.35,7211.18098057301,7262.961098101983
e8fffaab-f310-4c9c-a833-a837b68f1658,2026-09-10 03:45:00+00:00,7313.56,6511.37,7871.44,7178.030417332564,7265.86832032522
e8fffaab-f310-4c9c-a833-a837b68f1658,2026-09-10 04:00:00+00:00,6502.92,7313.56,8236.78,7970.06656423239,8075.875891209507
e8fffaab-f310-4c9c-a833-a837b68f1658,2026-09-10 04:15:00+00:00,8941.26,6502.92,20733.4,7748.611877422892,7739.11205432409
e8fffaab-f310-4c9c-a833-a837b68f1658,2026-09-10 04:30:00+00:00,8515.95,8941.26,15208.19,10113.843002779286,10169.678036693125
e8fffaab-f310-4c9c-a833-a837b68f1658,2026-09-10 04:45:00+00:00,9060.56,8515.95,8461.78,8870.473223328696,9033.301939704867
e8fffaab-f310-4c9c-a833-a837b68f1658,2026-09-10 05:00:00+00:00,9416.88,9060.56,9665.53,9534.8696895359,9720.66823706072
e8fffaab-f310-4c9c-a833-a837b68f1658,2026-09-10 05:15:00+00:00,8020.08,9416.88,11205.99,9905.619736840295,10071.718164493786
e8fffaab-f310-4c9c-a833-a837b68f1658,2026-09-10 05:30:00+00:00,12135.25,8020.08,15993.7,8984.495939485443,9079.30758185145
e8fffaab-f310-4c9c-a833-a837b68f1658,2026-09-10 05:45:00+00:00,20897.9,12135.25,22157.94,13991.904849862693,13951.180940630182
e8fffaab-f310-4c9c-a833-a837b68f1658,2026-09-10 06:00:00+00:00,20303.61,20897.9,21701.2,21892.903399685045,21803.42252967506
e8fffaab-f310-4c9c-a833-a837b68f1658,2026-09-10 06:15:00+00:00,20271.18,20303.61,20430.19,19486.93345178837,19403.501748114933
e8fffaab-f310-4c9c-a833-a837b68f1658,2026-09-10 06:30:00+00:00,19382.81,20271.18,18592.13,19604.33054358077,19484.696146372073
e8fffaab-f310-4c9c-a833-a837b68f1658,2026-09-10 06:45:00+00:00,18763.46,19382.81,18801.53,18835.02292523766,18650.407381785306
e8fffaab-f310-4c9c-a833-a837b68f1658,2026-09-10 07:00:00+00:00,19512.91,18763.46,20084.23,18512.92132916937,18289.24911399714
e8fffaab-f310-4c9c-a833-a837b68f1658,2026-09-10 07:15:00+00:00,18444.45,19512.91,20902.76,19529.752385512435,19251.57249371346
e8fffaab-f310-4c9c-a833-a837b68f1658,2026-09-10 07:30:00+00:00,15260.74,18444.45,15886.57,18084.599119542003,17844.8767693159
e8fffaab-f310-4c9c-a833-a837b68f1658,2026-09-10 07:45:00+00:00,14017.5,15260.74,11046.26,15009.080436537713,14802.617900010093
e8fffaab-f310-4c9c-a833-a837b68f1658,2026-09-10 08:00:00+00:00,11738.68,14017.5,9687.77,14185.515181681314,13996.667025621493
e8fffaab-f310-4c9c-a833-a837b68f1658,2026-09-10 08:15:00+00:00,10148.55,11738.68,10339.45,12067.744730981833,11903.831956482998
e8fffaab-f310-4c9c-a833-a837b68f1658,2026-09-10 08:30:00+00:00,8075.71,10148.55,13781.1,10786.970858714247,10649.200790325585
e8fffaab-f310-4c9c-a833-a837b68f1658,2026-09-10 08:45:00+00:00,10974.04,8075.71,11798.94,8808.97233436192,8721.08198442061
e8fffaab-f310-4c9c-a833-a837b68f1658,2026-09-10 09:00:00+00:00,9515.39,10974.04,8238.22,11754.764734104247,11705.067017411131
e8fffaab-f310-4c9c-a833-a837b68f1658,2026-09-10 09:15:00+00:00,7288.31,9515.39,8426.29,9760.691888194444,9708.066359653594
e8fffaab-f310-4c9c-a833-a837b68f1658,2026-09-10 09:30:00+00:00,11954.7,7288.31,8900.21,7829.923473023548,7783.970281729728
e8fffaab-f310-4c9c-a833-a837b68f1658,2026-09-10 09:45:00+00:00,3935.85,11954.7,10921.73,13018.328867637572,12886.628805830458
e8fffaab-f310-4c9c-a833-a837b68f1658,2026-09-10 10:00:00+00:00,4764.26,3935.85,19767.37,4534.6892161797,4357.462606356162
e8fffaab-f310-4c9c-a833-a837b68f1658,2026-09-10 10:15:00+00:00,9076.3,4764.26,13631.61,6337.148188596086,6273.867051251153
e8fffaab-f310-4c9c-a833-a837b68f1658,2026-09-10 10:30:00+00:00,7464.3,9076.3,18478.4,10843.058080739724,10655.482775441402
e8fffaab-f310-4c9c-a833-a837b68f1658,2026-09-10 10:45:00+00:00,5622.84,7464.3,12062.41,7977.85241336477,7910.912578247069
e8fffaab-f310-4c9c-a833-a837b68f1658,2026-09-10 11:00:00+00:00,2221.68,5622.84,15395.18,6724.943354587254,6612.210354850494
e8fffaab-f310-4c9c-a833-a837b68f1658,2026-09-10 11:15:00+00:00,6988.62,2221.68,19857.19,3896.02770760959,3719.387963970953
e8fffaab-f310-4c9c-a833-a837b68f1658,2026-09-10 11:30:00+00:00,11846.46,6988.62,14479.99,8924.832477558775,8762.18624695316
e8fffaab-f310-4c9c-a833-a837b68f1658,2026-09-10 11:45:00+00:00,10001.99,11846.46,14737.2,12688.986234604161,12482.629250223124
e8fffaab-f310-4c9c-a833-a837b68f1658,2026-09-10 12:00:00+00:00,6672.64,10001.99,18215.42,10029.363615039305,9782.156075068766
e8fffaab-f310-4c9c-a833-a837b68f1658,2026-09-10 12:15:00+00:00,5900.63,6672.64,16903.19,7400.504241200971,7141.206083934088
e8fffaab-f310-4c9c-a833-a837b68f1658,2026-09-10 12:30:00+00:00,10524.9,5900.63,12247.98,7035.409173488112,6842.80252534636
e8fffaab-f310-4c9c-a833-a837b68f1658,2026-09-10 12:45:00+00:00,10567.82,10524.9,7882.38,11423.918186075847,11297.040042425366
e8fffaab-f310-4c9c-a833-a837b68f1658,2026-09-10 13:00:00+00:00,8739.28,10567.82,8088.77,10558.654180245132,10464.250543048329
e8fffaab-f310-4c9c-a833-a837b68f1658,2026-09-10 13:15:00+00:00,9297.46,8739.28,10606.05,8865.79318775056,8748.635875475506
e8fffaab-f310-4c9c-a833-a837b68f1658,2026-09-10 13:30:00+00:00,8524.48,9297.46,13806.47,9887.858484903994,9711.721832985428
e8fffaab-f310-4c9c-a833-a837b68f1658,2026-09-10 13:45:00+00:00,12161.59,8524.48,10594.46,9011.502513191434,8836.197479060373
e8fffaab-f310-4c9c-a833-a837b68f1658,2026-09-10 14:00:00+00:00,12524.64,12161.59,11457.6,12645.431909164367,12453.596644151294
e8fffaab-f310-4c9c-a833-a837b68f1658,2026-09-10 14:15:00+00:00,11552.16,12524.64,17465.85,12603.847059330992,12341.196533184364
e8fffaab-f310-4c9c-a833-a837b68f1658,2026-09-10 14:30:00+00:00,10936.16,11552.16,16258.56,11419.336977680723,11192.34319073001
e8fffaab-f310-4c9c-a833-a837b68f1658,2026-09-10 14:45:00+00:00,9323.87,10936.16,18356.66,11059.981714886515,10806.709113007477
e8fffaab-f310-4c9c-a833-a837b68f1658,2026-09-10 15:00:00+00:00,10858.69,9323.87,14395.99,9271.831995588167,9085.750403117716
e8fffaab-f310-4c9c-a833-a837b68f1658,2026-09-10 15:15:00+00:00,7559.24,10858.69,7548.93,10640.946846623981,10555.489397263378
e8fffaab-f310-4c9c-a833-a837b68f1658,2026-09-10 15:30:00+00:00,6334.13,7559.24,31363.36,8118.887542172478,7836.785187197138
e8fffaab-f310-4c9c-a833-a837b68f1658,2026-09-10 15:45:00+00:00,7428.97,6334.13,27326.51,7266.375493392435,7067.590889316468
e8fffaab-f310-4c9c-a833-a837b68f1658,2026-09-10 16:00:00+00:00,3090.55,7428.97,14401.12,7978.037884878358,7912.042544458571
e8fffaab-f310-4c9c-a833-a837b68f1658,2026-09-10 16:15:00+00:00,3044.28,3090.55,3595.64,2795.56207874146,2906.918166595744
e8fffaab-f310-4c9c-a833-a837b68f1658,2026-09-10 16:30:00+00:00,3832.58,3044.28,3209.82,3503.4231979682663,3635.415931705331
e8fffaab-f310-4c9c-a833-a837b68f1658,2026-09-10 16:45:00+00:00,4069.01,3832.58,3383.3,4308.2665826073635,4426.959700360237
e8fffaab-f310-4c9c-a833-a837b68f1658,2026-09-10 17:00:00+00:00,3662.68,4069.01,3384.09,4403.82843925747,4532.489098144092
e8fffaab-f310-4c9c-a833-a837b68f1658,2026-09-10 17:15:00+00:00,3760.18,3662.68,3294.7,3907.3278168778197,4061.861042620997
e8fffaab-f310-4c9c-a833-a837b68f1658,2026-09-10 17:30:00+00:00,4005.61,3760.18,3547.58,4150.211087685688,4305.3765014695455
e8fffaab-f310-4c9c-a833-a837b68f1658,2026-09-10 17:45:00+00:00,4029.27,4005.61,3643.57,4384.081520764064,4550.375687159377
e8fffaab-f310-4c9c-a833-a837b68f1658,2026-09-10 18:00:00+00:00,4319.04,4029.27,4120.88,4384.779895797311,4562.719535343256
e8fffaab-f310-4c9c-a833-a837b68f1658,2026-09-10 18:15:00+00:00,4378.88,4319.04,3977.96,4525.727109906104,4716.902900977128
e8fffaab-f310-4c9c-a833-a837b68f1658,2026-09-10 18:30:00+00:00,4376.76,4378.88,3882.07,4506.421423242169,4693.373651603424
e8fffaab-f310-4c9c-a833-a837b68f1658,2026-09-10 18:45:00+00:00,4349.56,4376.76,3816.87,4483.844808441462,4666.319978998156
e8fffaab-f310-4c9c-a833-a837b68f1658,2026-09-10 19:00:00+00:00,4059.39,4349.56,3898.98,4465.189527777564,4640.128492375067
e8fffaab-f310-4c9c-a833-a837b68f1658,2026-09-10 19:15:00+00:00,4079.11,4059.39,3893.11,4179.137558967162,4338.133934829085
e8fffaab-f310-4c9c-a833-a837b68f1658,2026-09-10 19:30:00+00:00,4071.92,4079.11,3888.08,4245.092151932795,4388.31090882452
e8fffaab-f310-4c9c-a833-a837b68f1658,2026-09-10 19:45:00+00:00,4445.54,4071.92,4158.98,4246.0730781217635,4370.499426642196
e8fffaab-f310-4c9c-a833-a837b68f1658,2026-09-10 20:00:00+00:00,4143.92,4445.54,4042.24,4607.661527160943,4717.422809965306
e8fffaab-f310-4c9c-a833-a837b68f1658,2026-09-10 20:15:00+00:00,4101.86,4143.92,4465.34,4260.692346272477,4351.581791050649
e8fffaab-f310-4c9c-a833-a837b68f1658,2026-09-10 20:30:00+00:00,4071.91,4101.86,4013.74,4262.769052618235,4343.4542873792425
e8fffaab-f310-4c9c-a833-a837b68f1658,2026-09-10 20:45:00+00:00,4062.14,4071.91,3991.74,4270.035198798738,4332.292512527537
e8fffaab-f310-4c9c-a833-a837b68f1658,2026-09-10 21:00:00+00:00,3914.32,4062.14,3804.33,4228.630687772721,4287.1875145497
e8fffaab-f310-4c9c-a833-a837b68f1658,2026-09-10 21:15:00+00:00,3873.94,3914.32,3887.1,4113.630881657672,4156.47640762961
e8fffaab-f310-4c9c-a833-a837b68f1658,2026-09-10 21:30:00+00:00,3994.43,3873.94,3881.01,4095.528173421012,4129.572726559353
e8fffaab-f310-4c9c-a833-a837b68f1658,2026-09-10 21:45:00+00:00,4704.46,3994.43,4004.91,4274.029812700688,4290.241983322284
e8fffaab-f310-4c9c-a833-a837b68f1658,2026-09-10 22:00:00+00:00,4214.79,4704.46,3522.7,4925.781777881352,4936.638229291413
e8fffaab-f310-4c9c-a833-a837b68f1658,2026-09-10 22:15:00+00:00,3147.12,4214.79,3464.37,4305.584995339088,4313.804674454533
e8fffaab-f310-4c9c-a833-a837b68f1658,2026-09-10 22:30:00+00:00,3236.7,3147.12,3675.48,3367.53996647633,3374.521067442217
e8fffaab-f310-4c9c-a833-a837b68f1658,2026-09-10 22:45:00+00:00,3098.72,3236.7,3760.66,3690.625738319365,3688.4930679088393
e8fffaab-f310-4c9c-a833-a837b68f1658,2026-09-10 23:00:00+00:00,3563.98,3098.72,3729.27,3532.86655009897,3534.0328279919795
e8fffaab-f310-4c9c-a833-a837b68f1658,2026-09-10 23:15:00+00:00,3236.4,3563.98,3518.64,4020.4898066196483,4025.7737271501373
e8fffaab-f310-4c9c-a833-a837b68f1658,2026-09-10 23:30:00+00:00,3187.06,3236.4,3937.39,3650.845552432972,3654.103111337875
e8fffaab-f310-4c9c-a833-a837b68f1658,2026-09-10 23:45:00+00:00,3330.12,3187.06,3608.14,3668.4296815344287,3679.6149134086236
e8fffaab-f310-4c9c-a833-a837b68f1658,2026-09-11 00:00:00+00:00,3174.8,3330.12,3544.23,3873.89128521949,3875.9740417691955
e8fffaab-f310-4c9c-a833-a837b68f1658,2026-09-11 00:15:00+00:00,3313.21,3174.8,3641.28,3669.540183337758,3680.3872417562316
e8fffaab-f310-4c9c-a833-a837b68f1658,2026-09-11 00:30:00+00:00,3149.46,3313.21,3472.31,3865.1509202978987,3876.438001464964
e8fffaab-f310-4c9c-a833-a837b68f1658,2026-09-11 00:45:00+00:00,3227.34,3149.46,3638.29,3708.429720702253,3721.517847666638
e8fffaab-f310-4c9c-a833-a837b68f1658,2026-09-11 01:00:00+00:00,2997.24,3227.34,3336.19,3811.6237367065596,3835.1514435611907
e8fffaab-f310-4c9c-a833-a837b68f1658,2026-09-11 01:15:00+00:00,2933.09,2997.24,3641.98,3627.853159963747,3652.619083735134
e8fffaab-f310-4c9c-a833-a837b68f1658,2026-09-11 01:30:00+00:00,3170.87,2933.09,3702.36,3631.9102265590836,3666.044010878565
e8fffaab-f310-4c9c-a833-a837b68f1658,2026-09-11 01:45:00+00:00,3447.85,3170.87,3545.82,3905.709280917502,3947.9262242128398
e8fffaab-f310-4c9c-a833-a837b68f1658,2026-09-11 02:00:00+00:00,6110.41,3447.85,5906.34,4373.1928429426325,4384.760028753872
e8fffaab-f310-4c9c-a833-a837b68f1658,2026-09-11 02:15:00+00:00,5904.34,6110.41,5730.89,6959.3745829144555,6970.274511287563
e8fffaab-f310-4c9c-a833-a837b68f1658,2026-09-11 02:30:00+00:00,5421.31,5904.34,5697.42,6299.98083149665,6319.040779540743
e8fffaab-f310-4c9c-a833-a837b68f1658,2026-09-11 02:45:00+00:00,5793.75,5421.31,6319.33,5943.695351035623,5969.8713909333055
e8fffaab-f310-4c9c-a833-a837b68f1658,2026-09-11 03:00:00+00:00,5863.35,5793.75,6123.9,6518.390560716423,6536.249472067613
e8fffaab-f310-4c9c-a833-a837b68f1658,2026-09-11 03:15:00+00:00,5948.91,5863.35,6377.02,6596.406437292488,6627.417260520193
e8fffaab-f310-4c9c-a833-a837b68f1658,2026-09-11 03:30:00+00:00,5832.97,5948.91,6511.37,6601.115878748209,6670.7982393936045
e8fffaab-f310-4c9c-a833-a837b68f1658,2026-09-11 03:45:00+00:00,6269.64,5832.97,7313.56,6543.552039670695,6626.9192189746655
e8fffaab-f310-4c9c-a833-a837b68f1658,2026-09-11 04:00:00+00:00,5769.73,6269.64,6502.92,6979.106315194798,7093.66409832176
e8fffaab-f310-4c9c-a833-a837b68f1658,2026-09-11 04:15:00+00:00,8672.17,5769.73,8941.26,6566.285963951695,6680.007476497074
e8fffaab-f310-4c9c-a833-a837b68f1658,2026-09-11 04:30:00+00:00,7770.3,8672.17,8515.95,9532.813595238715,9659.827550119935
e8fffaab-f310-4c9c-a833-a837b68f1658,2026-09-11 04:45:00+00:00,6783.5,7770.3,9060.56,8239.68606580809,8373.090691344007
e8fffaab-f310-4c9c-a833-a837b68f1658,2026-09-11 05:00:00+00:00,9941.41,6783.5,9416.88,7449.307935294093,7619.200339366818
e8fffaab-f310-4c9c-a833-a837b68f1658,2026-09-11 05:15:00+00:00,8589.88,9941.41,8020.08,10857.878202276213,11002.209866586443
e8fffaab-f310-4c9c-a833-a837b68f1658,2026-09-11 05:30:00+00:00,9554.76,8589.88,12135.25,9117.722444067587,9243.447293111698
e8fffaab-f310-4c9c-a833-a837b68f1658,2026-09-11 05:45:00+00:00,11305.44,9554.76,20897.9,10824.205165286467,10860.662975904854
e8fffaab-f310-4c9c-a833-a837b68f1658,2026-09-11 06:00:00+00:00,9377.64,11305.44,20303.61,12440.232443618273,12459.148369260329
e8fffaab-f310-4c9c-a833-a837b68f1658,2026-09-11 06:15:00+00:00,8147.83,9377.64,20271.18,10231.401536424803,10262.763252031767
e8fffaab-f310-4c9c-a833-a837b68f1658,2026-09-11 06:30:00+00:00,8951.24,8147.83,19382.81,9325.798531729857,9376.179508916883
e8fffaab-f310-4c9c-a833-a837b68f1658,2026-09-11 06:45:00+00:00,8841.96,8951.24,18763.46,10419.863473201665,10451.95723257041
e8fffaab-f310-4c9c-a833-a837b68f1658,2026-09-11 07:00:00+00:00,7847.62,8841.96,19512.91,10167.80573016024,10202.822028620005
e8fffaab-f310-4c9c-a833-a837b68f1658,2026-09-11 07:15:00+00:00,10800.44,7847.62,18444.45,9041.587370169796,9081.041894508206
e8fffaab-f310-4c9c-a833-a837b68f1658,2026-09-11 07:30:00+00:00,9163.29,10800.44,15260.74,12102.794888179696,12101.677370353813
e8fffaab-f310-4c9c-a833-a837b68f1658,2026-09-11 07:45:00+00:00,10831.62,9163.29,14017.5,9811.124288160227,9801.596498341361
e8fffaab-f310-4c9c-a833-a837b68f1658,2026-09-11 08:00:00+00:00,9292.86,10831.62,11738.68,11762.324829487854,11716.788660385535
e8fffaab-f310-4c9c-a833-a837b68f1658,2026-09-11 08:15:00+00:00,10153.39,9292.86,10148.55,9761.70719377399,9723.793617202033
e8fffaab-f310-4c9c-a833-a837b68f1658,2026-09-11 08:30:00+00:00,9497.8,10153.39,8075.71,10820.412433819414,10782.292713255705
e8fffaab-f310-4c9c-a833-a837b68f1658,2026-09-11 08:45:00+00:00,8789.53,9497.8,10974.04,10131.11256341089,10039.745595432598
e8fffaab-f310-4c9c-a833-a837b68f1658,2026-09-11 09:00:00+00:00,12408.24,8789.53,9515.39,9521.098278169678,9425.729470944796
e8fffaab-f310-4c9c-a833-a837b68f1658,2026-09-11 09:15:00+00:00,13283.01,12408.24,7288.31,13116.644687057067,13017.23144692249
e8fffaab-f310-4c9c-a833-a837b68f1658,2026-09-11 09:30:00+00:00,11980.72,13283.01,11954.7,13506.111059817677,13347.751392419164
e8fffaab-f310-4c9c-a833-a837b68f1658,2026-09-11 09:45:00+00:00,12487.37,11980.72,3935.85,11448.825515156317,11412.15582444914
e8fffaab-f310-4c9c-a833-a837b68f1658,2026-09-11 10:00:00+00:00,11120.45,12487.37,4764.26,12329.599798002018,12246.492189633254
e8fffaab-f310-4c9c-a833-a837b68f1658,2026-09-11 10:15:00+00:00,7107.06,11120.45,9076.3,11113.71688707612,10972.620238812236
e8fffaab-f310-4c9c-a833-a837b68f1658,2026-09-11 10:30:00+00:00,9005.75,7107.06,7464.3,7220.774994189012,7129.454902977528
e8fffaab-f310-4c9c-a833-a837b68f1658,2026-09-11 10:45:00+00:00,9655.13,9005.75,5622.84,9670.786508175,9587.109574431524
e8fffaab-f310-4c9c-a833-a837b68f1658,2026-09-11 11:00:00+00:00,10168.7,9655.13,2221.68,10126.99809179251,10004.700189891118
e8fffaab-f310-4c9c-a833-a837b68f1658,2026-09-11 11:15:00+00:00,11858.87,10168.7,6988.62,10945.281636835905,10777.719931306267
e8fffaab-f310-4c9c-a833-a837b68f1658,2026-09-11 11:30:00+00:00,10145.7,11858.87,11846.46,12636.132056404964,12442.386076818399
e8fffaab-f310-4c9c-a833-a837b68f1658,2026-09-11 11:45:00+00:00,9983.6,10145.7,10001.99,10748.74029400623,10569.924447873143
e8fffaab-f310-4c9c-a833-a837b68f1658,2026-09-11 12:00:00+00:00,10685.53,9983.6,6672.64,10524.407993426223,10438.536979168251
e8fffaab-f310-4c9c-a833-a837b68f1658,2026-09-11 12:15:00+00:00,10571.75,10685.53,5900.63,11017.779165291622,10924.329634766289
e8fffaab-f310-4c9c-a833-a837b68f1658,2026-09-11 12:30:00+00:00,10298.02,10571.75,10524.9,10910.44457768642,10750.254365457764
e8fffaab-f310-4c9c-a833-a837b68f1658,2026-09-11 12:45:00+00:00,10322.43,10298.02,10567.82,10647.188412131723,10452.176732206319
e8fffaab-f310-4c9c-a833-a837b68f1658,2026-09-11 13:00:00+00:00,9922.31,10322.43,8739.28,10678.013212466343,10451.95950041752
e8fffaab-f310-4c9c-a833-a837b68f1658,2026-09-11 13:15:00+00:00,11952.13,9922.31,9297.46,10235.147809147591,10039.060610820408
e8fffaab-f310-4c9c-a833-a837b68f1658,2026-09-11 13:30:00+00:00,12980.11,11952.13,8524.48,12206.420950034957,12038.787643083771
e8fffaab-f310-4c9c-a833-a837b68f1658,2026-09-11 13:45:00+00:00,12074.63,12980.11,12161.59,12928.971311590576,12746.254309756456
e8fffaab-f310-4c9c-a833-a837b68f1658,2026-09-11 14:00:00+00:00,11397.56,12074.63,12524.64,11848.078168401806,11686.314669363286
e8fffaab-f310-4c9c-a833-a837b68f1658,2026-09-11 14:15:00+00:00,11065.75,11397.56,11552.16,11288.740755294413,11119.547868217873
e8fffaab-f310-4c9c-a833-a837b68f1658,2026-09-11 14:30:00+00:00,10251.84,11065.75,10936.16,10947.153520796683,10781.957929188362
e8fffaab-f310-4c9c-a833-a837b68f1658,2026-09-11 14:45:00+00:00,8434.71,10251.84,9323.87,10249.21880703537,10070.109873215137
e8fffaab-f310-4c9c-a833-a837b68f1658,2026-09-11 15:00:00+00:00,7524.43,8434.71,10858.69,8401.99638807141,8244.14600636465
e8fffaab-f310-4c9c-a833-a837b68f1658,2026-09-11 15:15:00+00:00,7659.14,7524.43,7559.24,7584.336270424333,7492.583858476262
e8fffaab-f310-4c9c-a833-a837b68f1658,2026-09-11 15:30:00+00:00,8667.63,7659.14,6334.13,7872.795821266856,7795.655148632495
e8fffaab-f310-4c9c-a833-a837b68f1658,2026-09-11 15:45:00+00:00,5982.28,8667.63,7428.97,8798.162156125552,8729.470640116195
e8fffaab-f310-4c9c-a833-a837b68f1658,2026-09-11 16:00:00+00:00,3911.56,5982.28,3090.55,5467.075280573608,5510.564052305337
e8fffaab-f310-4c9c-a833-a837b68f1658,2026-09-11 16:15:00+00:00,2791.1,3911.56,3044.28,3875.8802882920627,3948.6741559459115
e8fffaab-f310-4c9c-a833-a837b68f1658,2026-09-11 16:30:00+00:00,1658.99,2791.1,3832.58,3254.2895624294206,3320.50332515222
e8fffaab-f310-4c9c-a833-a837b68f1658,2026-09-11 16:45:00+00:00,3292.63,1658.99,4069.01,2229.354344777058,2335.8534031868203
e8fffaab-f310-4c9c-a833-a837b68f1658,2026-09-11 17:00:00+00:00,3229.51,3292.63,3662.68,3954.143236254273,4080.538063748885
e8fffaab-f310-4c9c-a833-a837b68f1658,2026-09-11 17:15:00+00:00,3077.4,3229.51,3760.18,3559.3975157176383,3695.0673077691144
e8fffaab-f310-4c9c-a833-a837b68f1658,2026-09-11 17:30:00+00:00,3493.55,3077.4,4005.61,3393.6600901933816,3541.4936985870327
e8fffaab-f310-4c9c-a833-a837b68f1658,2026-09-11 17:45:00+00:00,3875.04,3493.55,4029.27,3888.0863110018836,4022.599182195486
e8fffaab-f310-4c9c-a833-a837b68f1658,2026-09-11 18:00:00+00:00,4137.43,3875.04,4319.04,4178.843368753357,4314.936529234609
e8fffaab-f310-4c9c-a833-a837b68f1658,2026-09-11 18:15:00+00:00,4118.78,4137.43,4378.88,4373.448590842147,4491.301075441264
e8fffaab-f310-4c9c-a833-a837b68f1658,2026-09-11 18:30:00+00:00,3706.48,4118.78,4376.76,4309.76939268493,4410.489203881566
e8fffaab-f310-4c9c-a833-a837b68f1658,2026-09-11 18:45:00+00:00,4471.9,3706.48,4349.56,3928.9018729545487,4013.238580723173
e8fffaab-f310-4c9c-a833-a837b68f1658,2026-09-11 19:00:00+00:00,4014.2,4471.9,4059.39,4740.701481192234,4810.750937809298
e8fffaab-f310-4c9c-a833-a837b68f1658,2026-09-11 19:15:00+00:00,3981.1,4014.2,4079.11,4143.322946853254,4195.482672641377
e8fffaab-f310-4c9c-a833-a837b68f1658,2026-09-11 19:30:00+00:00,3777.85,3981.1,4071.92,4181.488143590183,4219.409920662637
e8fffaab-f310-4c9c-a833-a837b68f1658,2026-09-11 19:45:00+00:00,4013.1,3777.85,4445.54,4022.9439802726783,4034.8101360043884
e8fffaab-f310-4c9c-a833-a837b68f1658,2026-09-11 20:00:00+00:00,20696.47,4013.1,4143.92,4255.049845830842,4257.580019915598
e8fffaab-f310-4c9c-a833-a837b68f1658,2026-09-11 20:15:00+00:00,56160.85,20696.47,4101.86,20707.839205482574,20586.427395634928
e8fffaab-f310-4c9c-a833-a837b68f1658,2026-09-11 20:30:00+00:00,56557.43,56160.85,4071.91,52578.53378294273,52200.71228153948
e8fffaab-f310-4c9c-a833-a837b68f1658,2026-09-11 20:45:00+00:00,53976.67,56557.43,4062.14,46200.06605518902,45773.1219769921
e8fffaab-f310-4c9c-a833-a837b68f1658,2026-09-11 21:00:00+00:00,33763.12,53976.67,3914.32,43978.86952038335,43433.15251693559
e8fffaab-f310-4c9c-a833-a837b68f1658,2026-09-11 21:15:00+00:00,22545.72,33763.12,3873.94,25443.301664305618,24743.189143021656
e8fffaab-f310-4c9c-a833-a837b68f1658,2026-09-11 21:30:00+00:00,10504.33,22545.72,3994.43,18233.977900702914,17611.711757253535
e8fffaab-f310-4c9c-a833-a837b68f1658,2026-09-11 21:45:00+00:00,3845.2,10504.33,4704.46,8463.139201048827,7931.058781574937
e8fffaab-f310-4c9c-a833-a837b68f1658,2026-09-11 22:00:00+00:00,4023.81,3845.2,4214.79,3613.812348686095,3294.1827031648872
e8fffaab-f310-4c9c-a833-a837b68f1658,2026-09-11 22:15:00+00:00,3505.73,4023.81,3147.12,4734.84749605364,4510.226023972498
e8fffaab-f310-4c9c-a833-a837b68f1658,2026-09-11 22:30:00+00:00,3710.43,3505.73,3236.7,3889.5118406274487,3755.143609996453
e8fffaab-f310-4c9c-a833-a837b68f1658,2026-09-11 22:45:00+00:00,3668.54,3710.43,3098.72,4038.3439474739143,3950.3407008481418
e8fffaab-f310-4c9c-a833-a837b68f1658,2026-09-11 23:00:00+00:00,3630.25,3668.54,3563.98,4012.8451285188285,3915.062262755402
e8fffaab-f310-4c9c-a833-a837b68f1658,2026-09-11 23:15:00+00:00,3501.61,3630.25,3236.4,3950.0593338007193,3857.93078625653
e8fffaab-f310-4c9c-a833-a837b68f1658,2026-09-11 23:30:00+00:00,3535.23,3501.61,3187.06,3855.465760876219,3758.8725644016595
e8fffaab-f310-4c9c-a833-a837b68f1658,2026-09-11 23:45:00+00:00,3417.5,3535.23,3330.12,3929.643603127325,3831.210085842593
e8fffaab-f310-4c9c-a833-a837b68f1658,2026-09-12 00:00:00+00:00,3394.95,3417.5,3174.8,3345.2416648613125,3120.801823365442
e8fffaab-f310-4c9c-a833-a837b68f1658,2026-09-12 00:15:00+00:00,3667.06,3394.95,3313.21,3377.3893060567234,3159.1960295159197
e8fffaab-f310-4c9c-a833-a837b68f1658,2026-09-12 00:30:00+00:00,4200.36,3667.06,3149.46,3660.4854607517755,3452.1192212505675
e8fffaab-f310-4c9c-a833-a837b68f1658,2026-09-12 00:45:00+00:00,3247.69,4200.36,3227.34,4167.3613856425345,3965.0286783680867
e8fffaab-f310-4c9c-a833-a837b68f1658,2026-09-12 01:00:00+00:00,3107.5,3247.69,2997.24,3122.497226300453,2942.9510609858044
e8fffaab-f310-4c9c-a833-a837b68f1658,2026-09-12 01:15:00+00:00,3627.36,3107.5,2933.09,3202.6868048792867,3031.2621875772365
e8fffaab-f310-4c9c-a833-a837b68f1658,2026-09-12 01:30:00+00:00,3408.4,3627.36,3170.87,3797.0594254553635,3625.891926354265
e8fffaab-f310-4c9c-a833-a837b68f1658,2026-09-12 01:45:00+00:00,3730.68,3408.4,3447.85,3493.927467862659,3340.366666311168
e8fffaab-f310-4c9c-a833-a837b68f1658,2026-09-12 02:00:00+00:00,4781.33,3730.68,6110.41,4025.050922275399,3853.0298695484325
e8fffaab-f310-4c9c-a833-a837b68f1658,2026-09-12 02:15:00+00:00,4319.0,4781.33,5904.34,5005.092953394809,4851.128342260293
e8fffaab-f310-4c9c-a833-a837b68f1658,2026-09-12 02:30:00+00:00,3401.48,4319.0,5421.31,4379.087002232638,4252.428188350357
e8fffaab-f310-4c9c-a833-a837b68f1658,2026-09-12 02:45:00+00:00,3664.18,3401.48,5793.75,3605.5190002916743,3505.111208253945
e8fffaab-f310-4c9c-a833-a837b68f1658,2026-09-12 03:00:00+00:00,3989.43,3664.18,5863.35,4091.4621502638583,4008.59142699535
e8fffaab-f310-4c9c-a833-a837b68f1658,2026-09-12 03:15:00+00:00,3872.16,3989.43,5948.91,4401.332937666893,4335.451893693495
e8fffaab-f310-4c9c-a833-a837b68f1658,2026-09-12 03:30:00+00:00,3793.97,3872.16,5832.97,4187.235295103644,4155.97403378365
e8fffaab-f310-4c9c-a833-a837b68f1658,2026-09-12 03:45:00+00:00,4190.55,3793.97,6269.64,4177.478647665456,4163.14716797277
e8fffaab-f310-4c9c-a833-a837b68f1658,2026-09-12 04:00:00+00:00,4583.57,4190.55,5769.73,4624.432889701743,4627.915224495245
e8fffaab-f310-4c9c-a833-a837b68f1658,2026-09-12 04:15:00+00:00,4819.35,4583.57,8672.17,5077.740608328501,5074.724786580107
e8fffaab-f310-4c9c-a833-a837b68f1658,2026-09-12 04:30:00+00:00,3332.72,4819.35,7770.3,5234.255470413734,5259.450788329402
e8fffaab-f310-4c9c-a833-a837b68f1658,2026-09-12 04:45:00+00:00,5279.49,3332.72,6783.5,3667.442156148958,3738.884845803609
e8fffaab-f310-4c9c-a833-a837b68f1658,2026-09-12 05:00:00+00:00,4296.85,5279.49,9941.41,6028.0904437410445,6081.28766363971
e8fffaab-f310-4c9c-a833-a837b68f1658,2026-09-12 05:15:00+00:00,3370.15,4296.85,8589.88,4645.045465907853,4730.034565572598
e8fffaab-f310-4c9c-a833-a837b68f1658,2026-09-12 05:30:00+00:00,2924.52,3370.15,9554.76,3918.0918069825093,4030.069648005552
e8fffaab-f310-4c9c-a833-a837b68f1658,2026-09-12 05:45:00+00:00,6372.92,2924.52,11305.44,3779.1255130267427,3880.807969024254
e8fffaab-f310-4c9c-a833-a837b68f1658,2026-09-12 06:00:00+00:00,4619.24,6372.92,9377.64,7106.735464843532,7239.37615180841
e8fffaab-f310-4c9c-a833-a837b68f1658,2026-09-12 06:15:00+00:00,5558.95,4619.24,8147.83,4667.755230783577,4803.396253045399
e8fffaab-f310-4c9c-a833-a837b68f1658,2026-09-12 06:30:00+00:00,4842.14,5558.95,8951.24,5992.842143551176,6093.734737969622
e8fffaab-f310-4c9c-a833-a837b68f1658,2026-09-12 06:45:00+00:00,6748.26,4842.14,8841.96,5133.8143147278015,5201.269887374192
e8fffaab-f310-4c9c-a833-a837b68f1658,2026-09-12 07:00:00+00:00,5592.68,6748.26,7847.62,7145.083598372146,7190.334725074228
e8fffaab-f310-4c9c-a833-a837b68f1658,2026-09-12 07:15:00+00:00,5700.3,5592.68,10800.44,5790.119878466762,5782.753182260464
e8fffaab-f310-4c9c-a833-a837b68f1658,2026-09-12 07:30:00+00:00,5794.02,5700.3,9163.29,5988.624794705838,5985.673125028287
e8fffaab-f310-4c9c-a833-a837b68f1658,2026-09-12 07:45:00+00:00,5035.14,5794.02,10831.62,6046.160615612558,6008.552718079332
e8fffaab-f310-4c9c-a833-a837b68f1658,2026-09-12 08:00:00+00:00,2033.46,5035.14,9292.86,5267.351218794594,5219.043415432641
e8fffaab-f310-4c9c-a833-a837b68f1658,2026-09-12 08:15:00+00:00,471.96,2033.46,10153.39,2605.1960291173964,2534.0272224073788
e8fffaab-f310-4c9c-a833-a837b68f1658,2026-09-12 08:30:00+00:00,-29.34,471.96,9497.8,1552.1775545901182,1492.2580729406127
e8fffaab-f310-4c9c-a833-a837b68f1658,2026-09-12 08:45:00+00:00,1305.44,-29.34,8789.53,1023.9635713079915,1008.0411345075099
e8fffaab-f310-4c9c-a833-a837b68f1658,2026-09-12 09:00:00+00:00,2310.2,1305.44,12408.24,2812.5418407612124,2710.969331923303
e8fffaab-f310-4c9c-a833-a837b68f1658,2026-09-12 09:15:00+00:00,1739.9,2310.2,13283.01,3557.177093441651,3430.8993913701233
e8fffaab-f310-4c9c-a833-a837b68f1658,2026-09-12 09:30:00+00:00,2949.55,1739.9,11980.72,2742.2652842575562,2612.89572052889
e8fffaab-f310-4c9c-a833-a837b68f1658,2026-09-12 09:45:00+00:00,2028.94,2949.55,12487.37,4023.0256146302336,3861.487866065645
e8fffaab-f310-4c9c-a833-a837b68f1658,2026-09-12 10:00:00+00:00,1799.57,2028.94,11120.45,2873.714022764685,2694.445919858854
e8fffaab-f310-4c9c-a833-a837b68f1658,2026-09-12 10:15:00+00:00,2342.6,1799.57,7107.06,2433.1731031264553,2330.1952193541174
e8fffaab-f310-4c9c-a833-a837b68f1658,2026-09-12 10:30:00+00:00,691.55,2342.6,9005.75,3362.0966431139723,3188.287737502077
e8fffaab-f310-4c9c-a833-a837b68f1658,2026-09-12 10:45:00+00:00,1177.21,691.55,9655.13,1407.5008070683452,1274.961181847897
e8fffaab-f310-4c9c-a833-a837b68f1658,2026-09-12 11:00:00+00:00,-2232.09,1177.21,10168.7,2348.5308348707886,2184.2124307913864
e8fffaab-f310-4c9c-a833-a837b68f1658,2026-09-12 11:15:00+00:00,-1603.08,-2232.09,11858.87,-1035.8474571029783,-1197.7302793592953
e8fffaab-f310-4c9c-a833-a837b68f1658,2026-09-12 11:30:00+00:00,-2330.53,-1603.08,10145.7,180.82797333321287,36.08803300906038
e8fffaab-f310-4c9c-a833-a837b68f1658,2026-09-12 11:45:00+00:00,-4213.9,-2330.53,9983.6,-824.7981172812142,-944.015353391902
e8fffaab-f310-4c9c-a833-a837b68f1658,2026-09-12 12:00:00+00:00,-3891.67,-4213.9,10685.53,-2688.197739758407,-2767.699398235811
e8fffaab-f310-4c9c-a833-a837b68f1658,2026-09-12 12:15:00+00:00,-131.53,-3891.67,10571.75,-2012.2291142428312,-2104.1753725157105
e8fffaab-f310-4c9c-a833-a837b68f1658,2026-09-12 12:30:00+00:00,575.64,-131.53,10298.02,1462.569355187401,1365.7539260405192
e8fffaab-f310-4c9c-a833-a837b68f1658,2026-09-12 12:45:00+00:00,668.69,575.64,10322.43,1296.6406659162312,1207.6350576952027
e8fffaab-f310-4c9c-a833-a837b68f1658,2026-09-12 13:00:00+00:00,-536.44,668.69,9922.31,1291.4275688722846,1179.4692723851458
e8fffaab-f310-4c9c-a833-a837b68f1658,2026-09-12 13:15:00+00:00,2690.54,-536.44,11952.13,317.5460499939127,199.96863687803489
e8fffaab-f310-4c9c-a833-a837b68f1658,2026-09-12 13:30:00+00:00,3099.14,2690.54,12980.11,3900.8944308819764,3774.0399365004405
e8fffaab-f310-4c9c-a833-a837b68f1658,2026-09-12 13:45:00+00:00,-958.03,3099.14,12074.63,3566.470824473986,3495.611710972572
e8fffaab-f310-4c9c-a833-a837b68f1658,2026-09-12 14:00:00+00:00,1260.53,-958.03,11397.56,-629.0036384624636,-612.528140679111
e8fffaab-f310-4c9c-a833-a837b68f1658,2026-09-12 14:15:00+00:00,4579.36,1260.53,11065.75,2431.0135300528855,2390.5196462046224
e8fffaab-f310-4c9c-a833-a837b68f1658,2026-09-12 14:30:00+00:00,4757.47,4579.36,10251.84,5196.019256950333,5125.031792893477
e8fffaab-f310-4c9c-a833-a837b68f1658,2026-09-12 14:45:00+00:00,2922.91,4757.47,8434.71,4551.987304903588,4502.220484775925
e8fffaab-f310-4c9c-a833-a837b68f1658,2026-09-12 15:00:00+00:00,3118.17,2922.91,7524.43,2757.1938871595994,2680.541452579455
e8fffaab-f310-4c9c-a833-a837b68f1658,2026-09-12 15:15:00+00:00,1656.86,3118.17,7659.14,3392.42700081773,3288.002781626674
e8fffaab-f310-4c9c-a833-a837b68f1658,2026-09-12 15:30:00+00:00,3102.66,1656.86,8667.63,1914.0805984417739,1812.439819069461
e8fffaab-f310-4c9c-a833-a837b68f1658,2026-09-12 15:45:00+00:00,1942.82,3102.66,5982.28,3451.33255556517,3379.9493751772006
e8fffaab-f310-4c9c-a833-a837b68f1658,2026-09-12 16:00:00+00:00,2246.53,1942.82,3911.56,1814.1951662434112,1784.2577982975636
e8fffaab-f310-4c9c-a833-a837b68f1658,2026-09-12 16:15:00+00:00,2754.35,2246.53,2791.1,2333.551851173479,2314.960643810178
e8fffaab-f310-4c9c-a833-a837b68f1658,2026-09-12 16:30:00+00:00,3405.03,2754.35,1658.99,2732.227711983185,2718.304410708467
e8fffaab-f310-4c9c-a833-a837b68f1658,2026-09-12 16:45:00+00:00,3608.17,3405.03,3292.63,3294.6932720309014,3275.656242598973
e8fffaab-f310-4c9c-a833-a837b68f1658,2026-09-12 17:00:00+00:00,3317.07,3608.17,3229.51,3344.1377266455556,3329.0185409208752
e8fffaab-f310-4c9c-a833-a837b68f1658,2026-09-12 17:15:00+00:00,3766.6,3317.07,3077.4,3021.546934501441,3018.50057877419
e8fffaab-f310-4c9c-a833-a837b68f1658,2026-09-12 17:30:00+00:00,3699.41,3766.6,3493.55,3568.4046063119276,3564.2614055992626
e8fffaab-f310-4c9c-a833-a837b68f1658,2026-09-12 17:45:00+00:00,4120.72,3699.41,3875.04,3417.128019757851,3423.6388779625986
e8fffaab-f310-4c9c-a833-a837b68f1658,2026-09-12 18:00:00+00:00,4169.75,4120.72,4137.43,3876.7625732598617,3889.0548019414955
e8fffaab-f310-4c9c-a833-a837b68f1658,2026-09-12 18:15:00+00:00,4262.21,4169.75,4118.78,3851.9055185296065,3846.7928993362248
e8fffaab-f310-4c9c-a833-a837b68f1658,2026-09-12 18:30:00+00:00,4240.39,4262.21,3706.48,3901.6411482316516,3888.9197684897026
e8fffaab-f310-4c9c-a833-a837b68f1658,2026-09-12 18:45:00+00:00,4211.46,4240.39,4471.9,3894.96038937483,3860.598222339273
e8fffaab-f310-4c9c-a833-a837b68f1658,2026-09-12 19:00:00+00:00,4240.82,4211.46,4014.2,3846.7777958429688,3805.4312329471095
e8fffaab-f310-4c9c-a833-a837b68f1658,2026-09-12 19:15:00+00:00,4180.59,4240.82,3981.1,3882.925949708193,3818.2408782277116
e8fffaab-f310-4c9c-a833-a837b68f1658,2026-09-12 19:30:00+00:00,4262.15,4180.59,3777.85,3803.2249486770343,3720.1486414323444
e8fffaab-f310-4c9c-a833-a837b68f1658,2026-09-12 19:45:00+00:00,4157.48,4262.15,4013.1,3910.7372771524306,3803.5615502011933
e8fffaab-f310-4c9c-a833-a837b68f1658,2026-09-12 20:00:00+00:00,4221.46,4157.48,20696.47,4564.727907255616,4268.512261697443
e8fffaab-f310-4c9c-a833-a837b68f1658,2026-09-12 20:15:00+00:00,4246.79,4221.46,56160.85,6254.6443908003785,5579.766601491144
e8fffaab-f310-4c9c-a833-a837b68f1658,2026-09-12 20:30:00+00:00,4622.57,4246.79,56557.43,6291.365170027568,5589.638726243443
e8fffaab-f310-4c9c-a833-a837b68f1658,2026-09-12 20:45:00+00:00,4123.57,4622.57,53976.67,6539.364183570704,5841.753950616801
e8fffaab-f310-4c9c-a833-a837b68f1658,2026-09-12 21:00:00+00:00,3954.59,4123.57,33763.12,5058.297451416259,4547.673118345407
e8fffaab-f310-4c9c-a833-a837b68f1658,2026-09-12 21:15:00+00:00,4185.29,3954.59,22545.72,4491.35600455597,4076.6533387189147
e8fffaab-f310-4c9c-a833-a837b68f1658,2026-09-12 21:30:00+00:00,4089.05,4185.29,10504.33,4233.23550629421,3918.025410692966
e8fffaab-f310-4c9c-a833-a837b68f1658,2026-09-12 21:45:00+00:00,4041.49,4089.05,3845.2,3777.935802228437,3521.325306382503
e8fffaab-f310-4c9c-a833-a837b68f1658,2026-09-12 22:00:00+00:00,3739.12,4041.49,4023.81,3758.9446636656303,3490.366874505963
e8fffaab-f310-4c9c-a833-a837b68f1658,2026-09-12 22:15:00+00:00,3794.56,3739.12,3505.73,3461.5755321642837,3187.812848503205
e8fffaab-f310-4c9c-a833-a837b68f1658,2026-09-12 22:30:00+00:00,3759.45,3794.56,3710.43,3595.721892078698,3310.9989669155984
e8fffaab-f310-4c9c-a833-a837b68f1658,2026-09-12 22:45:00+00:00,3784.43,3759.45,3668.54,3572.3651017921748,3279.2647840727477
e8fffaab-f310-4c9c-a833-a837b68f1658,2026-09-12 23:00:00+00:00,3765.06,3784.43,3630.25,3609.434902134587,3312.9891082372524
e8fffaab-f310-4c9c-a833-a837b68f1658,2026-09-12 23:15:00+00:00,3916.22,3765.06,3501.61,3604.176533429845,3303.568688776506
e8fffaab-f310-4c9c-a833-a837b68f1658,2026-09-12 23:30:00+00:00,3670.72,3916.22,3535.23,3775.63972243182,3471.586811107446
e8fffaab-f310-4c9c-a833-a837b68f1658,2026-09-12 23:45:00+00:00,3477.51,3670.72,3417.5,3525.1631022077736,3221.7059802616386
e8fffaab-f310-4c9c-a833-a837b68f1658,2026-09-13 00:00:00+00:00,3226.26,3477.51,3394.95,3469.357381580632,3139.3866112198575
e8fffaab-f310-4c9c-a833-a837b68f1658,2026-09-13 00:15:00+00:00,3260.42,3226.26,3667.06,3293.3940188298775,2974.034388368772
e8fffaab-f310-4c9c-a833-a837b68f1658,2026-09-13 00:30:00+00:00,3148.95,3260.42,4200.36,3447.187660710346,3133.3601108730118
e8fffaab-f310-4c9c-a833-a837b68f1658,2026-09-13 00:45:00+00:00,3270.84,3148.95,3247.69,3280.399597559366,2997.878729272087
e8fffaab-f310-4c9c-a833-a837b68f1658,2026-09-13 01:00:00+00:00,3005.59,3270.84,3107.5,3425.6581609301484,3164.2027727139457
e8fffaab-f310-4c9c-a833-a837b68f1658,2026-09-13 01:15:00+00:00,3058.79,3005.59,3627.36,3188.2173805700977,2927.893733893152
e8fffaab-f310-4c9c-a833-a837b68f1658,2026-09-13 01:30:00+00:00,3133.77,3058.79,3408.4,3312.6883514794463,3060.294200759844
e8fffaab-f310-4c9c-a833-a837b68f1658,2026-09-13 01:45:00+00:00,3164.87,3133.77,3730.68,3420.4936157152024,3171.155312011083
e8fffaab-f310-4c9c-a833-a837b68f1658,2026-09-13 02:00:00+00:00,3227.58,3164.87,4781.33,3514.303807452603,3263.7123111284573
e8fffaab-f310-4c9c-a833-a837b68f1658,2026-09-13 02:15:00+00:00,3162.62,3227.58,4319.0,3588.3223874503283,3350.3138774525396
e8fffaab-f310-4c9c-a833-a837b68f1658,2026-09-13 02:30:00+00:00,3508.2,3162.62,3401.48,3504.394646340661,3286.3304495901257
e8fffaab-f310-4c9c-a833-a837b68f1658,2026-09-13 02:45:00+00:00,3402.76,3508.2,3664.18,3877.679230646152,3670.7171331847476
e8fffaab-f310-4c9c-a833-a837b68f1658,2026-09-13 03:00:00+00:00,3579.63,3402.76,3989.43,3777.8076623534807,3577.2221621215867
e8fffaab-f310-4c9c-a833-a837b68f1658,2026-09-13 03:15:00+00:00,3497.5,3579.63,3872.16,3997.1631782055456,3815.841615803429
e8fffaab-f310-4c9c-a833-a837b68f1658,2026-09-13 03:30:00+00:00,3455.45,3497.5,3793.97,3919.7002827075867,3756.2978439064145
e8fffaab-f310-4c9c-a833-a837b68f1658,2026-09-13 03:45:00+00:00,3544.6,3455.45,4190.55,3922.2551712962377,3779.1961303340995
e8fffaab-f310-4c9c-a833-a837b68f1658,2026-09-13 04:00:00+00:00,3461.3,3544.6,4583.57,4063.318404290986,3936.7809720946143
e8fffaab-f310-4c9c-a833-a837b68f1658,2026-09-13 04:15:00+00:00,3999.07,3461.3,4819.35,4017.4494923873735,3908.6057445598653
e8fffaab-f310-4c9c-a833-a837b68f1658,2026-09-13 04:30:00+00:00,3419.23,3999.07,3332.72,4478.426340313705,4410.779619762426
e8fffaab-f310-4c9c-a833-a837b68f1658,2026-09-13 04:45:00+00:00,3602.42,3419.23,5279.49,3913.7106175357294,3852.6266858252284
e8fffaab-f310-4c9c-a833-a837b68f1658,2026-09-13 05:00:00+00:00,3111.95,3602.42,4296.85,4150.277330501878,4127.381836966076
e8fffaab-f310-4c9c-a833-a837b68f1658,2026-09-13 05:15:00+00:00,2784.62,3111.95,3370.15,3606.5600204358398,3612.074185900585
e8fffaab-f310-4c9c-a833-a837b68f1658,2026-09-13 05:30:00+00:00,3056.74,2784.62,2924.52,3344.8234693762433,3382.1074645237795
e8fffaab-f310-4c9c-a833-a837b68f1658,2026-09-13 05:45:00+00:00,2870.63,3056.74,6372.92,3841.9353213587437,3861.710361025054
e8fffaab-f310-4c9c-a833-a837b68f1658,2026-09-13 06:00:00+00:00,3401.44,2870.63,4619.24,3501.8822910312,3566.225123415028
e8fffaab-f310-4c9c-a833-a837b68f1658,2026-09-13 06:15:00+00:00,3032.73,3401.44,5558.95,4097.993327377041,4160.799937645287
e8fffaab-f310-4c9c-a833-a837b68f1658,2026-09-13 06:30:00+00:00,3048.77,3032.73,4842.14,3608.0909272156778,3686.0465812907732
e8fffaab-f310-4c9c-a833-a837b68f1658,2026-09-13 06:45:00+00:00,3104.1,3048.77,6748.26,3803.6741429210397,3867.516804329275
e8fffaab-f310-4c9c-a833-a837b68f1658,2026-09-13 07:00:00+00:00,2827.51,3104.1,5592.68,3752.179995089504,3840.2888919236066
e8fffaab-f310-4c9c-a833-a837b68f1658,2026-09-13 07:15:00+00:00,2990.61,2827.51,5700.3,3473.0886356261262,3562.871996169598
e8fffaab-f310-4c9c-a833-a837b68f1658,2026-09-13 07:30:00+00:00,2450.58,2990.61,5794.02,3662.4272950629074,3753.710024175971
e8fffaab-f310-4c9c-a833-a837b68f1658,2026-09-13 07:45:00+00:00,3299.18,2450.58,5035.14,2960.990072985941,3076.7312283787605
e8fffaab-f310-4c9c-a833-a837b68f1658,2026-09-13 08:00:00+00:00,1286.24,3299.18,2033.46,3789.9496347441254,3924.70030077523
e8fffaab-f310-4c9c-a833-a837b68f1658,2026-09-13 08:15:00+00:00,2612.59,1286.24,471.96,1580.6094774970716,1703.5292074015197
e8fffaab-f310-4c9c-a833-a837b68f1658,2026-09-13 08:30:00+00:00,2535.18,2612.59,-29.34,3243.623183797825,3330.055188224892
e8fffaab-f310-4c9c-a833-a837b68f1658,2026-09-13 08:45:00+00:00,2223.48,2535.18,1305.44,2970.27572369275,3000.443010311282
e8fffaab-f310-4c9c-a833-a837b68f1658,2026-09-13 09:00:00+00:00,2549.41,2223.48,2310.2,2688.7237835426795,2682.140994045192
e8fffaab-f310-4c9c-a833-a837b68f1658,2026-09-13 09:15:00+00:00,2754.06,2549.41,1739.9,3137.551338159976,3157.5866027597503
e8fffaab-f310-4c9c-a833-a837b68f1658,2026-09-13 09:30:00+00:00,-935.07,2754.06,2949.55,3161.1181717273603,3235.1166077843955
e8fffaab-f310-4c9c-a833-a837b68f1658,2026-09-13 09:45:00+00:00,842.47,-935.07,2028.94,-508.0132700547165,-370.62733421010853
e8fffaab-f310-4c9c-a833-a837b68f1658,2026-09-13 10:00:00+00:00,2895.83,842.47,1799.57,2030.6193550518337,2184.3395048665125
e8fffaab-f310-4c9c-a833-a837b68f1658,2026-09-13 10:15:00+00:00,4334.59,2895.83,2342.6,3601.552671703018,3769.0748799370567
e8fffaab-f310-4c9c-a833-a837b68f1658,2026-09-13 10:30:00+00:00,3547.01,4334.59,691.55,4470.945098696108,4680.9806494578925
e8fffaab-f310-4c9c-a833-a837b68f1658,2026-09-13 10:45:00+00:00,2291.37,3547.01,1177.21,3559.8285591625736,3751.8907846306893
e8fffaab-f310-4c9c-a833-a837b68f1658,2026-09-13 11:00:00+00:00,3455.77,2291.37,-2232.09,1850.0368766962365,2157.445584956512
e8fffaab-f310-4c9c-a833-a837b68f1658,2026-09-13 11:15:00+00:00,3677.32,3455.77,-1603.08,3440.3592801591585,3709.136145516375
e8fffaab-f310-4c9c-a833-a837b68f1658,2026-09-13 11:30:00+00:00,2464.32,3677.32,-2330.53,3534.568761426751,3794.660568233783
e8fffaab-f310-4c9c-a833-a837b68f1658,2026-09-13 11:45:00+00:00,1711.61,2464.32,-4213.9,2259.268688266332,2544.609582740598
e8fffaab-f310-4c9c-a833-a837b68f1658,2026-09-13 12:00:00+00:00,2873.88,1711.61,-3891.67,1803.5414495376262,2081.304499962348
e8fffaab-f310-4c9c-a833-a837b68f1658,2026-09-13 12:15:00+00:00,1999.23,2873.88,-131.53,2893.644507310917,3207.522984869045
e8fffaab-f310-4c9c-a833-a837b68f1658,2026-09-13 12:30:00+00:00,-1812.59,1999.23,575.64,1946.4910987081657,2266.154966489785
e8fffaab-f310-4c9c-a833-a837b68f1658,2026-09-13 12:45:00+00:00,2058.09,-1812.59,668.69,-1732.3668360454576,-1353.633366032307
e8fffaab-f310-4c9c-a833-a837b68f1658,2026-09-13 13:00:00+00:00,-1853.44,2058.09,-536.44,3088.396936706924,3420.541077357997
e8fffaab-f310-4c9c-a833-a837b68f1658,2026-09-13 13:15:00+00:00,1488.71,-1853.44,2690.54,-1401.8692664322243,-1193.8285120946857
e8fffaab-f310-4c9c-a833-a837b68f1658,2026-09-13 13:30:00+00:00,1832.24,1488.71,3099.14,2505.0874067046916,2607.4954822771124
e8fffaab-f310-4c9c-a833-a837b68f1658,2026-09-13 13:45:00+00:00,919.17,1832.24,-958.03,1930.1258205299082,1944.2948179298446
e8fffaab-f310-4c9c-a833-a837b68f1658,2026-09-13 14:00:00+00:00,-2283.21,919.17,1260.53,917.0330586836881,825.5816944149665
e8fffaab-f310-4c9c-a833-a837b68f1658,2026-09-13 14:15:00+00:00,1661.52,-2283.21,4579.36,-1669.638690551079,-1815.1099960753018
e8fffaab-f310-4c9c-a833-a837b68f1658,2026-09-13 14:30:00+00:00,2705.49,1661.52,4757.47,2902.459420506475,2731.857187100107
e8fffaab-f310-4c9c-a833-a837b68f1658,2026-09-13 14:45:00+00:00,3456.66,2705.49,2922.91,3053.0576816827215,2908.374757282355
e8fffaab-f310-4c9c-a833-a837b68f1658,2026-09-13 15:00:00+00:00,3484.47,3456.66,3118.17,3454.966886303746,3344.026580686177
e8fffaab-f310-4c9c-a833-a837b68f1658,2026-09-13 15:15:00+00:00,3853.65,3484.47,1656.86,4362.745484672598,4089.3438740624388
e8fffaab-f310-4c9c-a833-a837b68f1658,2026-09-13 15:30:00+00:00,3709.08,3853.65,3102.66,6601.050984341,6030.103848440208
e8fffaab-f310-4c9c-a833-a837b68f1658,2026-09-13 15:45:00+00:00,3556.66,3709.08,1942.82,6324.0695631322715,5772.253881234242
e8fffaab-f310-4c9c-a833-a837b68f1658,2026-09-13 16:00:00+00:00,3526.7,3556.66,2246.53,5620.640951464469,5167.547319837216
e8fffaab-f310-4c9c-a833-a837b68f1658,2026-09-13 16:15:00+00:00,3091.08,3526.7,2754.35,4734.782016596091,4431.8570160233985
e8fffaab-f310-4c9c-a833-a837b68f1658,2026-09-13 16:30:00+00:00,3197.53,3091.08,3405.03,3072.260392128197,2978.4676067910596
e8fffaab-f310-4c9c-a833-a837b68f1658,2026-09-13 16:45:00+00:00,3681.05,3197.53,3608.17,3351.2795078358176,3255.3500902309797
e8fffaab-f310-4c9c-a833-a837b68f1658,2026-09-13 17:00:00+00:00,3516.86,3681.05,3317.07,3657.0029130229286,3595.0198663549854
e8fffaab-f310-4c9c-a833-a837b68f1658,2026-09-13 17:15:00+00:00,3953.88,3516.86,3766.6,3390.8974667379734,3344.7860664317086
e8fffaab-f310-4c9c-a833-a837b68f1658,2026-09-13 17:30:00+00:00,4000.39,3953.88,3699.41,3851.165255519477,3815.945734092117
e8fffaab-f310-4c9c-a833-a837b68f1658,2026-09-13 17:45:00+00:00,4411.93,4000.39,4120.72,3824.4711146700192,3797.3246644246537
e8fffaab-f310-4c9c-a833-a837b68f1658,2026-09-13 18:00:00+00:00,4221.44,4411.93,4169.75,4239.425559071992,4221.079624963674
e8fffaab-f310-4c9c-a833-a837b68f1658,2026-09-13 18:15:00+00:00,4189.55,4221.44,4262.21,3968.3251480596027,3932.9365437663346
e8fffaab-f310-4c9c-a833-a837b68f1658,2026-09-13 18:30:00+00:00,4561.66,4189.55,4240.39,3964.507716537889,3914.573856848465
e8fffaab-f310-4c9c-a833-a837b68f1658,2026-09-13 18:45:00+00:00,4325.08,4561.66,4211.46,4344.394902123775,4274.237992555905
e8fffaab-f310-4c9c-a833-a837b68f1658,2026-09-13 19:00:00+00:00,4797.7,4325.08,4240.82,4027.3224308599856,3946.0832025333902
e8fffaab-f310-4c9c-a833-a837b68f1658,2026-09-13 19:15:00+00:00,4304.84,4797.7,4180.59,4533.509047814085,4427.385187591144
e8fffaab-f310-4c9c-a833-a837b68f1658,2026-09-13 19:30:00+00:00,4318.66,4304.84,4262.15,3974.147013114248,3843.969416006381
e8fffaab-f310-4c9c-a833-a837b68f1658,2026-09-13 19:45:00+00:00,4180.22,4318.66,4157.48,4054.4575974923446,3908.8308826890507
e8fffaab-f310-4c9c-a833-a837b68f1658,2026-09-13 20:00:00+00:00,4150.0,4180.22,4221.46,3948.150583492561,3776.2001688340897
e8fffaab-f310-4c9c-a833-a837b68f1658,2026-09-13 20:15:00+00:00,4228.05,4150.0,4246.79,3916.1644000711703,3728.461945787767
e8fffaab-f310-4c9c-a833-a837b68f1658,2026-09-13 20:30:00+00:00,4144.63,4228.05,4622.57,4024.722196713081,3810.4809561209704
e8fffaab-f310-4c9c-a833-a837b68f1658,2026-09-13 20:45:00+00:00,4160.75,4144.63,4123.57,3905.2097633242356,3677.4093561652435
e8fffaab-f310-4c9c-a833-a837b68f1658,2026-09-13 21:00:00+00:00,3892.7,4160.75,3954.59,3929.6878524575513,3685.6666792991828
e8fffaab-f310-4c9c-a833-a837b68f1658,2026-09-13 21:15:00+00:00,3935.25,3892.7,4185.29,3678.605067617087,3414.0769081678636
e8fffaab-f310-4c9c-a833-a837b68f1658,2026-09-13 21:30:00+00:00,4253.26,3935.25,4089.05,3786.93231967904,3503.615119882649
e8fffaab-f310-4c9c-a833-a837b68f1658,2026-09-13 21:45:00+00:00,3966.33,4253.26,4041.49,4106.457708574176,3803.7821581123435
e8fffaab-f310-4c9c-a833-a837b68f1658,2026-09-13 22:00:00+00:00,3340.05,3966.33,3739.12,3735.137509413198,3426.586844213084
e8fffaab-f310-4c9c-a833-a837b68f1658,2026-09-13 22:15:00+00:00,3461.66,3340.05,3794.56,3198.959395525887,2887.486502445613
e8fffaab-f310-4c9c-a833-a837b68f1658,2026-09-13 22:30:00+00:00,3224.7,3461.66,3759.45,3472.0398701797712,3153.4214667881915
e8fffaab-f310-4c9c-a833-a837b68f1658,2026-09-13 22:45:00+00:00,3130.56,3224.7,3784.43,3188.231315818649,2877.3103201609038
e8fffaab-f310-4c9c-a833-a837b68f1658,2026-09-13 23:00:00+00:00,3236.44,3130.56,3765.06,3140.531323656257,2835.7670023044984
e8fffaab-f310-4c9c-a833-a837b68f1658,2026-09-13 23:15:00+00:00,3146.9,3236.44,3916.22,3313.6114052120374,3003.5682271697506
e8fffaab-f310-4c9c-a833-a837b68f1658,2026-09-13 23:30:00+00:00,3186.25,3146.9,3670.72,3186.30392288233,2887.22252586408
e8fffaab-f310-4c9c-a833-a837b68f1658,2026-09-13 23:45:00+00:00,3192.18,3186.25,3477.51,3262.9535770600633,2969.2019582479725
e8fffaab-f310-4c9c-a833-a837b68f1658,2026-09-14 00:00:00+00:00,3444.45,3192.18,3226.26,3836.049819932201,3641.930900780566
e8fffaab-f310-4c9c-a833-a837b68f1658,2026-09-14 00:15:00+00:00,3243.76,3444.45,3260.42,4106.986715460861,3917.6548765880607
e8fffaab-f310-4c9c-a833-a837b68f1658,2026-09-14 00:30:00+00:00,3148.22,3243.76,3148.95,3886.3995394197873,3705.768867345383
e8fffaab-f310-4c9c-a833-a837b68f1658,2026-09-14 00:45:00+00:00,3215.27,3148.22,3270.84,3857.7473120573386,3686.5134820603653
e8fffaab-f310-4c9c-a833-a837b68f1658,2026-09-14 01:00:00+00:00,2904.32,3215.27,3005.59,3948.874616871124,3791.1271397191613
e8fffaab-f310-4c9c-a833-a837b68f1658,2026-09-14 01:15:00+00:00,3095.8,2904.32,3058.79,3651.7243802192024,3507.978083253841
e8fffaab-f310-4c9c-a833-a837b68f1658,2026-09-14 01:30:00+00:00,3433.12,3095.8,3133.77,3933.5523070749587,3800.4817326249786
e8fffaab-f310-4c9c-a833-a837b68f1658,2026-09-14 01:45:00+00:00,3105.11,3433.12,3164.87,4262.962273219393,4140.341858664049
e8fffaab-f310-4c9c-a833-a837b68f1658,2026-09-14 02:00:00+00:00,5758.58,3105.11,3227.58,4001.5213915608856,3881.285720769869
e8fffaab-f310-4c9c-a833-a837b68f1658,2026-09-14 02:15:00+00:00,5361.56,5758.58,3162.62,6723.950046870379,6607.311349679623
e8fffaab-f310-4c9c-a833-a837b68f1658,2026-09-14 02:30:00+00:00,5557.12,5361.56,3508.2,5901.844961867838,5798.885509926865
e8fffaab-f310-4c9c-a833-a837b68f1658,2026-09-14 02:45:00+00:00,5466.33,5557.12,3402.76,6169.910930047703,6096.790914353782
e8fffaab-f310-4c9c-a833-a837b68f1658,2026-09-14 03:00:00+00:00,5725.75,5466.33,3579.63,6168.050163538066,6095.7677918435675
e8fffaab-f310-4c9c-a833-a837b68f1658,2026-09-14 03:15:00+00:00,5822.41,5725.75,3497.5,6447.19178007067,6399.268129510752
e8fffaab-f310-4c9c-a833-a837b68f1658,2026-09-14 03:30:00+00:00,5533.64,5822.41,3455.45,6511.4035623872405,6485.203448724835
e8fffaab-f310-4c9c-a833-a837b68f1658,2026-09-14 03:45:00+00:00,7335.96,5533.64,3544.6,6226.095619296233,6225.600006647524
e8fffaab-f310-4c9c-a833-a837b68f1658,2026-09-14 04:00:00+00:00,10396.0,7335.96,3461.3,8094.306429358595,8104.326532728957
e8fffaab-f310-4c9c-a833-a837b68f1658,2026-09-14 04:15:00+00:00,26065.78,10396.0,3999.07,10844.131047279352,10851.536200273149
e8fffaab-f310-4c9c-a833-a837b68f1658,2026-09-14 04:30:00+00:00,14659.71,26065.78,3419.23,25799.749146438473,25730.549216401247
e8fffaab-f310-4c9c-a833-a837b68f1658,2026-09-14 04:45:00+00:00,8700.58,14659.71,3602.42,11716.301563652429,11702.232118927508
e8fffaab-f310-4c9c-a833-a837b68f1658,2026-09-14 05:00:00+00:00,9808.71,8700.58,3111.95,8048.511226962724,8098.817542156792
e8fffaab-f310-4c9c-a833-a837b68f1658,2026-09-14 05:15:00+00:00,7521.32,9808.71,2784.62,10641.415929110768,10597.358591827673
e8fffaab-f310-4c9c-a833-a837b68f1658,2026-09-14 05:30:00+00:00,12022.93,7521.32,3056.74,7969.385230218507,8029.591490258516
e8fffaab-f310-4c9c-a833-a837b68f1658,2026-09-14 05:45:00+00:00,19805.57,12022.93,2870.63,12818.001560340976,12898.257371775155
e8fffaab-f310-4c9c-a833-a837b68f1658,2026-09-14 06:00:00+00:00,19787.76,19805.57,3401.44,19663.36153915194,19700.88020381327
e8fffaab-f310-4c9c-a833-a837b68f1658,2026-09-14 06:15:00+00:00,20048.13,19787.76,3032.73,18087.928855595586,18129.398448006374
e8fffaab-f310-4c9c-a833-a837b68f1658,2026-09-14 06:30:00+00:00,18779.76,20048.13,3048.77,18501.921030973026,18491.246979801857
e8fffaab-f310-4c9c-a833-a837b68f1658,2026-09-14 06:45:00+00:00,18801.24,18779.76,3104.1,17326.14656171787,17264.367997011297
e8fffaab-f310-4c9c-a833-a837b68f1658,2026-09-14 07:00:00+00:00,19642.31,18801.24,2827.51,17611.7748047546,17536.804792611445
e8fffaab-f310-4c9c-a833-a837b68f1658,2026-09-14 07:15:00+00:00,17468.73,19642.31,2990.61,18359.832688536193,18262.19995485354
e8fffaab-f310-4c9c-a833-a837b68f1658,2026-09-14 07:30:00+00:00,16978.35,17468.73,2450.58,16192.301200898539,16062.339366536155
e8fffaab-f310-4c9c-a833-a837b68f1658,2026-09-14 07:45:00+00:00,12069.96,16978.35,3299.18,18077.437568145633,17611.830751423284
e8fffaab-f310-4c9c-a833-a837b68f1658,2026-09-14 08:00:00+00:00,11567.93,12069.96,1286.24,13197.964115638519,12754.616074765663
e8fffaab-f310-4c9c-a833-a837b68f1658,2026-09-14 08:15:00+00:00,12427.77,11567.93,2612.59,12916.668768040483,12575.522236372144
e8fffaab-f310-4c9c-a833-a837b68f1658,2026-09-14 08:30:00+00:00,7495.2,12427.77,2535.18,12463.533451649531,12315.079093965653
e8fffaab-f310-4c9c-a833-a837b68f1658,2026-09-14 08:45:00+00:00,11064.74,7495.2,2223.48,7106.683967817158,7031.479549830225
e8fffaab-f310-4c9c-a833-a837b68f1658,2026-09-14 09:00:00+00:00,8960.1,11064.74,2549.41,11797.598998407087,11642.630733384918
e8fffaab-f310-4c9c-a833-a837b68f1658,2026-09-14 09:15:00+00:00,7281.83,8960.1,2754.06,9108.155822158918,8921.10627720022
e8fffaab-f310-4c9c-a833-a837b68f1658,2026-09-14 09:30:00+00:00,7246.01,7281.83,-935.07,7457.105759186279,7344.275348541516
e8fffaab-f310-4c9c-a833-a837b68f1658,2026-09-14 09:45:00+00:00,4217.35,7246.01,842.47,7654.061289050271,7508.353007341921
e8fffaab-f310-4c9c-a833-a837b68f1658,2026-09-14 10:00:00+00:00,5146.35,4217.35,2895.83,5005.826797410599,4795.51848581162
e8fffaab-f310-4c9c-a833-a837b68f1658,2026-09-14 10:15:00+00:00,6560.54,5146.35,4334.59,6980.854414921105,6687.017442704246
e8fffaab-f310-4c9c-a833-a837b68f1658,2026-09-14 10:30:00+00:00,5699.6,6560.54,3547.01,8059.860071834343,7772.136438763457
e8fffaab-f310-4c9c-a833-a837b68f1658,2026-09-14 10:45:00+00:00,2801.12,5699.6,2291.37,6469.386257373015,6263.797703230411
e8fffaab-f310-4c9c-a833-a837b68f1658,2026-09-14 11:00:00+00:00,7799.65,2801.12,3455.77,3711.166978534312,3514.940449210313
e8fffaab-f310-4c9c-a833-a837b68f1658,2026-09-14 11:15:00+00:00,15925.16,7799.65,3677.32,9249.622053033348,9008.787545850617
e8fffaab-f310-4c9c-a833-a837b68f1658,2026-09-14 11:30:00+00:00,15848.4,15925.16,2464.32,16150.513486022071,15883.016802799913
e8fffaab-f310-4c9c-a833-a837b68f1658,2026-09-14 11:45:00+00:00,17379.89,15848.4,1711.61,14293.023026514193,14061.116812110544
e8fffaab-f310-4c9c-a833-a837b68f1658,2026-09-14 12:00:00+00:00,24813.94,17379.89,2873.88,16278.734030462823,15935.66109017505
e8fffaab-f310-4c9c-a833-a837b68f1658,2026-09-14 12:15:00+00:00,22659.63,24813.94,1999.23,23729.65133065635,23274.609150326818
e8fffaab-f310-4c9c-a833-a837b68f1658,2026-09-14 12:30:00+00:00,19979.5,22659.63,-1812.59,19898.702937681,19530.475959422933
e8fffaab-f310-4c9c-a833-a837b68f1658,2026-09-14 12:45:00+00:00,12842.83,19979.5,2058.09,17613.015146202655,17277.0681164057
e8fffaab-f310-4c9c-a833-a837b68f1658,2026-09-14 13:00:00+00:00,11017.58,12842.83,-1853.44,10963.318496051272,10697.70598603555
e8fffaab-f310-4c9c-a833-a837b68f1658,2026-09-14 13:15:00+00:00,12658.56,11017.58,1488.71,12235.719799925926,11731.517828798373
e8fffaab-f310-4c9c-a833-a837b68f1658,2026-09-14 13:30:00+00:00,11229.15,12658.56,1832.24,13413.887546588903,13047.726190639227
e8fffaab-f310-4c9c-a833-a837b68f1658,2026-09-14 13:45:00+00:00,11181.19,11229.15,919.17,11227.969862008535,10982.046964156689
e8fffaab-f310-4c9c-a833-a837b68f1658,2026-09-14 14:00:00+00:00,12228.22,11181.19,-2283.21,10755.33408800469,10647.309771771355
e8fffaab-f310-4c9c-a833-a837b68f1658,2026-09-14 14:15:00+00:00,10755.55,12228.22,1661.52,12003.404242828854,11866.801632121003
e8fffaab-f310-4c9c-a833-a837b68f1658,2026-09-14 14:30:00+00:00,10883.84,10755.55,2705.49,10460.339940354304,10342.826456759894
e8fffaab-f310-4c9c-a833-a837b68f1658,2026-09-14 14:45:00+00:00,10045.28,10883.84,3456.66,10635.692384816499,10578.380038196326
e8fffaab-f310-4c9c-a833-a837b68f1658,2026-09-14 15:00:00+00:00,9824.99,10045.28,3484.47,9738.444710788699,9713.412632645446
e8fffaab-f310-4c9c-a833-a837b68f1658,2026-09-14 15:15:00+00:00,6344.82,9824.99,3853.65,9528.66311578225,9480.294302926586
e8fffaab-f310-4c9c-a833-a837b68f1658,2026-09-14 15:30:00+00:00,6353.94,6344.82,3709.08,6120.0591458841955,6041.2512126648635
e8fffaab-f310-4c9c-a833-a837b68f1658,2026-09-14 15:45:00+00:00,6485.67,6353.94,3556.66,6818.982467061327,6687.392181084096
e8fffaab-f310-4c9c-a833-a837b68f1658,2026-09-14 16:00:00+00:00,4066.78,6485.67,3526.7,6706.658354534186,6556.999718956849
e8fffaab-f310-4c9c-a833-a837b68f1658,2026-09-14 16:15:00+00:00,3757.52,4066.78,3091.08,4138.640961345514,4047.4728406075856
e8fffaab-f310-4c9c-a833-a837b68f1658,2026-09-14 16:30:00+00:00,3921.47,3757.52,3197.53,4268.645445649528,4190.461609892308
e8fffaab-f310-4c9c-a833-a837b68f1658,2026-09-14 16:45:00+00:00,3283.77,3921.47,3681.05,4475.32161436255,4401.472222425878
e8fffaab-f310-4c9c-a833-a837b68f1658,2026-09-14 17:00:00+00:00,3726.2,3283.77,3516.86,3795.610887332715,3742.212412505649
e8fffaab-f310-4c9c-a833-a837b68f1658,2026-09-14 17:15:00+00:00,53734.45,3726.2,3953.88,5712.374488476637,5448.088590979136
e8fffaab-f310-4c9c-a833-a837b68f1658,2026-09-14 17:30:00+00:00,56950.12,53734.45,4000.39,56450.23777615033,55650.77880295021
e8fffaab-f310-4c9c-a833-a837b68f1658,2026-09-14 17:45:00+00:00,48481.86,56950.12,4411.93,50041.62029879415,49188.620039831
e8fffaab-f310-4c9c-a833-a837b68f1658,2026-09-14 18:00:00+00:00,34620.9,48481.86,4221.44,41101.610911607386,40297.72848443176
e8fffaab-f310-4c9c-a833-a837b68f1658,2026-09-14 18:15:00+00:00,5903.83,34620.9,4189.55,30434.908430663367,29310.543678880116
e8fffaab-f310-4c9c-a833-a837b68f1658,2026-09-14 18:30:00+00:00,4509.34,5903.83,4561.66,3862.784425613636,3039.51837207651
e8fffaab-f310-4c9c-a833-a837b68f1658,2026-09-14 18:45:00+00:00,4400.62,4509.34,4325.08,6826.506974244829,6235.678862792423
e8fffaab-f310-4c9c-a833-a837b68f1658,2026-09-14 19:00:00+00:00,4334.21,4400.62,4797.7,5606.971097137582,5270.804753273371
e8fffaab-f310-4c9c-a833-a837b68f1658,2026-09-14 19:15:00+00:00,4377.31,4334.21,4304.84,4734.928377899854,4614.069772164161
e8fffaab-f310-4c9c-a833-a837b68f1658,2026-09-14 19:30:00+00:00,4350.22,4377.31,4318.66,4726.219119124409,4601.323732127644
e8fffaab-f310-4c9c-a833-a837b68f1658,2026-09-14 19:45:00+00:00,4350.11,4350.22,4180.22,4681.752606741308,4541.4952885706625
e8fffaab-f310-4c9c-a833-a837b68f1658,2026-09-14 20:00:00+00:00,4421.73,4350.11,4150.0,4704.279351859594,4545.0240087836055
e8fffaab-f310-4c9c-a833-a837b68f1658,2026-09-14 20:15:00+00:00,4059.39,4421.73,4228.05,4764.318091516873,4588.403286849594
e8fffaab-f310-4c9c-a833-a837b68f1658,2026-09-14 20:30:00+00:00,4035.47,4059.39,4144.63,4391.675693602259,4202.308160945321
e8fffaab-f310-4c9c-a833-a837b68f1658,2026-09-14 20:45:00+00:00,4144.15,4035.47,4160.75,4447.114840164816,4241.889410650615
e8fffaab-f310-4c9c-a833-a837b68f1658,2026-09-14 21:00:00+00:00,4369.04,4144.15,3892.7,4544.4317886801555,4328.152676131839
e8fffaab-f310-4c9c-a833-a837b68f1658,2026-09-14 21:15:00+00:00,4094.51,4369.04,3935.25,4749.288538957712,4520.415822955671
e8fffaab-f310-4c9c-a833-a837b68f1658,2026-09-14 21:30:00+00:00,4038.69,4094.51,4253.26,4462.529355242659,4219.971302971394
e8fffaab-f310-4c9c-a833-a837b68f1658,2026-09-14 21:45:00+00:00,4098.36,4038.69,3966.33,4483.880769696977,4230.2076368962
e8fffaab-f310-4c9c-a833-a837b68f1658,2026-09-14 22:00:00+00:00,3769.86,4098.36,3340.05,4550.976655490292,4291.756965295149
e8fffaab-f310-4c9c-a833-a837b68f1658,2026-09-14 22:15:00+00:00,3906.69,3769.86,3461.66,4213.573625892426,3954.414729546159
e8fffaab-f310-4c9c-a833-a837b68f1658,2026-09-14 22:30:00+00:00,3630.92,3906.69,3224.7,4389.478922952959,4133.082314987125
e8fffaab-f310-4c9c-a833-a837b68f1658,2026-09-14 22:45:00+00:00,3512.34,3630.92,3130.56,4105.61848843957,3849.399969578406
e8fffaab-f310-4c9c-a833-a837b68f1658,2026-09-14 23:00:00+00:00,3476.54,3512.34,3236.44,4078.618345811885,3821.054926438129
e8fffaab-f310-4c9c-a833-a837b68f1658,2026-09-14 23:15:00+00:00,3392.98,3476.54,3146.9,4074.89414444458,3810.458112916698
e8fffaab-f310-4c9c-a833-a837b68f1658,2026-09-14 23:30:00+00:00,3084.89,3392.98,3186.25,4008.2259218766512,3740.107654684466
e8fffaab-f310-4c9c-a833-a837b68f1658,2026-09-14 23:45:00+00:00,3716.96,3084.89,3192.18,3730.8669293953317,3461.604817565257
e8fffaab-f310-4c9c-a833-a837b68f1658,2026-09-15 00:00:00+00:00,3776.86,3716.96,3444.45,4384.670033491799,4130.337008896618
e8fffaab-f310-4c9c-a833-a837b68f1658,2026-09-15 00:15:00+00:00,3337.5,3776.86,3243.76,4334.585703532783,4090.5292927506907
e8fffaab-f310-4c9c-a833-a837b68f1658,2026-09-15 00:30:00+00:00,3364.18,3337.5,3148.22,3902.909620505955,3674.7205936741
e8fffaab-f310-4c9c-a833-a837b68f1658,2026-09-15 00:45:00+00:00,3046.74,3364.18,3215.27,4051.3223741351812,3830.585313503828
e8fffaab-f310-4c9c-a833-a837b68f1658,2026-09-15 01:00:00+00:00,2915.42,3046.74,2904.32,3722.714558867685,3523.5990560528853
e8fffaab-f310-4c9c-a833-a837b68f1658,2026-09-15 01:15:00+00:00,2720.68,2915.42,3095.8,3724.002683992291,3528.592359334076
e8fffaab-f310-4c9c-a833-a837b68f1658,2026-09-15 01:30:00+00:00,2906.18,2720.68,3433.12,3556.9381101416257,3376.0234862133793
e8fffaab-f310-4c9c-a833-a837b68f1658,2026-09-15 01:45:00+00:00,2854.12,2906.18,3105.11,3763.0210843831974,3601.240603683713
e8fffaab-f310-4c9c-a833-a837b68f1658,2026-09-15 02:00:00+00:00,5018.15,2854.12,5758.58,3933.8420582823983,3741.6379983757142
e8fffaab-f310-4c9c-a833-a837b68f1658,2026-09-15 02:15:00+00:00,5701.49,5018.15,5361.56,6092.124750689173,5902.641035713554
e8fffaab-f310-4c9c-a833-a837b68f1658,2026-09-15 02:30:00+00:00,5921.77,5701.49,5557.12,6405.518712755758,6217.841261553612
e8fffaab-f310-4c9c-a833-a837b68f1658,2026-09-15 02:45:00+00:00,5156.45,5921.77,5466.33,6553.669338306976,6373.452565988031
e8fffaab-f310-4c9c-a833-a837b68f1658,2026-09-15 03:00:00+00:00,5339.17,5156.45,5725.75,5827.397070832616,5651.70631288584
e8fffaab-f310-4c9c-a833-a837b68f1658,2026-09-15 03:15:00+00:00,5355.27,5339.17,5822.41,6184.219990729815,6029.573432674218
e8fffaab-f310-4c9c-a833-a837b68f1658,2026-09-15 03:30:00+00:00,5814.48,5355.27,5533.64,6175.307186740412,6048.722943036048
e8fffaab-f310-4c9c-a833-a837b68f1658,2026-09-15 03:45:00+00:00,21423.16,5814.48,7335.96,6715.331804220808,6599.914123832739
e8fffaab-f310-4c9c-a833-a837b68f1658,2026-09-15 04:00:00+00:00,11348.57,21423.16,10396.0,22219.599868790992,21999.840342419295
e8fffaab-f310-4c9c-a833-a837b68f1658,2026-09-15 04:15:00+00:00,5809.03,11348.57,26065.78,10007.378871703811,9709.322465590363
e8fffaab-f310-4c9c-a833-a837b68f1658,2026-09-15 04:30:00+00:00,5400.18,5809.03,14659.71,6002.9281780559895,5883.944679167939
e8fffaab-f310-4c9c-a833-a837b68f1658,2026-09-15 04:45:00+00:00,5915.21,5400.18,8700.58,7481.850501138721,7233.931475982265
e8fffaab-f310-4c9c-a833-a837b68f1658,2026-09-15 05:00:00+00:00,8352.48,5915.21,9808.71,7616.9987956541445,7502.453971833668
e8fffaab-f310-4c9c-a833-a837b68f1658,2026-09-15 05:15:00+00:00,8432.27,8352.48,7521.32,9396.14637270134,9392.504540043803
e8fffaab-f310-4c9c-a833-a837b68f1658,2026-09-15 05:30:00+00:00,8959.87,8432.27,12022.93,9283.746332842029,9239.346655103212
e8fffaab-f310-4c9c-a833-a837b68f1658,2026-09-15 05:45:00+00:00,11534.23,8959.87,19805.57,10295.694798339495,10160.360404997451
e8fffaab-f310-4c9c-a833-a837b68f1658,2026-09-15 06:00:00+00:00,11018.33,11534.23,19787.76,12765.495820160248,12616.68112583156
e8fffaab-f310-4c9c-a833-a837b68f1658,2026-09-15 06:15:00+00:00,10705.34,11018.33,20048.13,11822.186217998424,11650.475938533862
e8fffaab-f310-4c9c-a833-a837b68f1658,2026-09-15 06:30:00+00:00,10210.61,10705.34,18779.76,11518.56043382777,11351.537416546189
e8fffaab-f310-4c9c-a833-a837b68f1658,2026-09-15 06:45:00+00:00,11261.48,10210.61,18801.24,11149.056643133681,10951.95927528279
e8fffaab-f310-4c9c-a833-a837b68f1658,2026-09-15 07:00:00+00:00,10824.61,11261.48,19642.31,12231.214152100867,12019.696227695746
e8fffaab-f310-4c9c-a833-a837b68f1658,2026-09-15 07:15:00+00:00,13927.53,10824.61,17468.73,11588.24983436774,11369.194573329518
e8fffaab-f310-4c9c-a833-a837b68f1658,2026-09-15 07:30:00+00:00,16526.14,13927.53,16978.35,14713.531858494269,14462.744103418478
e8fffaab-f310-4c9c-a833-a837b68f1658,2026-09-15 07:45:00+00:00,17451.04,16526.14,12069.96,16568.77567009017,16307.499575298945
e8fffaab-f310-4c9c-a833-a837b68f1658,2026-09-15 08:00:00+00:00,12256.15,17451.04,11567.93,16924.226151307783,16645.84773977064
e8fffaab-f310-4c9c-a833-a837b68f1658,2026-09-15 08:15:00+00:00,14102.58,12256.15,12427.77,11663.959627841123,11379.309703226794
e8fffaab-f310-4c9c-a833-a837b68f1658,2026-09-15 08:30:00+00:00,11966.52,14102.58,7495.2,14737.256065795973,14391.771535365126
e8fffaab-f310-4c9c-a833-a837b68f1658,2026-09-15 08:45:00+00:00,9724.11,11966.52,11064.74,12411.956732540842,12023.163699871246
e8fffaab-f310-4c9c-a833-a837b68f1658,2026-09-15 09:00:00+00:00,13428.48,9724.11,8960.1,10522.880065096491,10166.459229130214
e8fffaab-f310-4c9c-a833-a837b68f1658,2026-09-15 09:15:00+00:00,21756.71,13428.48,7281.83,14509.735415968546,14135.744503690983
e8fffaab-f310-4c9c-a833-a837b68f1658,2026-09-15 09:30:00+00:00,12387.83,21756.71,7246.01,22039.023079003982,21603.371330649174
e8fffaab-f310-4c9c-a833-a837b68f1658,2026-09-15 09:45:00+00:00,6632.93,12387.83,4217.35,10635.583437741558,10342.47682621347
e8fffaab-f310-4c9c-a833-a837b68f1658,2026-09-15 10:00:00+00:00,10011.22,6632.93,5146.35,6606.485272521461,6347.795413491261
e8fffaab-f310-4c9c-a833-a837b68f1658,2026-09-15 10:15:00+00:00,5906.68,10011.22,6560.54,11562.937689622191,11161.826248100773
e8fffaab-f310-4c9c-a833-a837b68f1658,2026-09-15 10:30:00+00:00,2378.93,5906.68,5699.6,6462.310279906178,6170.941791978592
e8fffaab-f310-4c9c-a833-a837b68f1658,2026-09-15 10:45:00+00:00,6485.61,2378.93,2801.12,3485.5705684500654,3278.5106564968637
e8fffaab-f310-4c9c-a833-a837b68f1658,2026-09-15 11:00:00+00:00,8996.96,6485.61,7799.65,8844.78326624457,8473.432897089262
e8fffaab-f310-4c9c-a833-a837b68f1658,2026-09-15 11:15:00+00:00,7272.85,8996.96,15925.16,10664.147719057228,10233.846458409113
e8fffaab-f310-4c9c-a833-a837b68f1658,2026-09-15 11:30:00+00:00,1772.53,7272.85,15848.4,8276.7198145813,7887.041693552781
e8fffaab-f310-4c9c-a833-a837b68f1658,2026-09-15 11:45:00+00:00,11537.34,1772.53,17379.89,3150.025499395065,2766.0662485378643
e8fffaab-f310-4c9c-a833-a837b68f1658,2026-09-15 12:00:00+00:00,12307.62,11537.34,24813.94,13990.317173681085,13479.79288820527
e8fffaab-f310-4c9c-a833-a837b68f1658,2026-09-15 12:15:00+00:00,11145.03,12307.62,22659.63,13157.128028746927,12600.427801422833
e8fffaab-f310-4c9c-a833-a837b68f1658,2026-09-15 12:30:00+00:00,10302.23,11145.03,19979.5,11707.348400592768,11205.020548997676
e8fffaab-f310-4c9c-a833-a837b68f1658,2026-09-15 12:45:00+00:00,12129.89,10302.23,12842.83,11110.702146297357,10592.46036087296
e8fffaab-f310-4c9c-a833-a837b68f1658,2026-09-15 13:00:00+00:00,8398.24,12129.89,11017.58,13114.399160923847,12574.563313849168
e8fffaab-f310-4c9c-a833-a837b68f1658,2026-09-15 13:15:00+00:00,11944.83,8398.24,12658.56,9077.019234877986,8554.987097995014
e8fffaab-f310-4c9c-a833-a837b68f1658,2026-09-15 13:30:00+00:00,10490.9,11944.83,11229.15,13102.327011748099,12593.11743470076
e8fffaab-f310-4c9c-a833-a837b68f1658,2026-09-15 13:45:00+00:00,22142.34,10490.9,11181.19,11218.136219934893,10665.41955377598
e8fffaab-f310-4c9c-a833-a837b68f1658,2026-09-15 14:00:00+00:00,19461.13,22142.34,12228.22,22743.397640481955,22161.75712331768
e8fffaab-f310-4c9c-a833-a837b68f1658,2026-09-15 14:15:00+00:00,19366.76,19461.13,10755.55,17988.63425274369,17380.241207223116
e8fffaab-f310-4c9c-a833-a837b68f1658,2026-09-15 14:30:00+00:00,21647.8,19366.76,10883.84,18269.991937373572,17683.92383921711
e8fffaab-f310-4c9c-a833-a837b68f1658,2026-09-15 14:45:00+00:00,19435.79,21647.8,10045.28,20268.596928983992,19663.461358457243
e8fffaab-f310-4c9c-a833-a837b68f1658,2026-09-15 15:00:00+00:00,17272.58,19435.79,9824.99,17323.354659862867,16781.978921813836
e8fffaab-f310-4c9c-a833-a837b68f1658,2026-09-15 15:15:00+00:00,15911.19,17272.58,6344.82,15326.673692428103,14876.070316653084
e8fffaab-f310-4c9c-a833-a837b68f1658,2026-09-15 15:30:00+00:00,13962.89,15911.19,6353.94,14415.41944650764,13983.30859896533
e8fffaab-f310-4c9c-a833-a837b68f1658,2026-09-15 15:45:00+00:00,7481.26,13962.89,6485.67,12727.547658693373,12338.75922775951
e8fffaab-f310-4c9c-a833-a837b68f1658,2026-09-15 16:00:00+00:00,4379.82,7481.26,4066.78,6378.557850849588,6115.227810949919
e8fffaab-f310-4c9c-a833-a837b68f1658,2026-09-15 16:15:00+00:00,3618.02,4379.82,3757.52,4448.626442523221,4243.836759673832
e8fffaab-f310-4c9c-a833-a837b68f1658,2026-09-15 16:30:00+00:00,3549.61,3618.02,3921.47,4202.351242971499,4035.7280733322714
e8fffaab-f310-4c9c-a833-a837b68f1658,2026-09-15 16:45:00+00:00,3781.93,3549.61,3283.77,4088.6748897889283,3988.6016431404714
e8fffaab-f310-4c9c-a833-a837b68f1658,2026-09-15 17:00:00+00:00,5702.72,3781.93,3726.2,4228.15300212739,4162.743705299313
e8fffaab-f310-4c9c-a833-a837b68f1658,2026-09-15 17:15:00+00:00,4111.68,5702.72,53734.45,8324.233529290967,7760.987025812729
e8fffaab-f310-4c9c-a833-a837b68f1658,2026-09-15 17:30:00+00:00,4531.1,4111.68,56950.12,6519.61314009832,5944.448843218421
e8fffaab-f310-4c9c-a833-a837b68f1658,2026-09-15 17:45:00+00:00,4476.18,4531.1,48481.86,6851.0758071445825,6369.436063587246
e8fffaab-f310-4c9c-a833-a837b68f1658,2026-09-15 18:00:00+00:00,4781.63,4476.18,34620.9,6152.569645851601,5803.436543779522
e8fffaab-f310-4c9c-a833-a837b68f1658,2026-09-15 18:15:00+00:00,5446.13,4781.63,5903.83,5121.667582604472,5066.678607835815
e8fffaab-f310-4c9c-a833-a837b68f1658,2026-09-15 18:30:00+00:00,6236.18,5446.13,4509.34,5641.610782569121,5593.135425972909
e8fffaab-f310-4c9c-a833-a837b68f1658,2026-09-15 18:45:00+00:00,4340.7,6236.18,4400.62,6265.616054109645,6213.4918638421605
e8fffaab-f310-4c9c-a833-a837b68f1658,2026-09-15 19:00:00+00:00,4451.76,4340.7,4334.21,4242.206849648568,4197.986720803162
e8fffaab-f310-4c9c-a833-a837b68f1658,2026-09-15 19:15:00+00:00,4631.08,4451.76,4377.31,4728.362961970311,4666.453323546395
e8fffaab-f310-4c9c-a833-a837b68f1658,2026-09-15 19:30:00+00:00,4386.54,4631.08,4350.22,4914.631920061785,4830.998007635076
e8fffaab-f310-4c9c-a833-a837b68f1658,2026-09-15 19:45:00+00:00,4475.1,4386.54,4350.11,4586.917138160831,4507.750100069971
e8fffaab-f310-4c9c-a833-a837b68f1658,2026-09-15 20:00:00+00:00,4348.25,4475.1,4421.73,4741.811538818704,4647.751566210391
e8fffaab-f310-4c9c-a833-a837b68f1658,2026-09-15 20:15:00+00:00,4475.14,4348.25,4059.39,4585.975266216394,4479.675439844274
e8fffaab-f310-4c9c-a833-a837b68f1658,2026-09-15 20:30:00+00:00,4703.72,4475.14,4035.47,4730.431550402464,4611.029486806557
e8fffaab-f310-4c9c-a833-a837b68f1658,2026-09-15 20:45:00+00:00,4871.82,4703.72,4144.15,4936.118424181892,4801.147479632686
e8fffaab-f310-4c9c-a833-a837b68f1658,2026-09-15 21:00:00+00:00,4257.34,4871.82,4369.04,5055.558779460313,4908.385075431292
e8fffaab-f310-4c9c-a833-a837b68f1658,2026-09-15 21:15:00+00:00,4159.79,4257.34,4094.51,4422.804637328174,4247.093283409615
e8fffaab-f310-4c9c-a833-a837b68f1658,2026-09-15 21:30:00+00:00,4344.97,4159.79,4038.69,4481.370962933584,4270.3123329873115
e8fffaab-f310-4c9c-a833-a837b68f1658,2026-09-15 21:45:00+00:00,4278.89,4344.97,4098.36,4690.170384312938,4447.85455281717
e8fffaab-f310-4c9c-a833-a837b68f1658,2026-09-15 22:00:00+00:00,4015.32,4278.89,3769.86,4553.134611530407,4293.449415283195
e8fffaab-f310-4c9c-a833-a837b68f1658,2026-09-15 22:15:00+00:00,4002.47,4015.32,3906.69,4303.057549044838,4036.531573414846
e8fffaab-f310-4c9c-a833-a837b68f1658,2026-09-15 22:30:00+00:00,4039.72,4002.47,3630.92,4341.434808742062,4068.180748713148
e8fffaab-f310-4c9c-a833-a837b68f1658,2026-09-15 22:45:00+00:00,4043.97,4039.72,3512.34,4386.298107716884,4107.289780006363
e8fffaab-f310-4c9c-a833-a837b68f1658,2026-09-15 23:00:00+00:00,3945.55,4043.97,3476.54,4400.253881102953,4116.205593300358
e8fffaab-f310-4c9c-a833-a837b68f1658,2026-09-15 23:15:00+00:00,4179.75,3945.55,3392.98,4314.552599182071,4044.3686936361055
e8fffaab-f310-4c9c-a833-a837b68f1658,2026-09-15 23:30:00+00:00,3923.83,4179.75,3084.89,4573.688107916678,4318.241326418977
e8fffaab-f310-4c9c-a833-a837b68f1658,2026-09-15 23:45:00+00:00,3662.93,3923.83,3716.96,4323.218425714063,4078.554563851775
e8fffaab-f310-4c9c-a833-a837b68f1658,2026-09-16 00:00:00+00:00,4395.07,3662.93,3776.86,4055.5581441174018,3863.831467126083
e8fffaab-f310-4c9c-a833-a837b68f1658,2026-09-16 00:15:00+00:00,4278.22,4395.07,3337.5,4841.544176501594,4651.361487692897
e8fffaab-f310-4c9c-a833-a837b68f1658,2026-09-16 00:30:00+00:00,3685.61,4278.22,3364.18,4614.491827661779,4430.1107300535095
e8fffaab-f310-4c9c-a833-a837b68f1658,2026-09-16 00:45:00+00:00,3688.55,3685.61,3046.74,4048.8659901776364,3881.663008448506
e8fffaab-f310-4c9c-a833-a837b68f1658,2026-09-16 01:00:00+00:00,3460.14,3688.55,2915.42,4187.924168560768,4028.1469420200647
e8fffaab-f310-4c9c-a833-a837b68f1658,2026-09-16 01:15:00+00:00,3750.71,3460.14,2720.68,3973.538160132577,3827.6696594463665
e8fffaab-f310-4c9c-a833-a837b68f1658,2026-09-16 01:30:00+00:00,3396.77,3750.71,2906.18,4328.915614851124,4194.037658837265
e8fffaab-f310-4c9c-a833-a837b68f1658,2026-09-16 01:45:00+00:00,3121.77,3396.77,2854.12,3950.1896427292004,3829.707737927364
e8fffaab-f310-4c9c-a833-a837b68f1658,2026-09-16 02:00:00+00:00,5085.78,3121.77,5018.15,3959.6125146705062,3820.0213671521115
e8fffaab-f310-4c9c-a833-a837b68f1658,2026-09-16 02:15:00+00:00,4891.98,5085.78,5701.49,6004.010103006235,5866.266592945913
e8fffaab-f310-4c9c-a833-a837b68f1658,2026-09-16 02:30:00+00:00,4775.83,4891.98,5921.77,5474.3560493847845,5357.3174074155995
e8fffaab-f310-4c9c-a833-a837b68f1658,2026-09-16 02:45:00+00:00,5699.59,4775.83,5156.45,5419.475976408494,5330.582015799417
e8fffaab-f310-4c9c-a833-a837b68f1658,2026-09-16 03:00:00+00:00,6443.97,5699.59,5339.17,6469.502647632404,6377.88257822562
e8fffaab-f310-4c9c-a833-a837b68f1658,2026-09-16 03:15:00+00:00,6207.12,6443.97,5355.27,7032.242148109051,6966.361436024278
e8fffaab-f310-4c9c-a833-a837b68f1658,2026-09-16 03:30:00+00:00,6356.85,6207.12,5814.48,6687.641870662503,6648.815330314455
e8fffaab-f310-4c9c-a833-a837b68f1658,2026-09-16 03:45:00+00:00,6483.09,6356.85,21423.16,7748.3725993583375,7556.541887608442
e8fffaab-f310-4c9c-a833-a837b68f1658,2026-09-16 04:00:00+00:00,7363.09,6483.09,11348.57,7445.300962395156,7375.483782764584
e8fffaab-f310-4c9c-a833-a837b68f1658,2026-09-16 04:15:00+00:00,10606.2,7363.09,5809.03,8713.329947979342,8621.381419185145
e8fffaab-f310-4c9c-a833-a837b68f1658,2026-09-16 04:30:00+00:00,10936.34,10606.2,5400.18,11463.756818067579,11429.768840400464
e8fffaab-f310-4c9c-a833-a837b68f1658,2026-09-16 04:45:00+00:00,9992.75,10936.34,5915.21,10856.795018028657,10899.212563441983
e8fffaab-f310-4c9c-a833-a837b68f1658,2026-09-16 05:00:00+00:00,8551.9,9992.75,8352.48,10075.55378948852,10113.878088856987
e8fffaab-f310-4c9c-a833-a837b68f1658,2026-09-16 05:15:00+00:00,7726.14,8551.9,8432.27,9018.840918491307,9048.028343965405
e8fffaab-f310-4c9c-a833-a837b68f1658,2026-09-16 05:30:00+00:00,9677.96,7726.14,8959.87,8778.529566820001,8786.31607753519
e8fffaab-f310-4c9c-a833-a837b68f1658,2026-09-16 05:45:00+00:00,12244.69,9677.96,11534.23,11297.58717024623,11243.403780502616
e8fffaab-f310-4c9c-a833-a837b68f1658,2026-09-16 06:00:00+00:00,13934.89,12244.69,11018.33,13386.60744595779,13354.34217587416
e8fffaab-f310-4c9c-a833-a837b68f1658,2026-09-16 06:15:00+00:00,12003.46,13934.89,10705.34,14472.203081362251,14433.483482800108
e8fffaab-f310-4c9c-a833-a837b68f1658,2026-09-16 06:30:00+00:00,20101.31,12003.46,10210.61,12179.031448714115,12142.58588498202
e8fffaab-f310-4c9c-a833-a837b68f1658,2026-09-16 06:45:00+00:00,64124.71,20101.31,11261.48,20690.566779483066,20556.685417058463
e8fffaab-f310-4c9c-a833-a837b68f1658,2026-09-16 07:00:00+00:00,62151.18,64124.71,10824.61,62768.40394014081,62309.169297614135
e8fffaab-f310-4c9c-a833-a837b68f1658,2026-09-16 07:15:00+00:00,42207.26,62151.18,13927.53,52518.69912642728,52003.44505040228
e8fffaab-f310-4c9c-a833-a837b68f1658,2026-09-16 07:30:00+00:00,21118.9,42207.26,16526.14,33247.17578946297,32804.09102504961
e8fffaab-f310-4c9c-a833-a837b68f1658,2026-09-16 07:45:00+00:00,10457.62,21118.9,17451.04,17179.128228253197,16564.680502290783
e8fffaab-f310-4c9c-a833-a837b68f1658,2026-09-16 08:00:00+00:00,15810.77,10457.62,12256.15,10314.092900367687,9852.171356941
e8fffaab-f310-4c9c-a833-a837b68f1658,2026-09-16 08:15:00+00:00,17405.83,15810.77,14102.58,17231.95183710103,16870.909799140536
e8fffaab-f310-4c9c-a833-a837b68f1658,2026-09-16 08:30:00+00:00,16454.47,17405.83,11966.52,17299.12048380072,17075.01743893492
e8fffaab-f310-4c9c-a833-a837b68f1658,2026-09-16 08:45:00+00:00,15423.03,16454.47,9724.11,15553.88700459357,15450.001008392672
e8fffaab-f310-4c9c-a833-a837b68f1658,2026-09-16 09:00:00+00:00,13030.55,15423.03,13428.48,14831.804034626995,14677.793137729483
e8fffaab-f310-4c9c-a833-a837b68f1658,2026-09-16 09:15:00+00:00,9722.14,13030.55,21756.71,13086.352502382604,12854.172577815516
e8fffaab-f310-4c9c-a833-a837b68f1658,2026-09-16 09:30:00+00:00,8847.65,9722.14,12387.83,9834.285992203448,9725.40853603912
e8fffaab-f310-4c9c-a833-a837b68f1658,2026-09-16 09:45:00+00:00,11577.38,8847.65,6632.93,9407.510132494124,9356.783980242108
e8fffaab-f310-4c9c-a833-a837b68f1658,2026-09-16 10:00:00+00:00,7817.71,11577.38,10011.22,12818.046630516905,12660.401473251344
e8fffaab-f310-4c9c-a833-a837b68f1658,2026-09-16 10:15:00+00:00,2928.3,7817.71,5906.68,7961.646629033408,7946.741074886328
e8fffaab-f310-4c9c-a833-a837b68f1658,2026-09-16 10:30:00+00:00,9792.05,2928.3,2378.93,3902.457755851804,3924.9553008971134
e8fffaab-f310-4c9c-a833-a837b68f1658,2026-09-16 10:45:00+00:00,8072.67,9792.05,6485.61,11529.22296486845,11501.185536655976
e8fffaab-f310-4c9c-a833-a837b68f1658,2026-09-16 11:00:00+00:00,10508.62,8072.67,8996.96,8685.118650334643,8636.303491288661
e8fffaab-f310-4c9c-a833-a837b68f1658,2026-09-16 11:15:00+00:00,15081.19,10508.62,7272.85,11429.653812250866,11348.179476038591
e8fffaab-f310-4c9c-a833-a837b68f1658,2026-09-16 11:30:00+00:00,13589.82,15081.19,1772.53,15111.516253097741,15006.901657192873
e8fffaab-f310-4c9c-a833-a837b68f1658,2026-09-16 11:45:00+00:00,12881.64,13589.82,11537.34,13151.703963764809,12925.788547023656
e8fffaab-f310-4c9c-a833-a837b68f1658,2026-09-16 12:00:00+00:00,3344.5,12881.64,12307.62,12998.601528108515,12680.947935817263
e8fffaab-f310-4c9c-a833-a837b68f1658,2026-09-16 12:15:00+00:00,11350.94,3344.5,11145.03,3680.097051850541,3438.9904529980868
e8fffaab-f310-4c9c-a833-a837b68f1658,2026-09-16 12:30:00+00:00,10124.72,11350.94,10302.23,13075.683817643892,12875.10914665206
e8fffaab-f310-4c9c-a833-a837b68f1658,2026-09-16 12:45:00+00:00,9336.04,10124.72,12129.89,10138.145545749152,9986.447146783814
e8fffaab-f310-4c9c-a833-a837b68f1658,2026-09-16 13:00:00+00:00,9002.11,9336.04,8398.24,9153.931195367983,9140.890816340592
e8fffaab-f310-4c9c-a833-a837b68f1658,2026-09-16 13:15:00+00:00,9983.67,9002.11,11944.83,9458.674530118995,9321.732347584297
e8fffaab-f310-4c9c-a833-a837b68f1658,2026-09-16 13:30:00+00:00,12656.89,9983.67,10490.9,10538.048989452527,10383.46560344105
e8fffaab-f310-4c9c-a833-a837b68f1658,2026-09-16 13:45:00+00:00,12706.18,12656.89,22142.34,13308.389706751572,13040.543145552901
e8fffaab-f310-4c9c-a833-a837b68f1658,2026-09-16 14:00:00+00:00,10199.33,12706.18,19461.13,12734.038223756634,12474.050963414571
e8fffaab-f310-4c9c-a833-a837b68f1658,2026-09-16 14:15:00+00:00,10518.85,10199.33,19366.76,10560.314336642112,10269.991361465974
e8fffaab-f310-4c9c-a833-a837b68f1658,2026-09-16 14:30:00+00:00,9662.99,10518.85,21647.8,11443.34344643865,11128.14486499351
e8fffaab-f310-4c9c-a833-a837b68f1658,2026-09-16 14:45:00+00:00,10514.47,9662.99,19435.79,10522.709588207921,10224.907960933133
e8fffaab-f310-4c9c-a833-a837b68f1658,2026-09-16 15:00:00+00:00,5371.28,10514.47,17272.58,11129.429545976245,10907.659316976584
e8fffaab-f310-4c9c-a833-a837b68f1658,2026-09-16 15:15:00+00:00,5683.75,5371.28,15911.19,5441.455517804205,5339.277124046367
e8fffaab-f310-4c9c-a833-a837b68f1658,2026-09-16 15:30:00+00:00,5832.87,5683.75,13962.89,7860.894039395502,7606.598818138949
e8fffaab-f310-4c9c-a833-a837b68f1658,2026-09-16 15:45:00+00:00,4735.45,5832.87,7481.26,7440.145896054352,7293.838908411128
e8fffaab-f310-4c9c-a833-a837b68f1658,2026-09-16 16:00:00+00:00,3101.16,4735.45,4379.82,5342.704506458993,5398.465371491065
e8fffaab-f310-4c9c-a833-a837b68f1658,2026-09-16 16:15:00+00:00,3083.6,3101.16,3618.02,3318.9417035311935,3485.7841151154516
e8fffaab-f310-4c9c-a833-a837b68f1658,2026-09-16 16:30:00+00:00,3211.06,3083.6,3549.61,3576.1171791552524,3750.9376709366697
e8fffaab-f310-4c9c-a833-a837b68f1658,2026-09-16 16:45:00+00:00,3388.02,3211.06,3781.93,3678.036711305306,3860.124392722196
e8fffaab-f310-4c9c-a833-a837b68f1658,2026-09-16 17:00:00+00:00,2960.78,3388.02,5702.72,3855.857226756815,4032.9809368461574
e8fffaab-f310-4c9c-a833-a837b68f1658,2026-09-16 17:15:00+00:00,2772.91,2960.78,4111.68,3306.3236721064222,3510.779480274573
e8fffaab-f310-4c9c-a833-a837b68f1658,2026-09-16 17:30:00+00:00,3164.93,2772.91,4531.1,3224.2821261733134,3430.5899660876776
e8fffaab-f310-4c9c-a833-a837b68f1658,2026-09-16 17:45:00+00:00,3356.57,3164.93,4476.18,3642.5922513004225,3852.4649572722565
e8fffaab-f310-4c9c-a833-a837b68f1658,2026-09-16 18:00:00+00:00,3525.58,3356.57,4781.63,3773.5735595339856,3985.8163155308885
e8fffaab-f310-4c9c-a833-a837b68f1658,2026-09-16 18:15:00+00:00,3441.56,3525.58,5446.13,3912.060358234041,4101.467440079885
e8fffaab-f310-4c9c-a833-a837b68f1658,2026-09-16 18:30:00+00:00,3528.41,3441.56,6236.18,3829.9615432177143,3992.2969490601536
e8fffaab-f310-4c9c-a833-a837b68f1658,2026-09-16 18:45:00+00:00,3546.31,3528.41,4340.7,3840.6671107706416,4003.8086327346646
e8fffaab-f310-4c9c-a833-a837b68f1658,2026-09-16 19:00:00+00:00,3411.15,3546.31,4451.76,3850.7835430903833,3994.2683452018664
e8fffaab-f310-4c9c-a833-a837b68f1658,2026-09-16 19:15:00+00:00,3497.38,3411.15,4631.08,3716.095300690956,3838.69332306701
e8fffaab-f310-4c9c-a833-a837b68f1658,2026-09-16 19:30:00+00:00,3382.6,3497.38,4386.54,3816.5841466249767,3920.654177596375
e8fffaab-f310-4c9c-a833-a837b68f1658,2026-09-16 19:45:00+00:00,3890.86,3382.6,4475.1,3705.4975914884526,3787.8595160924388
e8fffaab-f310-4c9c-a833-a837b68f1658,2026-09-16 20:00:00+00:00,3446.71,3890.86,4348.25,4216.239804323165,4280.525527931453
e8fffaab-f310-4c9c-a833-a837b68f1658,2026-09-16 20:15:00+00:00,3459.39,3446.71,4475.14,3713.546866746089,3757.584892566314
e8fffaab-f310-4c9c-a833-a837b68f1658,2026-09-16 20:30:00+00:00,3454.82,3459.39,4703.72,3799.692586458422,3830.242126929612
e8fffaab-f310-4c9c-a833-a837b68f1658,2026-09-16 20:45:00+00:00,3430.76,3454.82,4871.82,3819.4986213984366,3829.65812637995
e8fffaab-f310-4c9c-a833-a837b68f1658,2026-09-16 21:00:00+00:00,3581.18,3430.76,4257.34,3755.0118154425363,3762.8609088335725
e8fffaab-f310-4c9c-a833-a837b68f1658,2026-09-16 21:15:00+00:00,3240.38,3581.18,4159.79,3918.428390040971,3912.766041241128
e8fffaab-f310-4c9c-a833-a837b68f1658,2026-09-16 21:30:00+00:00,3535.62,3240.38,4344.97,3571.9324767325907,3555.2206306465896
e8fffaab-f310-4c9c-a833-a837b68f1658,2026-09-16 21:45:00+00:00,3664.73,3535.62,4278.89,3944.839471493213,3916.4338204424093
e8fffaab-f310-4c9c-a833-a837b68f1658,2026-09-16 22:00:00+00:00,3354.51,3664.73,4015.32,3996.621474040626,3964.281632614003
e8fffaab-f310-4c9c-a833-a837b68f1658,2026-09-16 22:15:00+00:00,3309.72,3354.51,4002.47,3667.8791062831187,3632.5197930988734
e8fffaab-f310-4c9c-a833-a837b68f1658,2026-09-16 22:30:00+00:00,3195.42,3309.72,4039.72,3720.6009274023036,3674.7688809731108
e8fffaab-f310-4c9c-a833-a837b68f1658,2026-09-16 22:45:00+00:00,3412.9,3195.42,4043.97,3642.3355765283495,3590.5915012901787
e8fffaab-f310-4c9c-a833-a837b68f1658,2026-09-16 23:00:00+00:00,3445.68,3412.9,3945.55,3883.993985124531,3831.3593245350003
e8fffaab-f310-4c9c-a833-a837b68f1658,2026-09-16 23:15:00+00:00,3256.14,3445.68,4179.75,3893.289900492049,3837.436915570047
e8fffaab-f310-4c9c-a833-a837b68f1658,2026-09-16 23:30:00+00:00,3365.91,3256.14,3923.83,3728.1759066658706,3672.6453081552972
e8fffaab-f310-4c9c-a833-a837b68f1658,2026-09-16 23:45:00+00:00,3406.16,3365.91,3662.93,3871.5788258725197,3820.0312272940373
e8fffaab-f310-4c9c-a833-a837b68f1658,2026-09-17 00:00:00+00:00,3167.46,3406.16,4395.07,3899.908467232528,3862.219655417991
e8fffaab-f310-4c9c-a833-a837b68f1658,2026-09-17 00:15:00+00:00,3178.85,3167.46,4278.22,3674.4016001569007,3641.037662651579
e8fffaab-f310-4c9c-a833-a837b68f1658,2026-09-17 00:30:00+00:00,3193.79,3178.85,3685.61,3722.4496953059497,3698.3958217829877
e8fffaab-f310-4c9c-a833-a837b68f1658,2026-09-17 00:45:00+00:00,3052.47,3193.79,3688.55,3769.5899247576726,3748.0438534365803
e8fffaab-f310-4c9c-a833-a837b68f1658,2026-09-17 01:00:00+00:00,2985.81,3052.47,3460.14,3619.139035771039,3611.1583746006763
e8fffaab-f310-4c9c-a833-a837b68f1658,2026-09-17 01:15:00+00:00,2803.75,2985.81,3750.71,3635.2290276149824,3633.2876440224954
e8fffaab-f310-4c9c-a833-a837b68f1658,2026-09-17 01:30:00+00:00,3106.21,2803.75,3396.77,3480.7797121285857,3495.6271065583715
e8fffaab-f310-4c9c-a833-a837b68f1658,2026-09-17 01:45:00+00:00,3189.39,3106.21,3121.77,3815.542195452349,3847.8841418442107
e8fffaab-f310-4c9c-a833-a837b68f1658,2026-09-17 02:00:00+00:00,6071.51,3189.39,5085.78,4077.8344620049447,4086.0491743616067
e8fffaab-f310-4c9c-a833-a837b68f1658,2026-09-17 02:15:00+00:00,5579.15,6071.51,4891.98,6913.990894099254,6924.002720769044
e8fffaab-f310-4c9c-a833-a837b68f1658,2026-09-17 02:30:00+00:00,5780.05,5579.15,4775.83,5900.856161043279,5927.788981605378
e8fffaab-f310-4c9c-a833-a837b68f1658,2026-09-17 02:45:00+00:00,5357.51,5780.05,5699.59,6295.611811029414,6324.737392765928
e8fffaab-f310-4c9c-a833-a837b68f1658,2026-09-17 03:00:00+00:00,5351.45,5357.51,6443.97,5964.027274490408,5986.779732984229
e8fffaab-f310-4c9c-a833-a837b68f1658,2026-09-17 03:15:00+00:00,5389.23,5351.45,6207.12,6051.845098502778,6100.938897588671
e8fffaab-f310-4c9c-a833-a837b68f1658,2026-09-17 03:30:00+00:00,5263.53,5389.23,6356.85,6132.418018105756,6199.9162382829745
e8fffaab-f310-4c9c-a833-a837b68f1658,2026-09-17 03:45:00+00:00,5319.69,5263.53,6483.09,6059.727621355856,6147.087804396608
e8fffaab-f310-4c9c-a833-a837b68f1658,2026-09-17 04:00:00+00:00,5747.77,5319.69,7363.09,6157.519183731869,6267.0913379525155
e8fffaab-f310-4c9c-a833-a837b68f1658,2026-09-17 04:15:00+00:00,5836.11,5747.77,10606.2,6868.055439314772,6947.406273926434
e8fffaab-f310-4c9c-a833-a837b68f1658,2026-09-17 04:30:00+00:00,5868.74,5836.11,10936.34,6881.635044044903,6987.748798604959
e8fffaab-f310-4c9c-a833-a837b68f1658,2026-09-17 04:45:00+00:00,6842.25,5868.74,9992.75,6902.145341517171,7039.492480168796
e8fffaab-f310-4c9c-a833-a837b68f1658,2026-09-17 05:00:00+00:00,9125.89,6842.25,8551.9,7839.783054180846,8006.392503056168
e8fffaab-f310-4c9c-a833-a837b68f1658,2026-09-17 05:15:00+00:00,10938.25,9125.89,7726.14,9817.597468391205,10005.179027547192
e8fffaab-f310-4c9c-a833-a837b68f1658,2026-09-17 05:30:00+00:00,15269.76,10938.25,9677.96,11493.762167130153,11630.98454982951
e8fffaab-f310-4c9c-a833-a837b68f1658,2026-09-17 05:45:00+00:00,19344.79,15269.76,12244.69,16048.817502651033,16067.585933879185
e8fffaab-f310-4c9c-a833-a837b68f1658,2026-09-17 06:00:00+00:00,19142.34,19344.79,13934.89,19366.301806391388,19342.727956349954
e8fffaab-f310-4c9c-a833-a837b68f1658,2026-09-17 06:15:00+00:00,20066.55,19142.34,12003.46,18353.6638115728,18327.65630488943
e8fffaab-f310-4c9c-a833-a837b68f1658,2026-09-17 06:30:00+00:00,18539.47,20066.55,20101.31,19752.629767010185,19606.48718104924
e8fffaab-f310-4c9c-a833-a837b68f1658,2026-09-17 06:45:00+00:00,17384.42,18539.47,64124.71,20156.243453999836,19542.10512319344
e8fffaab-f310-4c9c-a833-a837b68f1658,2026-09-17 07:00:00+00:00,17156.15,17384.42,62151.18,19255.763726334597,18658.310262740957
e8fffaab-f310-4c9c-a833-a837b68f1658,2026-09-17 07:15:00+00:00,18254.67,17156.15,42207.26,18313.107520211866,17940.551003618384
e8fffaab-f310-4c9c-a833-a837b68f1658,2026-09-17 07:30:00+00:00,14960.8,18254.67,21118.9,18273.556899680254,18164.13325557219
e8fffaab-f310-4c9c-a833-a837b68f1658,2026-09-17 07:45:00+00:00,11916.82,14960.8,10457.62,14223.021775671463,14279.036251047175
e8fffaab-f310-4c9c-a833-a837b68f1658,2026-09-17 08:00:00+00:00,11545.36,11916.82,15810.77,11959.937674497969,12022.397342767741
e8fffaab-f310-4c9c-a833-a837b68f1658,2026-09-17 08:15:00+00:00,11720.8,11545.36,17405.83,12190.467649878821,12246.89232140345
e8fffaab-f310-4c9c-a833-a837b68f1658,2026-09-17 08:30:00+00:00,10763.99,11720.8,16454.47,12188.957897242759,12296.48258952567
e8fffaab-f310-4c9c-a833-a837b68f1658,2026-09-17 08:45:00+00:00,11116.38,10763.99,15423.03,11227.410713116704,11349.179565619099
e8fffaab-f310-4c9c-a833-a837b68f1658,2026-09-17 09:00:00+00:00,11554.04,11116.38,13030.55,11554.726502350046,11711.109599585861
e8fffaab-f310-4c9c-a833-a837b68f1658,2026-09-17 09:15:00+00:00,11260.66,11554.04,9722.14,11646.176868492827,11844.863208786004
e8fffaab-f310-4c9c-a833-a837b68f1658,2026-09-17 09:30:00+00:00,12053.38,11260.66,8847.65,11442.241694903118,11613.342279029346
e8fffaab-f310-4c9c-a833-a837b68f1658,2026-09-17 09:45:00+00:00,14735.64,12053.38,11577.38,11979.346802373519,12174.089002229404
e8fffaab-f310-4c9c-a833-a837b68f1658,2026-09-17 10:00:00+00:00,9902.02,14735.64,7817.71,14349.596743682527,14544.441286059142
e8fffaab-f310-4c9c-a833-a837b68f1658,2026-09-17 10:15:00+00:00,2233.72,9902.02,2928.3,9037.769468353752,9214.296970923999
e8fffaab-f310-4c9c-a833-a837b68f1658,2026-09-17 10:30:00+00:00,10701.18,2233.72,9792.05,2613.466711514874,2716.882687782855
e8fffaab-f310-4c9c-a833-a837b68f1658,2026-09-17 10:45:00+00:00,-1758.77,10701.18,8072.67,12333.379602876932,12333.753081882885
e8fffaab-f310-4c9c-a833-a837b68f1658,2026-09-17 11:00:00+00:00,9485.71,-1758.77,10508.62,-1826.8298980422605,-1779.317775204714
e8fffaab-f310-4c9c-a833-a837b68f1658,2026-09-17 11:15:00+00:00,9255.02,9485.71,15081.19,11914.624165413305,11870.241781967121
e8fffaab-f310-4c9c-a833-a837b68f1658,2026-09-17 11:30:00+00:00,12532.19,9255.02,13589.82,9926.32972766256,9777.874880535543
e8fffaab-f310-4c9c-a833-a837b68f1658,2026-09-17 11:45:00+00:00,10065.33,12532.19,12881.64,12725.938840285697,12669.395653689871
e8fffaab-f310-4c9c-a833-a837b68f1658,2026-09-17 12:00:00+00:00,10948.27,10065.33,3344.5,9325.571513501494,9310.070589084586
e8fffaab-f310-4c9c-a833-a837b68f1658,2026-09-17 12:15:00+00:00,10488.2,10948.27,11350.94,10965.961954142807,10908.358973687691
e8fffaab-f310-4c9c-a833-a837b68f1658,2026-09-17 12:30:00+00:00,10586.02,10488.2,10124.72,10594.080048753713,10519.419687474314
e8fffaab-f310-4c9c-a833-a837b68f1658,2026-09-17 12:45:00+00:00,13728.6,10586.02,9336.04,10654.716141084851,10637.335247844421
e8fffaab-f310-4c9c-a833-a837b68f1658,2026-09-17 13:00:00+00:00,13886.09,13728.6,9002.11,13630.167509481907,13633.180778901213
e8fffaab-f310-4c9c-a833-a837b68f1658,2026-09-17 13:15:00+00:00,11911.54,13886.09,9983.67,13220.58821596024,13235.65598679031
e8fffaab-f310-4c9c-a833-a837b68f1658,2026-09-17 13:30:00+00:00,13693.8,11911.54,12656.89,11296.241776135386,11327.667773677997
e8fffaab-f310-4c9c-a833-a837b68f1658,2026-09-17 13:45:00+00:00,11991.16,13693.8,12706.18,13690.15257054892,13679.851110468047
e8fffaab-f310-4c9c-a833-a837b68f1658,2026-09-17 14:00:00+00:00,11840.6,11991.16,10199.33,11548.800867631384,11591.116671944423
e8fffaab-f310-4c9c-a833-a837b68f1658,2026-09-17 14:15:00+00:00,13029.96,11840.6,10518.85,11611.295805905791,11682.569032637448
e8fffaab-f310-4c9c-a833-a837b68f1658,2026-09-17 14:30:00+00:00,12831.3,13029.96,9662.99,12767.357313684442,12835.950952012852
e8fffaab-f310-4c9c-a833-a837b68f1658,2026-09-17 14:45:00+00:00,9922.73,12831.3,10514.47,12226.554261193214,12317.357993253194
e8fffaab-f310-4c9c-a833-a837b68f1658,2026-09-17 15:00:00+00:00,6219.26,9922.73,5371.28,9207.088949020213,9359.672127451611
e8fffaab-f310-4c9c-a833-a837b68f1658,2026-09-17 15:15:00+00:00,4918.1,6219.26,5683.75,5950.392510918806,6169.515755082395
e8fffaab-f310-4c9c-a833-a837b68f1658,2026-09-17 15:30:00+00:00,5554.37,4918.1,5832.87,5287.285347171413,5552.260789627038
e8fffaab-f310-4c9c-a833-a837b68f1658,2026-09-17 15:45:00+00:00,5629.97,5554.37,4735.45,6073.84514564898,6383.6721364363175
e8fffaab-f310-4c9c-a833-a837b68f1658,2026-09-17 16:00:00+00:00,3095.42,5629.97,3101.16,5602.569663305587,6015.3623551835335
e8fffaab-f310-4c9c-a833-a837b68f1658,2026-09-17 16:15:00+00:00,2971.84,3095.42,3083.6,3023.715358888543,3445.5287426263567
e8fffaab-f310-4c9c-a833-a837b68f1658,2026-09-17 16:30:00+00:00,2784.64,2971.84,3211.06,3432.6026126416054,3825.8535472564854
e8fffaab-f310-4c9c-a833-a837b68f1658,2026-09-17 16:45:00+00:00,2791.58,2784.64,3388.02,3275.867831540594,3646.9912708414104
e8fffaab-f310-4c9c-a833-a837b68f1658,2026-09-17 17:00:00+00:00,2787.36,2791.58,2960.78,3193.148658320848,3572.3515893257963
e8fffaab-f310-4c9c-a833-a837b68f1658,2026-09-17 17:15:00+00:00,2731.08,2787.36,2772.91,3165.53203757753,3527.9713929579793
e8fffaab-f310-4c9c-a833-a837b68f1658,2026-09-17 17:30:00+00:00,3180.75,2731.08,3164.93,3122.502365582709,3461.795228153508
e8fffaab-f310-4c9c-a833-a837b68f1658,2026-09-17 17:45:00+00:00,3373.31,3180.75,3356.57,3575.4796390931624,3890.7039004409826
e8fffaab-f310-4c9c-a833-a837b68f1658,2026-09-17 18:00:00+00:00,3718.46,3373.31,3525.58,3691.496261323112,3982.05290622332
e8fffaab-f310-4c9c-a833-a837b68f1658,2026-09-17 18:15:00+00:00,3351.35,3718.46,3441.56,3984.080155498723,4246.714987934493
e8fffaab-f310-4c9c-a833-a837b68f1658,2026-09-17 18:30:00+00:00,3428.56,3351.35,3528.41,3562.735256489482,3797.0656021516206
e8fffaab-f310-4c9c-a833-a837b68f1658,2026-09-17 18:45:00+00:00,3669.22,3428.56,3546.31,3707.453889313859,3914.4925030038867
e8fffaab-f310-4c9c-a833-a837b68f1658,2026-09-17 19:00:00+00:00,3449.98,3669.22,3411.15,3913.477653442337,4094.859596269076
e8fffaab-f310-4c9c-a833-a837b68f1658,2026-09-17 19:15:00+00:00,3399.7,3449.98,3497.38,3642.506096239834,3799.883984492307
e8fffaab-f310-4c9c-a833-a837b68f1658,2026-09-17 19:30:00+00:00,3347.85,3399.7,3382.6,3629.6664824628097,3761.839385358695
e8fffaab-f310-4c9c-a833-a837b68f1658,2026-09-17 19:45:00+00:00,3392.93,3347.85,3890.86,3637.4947526616506,3734.414038874689
e8fffaab-f310-4c9c-a833-a837b68f1658,2026-09-17 20:00:00+00:00,3356.85,3392.93,3446.71,3651.677310933256,3732.458320107412
e8fffaab-f310-4c9c-a833-a837b68f1658,2026-09-17 20:15:00+00:00,3405.05,3356.85,3459.39,3607.7733032537753,3670.345404218362
e8fffaab-f310-4c9c-a833-a837b68f1658,2026-09-17 20:30:00+00:00,3334.5,3405.05,3454.82,3664.2080469422663,3709.2899947023016
e8fffaab-f310-4c9c-a833-a837b68f1658,2026-09-17 20:45:00+00:00,3389.3,3334.5,3430.76,3591.460844227615,3620.2073591455874
e8fffaab-f310-4c9c-a833-a837b68f1658,2026-09-17 21:00:00+00:00,3119.65,3389.3,3581.18,3665.4898131495356,3678.458867528765
e8fffaab-f310-4c9c-a833-a837b68f1658,2026-09-17 21:15:00+00:00,3070.28,3119.65,3240.38,3381.7638718650733,3385.172734200216
e8fffaab-f310-4c9c-a833-a837b68f1658,2026-09-17 21:30:00+00:00,3230.17,3070.28,3535.62,3413.873941099926,3401.140138799554
e8fffaab-f310-4c9c-a833-a837b68f1658,2026-09-17 21:45:00+00:00,3222.9,3230.17,3664.73,3639.1200984725847,3605.9660553935837
e8fffaab-f310-4c9c-a833-a837b68f1658,2026-09-17 22:00:00+00:00,3473.76,3222.9,3354.51,3568.2219260877064,3534.031354073044
e8fffaab-f310-4c9c-a833-a837b68f1658,2026-09-17 22:15:00+00:00,3196.43,3473.76,3309.72,3773.3707460826045,3739.0352190174763
e8fffaab-f310-4c9c-a833-a837b68f1658,2026-09-17 22:30:00+00:00,2927.91,3196.43,3195.42,3471.6919154803263,3431.4601488740245
e8fffaab-f310-4c9c-a833-a837b68f1658,2026-09-17 22:45:00+00:00,3291.19,2927.91,3412.9,3279.758993121721,3235.5057597116265
e8fffaab-f310-4c9c-a833-a837b68f1658,2026-09-17 23:00:00+00:00,3157.58,3291.19,3445.68,3742.393385350437,3686.531751848838
e8fffaab-f310-4c9c-a833-a837b68f1658,2026-09-17 23:15:00+00:00,2948.55,3157.58,3256.14,3527.492483386375,3475.3125762007303
e8fffaab-f310-4c9c-a833-a837b68f1658,2026-09-17 23:30:00+00:00,3354.58,2948.55,3365.91,3362.7834529880147,3311.4997342020215
e8fffaab-f310-4c9c-a833-a837b68f1658,2026-09-17 23:45:00+00:00,2863.74,3354.58,3406.16,3845.4851717520187,3787.0774098066686
e8fffaab-f310-4c9c-a833-a837b68f1658,2026-09-18 00:00:00+00:00,3366.12,2863.74,3167.46,3311.6433615633896,3251.229297804316
e8fffaab-f310-4c9c-a833-a837b68f1658,2026-09-18 00:15:00+00:00,2919.68,3366.12,3178.85,3928.202740062203,3873.975717780392
e8fffaab-f310-4c9c-a833-a837b68f1658,2026-09-18 00:30:00+00:00,2828.33,2919.68,3193.79,3417.4620462884004,3374.118724085315
e8fffaab-f310-4c9c-a833-a837b68f1658,2026-09-18 00:45:00+00:00,3525.06,2828.33,3052.47,3421.7747209632707,3396.0180574786673
e8fffaab-f310-4c9c-a833-a837b68f1658,2026-09-18 01:00:00+00:00,2615.61,3525.06,2985.81,4151.376845890862,4133.554586201671
e8fffaab-f310-4c9c-a833-a837b68f1658,2026-09-18 01:15:00+00:00,3048.49,2615.61,2803.75,3120.163142814552,3122.1442746157245
e8fffaab-f310-4c9c-a833-a837b68f1658,2026-09-18 01:30:00+00:00,3665.76,3048.49,3106.21,3771.733959701479,3777.541793463788
e8fffaab-f310-4c9c-a833-a837b68f1658,2026-09-18 01:45:00+00:00,3987.06,3665.76,3189.39,4361.648047823706,4366.258061776569
e8fffaab-f310-4c9c-a833-a837b68f1658,2026-09-18 02:00:00+00:00,5780.92,3987.06,6071.51,4834.394843020223,4805.464519826841
e8fffaab-f310-4c9c-a833-a837b68f1658,2026-09-18 02:15:00+00:00,5247.98,5780.92,5579.15,6550.041161940837,6529.140652079237
e8fffaab-f310-4c9c-a833-a837b68f1658,2026-09-18 02:30:00+00:00,5924.67,5247.98,5780.05,5704.3874736435255,5700.567839275457
e8fffaab-f310-4c9c-a833-a837b68f1658,2026-09-18 02:45:00+00:00,5903.56,5924.67,5357.51,6509.156846091248,6519.202787712866
e8fffaab-f310-4c9c-a833-a837b68f1658,2026-09-18 03:00:00+00:00,5820.91,5903.56,5351.45,6434.040939060589,6449.497190476821
e8fffaab-f310-4c9c-a833-a837b68f1658,2026-09-18 03:15:00+00:00,6216.76,5820.91,5389.23,6371.791856051595,6413.812297028745
e8fffaab-f310-4c9c-a833-a837b68f1658,2026-09-18 03:30:00+00:00,6125.57,6216.76,5263.53,6808.0306662675985,6868.464926675521
e8fffaab-f310-4c9c-a833-a837b68f1658,2026-09-18 03:45:00+00:00,6224.18,6125.57,5319.69,6689.067336605687,6770.581386147933
e8fffaab-f310-4c9c-a833-a837b68f1658,2026-09-18 04:00:00+00:00,5875.33,6224.18,5747.77,6815.995996972852,6923.09369873035
e8fffaab-f310-4c9c-a833-a837b68f1658,2026-09-18 04:15:00+00:00,7813.7,5875.33,5836.11,6640.3813044748695,6747.712240227345
e8fffaab-f310-4c9c-a833-a837b68f1658,2026-09-18 04:30:00+00:00,8432.34,7813.7,5868.74,8594.315883952517,8724.119442360385
e8fffaab-f310-4c9c-a833-a837b68f1658,2026-09-18 04:45:00+00:00,7930.0,8432.34,6842.25,8847.411627338015,8996.585119889674
e8fffaab-f310-4c9c-a833-a837b68f1658,2026-09-18 05:00:00+00:00,9698.58,7930.0,9125.89,8510.698013168647,8643.710759716285
e8fffaab-f310-4c9c-a833-a837b68f1658,2026-09-18 05:15:00+00:00,11555.59,9698.58,10938.25,10434.174692116503,10549.227931057636
e8fffaab-f310-4c9c-a833-a837b68f1658,2026-09-18 05:30:00+00:00,8886.27,11555.59,15269.76,12210.766655079839,12271.209809082837
e8fffaab-f310-4c9c-a833-a837b68f1658,2026-09-18 05:45:00+00:00,12207.28,8886.27,19344.79,9493.14548850002,9532.986756603117
e8fffaab-f310-4c9c-a833-a837b68f1658,2026-09-18 06:00:00+00:00,11266.96,12207.28,19142.34,13235.724716276347,13275.90710289211
e8fffaab-f310-4c9c-a833-a837b68f1658,2026-09-18 06:15:00+00:00,10878.71,11266.96,20066.55,11706.044532587934,11725.552177773041
e8fffaab-f310-4c9c-a833-a837b68f1658,2026-09-18 06:30:00+00:00,9833.9,10878.71,18539.47,11411.829803591983,11453.33419389902
e8fffaab-f310-4c9c-a833-a837b68f1658,2026-09-18 06:45:00+00:00,10294.85,9833.9,17384.42,10489.93061185005,10513.980309342529
e8fffaab-f310-4c9c-a833-a837b68f1658,2026-09-18 07:00:00+00:00,9487.81,10294.85,17156.15,11062.62921976911,11090.753833108605
e8fffaab-f310-4c9c-a833-a837b68f1658,2026-09-18 07:15:00+00:00,11158.39,9487.81,18254.67,10375.42299302706,10356.547505231461
e8fffaab-f310-4c9c-a833-a837b68f1658,2026-09-18 07:30:00+00:00,12627.2,11158.39,14960.8,11918.759991226158,11924.823054986316
e8fffaab-f310-4c9c-a833-a837b68f1658,2026-09-18 07:45:00+00:00,12138.36,12627.2,11916.82,13012.719291446872,13000.394850315737
e8fffaab-f310-4c9c-a833-a837b68f1658,2026-09-18 08:00:00+00:00,9197.79,12138.36,11545.36,12126.26835410835,12117.127061213003
e8fffaab-f310-4c9c-a833-a837b68f1658,2026-09-18 08:15:00+00:00,28844.7,9197.79,11720.8,9407.0178045775,9387.829404075488
e8fffaab-f310-4c9c-a833-a837b68f1658,2026-09-18 08:30:00+00:00,28962.72,28844.7,10763.99,29353.655410498413,29204.960072823287
e8fffaab-f310-4c9c-a833-a837b68f1658,2026-09-18 08:45:00+00:00,14014.34,28962.72,11116.38,25665.001997713014,25496.032391975943
e8fffaab-f310-4c9c-a833-a837b68f1658,2026-09-18 09:00:00+00:00,18729.52,14014.34,11554.04,10985.556646116498,10890.43906951677
e8fffaab-f310-4c9c-a833-a837b68f1658,2026-09-18 09:15:00+00:00,17219.17,18729.52,11260.66,19060.58464858838,18789.00889030845
e8fffaab-f310-4c9c-a833-a837b68f1658,2026-09-18 09:30:00+00:00,21281.17,17219.17,12053.38,16622.836885148667,16357.121245533137
e8fffaab-f310-4c9c-a833-a837b68f1658,2026-09-18 09:45:00+00:00,16292.4,21281.17,14735.64,20665.390767126148,20456.441472488954
e8fffaab-f310-4c9c-a833-a837b68f1658,2026-09-18 10:00:00+00:00,16089.64,16292.4,9902.02,14773.277274118904,14611.638578438715
e8fffaab-f310-4c9c-a833-a837b68f1658,2026-09-18 10:15:00+00:00,11663.11,16089.64,2233.72,14910.643583201003,14874.696221165766
e8fffaab-f310-4c9c-a833-a837b68f1658,2026-09-18 10:30:00+00:00,13389.98,11663.11,10701.18,11150.895250942755,11007.116155058398
e8fffaab-f310-4c9c-a833-a837b68f1658,2026-09-18 10:45:00+00:00,9836.98,13389.98,-1758.77,13021.1442660772,13023.462838966454
e8fffaab-f310-4c9c-a833-a837b68f1658,2026-09-18 11:00:00+00:00,13974.61,9836.98,9485.71,9692.46187539096,9593.189132042024
e8fffaab-f310-4c9c-a833-a837b68f1658,2026-09-18 11:15:00+00:00,12291.83,13974.61,9255.02,14404.861229264348,14295.689079942655
e8fffaab-f310-4c9c-a833-a837b68f1658,2026-09-18 11:30:00+00:00,11594.31,12291.83,12532.19,12032.024322429204,11887.653240321404
e8fffaab-f310-4c9c-a833-a837b68f1658,2026-09-18 11:45:00+00:00,16442.16,11594.31,10065.33,11426.55525445537,11329.757032331972
e8fffaab-f310-4c9c-a833-a837b68f1658,2026-09-18 12:00:00+00:00,11052.5,16442.16,10948.27,16519.09508225393,16330.578805534815
e8fffaab-f310-4c9c-a833-a837b68f1658,2026-09-18 12:15:00+00:00,8521.88,11052.5,10488.2,10165.345682123634,10032.516345385044
e8fffaab-f310-4c9c-a833-a837b68f1658,2026-09-18 12:30:00+00:00,7127.99,8521.88,10586.02,8642.885016369955,8541.888626251406
e8fffaab-f310-4c9c-a833-a837b68f1658,2026-09-18 12:45:00+00:00,7519.24,7127.99,13728.6,7999.148046987343,7842.239972738414
e8fffaab-f310-4c9c-a833-a837b68f1658,2026-09-18 13:00:00+00:00,10274.66,7519.24,13886.09,8470.032816529005,8356.548918363322
e8fffaab-f310-4c9c-a833-a837b68f1658,2026-09-18 13:15:00+00:00,8056.47,10274.66,11911.54,11044.112707770055,10938.834200427647
e8fffaab-f310-4c9c-a833-a837b68f1658,2026-09-18 13:30:00+00:00,12106.3,8056.47,13693.8,8395.821733961471,8289.037785939116
e8fffaab-f310-4c9c-a833-a837b68f1658,2026-09-18 13:45:00+00:00,18090.61,12106.3,11991.16,12684.88757833213,12575.92166416511
e8fffaab-f310-4c9c-a833-a837b68f1658,2026-09-18 14:00:00+00:00,18829.38,18090.61,11840.6,17832.056401340087,17665.878287448348
e8fffaab-f310-4c9c-a833-a837b68f1658,2026-09-18 14:15:00+00:00,20674.41,18829.38,13029.96,17368.20986682458,17226.540349702766
e8fffaab-f310-4c9c-a833-a837b68f1658,2026-09-18 14:30:00+00:00,20627.97,20674.41,12831.3,19082.375186415946,18930.130915344278
e8fffaab-f310-4c9c-a833-a837b68f1658,2026-09-18 14:45:00+00:00,20300.55,20627.97,9922.73,18589.713328034566,18457.56381143147
e8fffaab-f310-4c9c-a833-a837b68f1658,2026-09-18 15:00:00+00:00,15955.54,20300.55,6219.26,18053.513890269125,17984.989926629645
e8fffaab-f310-4c9c-a833-a837b68f1658,2026-09-18 15:15:00+00:00,6282.38,15955.54,4918.1,13793.483695879726,13737.313748264865
e8fffaab-f310-4c9c-a833-a837b68f1658,2026-09-18 15:30:00+00:00,6095.63,6282.38,5554.37,5119.293143759132,5100.107303248269
e8fffaab-f310-4c9c-a833-a837b68f1658,2026-09-18 15:45:00+00:00,5311.74,6095.63,5629.97,6618.657432276729,6617.171394901712
e8fffaab-f310-4c9c-a833-a837b68f1658,2026-09-18 16:00:00+00:00,2480.86,5311.74,3095.42,5516.904258773521,5581.001628626226
e8fffaab-f310-4c9c-a833-a837b68f1658,2026-09-18 16:15:00+00:00,2866.46,2480.86,2971.84,2524.1527432394614,2705.2667942996895
e8fffaab-f310-4c9c-a833-a837b68f1658,2026-09-18 16:30:00+00:00,2961.05,2866.46,2784.64,3355.3694653419234,3560.555306365214
e8fffaab-f310-4c9c-a833-a837b68f1658,2026-09-18 16:45:00+00:00,2753.73,2961.05,2791.58,3422.8769044963883,3630.57923170881
e8fffaab-f310-4c9c-a833-a837b68f1658,2026-09-18 17:00:00+00:00,2369.22,2753.73,2787.36,3103.8252444579193,3346.0516472997288
e8fffaab-f310-4c9c-a833-a837b68f1658,2026-09-18 17:15:00+00:00,2673.27,2369.22,2731.08,2747.6378127025846,3000.8427553110114
e8fffaab-f310-4c9c-a833-a837b68f1658,2026-09-18 17:30:00+00:00,3106.12,2673.27,3180.75,3152.967314230009,3405.1329685694973
e8fffaab-f310-4c9c-a833-a837b68f1658,2026-09-18 17:45:00+00:00,3414.96,3106.12,3373.31,3533.512957171489,3788.4352304009517
e8fffaab-f310-4c9c-a833-a837b68f1658,2026-09-18 18:00:00+00:00,3789.36,3414.96,3718.46,3764.14786856728,4023.4096590092568
e8fffaab-f310-4c9c-a833-a837b68f1658,2026-09-18 18:15:00+00:00,3774.92,3789.36,3351.35,4055.94941524134,4296.797616500672
e8fffaab-f310-4c9c-a833-a837b68f1658,2026-09-18 18:30:00+00:00,3553.65,3774.92,3428.56,3955.144431841657,4178.137115095214
e8fffaab-f310-4c9c-a833-a837b68f1658,2026-09-18 18:45:00+00:00,3614.5,3553.65,3669.22,3792.341938547571,3989.039175042665
e8fffaab-f310-4c9c-a833-a837b68f1658,2026-09-18 19:00:00+00:00,3576.45,3614.5,3449.98,3865.8390124590987,4049.391466525495
e8fffaab-f310-4c9c-a833-a837b68f1658,2026-09-18 19:15:00+00:00,3617.62,3576.45,3399.7,3808.8946075184267,3969.2020773569193
e8fffaab-f310-4c9c-a833-a837b68f1658,2026-09-18 19:30:00+00:00,3546.61,3617.62,3347.85,3836.285914830967,3976.666065352337
e8fffaab-f310-4c9c-a833-a837b68f1658,2026-09-18 19:45:00+00:00,3952.41,3546.61,3392.93,3774.3933016183455,3889.4968046738195
e8fffaab-f310-4c9c-a833-a837b68f1658,2026-09-18 20:00:00+00:00,3672.28,3952.41,3356.85,5070.737190132565,5023.090686925884
e8fffaab-f310-4c9c-a833-a837b68f1658,2026-09-18 20:15:00+00:00,3596.59,3672.28,3405.05,6598.416270290989,6242.354543721733
e8fffaab-f310-4c9c-a833-a837b68f1658,2026-09-18 20:30:00+00:00,3651.41,3596.59,3334.5,6598.141806233816,6228.1608411119205
e8fffaab-f310-4c9c-a833-a837b68f1658,2026-09-18 20:45:00+00:00,3570.24,3651.41,3389.3,6550.363258172632,6186.455301739918
e8fffaab-f310-4c9c-a833-a837b68f1658,2026-09-18 21:00:00+00:00,3516.23,3570.24,3119.65,5378.9494403334475,5178.637278192685
e8fffaab-f310-4c9c-a833-a837b68f1658,2026-09-18 21:15:00+00:00,3724.58,3516.23,3070.28,4753.326083300017,4631.098003646208
e8fffaab-f310-4c9c-a833-a837b68f1658,2026-09-18 21:30:00+00:00,3646.33,3724.58,3230.17,4352.892376919192,4312.185275746037
e8fffaab-f310-4c9c-a833-a837b68f1658,2026-09-18 21:45:00+00:00,3642.96,3646.33,3222.9,3893.667501678078,3895.501915624709
e8fffaab-f310-4c9c-a833-a837b68f1658,2026-09-18 22:00:00+00:00,3334.84,3642.96,3473.76,3938.9565403209162,3924.821213241389
e8fffaab-f310-4c9c-a833-a837b68f1658,2026-09-18 22:15:00+00:00,3410.52,3334.84,3196.43,3615.9799384473354,3596.8042412939512
e8fffaab-f310-4c9c-a833-a837b68f1658,2026-09-18 22:30:00+00:00,3531.5,3410.52,2927.91,3763.1485071973093,3734.4382276939823
e8fffaab-f310-4c9c-a833-a837b68f1658,2026-09-18 22:45:00+00:00,4209.71,3531.5,3291.19,3900.5641499017192,3858.4666804282806
e8fffaab-f310-4c9c-a833-a837b68f1658,2026-09-18 23:00:00+00:00,3702.23,4209.71,3157.58,4550.810792535781,4500.721401591406
e8fffaab-f310-4c9c-a833-a837b68f1658,2026-09-18 23:15:00+00:00,3442.55,3702.23,2948.55,3924.9539038208404,3873.867048402739
e8fffaab-f310-4c9c-a833-a837b68f1658,2026-09-18 23:30:00+00:00,3543.43,3442.55,3354.58,3810.1099165898113,3751.1798769048955
e8fffaab-f310-4c9c-a833-a837b68f1658,2026-09-18 23:45:00+00:00,3423.29,3543.43,2863.74,3971.181921995245,3909.556107586418
e8fffaab-f310-4c9c-a833-a837b68f1658,2026-09-19 00:00:00+00:00,3573.85,3423.29,3366.12,3379.8019296992397,3190.088927124889
e8fffaab-f310-4c9c-a833-a837b68f1658,2026-09-19 00:15:00+00:00,3504.99,3573.85,2919.68,3562.2840949140964,3377.23020642572
e8fffaab-f310-4c9c-a833-a837b68f1658,2026-09-19 00:30:00+00:00,3782.71,3504.99,2828.33,3516.168083574221,3330.0893639645274
e8fffaab-f310-4c9c-a833-a837b68f1658,2026-09-19 00:45:00+00:00,3654.24,3782.71,3525.06,3806.7161656692615,3625.3811079791776
e8fffaab-f310-4c9c-a833-a837b68f1658,2026-09-19 01:00:00+00:00,3257.45,3654.24,2615.61,3606.5350811868075,3441.260398170484
e8fffaab-f310-4c9c-a833-a837b68f1658,2026-09-19 01:15:00+00:00,3230.81,3257.45,3048.49,3309.3900022835214,3147.9299186009803
e8fffaab-f310-4c9c-a833-a837b68f1658,2026-09-19 01:30:00+00:00,3319.84,3230.81,3665.76,3408.426500322121,3251.764082725601
e8fffaab-f310-4c9c-a833-a837b68f1658,2026-09-19 01:45:00+00:00,3377.1,3319.84,3987.06,3555.2338261132727,3405.4780725540795
e8fffaab-f310-4c9c-a833-a837b68f1658,2026-09-19 02:00:00+00:00,3326.39,3377.1,5780.92,3746.918271671324,3586.819116445846
e8fffaab-f310-4c9c-a833-a837b68f1658,2026-09-19 02:15:00+00:00,3281.43,3326.39,5247.98,3661.5058975007105,3527.059376657724
e8fffaab-f310-4c9c-a833-a837b68f1658,2026-09-19 02:30:00+00:00,3292.36,3281.43,5924.67,3636.38091497426,3519.658788429395
e8fffaab-f310-4c9c-a833-a837b68f1658,2026-09-19 02:45:00+00:00,4083.64,3292.36,5903.56,3694.781512024425,3594.120223198219
e8fffaab-f310-4c9c-a833-a837b68f1658,2026-09-19 03:00:00+00:00,4020.25,4083.64,5820.91,4511.227743947071,4423.650747780343
e8fffaab-f310-4c9c-a833-a837b68f1658,2026-09-19 03:15:00+00:00,3587.58,4020.25,6216.76,4331.02916233871,4261.607019905699
e8fffaab-f310-4c9c-a833-a837b68f1658,2026-09-19 03:30:00+00:00,3692.98,3587.58,6125.57,3930.083736814954,3887.053750291827
e8fffaab-f310-4c9c-a833-a837b68f1658,2026-09-19 03:45:00+00:00,3837.53,3692.98,6224.18,4185.795360955268,4154.9299982941875
e8fffaab-f310-4c9c-a833-a837b68f1658,2026-09-19 04:00:00+00:00,3703.46,3837.53,5875.33,4332.790511722364,4325.394474963713
e8fffaab-f310-4c9c-a833-a837b68f1658,2026-09-19 04:15:00+00:00,4091.47,3703.46,7813.7,4281.937381664644,4279.9867501788685
e8fffaab-f310-4c9c-a833-a837b68f1658,2026-09-19 04:30:00+00:00,3610.09,4091.47,8432.34,4662.748143769843,4687.148663032753
e8fffaab-f310-4c9c-a833-a837b68f1658,2026-09-19 04:45:00+00:00,3650.33,3610.09,7930.0,4214.229442476149,4253.065633479205
e8fffaab-f310-4c9c-a833-a837b68f1658,2026-09-19 05:00:00+00:00,3469.01,3650.33,9698.58,4388.044759843619,4442.712697922603
e8fffaab-f310-4c9c-a833-a837b68f1658,2026-09-19 05:15:00+00:00,3013.87,3469.01,11555.59,4262.503233208865,4331.853182375229
e8fffaab-f310-4c9c-a833-a837b68f1658,2026-09-19 05:30:00+00:00,3162.97,3013.87,8886.27,3703.0367173360937,3837.577010141651
e8fffaab-f310-4c9c-a833-a837b68f1658,2026-09-19 05:45:00+00:00,2959.14,3162.97,12207.28,4285.24050374108,4384.44891952438
e8fffaab-f310-4c9c-a833-a837b68f1658,2026-09-19 06:00:00+00:00,3116.87,2959.14,11266.96,3925.7892401411145,4079.406400489519
e8fffaab-f310-4c9c-a833-a837b68f1658,2026-09-19 06:15:00+00:00,2859.29,3116.87,10878.71,4150.271984657333,4300.98387384851
e8fffaab-f310-4c9c-a833-a837b68f1658,2026-09-19 06:30:00+00:00,2655.35,2859.29,9833.9,3791.8551096477604,3957.483861341808
e8fffaab-f310-4c9c-a833-a837b68f1658,2026-09-19 06:45:00+00:00,3134.7,2655.35,10294.85,3762.4266226225463,3908.288323503497
e8fffaab-f310-4c9c-a833-a837b68f1658,2026-09-19 07:00:00+00:00,2817.89,3134.7,9487.81,4186.653458311148,4343.232483431831
e8fffaab-f310-4c9c-a833-a837b68f1658,2026-09-19 07:15:00+00:00,2428.29,2817.89,11158.39,3859.7759536489602,3984.7066165844863
e8fffaab-f310-4c9c-a833-a837b68f1658,2026-09-19 07:30:00+00:00,1382.93,2428.29,12627.2,3603.303128535629,3698.7004189006248
e8fffaab-f310-4c9c-a833-a837b68f1658,2026-09-19 07:45:00+00:00,1666.26,1382.93,12138.36,2594.572242188742,2685.423252723167
e8fffaab-f310-4c9c-a833-a837b68f1658,2026-09-19 08:00:00+00:00,3133.46,1666.26,9197.79,2771.916213703699,2898.8657680679025
e8fffaab-f310-4c9c-a833-a837b68f1658,2026-09-19 08:15:00+00:00,2725.95,3133.46,28844.7,4968.1524855484495,4903.411187266097
e8fffaab-f310-4c9c-a833-a837b68f1658,2026-09-19 08:30:00+00:00,2483.23,2725.95,28962.72,4229.961959647424,4176.731767440964
e8fffaab-f310-4c9c-a833-a837b68f1658,2026-09-19 08:45:00+00:00,1230.34,2483.23,14014.34,3457.727799806803,3541.5056052138534
e8fffaab-f310-4c9c-a833-a837b68f1658,2026-09-19 09:00:00+00:00,768.43,1230.34,18729.52,2564.546946692457,2585.7652827991205
e8fffaab-f310-4c9c-a833-a837b68f1658,2026-09-19 09:15:00+00:00,1245.02,768.43,17219.17,2228.0941252604352,2248.8480845314707
e8fffaab-f310-4c9c-a833-a837b68f1658,2026-09-19 09:30:00+00:00,957.07,1245.02,21281.17,3019.30621610696,2959.18881144066
e8fffaab-f310-4c9c-a833-a837b68f1658,2026-09-19 09:45:00+00:00,1324.21,957.07,16292.4,2320.741645957567,2299.32312487693
e8fffaab-f310-4c9c-a833-a837b68f1658,2026-09-19 10:00:00+00:00,4587.44,1324.21,16089.64,2691.029876878112,2643.018038098101
e8fffaab-f310-4c9c-a833-a837b68f1658,2026-09-19 10:15:00+00:00,1093.42,4587.44,11663.11,5671.477662350691,5644.0854980780305
e8fffaab-f310-4c9c-a833-a837b68f1658,2026-09-19 10:30:00+00:00,1544.15,1093.42,13389.98,1558.2199146822604,1553.3632942667937
e8fffaab-f310-4c9c-a833-a837b68f1658,2026-09-19 10:45:00+00:00,1982.52,1544.15,9836.98,2528.770075473466,2555.0988325589606
e8fffaab-f310-4c9c-a833-a837b68f1658,2026-09-19 11:00:00+00:00,1616.73,1982.52,13974.61,2952.404541908073,2937.463454097445
e8fffaab-f310-4c9c-a833-a837b68f1658,2026-09-19 11:15:00+00:00,552.79,1616.73,12291.83,2349.577068018627,2370.232655544736
e8fffaab-f310-4c9c-a833-a837b68f1658,2026-09-19 11:30:00+00:00,1957.69,552.79,11594.31,1288.2063858173678,1318.5213386176838
e8fffaab-f310-4c9c-a833-a837b68f1658,2026-09-19 11:45:00+00:00,1391.11,1957.69,16442.16,2992.435670078091,2969.123209796596
e8fffaab-f310-4c9c-a833-a837b68f1658,2026-09-19 12:00:00+00:00,1811.01,1391.11,11052.5,1901.624643941308,1924.803524045873
e8fffaab-f310-4c9c-a833-a837b68f1658,2026-09-19 12:15:00+00:00,2604.78,1811.01,8521.88,2456.8776672235153,2483.5806825407844
e8fffaab-f310-4c9c-a833-a837b68f1658,2026-09-19 12:30:00+00:00,191.39,2604.78,7127.99,3148.640074302969,3168.6641612026697
e8fffaab-f310-4c9c-a833-a837b68f1658,2026-09-19 12:45:00+00:00,1061.31,191.39,7519.24,593.1970307794872,627.7811380561452
e8fffaab-f310-4c9c-a833-a837b68f1658,2026-09-19 13:00:00+00:00,596.81,1061.31,10274.66,1964.0227218290293,1972.2049522189582
e8fffaab-f310-4c9c-a833-a837b68f1658,2026-09-19 13:15:00+00:00,2128.51,596.81,8056.47,1403.575127825432,1383.093697150507
e8fffaab-f310-4c9c-a833-a837b68f1658,2026-09-19 13:30:00+00:00,2270.72,2128.51,12106.3,3123.582256183512,3046.345483001516
e8fffaab-f310-4c9c-a833-a837b68f1658,2026-09-19 13:45:00+00:00,2459.71,2270.72,18090.61,3026.968375370876,2890.9244677249853
e8fffaab-f310-4c9c-a833-a837b68f1658,2026-09-19 14:00:00+00:00,1553.51,2459.71,18829.38,3299.8702399828935,3115.393261832962
e8fffaab-f310-4c9c-a833-a837b68f1658,2026-09-19 14:15:00+00:00,733.15,1553.51,20674.41,2643.0677779606203,2416.303527888612
e8fffaab-f310-4c9c-a833-a837b68f1658,2026-09-19 14:30:00+00:00,2290.55,733.15,20627.97,1991.7063376884971,1777.7352152250241
e8fffaab-f310-4c9c-a833-a837b68f1658,2026-09-19 14:45:00+00:00,2679.38,2290.55,20300.55,3557.4491229709674,3358.8019652577805
e8fffaab-f310-4c9c-a833-a837b68f1658,2026-09-19 15:00:00+00:00,2809.43,2679.38,15955.54,3407.4249191607314,3260.7014311982903
e8fffaab-f310-4c9c-a833-a837b68f1658,2026-09-19 15:15:00+00:00,2543.95,2809.43,6282.38,2897.64843634133,2885.347158775364
e8fffaab-f310-4c9c-a833-a837b68f1658,2026-09-19 15:30:00+00:00,3125.92,2543.95,6095.63,2697.0753969048174,2682.6004868497294
e8fffaab-f310-4c9c-a833-a837b68f1658,2026-09-19 15:45:00+00:00,3191.78,3125.92,5311.74,3214.747721083678,3228.873526908661
e8fffaab-f310-4c9c-a833-a837b68f1658,2026-09-19 16:00:00+00:00,3236.34,3191.78,2480.86,3037.7149853730825,3092.7341289863025
e8fffaab-f310-4c9c-a833-a837b68f1658,2026-09-19 16:15:00+00:00,3733.27,3236.34,2866.46,3086.4032353851444,3136.5212562928928
e8fffaab-f310-4c9c-a833-a837b68f1658,2026-09-19 16:30:00+00:00,4292.04,3733.27,2961.05,3604.4920567437384,3641.326957296589
e8fffaab-f310-4c9c-a833-a837b68f1658,2026-09-19 16:45:00+00:00,4045.22,4292.04,2753.73,4046.954494301058,4080.0569613004573
e8fffaab-f310-4c9c-a833-a837b68f1658,2026-09-19 17:00:00+00:00,3544.52,4045.22,2369.22,3647.407850180567,3687.6061477736266
e8fffaab-f310-4c9c-a833-a837b68f1658,2026-09-19 17:15:00+00:00,3501.63,3544.52,2673.27,3235.1307470091206,3273.6139582302267
e8fffaab-f310-4c9c-a833-a837b68f1658,2026-09-19 17:30:00+00:00,4146.23,3501.63,3106.12,3305.742231738507,3342.1202221883823
e8fffaab-f310-4c9c-a833-a837b68f1658,2026-09-19 17:45:00+00:00,4179.39,4146.23,3414.96,3968.4962733101474,4001.3685831272696
e8fffaab-f310-4c9c-a833-a837b68f1658,2026-09-19 18:00:00+00:00,4266.95,4179.39,3789.36,3872.904417975794,3910.149445655581
e8fffaab-f310-4c9c-a833-a837b68f1658,2026-09-19 18:15:00+00:00,4218.3,4266.95,3774.92,3946.574590770154,3961.346736498662
e8fffaab-f310-4c9c-a833-a837b68f1658,2026-09-19 18:30:00+00:00,4287.73,4218.3,3553.65,3879.6004516250023,3870.7016805607273
e8fffaab-f310-4c9c-a833-a837b68f1658,2026-09-19 18:45:00+00:00,4181.81,4287.73,3614.5,3953.2154236905,3922.3739287650023
e8fffaab-f310-4c9c-a833-a837b68f1658,2026-09-19 19:00:00+00:00,4264.18,4181.81,3576.45,3832.46392983663,3781.3122484001524
e8fffaab-f310-4c9c-a833-a837b68f1658,2026-09-19 19:15:00+00:00,4240.12,4264.18,3617.62,3928.3671091228807,3853.4389613220064
e8fffaab-f310-4c9c-a833-a837b68f1658,2026-09-19 19:30:00+00:00,4206.91,4240.12,3546.61,3890.1500639484966,3791.7280017383428
e8fffaab-f310-4c9c-a833-a837b68f1658,2026-09-19 19:45:00+00:00,4580.07,4206.91,3952.41,3872.147041678494,3749.3068635511654
e8fffaab-f310-4c9c-a833-a837b68f1658,2026-09-19 20:00:00+00:00,4305.95,4580.07,3672.28,4242.055604009987,4097.13645531878
e8fffaab-f310-4c9c-a833-a837b68f1658,2026-09-19 20:15:00+00:00,4321.32,4305.95,3596.59,3900.148753636171,3736.90398783595
e8fffaab-f310-4c9c-a833-a837b68f1658,2026-09-19 20:30:00+00:00,4200.66,4321.32,3651.41,3994.3941692009803,3808.426358544384
e8fffaab-f310-4c9c-a833-a837b68f1658,2026-09-19 20:45:00+00:00,4294.53,4200.66,3570.24,3858.680856506081,3657.292648714396
e8fffaab-f310-4c9c-a833-a837b68f1658,2026-09-19 21:00:00+00:00,4083.82,4294.53,3516.23,3964.1341791128334,3749.3488922986417
e8fffaab-f310-4c9c-a833-a837b68f1658,2026-09-19 21:15:00+00:00,3935.62,4083.82,3724.58,3769.7110498641096,3536.8469478717534
e8fffaab-f310-4c9c-a833-a837b68f1658,2026-09-19 21:30:00+00:00,3954.88,3935.62,3646.33,3662.9645820583764,3419.9273494696617
e8fffaab-f310-4c9c-a833-a837b68f1658,2026-09-19 21:45:00+00:00,3911.54,3954.88,3642.96,3723.020824267902,3467.311073893732
e8fffaab-f310-4c9c-a833-a837b68f1658,2026-09-19 22:00:00+00:00,3916.0,3911.54,3334.84,3654.9781793125776,3395.9698359534796
e8fffaab-f310-4c9c-a833-a837b68f1658,2026-09-19 22:15:00+00:00,3611.17,3916.0,3410.52,3685.6453261628767,3416.3129150884797
e8fffaab-f310-4c9c-a833-a837b68f1658,2026-09-19 22:30:00+00:00,3549.02,3611.17,3531.5,3404.3582590712185,3127.268053875904
e8fffaab-f310-4c9c-a833-a837b68f1658,2026-09-19 22:45:00+00:00,3583.65,3549.02,4209.71,3450.4265948398343,3160.280872778936
e8fffaab-f310-4c9c-a833-a837b68f1658,2026-09-19 23:00:00+00:00,3914.57,3583.65,3702.23,3491.6807912143267,3201.285109837673
e8fffaab-f310-4c9c-a833-a837b68f1658,2026-09-19 23:15:00+00:00,3616.72,3914.57,3442.55,3820.471366075799,3525.471287623158
e8fffaab-f310-4c9c-a833-a837b68f1658,2026-09-19 23:30:00+00:00,3743.62,3616.72,3543.43,3473.6725217120656,3177.382978021904
e8fffaab-f310-4c9c-a833-a837b68f1658,2026-09-19 23:45:00+00:00,3054.15,3743.62,3423.29,3663.4908885462473,3366.435025826572
e8fffaab-f310-4c9c-a833-a837b68f1658,2026-09-20 00:00:00+00:00,2986.31,3054.15,3573.85,3053.9022874650373,2728.6856141575317
e8fffaab-f310-4c9c-a833-a837b68f1658,2026-09-20 00:15:00+00:00,3036.06,2986.31,3504.99,3133.1218371637397,2817.1718563318555
e8fffaab-f310-4c9c-a833-a837b68f1658,2026-09-20 00:30:00+00:00,3044.04,3036.06,3782.71,3229.561915131684,2917.72026319004
e8fffaab-f310-4c9c-a833-a837b68f1658,2026-09-20 00:45:00+00:00,3061.86,3044.04,3654.24,3234.628825751014,2937.2601469747824
e8fffaab-f310-4c9c-a833-a837b68f1658,2026-09-20 01:00:00+00:00,2805.45,3061.86,3257.45,3241.711150523267,2961.5139372604344
e8fffaab-f310-4c9c-a833-a837b68f1658,2026-09-20 01:15:00+00:00,2744.74,2805.45,3230.81,3012.879512035346,2742.261531723807
e8fffaab-f310-4c9c-a833-a837b68f1658,2026-09-20 01:30:00+00:00,3063.66,2744.74,3319.84,3035.5695341496385,2774.045007248029
e8fffaab-f310-4c9c-a833-a837b68f1658,2026-09-20 01:45:00+00:00,2998.27,3063.66,3377.1,3392.693447566121,3139.7738178486316
e8fffaab-f310-4c9c-a833-a837b68f1658,2026-09-20 02:00:00+00:00,3091.6,2998.27,3326.39,3286.4210062238963,3048.6890578068515
e8fffaab-f310-4c9c-a833-a837b68f1658,2026-09-20 02:15:00+00:00,3410.11,3091.6,3281.43,3409.301206723346,3189.271366650187
e8fffaab-f310-4c9c-a833-a837b68f1658,2026-09-20 02:30:00+00:00,3084.88,3410.11,3292.36,3758.574177184576,3549.045635568037
e8fffaab-f310-4c9c-a833-a837b68f1658,2026-09-20 02:45:00+00:00,2987.63,3084.88,4083.64,3429.2364854638254,3234.324383741071
e8fffaab-f310-4c9c-a833-a837b68f1658,2026-09-20 03:00:00+00:00,3620.16,2987.63,4020.25,3428.373039829845,3253.323020001655
e8fffaab-f310-4c9c-a833-a837b68f1658,2026-09-20 03:15:00+00:00,3411.68,3620.16,3587.58,4080.3424811568675,3923.9686707015553
e8fffaab-f310-4c9c-a833-a837b68f1658,2026-09-20 03:30:00+00:00,3326.98,3411.68,3692.98,3769.634907980253,3637.038085950324
e8fffaab-f310-4c9c-a833-a837b68f1658,2026-09-20 03:45:00+00:00,3381.44,3326.98,3837.53,3756.4900298434213,3645.1888207432003
e8fffaab-f310-4c9c-a833-a837b68f1658,2026-09-20 04:00:00+00:00,3336.49,3381.44,3703.46,3854.0397237804564,3762.394491140866
e8fffaab-f310-4c9c-a833-a837b68f1658,2026-09-20 04:15:00+00:00,3873.74,3336.49,4091.47,3859.8248844234577,3784.64719739498
e8fffaab-f310-4c9c-a833-a837b68f1658,2026-09-20 04:30:00+00:00,3288.48,3873.74,3610.09,4363.835401727134,4319.1637643614795
e8fffaab-f310-4c9c-a833-a837b68f1658,2026-09-20 04:45:00+00:00,3438.09,3288.48,3650.33,3713.0663114612253,3693.4767868948547
e8fffaab-f310-4c9c-a833-a837b68f1658,2026-09-20 05:00:00+00:00,3166.4,3438.09,3469.01,3954.408346583805,3965.049524113634
e8fffaab-f310-4c9c-a833-a837b68f1658,2026-09-20 05:15:00+00:00,2885.77,3166.4,3013.87,3648.783457050683,3687.804098348768
e8fffaab-f310-4c9c-a833-a837b68f1658,2026-09-20 05:30:00+00:00,3268.52,2885.77,3162.97,3442.927571154387,3508.5542108782065
e8fffaab-f310-4c9c-a833-a837b68f1658,2026-09-20 05:45:00+00:00,2815.95,3268.52,2959.14,3872.6550575478905,3962.301291011886
e8fffaab-f310-4c9c-a833-a837b68f1658,2026-09-20 06:00:00+00:00,2320.44,2815.95,3116.87,3390.9726814366977,3503.1032548432922
e8fffaab-f310-4c9c-a833-a837b68f1658,2026-09-20 06:15:00+00:00,2228.38,2320.44,2859.29,2958.5981882861433,3104.128682779201
e8fffaab-f310-4c9c-a833-a837b68f1658,2026-09-20 06:30:00+00:00,1840.46,2228.38,2655.35,2972.3713568273215,3139.5235258113107
e8fffaab-f310-4c9c-a833-a837b68f1658,2026-09-20 06:45:00+00:00,2126.86,1840.46,3134.7,2625.6043400258186,2814.8613999617537
e8fffaab-f310-4c9c-a833-a837b68f1658,2026-09-20 07:00:00+00:00,2430.55,2126.86,2817.89,2945.667294556889,3163.5285458561675
e8fffaab-f310-4c9c-a833-a837b68f1658,2026-09-20 07:15:00+00:00,4329.07,2430.55,2428.29,3182.7153509246154,3396.872384113429
e8fffaab-f310-4c9c-a833-a837b68f1658,2026-09-20 07:30:00+00:00,1842.42,4329.07,1382.93,4916.788603674092,5130.97606057732
e8fffaab-f310-4c9c-a833-a837b68f1658,2026-09-20 07:45:00+00:00,2495.37,1842.42,1666.26,2159.566422137301,2369.796435720684
e8fffaab-f310-4c9c-a833-a837b68f1658,2026-09-20 08:00:00+00:00,1356.42,2495.37,3133.46,3248.4774579946707,3448.861728328825
e8fffaab-f310-4c9c-a833-a837b68f1658,2026-09-20 08:15:00+00:00,-2059.09,1356.42,2725.95,2096.093837589451,2233.572353299508
e8fffaab-f310-4c9c-a833-a837b68f1658,2026-09-20 08:30:00+00:00,3998.83,-2059.09,2483.23,-1149.7330490718577,-1015.8767234737061
e8fffaab-f310-4c9c-a833-a837b68f1658,2026-09-20 08:45:00+00:00,1693.06,3998.83,1230.34,5432.041978004686,5489.371817903839
e8fffaab-f310-4c9c-a833-a837b68f1658,2026-09-20 09:00:00+00:00,-59.59,1693.06,768.43,1948.843944077691,1975.448295550028
e8fffaab-f310-4c9c-a833-a837b68f1658,2026-09-20 09:15:00+00:00,1046.19,-59.59,1245.02,588.9720956379533,653.6039178011506
e8fffaab-f310-4c9c-a833-a837b68f1658,2026-09-20 09:30:00+00:00,840.55,1046.19,957.07,1960.6386062311803,2009.2717077440439
e8fffaab-f310-4c9c-a833-a837b68f1658,2026-09-20 09:45:00+00:00,2667.31,840.55,1324.21,1581.754746352126,1632.1342283573722
e8fffaab-f310-4c9c-a833-a837b68f1658,2026-09-20 10:00:00+00:00,-1342.48,2667.31,4587.44,3623.882946605744,3626.624432563908
e8fffaab-f310-4c9c-a833-a837b68f1658,2026-09-20 10:15:00+00:00,-82.48,-1342.48,1093.42,-760.3169858491401,-723.8984582104476
e8fffaab-f310-4c9c-a833-a837b68f1658,2026-09-20 10:30:00+00:00,3402.68,-82.48,1544.15,1210.4419891383914,1238.6106192542502
e8fffaab-f310-4c9c-a833-a837b68f1658,2026-09-20 10:45:00+00:00,1290.54,3402.68,1982.52,4399.654428559124,4387.452743171489
e8fffaab-f310-4c9c-a833-a837b68f1658,2026-09-20 11:00:00+00:00,4642.35,1290.54,1616.73,1561.8920414373406,1575.449385110809
e8fffaab-f310-4c9c-a833-a837b68f1658,2026-09-20 11:15:00+00:00,176.54,4642.35,552.79,5257.593911646186,5250.232569749929
e8fffaab-f310-4c9c-a833-a837b68f1658,2026-09-20 11:30:00+00:00,1596.59,176.54,1957.69,271.47266045830656,257.2898207910657
e8fffaab-f310-4c9c-a833-a837b68f1658,2026-09-20 11:45:00+00:00,5115.5,1596.59,1391.11,2387.08995905533,2392.334820195938
e8fffaab-f310-4c9c-a833-a837b68f1658,2026-09-20 12:00:00+00:00,3300.98,5115.5,1811.01,5742.040579123604,5678.169172165438
e8fffaab-f310-4c9c-a833-a837b68f1658,2026-09-20 12:15:00+00:00,4397.07,3300.98,2604.78,3120.605933082991,3128.3528737238876
e8fffaab-f310-4c9c-a833-a837b68f1658,2026-09-20 12:30:00+00:00,1273.65,4397.07,191.39,4254.3040593024725,4328.390910625986
e8fffaab-f310-4c9c-a833-a837b68f1658,2026-09-20 12:45:00+00:00,3322.54,1273.65,1061.31,1269.7409565921844,1319.9544078529452
e8fffaab-f310-4c9c-a833-a837b68f1658,2026-09-20 13:00:00+00:00,1477.15,3322.54,596.81,3592.630483332002,3707.167906730533
e8fffaab-f310-4c9c-a833-a837b68f1658,2026-09-20 13:15:00+00:00,-5729.59,1477.15,2128.51,1626.0587327983449,1704.4926571000433
e8fffaab-f310-4c9c-a833-a837b68f1658,2026-09-20 13:30:00+00:00,2629.29,-5729.59,2270.72,-5230.79724105797,-5080.349640692211
e8fffaab-f310-4c9c-a833-a837b68f1658,2026-09-20 13:45:00+00:00,1765.35,2629.29,2459.71,4405.144904860815,4499.510746750297
e8fffaab-f310-4c9c-a833-a837b68f1658,2026-09-20 14:00:00+00:00,939.26,1765.35,1553.51,1663.9419781402084,1808.2320454577257
e8fffaab-f310-4c9c-a833-a837b68f1658,2026-09-20 14:15:00+00:00,405.81,939.26,733.15,965.9180332896049,1156.1560934400932
e8fffaab-f310-4c9c-a833-a837b68f1658,2026-09-20 14:30:00+00:00,3295.83,405.81,2290.55,921.6090607380629,1033.4051204829993
e8fffaab-f310-4c9c-a833-a837b68f1658,2026-09-20 14:45:00+00:00,-312.13,3295.83,2679.38,3891.376730190568,3987.2372718395527
e8fffaab-f310-4c9c-a833-a837b68f1658,2026-09-20 15:00:00+00:00,100.54,-312.13,2809.43,-268.6865157441989,-142.3862205545338
e8fffaab-f310-4c9c-a833-a837b68f1658,2026-09-20 15:15:00+00:00,1052.01,100.54,2543.95,800.3487982666811,937.1160653453862
e8fffaab-f310-4c9c-a833-a837b68f1658,2026-09-20 15:30:00+00:00,2638.89,1052.01,3125.92,1735.5625543449587,1844.1228731679985
e8fffaab-f310-4c9c-a833-a837b68f1658,2026-09-20 15:45:00+00:00,2323.29,2638.89,3191.78,2998.902691895557,3129.723058397938
e8fffaab-f310-4c9c-a833-a837b68f1658,2026-09-20 16:00:00+00:00,3122.31,2323.29,3236.34,2373.2026720290396,2505.123313988899
e8fffaab-f310-4c9c-a833-a837b68f1658,2026-09-20 16:15:00+00:00,2995.01,3122.31,3733.27,3228.7291792324677,3357.7704860162567
e8fffaab-f310-4c9c-a833-a837b68f1658,2026-09-20 16:30:00+00:00,3079.55,2995.01,4292.04,3004.2778310358735,3124.8326388510686
e8fffaab-f310-4c9c-a833-a837b68f1658,2026-09-20 16:45:00+00:00,3038.35,3079.55,4045.22,3100.2355755502203,3231.005022453737
e8fffaab-f310-4c9c-a833-a837b68f1658,2026-09-20 17:00:00+00:00,2875.28,3038.35,3544.52,3016.4605984637183,3156.967525420404
e8fffaab-f310-4c9c-a833-a837b68f1658,2026-09-20 17:15:00+00:00,2854.55,2875.28,3501.63,2865.4634573027397,3010.227067138184
e8fffaab-f310-4c9c-a833-a837b68f1658,2026-09-20 17:30:00+00:00,3525.68,2854.55,4146.23,2896.288291073968,3038.9838097581933
e8fffaab-f310-4c9c-a833-a837b68f1658,2026-09-20 17:45:00+00:00,3427.32,3525.68,4179.39,3573.4382563353347,3713.53444821058
e8fffaab-f310-4c9c-a833-a837b68f1658,2026-09-20 18:00:00+00:00,3517.37,3427.32,4266.95,3325.9914910543303,3473.395614445405
e8fffaab-f310-4c9c-a833-a837b68f1658,2026-09-20 18:15:00+00:00,3623.34,3517.37,4218.3,3419.777661562438,3546.724802826193
e8fffaab-f310-4c9c-a833-a837b68f1658,2026-09-20 18:30:00+00:00,3730.13,3623.34,4287.73,3540.0222226785454,3636.610294561897
e8fffaab-f310-4c9c-a833-a837b68f1658,2026-09-20 18:45:00+00:00,3564.33,3730.13,4181.81,3598.848556194248,3678.294802056078
e8fffaab-f310-4c9c-a833-a837b68f1658,2026-09-20 19:00:00+00:00,3474.16,3564.33,4264.18,3440.731750899815,3496.0167615376686
e8fffaab-f310-4c9c-a833-a837b68f1658,2026-09-20 19:15:00+00:00,3489.89,3474.16,4240.12,3355.77403490503,3388.4671004635093
e8fffaab-f310-4c9c-a833-a837b68f1658,2026-09-20 19:30:00+00:00,3525.87,3489.89,4206.91,3389.1004161056007,3395.0533305241906
e8fffaab-f310-4c9c-a833-a837b68f1658,2026-09-20 19:45:00+00:00,3401.36,3525.87,4580.07,3427.0141980375956,3406.125962460994
e8fffaab-f310-4c9c-a833-a837b68f1658,2026-09-20 20:00:00+00:00,3469.24,3401.36,4305.95,3282.2362436647254,3241.4637109303385
e8fffaab-f310-4c9c-a833-a837b68f1658,2026-09-20 20:15:00+00:00,3244.2,3469.24,4321.32,3381.863492502722,3320.7964379238574
e8fffaab-f310-4c9c-a833-a837b68f1658,2026-09-20 20:30:00+00:00,3446.92,3244.2,4200.66,3142.4199509179443,3066.4523934195395
e8fffaab-f310-4c9c-a833-a837b68f1658,2026-09-20 20:45:00+00:00,3337.17,3446.92,4294.53,3394.452376798973,3300.4994170371656
e8fffaab-f310-4c9c-a833-a837b68f1658,2026-09-20 21:00:00+00:00,3449.06,3337.17,4083.82,3233.363133854825,3128.2971883336886
e8fffaab-f310-4c9c-a833-a837b68f1658,2026-09-20 21:15:00+00:00,3164.84,3449.06,3935.62,3364.302955405513,3247.7036792175713
e8fffaab-f310-4c9c-a833-a837b68f1658,2026-09-20 21:30:00+00:00,3445.61,3164.84,3954.88,3096.2544829210256,2964.5891194396263
e8fffaab-f310-4c9c-a833-a837b68f1658,2026-09-20 21:45:00+00:00,3655.9,3445.61,3911.54,3421.0293232926133,3280.539431982882
e8fffaab-f310-4c9c-a833-a837b68f1658,2026-09-20 22:00:00+00:00,2969.58,3655.9,3916.0,3559.4312556934537,3412.2535954084715
e8fffaab-f310-4c9c-a833-a837b68f1658,2026-09-20 22:15:00+00:00,3108.03,2969.58,3611.17,2840.9515584432875,2694.0043193649026
e8fffaab-f310-4c9c-a833-a837b68f1658,2026-09-20 22:30:00+00:00,3018.87,3108.03,3549.02,3118.3044902196143,2964.7334741500445
e8fffaab-f310-4c9c-a833-a837b68f1658,2026-09-20 22:45:00+00:00,3052.88,3018.87,3583.65,3023.862876976569,2864.5049998279246
e8fffaab-f310-4c9c-a833-a837b68f1658,2026-09-20 23:00:00+00:00,3052.5,3052.88,3914.57,3096.0699489359795,2934.3291136250846
e8fffaab-f310-4c9c-a833-a837b68f1658,2026-09-20 23:15:00+00:00,3033.4,3052.5,3616.72,3094.7657215493964,2932.3050417017876
e8fffaab-f310-4c9c-a833-a837b68f1658,2026-09-20 23:30:00+00:00,3091.07,3033.4,3743.62,3102.606749078049,2937.708251436139
e8fffaab-f310-4c9c-a833-a837b68f1658,2026-09-20 23:45:00+00:00,3075.83,3091.07,3054.15,3155.109931051329,2996.561117596304
e8fffaab-f310-4c9c-a833-a837b68f1658,2026-09-21 00:00:00+00:00,3066.0,3075.83,2986.31,3735.109282379972,3666.9146719268274
e8fffaab-f310-4c9c-a833-a837b68f1658,2026-09-21 00:15:00+00:00,3081.59,3066.0,3036.06,3742.9554732137512,3681.5046386561535
e8fffaab-f310-4c9c-a833-a837b68f1658,2026-09-21 00:30:00+00:00,3030.62,3081.59,3044.04,3781.190727580255,3726.958934644951
e8fffaab-f310-4c9c-a833-a837b68f1658,2026-09-21 00:45:00+00:00,3486.98,3030.62,3061.86,3756.3151554057404,3710.501597520166
e8fffaab-f310-4c9c-a833-a837b68f1658,2026-09-21 01:00:00+00:00,2841.5,3486.98,2805.45,4213.867676208802,4180.763257856663
e8fffaab-f310-4c9c-a833-a837b68f1658,2026-09-21 01:15:00+00:00,2991.5,2841.5,2744.74,3521.139065752094,3502.3425532800165
e8fffaab-f310-4c9c-a833-a837b68f1658,2026-09-21 01:30:00+00:00,2956.29,2991.5,3063.66,3849.511925349514,3837.802908413085
e8fffaab-f310-4c9c-a833-a837b68f1658,2026-09-21 01:45:00+00:00,3136.74,2956.29,2998.27,3803.2337928982497,3806.1399197719866
e8fffaab-f310-4c9c-a833-a837b68f1658,2026-09-21 02:00:00+00:00,5193.69,3136.74,3091.6,4141.09383830189,4140.999067203954
e8fffaab-f310-4c9c-a833-a837b68f1658,2026-09-21 02:15:00+00:00,5414.94,5193.69,3410.11,6163.1959371121975,6163.171487634174
e8fffaab-f310-4c9c-a833-a837b68f1658,2026-09-21 02:30:00+00:00,5191.9,5414.94,3084.88,6007.339275147635,6022.051564579178
e8fffaab-f310-4c9c-a833-a837b68f1658,2026-09-21 02:45:00+00:00,5137.5,5191.9,2987.63,5764.506163847032,5797.970047184968
e8fffaab-f310-4c9c-a833-a837b68f1658,2026-09-21 03:00:00+00:00,5500.8,5137.5,3620.16,5875.058409218492,5902.812028166354
e8fffaab-f310-4c9c-a833-a837b68f1658,2026-09-21 03:15:00+00:00,23452.17,5500.8,3411.68,6269.678057868356,6312.589375493468
e8fffaab-f310-4c9c-a833-a837b68f1658,2026-09-21 03:30:00+00:00,11716.52,23452.17,3326.98,23948.44263970082,23898.92904533021
e8fffaab-f310-4c9c-a833-a837b68f1658,2026-09-21 03:45:00+00:00,6982.04,11716.52,3381.44,9022.895126567473,9039.335082919855
e8fffaab-f310-4c9c-a833-a837b68f1658,2026-09-21 04:00:00+00:00,9547.74,6982.04,3336.49,6780.403612376329,6829.672740291269
e8fffaab-f310-4c9c-a833-a837b68f1658,2026-09-21 04:15:00+00:00,8435.68,9547.74,3873.74,11578.009494501679,11363.617879617821
e8fffaab-f310-4c9c-a833-a837b68f1658,2026-09-21 04:30:00+00:00,7998.99,8435.68,3288.48,9062.021167921443,9070.700064187384
e8fffaab-f310-4c9c-a833-a837b68f1658,2026-09-21 04:45:00+00:00,7541.05,7998.99,3438.09,8426.201950018614,8549.699644340122
e8fffaab-f310-4c9c-a833-a837b68f1658,2026-09-21 05:00:00+00:00,8543.94,7541.05,3166.4,8188.567961636225,8315.327156367257
e8fffaab-f310-4c9c-a833-a837b68f1658,2026-09-21 05:15:00+00:00,9713.6,8543.94,2885.77,9119.861862282907,9290.334044293078
e8fffaab-f310-4c9c-a833-a837b68f1658,2026-09-21 05:30:00+00:00,11310.6,9713.6,3268.52,10342.213913537733,10485.798245426613
e8fffaab-f310-4c9c-a833-a837b68f1658,2026-09-21 05:45:00+00:00,12357.1,11310.6,2815.95,12088.629212741089,12183.734294662449
e8fffaab-f310-4c9c-a833-a837b68f1658,2026-09-21 06:00:00+00:00,13690.6,12357.1,2320.44,12831.893803053974,12935.683516931975
e8fffaab-f310-4c9c-a833-a837b68f1658,2026-09-21 06:15:00+00:00,14335.34,13690.6,2228.38,14000.481943933906,14070.692853277647
e8fffaab-f310-4c9c-a833-a837b68f1658,2026-09-21 06:30:00+00:00,15116.02,14335.34,1840.46,14348.541521670377,14401.488159098953
e8fffaab-f310-4c9c-a833-a837b68f1658,2026-09-21 06:45:00+00:00,14861.81,15116.02,2126.86,15045.646657580524,15067.36003852262
e8fffaab-f310-4c9c-a833-a837b68f1658,2026-09-21 07:00:00+00:00,13386.75,14861.81,2430.55,14743.575982893606,14730.888210342142
e8fffaab-f310-4c9c-a833-a837b68f1658,2026-09-21 07:15:00+00:00,15252.89,13386.75,4329.07,13325.81509255341,13296.715347532903
e8fffaab-f310-4c9c-a833-a837b68f1658,2026-09-21 07:30:00+00:00,13354.26,15252.89,1842.42,15336.80822343228,15299.113497333314
e8fffaab-f310-4c9c-a833-a837b68f1658,2026-09-21 07:45:00+00:00,13307.84,13354.26,2495.37,12865.148573513108,12852.882249606935
e8fffaab-f310-4c9c-a833-a837b68f1658,2026-09-21 08:00:00+00:00,14827.13,13307.84,1356.42,13063.315833184537,13057.506265743574
e8fffaab-f310-4c9c-a833-a837b68f1658,2026-09-21 08:15:00+00:00,11373.07,14827.13,-2059.09,14510.71637575881,14489.056951090151
e8fffaab-f310-4c9c-a833-a837b68f1658,2026-09-21 08:30:00+00:00,6527.77,11373.07,3998.83,10763.784082297585,10738.148680595652
e8fffaab-f310-4c9c-a833-a837b68f1658,2026-09-21 08:45:00+00:00,9447.02,6527.77,1693.06,6710.143873523009,6691.423589864978
e8fffaab-f310-4c9c-a833-a837b68f1658,2026-09-21 09:00:00+00:00,9287.81,9447.02,-59.59,10366.225741408914,10333.585627537283
e8fffaab-f310-4c9c-a833-a837b68f1658,2026-09-21 09:15:00+00:00,17395.82,9287.81,1046.19,9508.97895118566,9504.193240684837
e8fffaab-f310-4c9c-a833-a837b68f1658,2026-09-21 09:30:00+00:00,15691.61,17395.82,840.55,17404.698552498197,17385.81357192501
e8fffaab-f310-4c9c-a833-a837b68f1658,2026-09-21 09:45:00+00:00,10848.61,15691.61,2667.31,14154.519851206549,14120.694576978362
e8fffaab-f310-4c9c-a833-a837b68f1658,2026-09-21 10:00:00+00:00,13207.55,10848.61,-1342.48,9539.966651153607,9567.783024878872
e8fffaab-f310-4c9c-a833-a837b68f1658,2026-09-21 10:15:00+00:00,12475.64,13207.55,-82.48,13134.009194452607,13055.35960847977
e8fffaab-f310-4c9c-a833-a837b68f1658,2026-09-21 10:30:00+00:00,9379.53,12475.64,3402.68,12009.356994646314,11909.769714976865
