validation,model,horizon_step,horizon_hours,n,mae_w,rmse_w
80_20,Persistence,1,0.25,7489,1654.63590599546,2771.28360183713
80_20,Persistence,2,0.5,7489,2135.230120176259,3485.2301931914717
80_20,Persistence,3,0.75,7489,2506.5824916544266,4007.0426089542484
80_20,Persistence,4,1.0,7489,2801.868481773268,4352.734408312856
80_20,Persistence,5,1.25,7489,3024.9425864601417,4576.83069505249
80_20,Persistence,6,1.5,7489,3175.1460328481776,4712.495240024843
80_20,Persistence,7,1.75,7489,3304.0165749766325,4838.48168041487
80_20,Persistence,8,2.0,7489,3443.4840592869546,4979.150625924131
80_20,Persistence,9,2.25,7489,3582.710106823341,5090.893615999018
80_20,Persistence,10,2.5,7489,3695.5812511683803,5187.109460431735
80_20,Persistence,11,2.75,7489,3807.2608465749763,5284.997818826888
80_20,Persistence,12,3.0,7489,3886.2566764588064,5344.590960425648
80_20,Persistence,13,3.25,7489,3938.1304713579916,5373.456320346866
80_20,Persistence,14,3.5,7489,3991.301639738283,5418.845806113108
80_20,Persistence,15,3.75,7489,4077.9803137935637,5504.822560459793
80_20,Persistence,16,4.0,7489,4208.412860194952,5626.836929443933
80_20,Persistence,17,4.25,7489,4315.1714741621045,5736.864475689588
80_20,Persistence,18,4.5,7489,4444.730124182133,5867.8005778491015
80_20,Persistence,19,4.75,7489,4576.97398050474,5986.057136696075
80_20,Persistence,20,5.0,7489,4720.124780344506,6125.7773794781015
80_20,Persistence,21,5.25,7489,4834.120973427694,6253.736595358787
80_20,Persistence,22,5.5,7489,4947.02111496862,6361.0747458004735
80_20,Persistence,23,5.75,7489,5011.286305247697,6447.0703731760905
80_20,Persistence,24,6.0,7489,5076.630044064628,6518.223682358207
80_20,Persistence,25,6.25,7489,5137.77637601816,6571.057223637413
80_20,Persistence,26,6.5,7489,5189.050598210708,6625.723714602062
80_20,Persistence,27,6.75,7489,5260.919475230338,6690.141099093005
80_20,Persistence,28,7.0,7489,5330.793194017892,6752.173241095988
80_20,Persistence,29,7.25,7489,5406.872642542396,6819.829303603418
80_20,Persistence,30,7.5,7489,5469.72025771131,6895.9262891634935
80_20,Persistence,31,7.75,7489,5555.89425290426,6976.969311514316
80_20,Persistence,32,8.0,7489,5624.504522633196,7049.9579184828035
80_20,Persistence,33,8.25,7489,5687.220922686606,7104.977487185598
80_20,Persistence,34,8.5,7489,5740.788390973427,7156.090505662501
80_20,Persistence,35,8.75,7489,5775.260125517425,7180.616645768356
80_20,Persistence,36,9.0,7489,5807.044535986113,7207.246554798951
80_20,Persistence,37,9.25,7489,5825.173194017893,7235.669839926314
80_20,Persistence,38,9.5,7489,5861.3924916544265,7274.846724631583
80_20,Persistence,39,9.75,7489,5896.955397249299,7310.604961358586
80_20,Persistence,40,10.0,7489,5914.698638002404,7339.693563561688
80_20,Persistence,41,10.25,7489,5933.963810922686,7362.01385916399
80_20,Persistence,42,10.5,7489,5965.084385098143,7390.328351967737
80_20,Persistence,43,10.75,7489,5984.595299773,7413.796827753066
80_20,Persistence,44,11.0,7489,6011.088949125384,7436.415344030235
80_20,Persistence,45,11.25,7489,6033.572320737081,7463.208744446221
80_20,Persistence,46,11.5,7489,6054.648233409,7487.124393957945
80_20,Persistence,47,11.75,7489,6070.067564427828,7503.501120068696
80_20,Persistence,48,12.0,7489,6072.493180664976,7504.129916758209
80_20,Persistence,49,12.25,7489,6084.5450981439435,7505.5732959176
80_20,Persistence,50,12.5,7489,6090.832717318734,7506.232216702705
80_20,Persistence,51,12.75,7489,6087.674953932434,7503.895666457583
80_20,Persistence,52,13.0,7489,6078.239165442649,7494.450231803009
80_20,Persistence,53,13.25,7489,6040.642597142475,7462.846485810633
80_20,Persistence,54,13.5,7489,5993.064773668046,7425.606556333392
80_20,Persistence,55,13.75,7489,5965.085222326079,7398.6712323292395
80_20,Persistence,56,14.0,7489,5945.752338095875,7373.71751343035
80_20,Persistence,57,14.25,7489,5926.588747496327,7344.099661905822
80_20,Persistence,58,14.5,7489,5900.628037121111,7312.574434460272
80_20,Persistence,59,14.75,7489,5865.6745840566155,7275.503153492691
80_20,Persistence,60,15.0,7489,5830.626902123115,7248.721544685347
80_20,Persistence,61,15.25,7489,5795.212200560823,7225.531833859238
80_20,Persistence,62,15.5,7489,5757.207711309921,7203.018935590509
80_20,Persistence,63,15.75,7489,5712.793740152223,7162.384615303944
80_20,Persistence,64,16.0,7489,5662.120676992923,7106.714829196902
80_20,Persistence,65,16.25,7489,5605.4890425958065,7048.234621449133
80_20,Persistence,66,16.5,7489,5542.633996528241,6975.6226398142035
80_20,Persistence,67,16.75,7489,5461.525529443183,6890.31688468788
80_20,Persistence,68,17.0,7489,5384.35235812525,6806.946685090297
80_20,Persistence,69,17.25,7489,5301.351675791161,6722.229482076617
80_20,Persistence,70,17.5,7489,5218.019570036053,6644.1227246809
80_20,Persistence,71,17.75,7489,5147.638768860996,6585.338319650646
80_20,Persistence,72,18.0,7489,5074.652391507545,6524.07624717247
80_20,Persistence,73,18.25,7489,5003.9171651755905,6439.757477908503
80_20,Persistence,74,18.5,7489,4926.008851649085,6361.356946042542
80_20,Persistence,75,18.75,7489,4845.246083589264,6283.554770618028
80_20,Persistence,76,19.0,7489,4759.588246761917,6188.595076447851
80_20,Persistence,77,19.25,7489,4682.529722259314,6133.248917134169
80_20,Persistence,78,19.5,7489,4624.176385365203,6083.536143104587
80_20,Persistence,79,19.75,7489,4541.240925357191,6005.788108520017
80_20,Persistence,80,20.0,7489,4449.842853518494,5908.943752984291
80_20,Persistence,81,20.25,7489,4351.288336226466,5822.079037201776
80_20,Persistence,82,20.5,7489,4285.283390305782,5752.303903567818
80_20,Persistence,83,20.75,7489,4216.955561490186,5693.779229456363
80_20,Persistence,84,21.0,7489,4136.553531846708,5610.857867282137
80_20,Persistence,85,21.25,7489,4058.290256376018,5534.607426023346
80_20,Persistence,86,21.5,7489,3977.731864067299,5443.238114714433
80_20,Persistence,87,21.75,7489,3904.3083923087197,5370.172062824013
80_20,Persistence,88,22.0,7489,3865.113652022967,5341.162607261008
80_20,Persistence,89,22.25,7489,3819.1641727867536,5299.848563059674
80_20,Persistence,90,22.5,7489,3763.9316357324074,5255.841348721188
80_20,Persistence,91,22.75,7489,3738.1951916143676,5237.965741028379
80_20,Persistence,92,23.0,7489,3674.5369809053277,5169.162661596897
80_20,Persistence,93,23.25,7489,3619.625486713847,5132.921507958346
80_20,Persistence,94,23.5,7489,3619.4844785685673,5131.487524525123
80_20,Persistence,95,23.75,7489,3570.2803832287354,5064.483860157607
80_20,Persistence,96,24.0,7489,3534.773951128321,5049.195110928953
80_20,Persistence,97,24.25,7489,3557.9388943784215,5077.541931929803
80_20,Persistence,98,24.5,7489,3574.502483642676,5093.804021234205
80_20,Persistence,99,24.75,7489,3588.8248684737614,5111.2256494135845
80_20,Persistence,100,25.0,7489,3639.894128722126,5162.806000582497
80_20,Persistence,101,25.25,7489,3750.629500600881,5266.61567074429
80_20,Persistence,102,25.5,7489,3818.478071838697,5353.805092528717
80_20,Persistence,103,25.75,7489,3888.7874402456937,5420.419772712623
80_20,Persistence,104,26.0,7489,3977.116962211243,5491.639466615794
80_20,Persistence,105,26.25,7489,4041.36192549072,5547.824942339936
80_20,Persistence,106,26.5,7489,4104.158636667112,5614.45709881563
80_20,Persistence,107,26.75,7489,4190.410144211511,5725.541387316446
80_20,Persistence,108,27.0,7489,4273.4945012685275,5816.8102683040615
80_20,Persistence,109,27.25,7489,4343.584276939511,5873.319596069867
80_20,Persistence,110,27.5,7489,4433.306247830151,5961.082933566542
80_20,Persistence,111,27.75,7489,4489.793359594071,6015.635666658496
80_20,Persistence,112,28.0,7489,4570.5361743891035,6073.456918510724
80_20,Persistence,113,28.25,7489,4637.587660568834,6141.126839070338
80_20,Persistence,114,28.5,7489,4712.688836960876,6200.279140345951
80_20,Persistence,115,28.75,7489,4776.645549472561,6261.629442973576
80_20,Persistence,116,29.0,7489,4850.462657230605,6333.876448440528
80_20,Persistence,117,29.25,7489,4932.63460141541,6411.925624947739
80_20,Persistence,118,29.5,7489,5020.448085191614,6485.322471697393
80_20,Persistence,119,29.75,7489,5092.239047936975,6573.007775048
80_20,Persistence,120,30.0,7489,5173.29048471091,6650.02845377845
80_20,Persistence,121,30.25,7489,5266.3702897583125,6739.82277433099
80_20,Persistence,122,30.5,7489,5343.899527306717,6819.204404856976
80_20,Persistence,123,30.75,7489,5427.53647482975,6893.957903783383
80_20,Persistence,124,31.0,7489,5500.599496595006,6966.238848526481
80_20,Persistence,125,31.25,7489,5564.894103351582,7029.459181251309
80_20,Persistence,126,31.5,7489,5635.901363332889,7100.4637211078825
80_20,Persistence,127,31.75,7489,5692.638495126184,7154.892740275414
80_20,Persistence,128,32.0,7489,5736.126843370276,7191.253262971933
80_20,Persistence,129,32.25,7489,5775.166895446656,7223.151101064028
80_20,Persistence,130,32.5,7489,5815.072950994792,7265.438058097486
80_20,Persistence,131,32.75,7489,5868.588592602484,7315.145182860462
80_20,Persistence,132,33.0,7489,5919.013939110696,7371.394499087546
80_20,Persistence,133,33.25,7489,5956.845016691148,7413.256649700511
80_20,Persistence,134,33.5,7489,5993.939384430498,7444.596041731674
80_20,Persistence,135,33.75,7489,6015.626490853252,7468.623625293863
80_20,Persistence,136,34.0,7489,6043.4123607958345,7500.435246134809
80_20,Persistence,137,34.25,7489,6081.044319668848,7535.345897219589
80_20,Persistence,138,34.5,7489,6117.044264921886,7570.649942310495
80_20,Persistence,139,34.75,7489,6139.942864200828,7593.192251281531
80_20,Persistence,140,35.0,7489,6159.581336627052,7614.145205127651
80_20,Persistence,141,35.25,7489,6178.375803177994,7632.788895058927
80_20,Persistence,142,35.5,7489,6185.193521164375,7639.1872626446875
80_20,Persistence,143,35.75,7489,6169.520130858592,7628.764571568868
80_20,Persistence,144,36.0,7489,6154.997235946054,7620.606262919129
80_20,Copy-Yesterday,1,0.25,7419,3547.41471896482,5092.209193459902
80_20,Copy-Yesterday,2,0.5,7419,3541.451307453835,5081.890099827767
80_20,Copy-Yesterday,3,0.75,7419,3537.3052082490904,5077.33020958867
80_20,Copy-Yesterday,4,1.0,7419,3535.121339803208,5075.069903620306
80_20,Copy-Yesterday,5,1.25,7419,3529.8389917778677,5068.17589123351
80_20,Copy-Yesterday,6,1.5,7419,3528.01853349508,5064.705447695379
80_20,Copy-Yesterday,7,1.75,7419,3524.157398571236,5059.049427471124
80_20,Copy-Yesterday,8,2.0,7419,3520.710446151773,5053.389955564442
80_20,Copy-Yesterday,9,2.25,7419,3515.286000808735,5044.99120811668
80_20,Copy-Yesterday,10,2.5,7419,3508.8874417037337,5036.764986656706
80_20,Copy-Yesterday,11,2.75,7419,3503.868583367031,5030.2232072884535
80_20,Copy-Yesterday,12,3.0,7419,3500.0299285618007,5026.23040207379
80_20,Copy-Yesterday,13,3.25,7419,3497.6875414476344,5023.941324304668
80_20,Copy-Yesterday,14,3.5,7419,3491.0073540908475,5015.265264431527
80_20,Copy-Yesterday,15,3.75,7419,3485.242339937997,5006.877217352168
80_20,Copy-Yesterday,16,4.0,7419,3482.2390699555194,5003.612226319487
80_20,Copy-Yesterday,17,4.25,7419,3479.895635530395,5002.158660189187
80_20,Copy-Yesterday,18,4.5,7419,3478.7522401940964,5001.1379486859405
80_20,Copy-Yesterday,19,4.75,7419,3476.1012751044614,4998.911475153107
80_20,Copy-Yesterday,20,5.0,7419,3473.487320393584,4996.231298225947
80_20,Copy-Yesterday,21,5.25,7419,3470.558611672732,4994.26046545039
80_20,Copy-Yesterday,22,5.5,7419,3467.0766976681493,4991.6809575532525
80_20,Copy-Yesterday,23,5.75,7419,3464.297460574201,4989.838658986002
80_20,Copy-Yesterday,24,6.0,7419,3463.3787127645232,4989.388195481188
80_20,Copy-Yesterday,25,6.25,7419,3459.4984809273487,4985.722831897688
80_20,Copy-Yesterday,26,6.5,7419,3457.114985847149,4984.2727429536135
80_20,Copy-Yesterday,27,6.75,7419,3455.2055020892303,4983.3738295083795
80_20,Copy-Yesterday,28,7.0,7419,3456.188005121984,4985.765801742605
80_20,Copy-Yesterday,29,7.25,7419,3457.1077031945,4988.442951929058
80_20,Copy-Yesterday,30,7.5,7419,3458.611192883138,4991.982400215079
80_20,Copy-Yesterday,31,7.75,7419,3458.9646812238843,4992.586333395852
80_20,Copy-Yesterday,32,8.0,7419,3461.3336271734734,4995.812851450138
80_20,Copy-Yesterday,33,8.25,7419,3461.9726674754006,4997.461537885525
80_20,Copy-Yesterday,34,8.5,7419,3460.838657501011,4996.3905168960555
80_20,Copy-Yesterday,35,8.75,7419,3459.2612562339937,4994.048616839462
80_20,Copy-Yesterday,36,9.0,7419,3459.5208100822215,4994.7717629730805
80_20,Copy-Yesterday,37,9.25,7420,3458.7589460916442,4993.1994840296475
80_20,Copy-Yesterday,38,9.5,7421,3457.9841247810264,4992.658196150476
80_20,Copy-Yesterday,39,9.75,7422,3455.7772568040955,4990.622675530333
80_20,Copy-Yesterday,40,10.0,7423,3455.900832547488,4990.727277741756
80_20,Copy-Yesterday,41,10.25,7424,3454.9465880926723,4989.773858201377
80_20,Copy-Yesterday,42,10.5,7425,3453.8944282828284,4988.012236271309
80_20,Copy-Yesterday,43,10.75,7426,3452.8782063021818,4985.93319081245
80_20,Copy-Yesterday,44,11.0,7427,3452.7907634307257,4984.104937257165
80_20,Copy-Yesterday,45,11.25,7428,3453.1008535271944,4983.544041123852
80_20,Copy-Yesterday,46,11.5,7429,3455.5771436263294,4985.942823427582
80_20,Copy-Yesterday,47,11.75,7430,3459.9839057873487,4991.576162486071
80_20,Copy-Yesterday,48,12.0,7430,3463.6515935397038,4995.081271671648
80_20,Copy-Yesterday,49,12.25,7431,3466.529298883058,4997.966666103438
80_20,Copy-Yesterday,50,12.5,7432,3471.6365931108726,5005.55285443538
80_20,Copy-Yesterday,51,12.75,7433,3476.781056101171,5014.588681522158
80_20,Copy-Yesterday,52,13.0,7434,3480.7536306160887,5018.679808750535
80_20,Copy-Yesterday,53,13.25,7435,3480.6455346334906,5017.731722713846
80_20,Copy-Yesterday,54,13.5,7436,3482.1048171059706,5018.15081169726
80_20,Copy-Yesterday,55,13.75,7437,3487.4156810541886,5023.492570306464
80_20,Copy-Yesterday,56,14.0,7438,3492.06615219145,5027.856301811003
80_20,Copy-Yesterday,57,14.25,7439,3496.858657077564,5033.2437824887975
80_20,Copy-Yesterday,58,14.5,7440,3504.661315860215,5043.718492110877
80_20,Copy-Yesterday,59,14.75,7441,3506.457626663083,5045.087153288788
80_20,Copy-Yesterday,60,15.0,7442,3511.3014592851387,5049.2340572267685
80_20,Copy-Yesterday,61,15.25,7443,3513.6408733037756,5049.375706457237
80_20,Copy-Yesterday,62,15.5,7444,3517.7462144008596,5052.516506029217
80_20,Copy-Yesterday,63,15.75,7445,3520.023591672263,5053.6428027040265
80_20,Copy-Yesterday,64,16.0,7446,3523.7692613483746,5056.316712413224
80_20,Copy-Yesterday,65,16.25,7447,3527.040715724453,5058.3951802457395
80_20,Copy-Yesterday,66,16.5,7448,3529.3622905477987,5060.065343597279
80_20,Copy-Yesterday,67,16.75,7449,3530.578968989126,5060.492087728607
80_20,Copy-Yesterday,68,17.0,7450,3534.478293959731,5063.2826154622
80_20,Copy-Yesterday,69,17.25,7451,3536.195628774661,5064.153689076482
80_20,Copy-Yesterday,70,17.5,7452,3538.3843599033817,5066.918143896154
80_20,Copy-Yesterday,71,17.75,7453,3541.4502992083726,5068.907464712567
80_20,Copy-Yesterday,72,18.0,7454,3541.493732224309,5068.731511062701
80_20,Copy-Yesterday,73,18.25,7455,3541.6388276324615,5066.916702089889
80_20,Copy-Yesterday,74,18.5,7456,3540.426547746781,5062.759915083097
80_20,Copy-Yesterday,75,18.75,7457,3538.4004934960435,5057.882459638997
80_20,Copy-Yesterday,76,19.0,7458,3538.4741767229816,5057.263803711134
80_20,Copy-Yesterday,77,19.25,7459,3537.1640193055373,5055.139084465799
80_20,Copy-Yesterday,78,19.5,7460,3536.4513686327077,5052.961994108096
80_20,Copy-Yesterday,79,19.75,7461,3537.915572979493,5054.324486872007
80_20,Copy-Yesterday,80,20.0,7462,3541.4337965692844,5056.973453157472
80_20,Copy-Yesterday,81,20.25,7463,3543.329715931931,5058.497023198771
80_20,Copy-Yesterday,82,20.5,7464,3545.35013397642,5060.411896752413
80_20,Copy-Yesterday,83,20.75,7465,3545.496768921634,5060.863123559434
80_20,Copy-Yesterday,84,21.0,7466,3545.87830297348,5061.035764422531
80_20,Copy-Yesterday,85,21.25,7467,3544.26558055444,5056.413904792704
80_20,Copy-Yesterday,86,21.5,7468,3544.2536797000535,5055.916234574913
80_20,Copy-Yesterday,87,21.75,7469,3541.120792609453,5051.500179902484
80_20,Copy-Yesterday,88,22.0,7470,3539.168751004016,5050.2139917241275
80_20,Copy-Yesterday,89,22.25,7471,3536.538253245884,5048.515008807244
80_20,Copy-Yesterday,90,22.5,7472,3536.4624598501073,5048.330804719668
80_20,Copy-Yesterday,91,22.75,7473,3534.6409888933495,5045.824838683798
80_20,Copy-Yesterday,92,23.0,7474,3534.462293283382,5046.20866127144
80_20,Copy-Yesterday,93,23.25,7476,3533.9816773675766,5045.881071172412
80_20,Copy-Yesterday,94,23.5,7478,3535.230893286975,5048.730075248272
80_20,Copy-Yesterday,95,23.75,7479,3535.099975932611,5049.540440660585
80_20,Copy-Yesterday,96,24.0,7489,3534.773951128321,5049.195110928953
80_20,Copy-Yesterday,97,24.25,7419,3848.352221323629,5364.129402420462
80_20,Copy-Yesterday,98,24.5,7419,3843.484855101766,5356.818483528838
80_20,Copy-Yesterday,99,24.75,7419,3841.050436716538,5351.731056672028
80_20,Copy-Yesterday,100,25.0,7419,3840.553579997304,5352.170746970169
80_20,Copy-Yesterday,101,25.25,7419,3838.4116767758455,5350.200359412352
80_20,Copy-Yesterday,102,25.5,7419,3833.86065911848,5343.3749191506695
80_20,Copy-Yesterday,103,25.75,7419,3828.8828130475804,5332.621850660709
80_20,Copy-Yesterday,104,26.0,7419,3824.035031675428,5326.773474542978
80_20,Copy-Yesterday,105,26.25,7419,3820.4216713842834,5321.043431777744
80_20,Copy-Yesterday,106,26.5,7419,3818.477267825853,5317.99700498762
80_20,Copy-Yesterday,107,26.75,7419,3814.356777193692,5312.287432664062
80_20,Copy-Yesterday,108,27.0,7419,3809.318300310015,5306.801263474736
80_20,Copy-Yesterday,109,27.25,7419,3806.664508693894,5304.667670573179
80_20,Copy-Yesterday,110,27.5,7419,3803.453535516916,5300.948239230048
80_20,Copy-Yesterday,111,27.75,7419,3801.4303329289664,5298.909014132516
80_20,Copy-Yesterday,112,28.0,7419,3797.7304663701307,5293.613082128528
80_20,Copy-Yesterday,113,28.25,7419,3795.681924787707,5292.170768423786
80_20,Copy-Yesterday,114,28.5,7419,3791.2573446556144,5288.415456950066
80_20,Copy-Yesterday,115,28.75,7419,3785.3156544008625,5283.378951640177
80_20,Copy-Yesterday,116,29.0,7419,3782.338173608303,5281.454362141414
80_20,Copy-Yesterday,117,29.25,7419,3782.3135678662893,5281.717303773139
80_20,Copy-Yesterday,118,29.5,7419,3780.360059307184,5280.1031667921525
80_20,Copy-Yesterday,119,29.75,7419,3778.3824962933013,5278.616146247694
80_20,Copy-Yesterday,120,30.0,7419,3775.217840679337,5276.681101982726
80_20,Copy-Yesterday,121,30.25,7419,3770.7635705620705,5273.87862097288
80_20,Copy-Yesterday,122,30.5,7419,3769.5199272139103,5272.601200944004
80_20,Copy-Yesterday,123,30.75,7419,3768.6129518803077,5271.796104426031
80_20,Copy-Yesterday,124,31.0,7419,3768.311087747675,5273.11554400205
80_20,Copy-Yesterday,125,31.25,7419,3766.987046771802,5273.764004862084
80_20,Copy-Yesterday,126,31.5,7419,3766.3530435368643,5274.846368169809
80_20,Copy-Yesterday,127,31.75,7419,3763.3232578514626,5272.673795789565
80_20,Copy-Yesterday,128,32.0,7419,3760.443677045424,5270.608374722259
80_20,Copy-Yesterday,129,32.25,7419,3759.008551017657,5271.138992609662
80_20,Copy-Yesterday,130,32.5,7419,3755.874953497776,5267.260022893629
80_20,Copy-Yesterday,131,32.75,7419,3754.416911982747,5265.281654774189
80_20,Copy-Yesterday,132,33.0,7419,3754.054519477018,5264.699030036838
80_20,Copy-Yesterday,133,33.25,7420,3752.1253867924524,5261.5393600905
80_20,Copy-Yesterday,134,33.5,7421,3750.763436194583,5259.3577383331
80_20,Copy-Yesterday,135,33.75,7422,3750.0727149016434,5257.880637471734
80_20,Copy-Yesterday,136,34.0,7423,3748.5543850195345,5255.8426279732
80_20,Copy-Yesterday,137,34.25,7424,3747.376166487069,5254.407588255984
80_20,Copy-Yesterday,138,34.5,7425,3748.1995016835012,5255.360010364183
80_20,Copy-Yesterday,139,34.75,7426,3749.7633517371396,5257.242438597815
80_20,Copy-Yesterday,140,35.0,7427,3750.911442035815,5261.422843702934
80_20,Copy-Yesterday,141,35.25,7428,3752.5333535271943,5262.5130150211635
80_20,Copy-Yesterday,142,35.5,7429,3750.7544608964868,5261.376962491958
80_20,Copy-Yesterday,143,35.75,7430,3750.2428492597573,5261.510456690737
80_20,Copy-Yesterday,144,36.0,7430,3751.6920753701206,5263.154733326738
80_20,Ridge,1,0.25,7489,1826.6858604757615,2864.967913682033
80_20,Ridge,2,0.5,7489,2376.2802060291447,3382.7355278827417
80_20,Ridge,3,0.75,7489,2707.6762563331595,3671.0783741727587
80_20,Ridge,4,1.0,7489,2875.7657026451398,3811.0475909414436
80_20,Ridge,5,1.25,7489,2964.687366455594,3903.4167372151405
80_20,Ridge,6,1.5,7489,2983.523686684318,3946.4416766100535
80_20,Ridge,7,1.75,7489,2979.8691284106294,3972.767061149195
80_20,Ridge,8,2.0,7489,2956.7800126578195,3976.627931139312
80_20,Ridge,9,2.25,7489,2932.3734267220134,3965.6401777123056
80_20,Ridge,10,2.5,7489,2916.568326202122,3960.129835499308
80_20,Ridge,11,2.75,7489,2936.305026418315,3980.0378578417235
80_20,Ridge,12,3.0,7489,2960.629440466862,3994.5594621442287
80_20,Ridge,13,3.25,7489,2981.4914617353425,3994.417266544934
80_20,Ridge,14,3.5,7489,3012.2358994805977,4007.2107959544783
80_20,Ridge,15,3.75,7489,3047.23790085621,4008.7049134890663
80_20,Ridge,16,4.0,7489,3108.210400878013,4036.789274611227
80_20,Ridge,17,4.25,7489,3139.0319092348363,4049.5366210748102
80_20,Ridge,18,4.5,7489,3168.7504421203303,4071.374057688722
80_20,Ridge,19,4.75,7489,3189.3144751728487,4084.31633201185
80_20,Ridge,20,5.0,7489,3197.5026635646395,4101.935902345133
80_20,Ridge,21,5.25,7489,3205.8787177271083,4119.282267525165
80_20,Ridge,22,5.5,7489,3219.198773481884,4138.673817265888
80_20,Ridge,23,5.75,7489,3228.197701169311,4155.067767664265
80_20,Ridge,24,6.0,7489,3236.5616327757048,4161.7493406327485
80_20,Ridge,25,6.25,7489,3238.8518749623954,4165.579620843969
80_20,Ridge,26,6.5,7489,3247.989954954466,4174.493108989199
80_20,Ridge,27,6.75,7489,3264.1669424683487,4184.753308101547
80_20,Ridge,28,7.0,7489,3280.698788328862,4190.349467134095
80_20,Ridge,29,7.25,7489,3287.2321956213896,4192.3450161068085
80_20,Ridge,30,7.5,7489,3298.2316830274754,4191.699684432425
80_20,Ridge,31,7.75,7489,3297.9553392251337,4189.356208330608
80_20,Ridge,32,8.0,7489,3300.519949881247,4182.332784266026
80_20,Ridge,33,8.25,7489,3294.681192575413,4173.857409909315
80_20,Ridge,34,8.5,7489,3302.391416212889,4177.163847560492
80_20,Ridge,35,8.75,7489,3298.543295828927,4176.896652821664
80_20,Ridge,36,9.0,7489,3296.2536625782877,4180.67362278163
80_20,Ridge,37,9.25,7489,3296.469779011211,4178.4022100179445
80_20,Ridge,38,9.5,7489,3298.687851572949,4181.801214880249
80_20,Ridge,39,9.75,7489,3300.3599202791584,4182.582301311553
80_20,Ridge,40,10.0,7489,3300.2246652699173,4185.747054186294
80_20,Ridge,41,10.25,7489,3303.914426645726,4190.4103752628935
80_20,Ridge,42,10.5,7489,3312.023231533316,4197.972164329357
80_20,Ridge,43,10.75,7489,3312.4751407765384,4198.632732523554
80_20,Ridge,44,11.0,7489,3310.6319883409183,4202.566584130194
80_20,Ridge,45,11.25,7489,3316.4799373642572,4210.881929426511
80_20,Ridge,46,11.5,7489,3319.607506960926,4220.146894554154
80_20,Ridge,47,11.75,7489,3320.603502320425,4226.520256898879
80_20,Ridge,48,12.0,7489,3316.9665950961926,4228.5070638654715
80_20,Ridge,49,12.25,7489,3313.775584431549,4227.846915472502
80_20,Ridge,50,12.5,7489,3311.1681928658268,4227.480469014834
80_20,Ridge,51,12.75,7489,3309.0413154404164,4233.070285889503
80_20,Ridge,52,13.0,7489,3308.485573462219,4235.818444430028
80_20,Ridge,53,13.25,7489,3303.2190262896943,4226.077525893512
80_20,Ridge,54,13.5,7489,3288.3557216581744,4210.231626825999
80_20,Ridge,55,13.75,7489,3281.708134652042,4205.793763538343
80_20,Ridge,56,14.0,7489,3282.7683728866664,4207.147869645927
80_20,Ridge,57,14.25,7489,3286.0678074071284,4214.11204596362
80_20,Ridge,58,14.5,7489,3290.493225098482,4227.027177256937
80_20,Ridge,59,14.75,7489,3291.073801275832,4234.16460383365
80_20,Ridge,60,15.0,7489,3292.1248595083866,4242.6728202422155
80_20,Ridge,61,15.25,7489,3294.979547381196,4249.434493842685
80_20,Ridge,62,15.5,7489,3297.9480148234934,4252.801036895529
80_20,Ridge,63,15.75,7489,3296.2790593953264,4250.770337029085
80_20,Ridge,64,16.0,7489,3285.754194568973,4244.975731739643
80_20,Ridge,65,16.25,7489,3282.8525467667723,4239.573314624999
80_20,Ridge,66,16.5,7489,3280.5768039898603,4232.1753211691575
80_20,Ridge,67,16.75,7489,3278.0639546285315,4226.184039807096
80_20,Ridge,68,17.0,7489,3276.554403680833,4221.504901226092
80_20,Ridge,69,17.25,7489,3270.360540769085,4211.664888903461
80_20,Ridge,70,17.5,7489,3260.7923608371043,4203.719969605824
80_20,Ridge,71,17.75,7489,3251.0920814117426,4201.982022168098
80_20,Ridge,72,18.0,7489,3244.7321284057452,4196.537259741445
80_20,Ridge,73,18.25,7489,3237.185156081755,4194.9018629433185
80_20,Ridge,74,18.5,7489,3228.6327241139165,4194.683092858585
80_20,Ridge,75,18.75,7489,3211.5381082230083,4188.355426258649
80_20,Ridge,76,19.0,7489,3193.9280197960593,4172.62252068365
80_20,Ridge,77,19.25,7489,3180.987270816272,4163.228464443688
80_20,Ridge,78,19.5,7489,3174.1314435348845,4158.722416036605
80_20,Ridge,79,19.75,7489,3165.3160311392608,4150.494143334133
80_20,Ridge,80,20.0,7489,3153.1288417946453,4137.273163371683
80_20,Ridge,81,20.25,7489,3138.780947519626,4122.464850298057
80_20,Ridge,82,20.5,7489,3129.010894320581,4114.527109454966
80_20,Ridge,83,20.75,7489,3125.0866531612355,4110.209997606103
80_20,Ridge,84,21.0,7489,3111.4381826900435,4104.981004784043
80_20,Ridge,85,21.25,7489,3098.2397915194765,4094.092063481103
80_20,Ridge,86,21.5,7489,3083.6900317499176,4079.6564283935845
80_20,Ridge,87,21.75,7489,3069.7550287512313,4073.090871886862
80_20,Ridge,88,22.0,7489,3059.1534016043283,4057.399811750984
80_20,Ridge,89,22.25,7489,3050.6887462915047,4048.5594125202974
80_20,Ridge,90,22.5,7489,3048.2915872401095,4042.0038365393366
80_20,Ridge,91,22.75,7489,3032.865862783045,4024.8661423965314
80_20,Ridge,92,23.0,7489,3017.000510654521,4003.3946314920368
80_20,Ridge,93,23.25,7489,3009.5408344102884,3994.3800583109883
80_20,Ridge,94,23.5,7489,3012.4164687136727,3992.9033352096326
80_20,Ridge,95,23.75,7489,3003.8983572513016,3979.3952870520916
80_20,Ridge,96,24.0,7489,3013.6368627903416,3987.5316368716776
80_20,Ridge,97,24.25,7489,3042.977673919502,4015.52411765055
80_20,Ridge,98,24.5,7489,3054.783016651942,4028.9510754737585
80_20,Ridge,99,24.75,7489,3062.2092152349296,4031.1057612985614
80_20,Ridge,100,25.0,7489,3083.0190601589047,4053.184167614732
80_20,Ridge,101,25.25,7489,3113.0817678903413,4081.2002301784696
80_20,Ridge,102,25.5,7489,3129.266634002135,4097.201443662847
80_20,Ridge,103,25.75,7489,3157.6342971533663,4122.355425711114
80_20,Ridge,104,26.0,7489,3175.6924202222303,4133.930100795505
80_20,Ridge,105,26.25,7489,3184.3102971902704,4131.082944180904
80_20,Ridge,106,26.5,7489,3192.2200839725774,4133.771510098444
80_20,Ridge,107,26.75,7489,3206.1497411100336,4137.613017293972
80_20,Ridge,108,27.0,7489,3215.856153866007,4142.59404931163
80_20,Ridge,109,27.25,7489,3224.587887461681,4146.200700990448
80_20,Ridge,110,27.5,7489,3235.1075038635777,4156.055588103972
80_20,Ridge,111,27.75,7489,3244.5962834234892,4155.694569178963
80_20,Ridge,112,28.0,7489,3251.4866499097784,4155.505478015859
80_20,Ridge,113,28.25,7489,3255.019505760995,4162.739389264286
80_20,Ridge,114,28.5,7489,3267.5225505510293,4169.254195728044
80_20,Ridge,115,28.75,7489,3279.8843705886875,4176.809991441025
80_20,Ridge,116,29.0,7489,3285.328685972531,4177.9552956967755
80_20,Ridge,117,29.25,7489,3302.2516885577584,4186.2158311961775
80_20,Ridge,118,29.5,7489,3307.8378616036753,4186.65794574287
80_20,Ridge,119,29.75,7489,3317.293518534811,4193.217815923095
80_20,Ridge,120,30.0,7489,3327.5310403324174,4197.102864820242
80_20,Ridge,121,30.25,7489,3339.585545507645,4214.000108223515
80_20,Ridge,122,30.5,7489,3355.1751052433297,4231.898618763738
80_20,Ridge,123,30.75,7489,3363.65449240422,4241.765448197626
80_20,Ridge,124,31.0,7489,3364.372797930006,4245.33255097802
80_20,Ridge,125,31.25,7489,3365.352268937038,4247.0853336579485
80_20,Ridge,126,31.5,7489,3371.206748255285,4253.114535320971
80_20,Ridge,127,31.75,7489,3376.167979651642,4261.6347458760565
80_20,Ridge,128,32.0,7489,3383.0477368166366,4267.28169290123
80_20,Ridge,129,32.25,7489,3386.7220415183115,4266.866183887905
80_20,Ridge,130,32.5,7489,3397.500077392088,4267.21171906609
80_20,Ridge,131,32.75,7489,3399.3554377033906,4266.570665022181
80_20,Ridge,132,33.0,7489,3403.2073983836513,4270.006214038823
80_20,Ridge,133,33.25,7489,3401.354196375767,4274.478124275812
80_20,Ridge,134,33.5,7489,3408.2379649880527,4280.486849889395
80_20,Ridge,135,33.75,7489,3406.5567445397655,4282.7109470763635
80_20,Ridge,136,34.0,7489,3409.664498142737,4291.606661236196
80_20,Ridge,137,34.25,7489,3409.86568101286,4299.208124394567
80_20,Ridge,138,34.5,7489,3413.7721344590623,4304.073564668158
80_20,Ridge,139,34.75,7489,3411.3688300495046,4299.954885881163
80_20,Ridge,140,35.0,7489,3404.2120145876215,4297.381570396441
80_20,Ridge,141,35.25,7489,3405.9103456961575,4303.809129063089
80_20,Ridge,142,35.5,7489,3406.318987440165,4305.699577624506
80_20,Ridge,143,35.75,7489,3406.9253505679344,4304.95328217629
80_20,Ridge,144,36.0,7489,3408.3226512392616,4308.598817407899
80_20,Ridge + Weather,1,0.25,7489,1855.4579837776855,2897.689978181695
80_20,Ridge + Weather,2,0.5,7489,2444.1982202935574,3530.209584500179
80_20,Ridge + Weather,3,0.75,7489,2803.205084998362,3940.9103162073757
80_20,Ridge + Weather,4,1.0,7489,2980.6459495359923,4156.891682370657
80_20,Ridge + Weather,5,1.25,7489,3042.364523111262,4244.98753783383
80_20,Ridge + Weather,6,1.5,7489,3020.359176920719,4228.841802304784
80_20,Ridge + Weather,7,1.75,7489,2968.908203088909,4174.1659321505085
80_20,Ridge + Weather,8,2.0,7489,2894.9848883344357,4107.64195553323
80_20,Ridge + Weather,9,2.25,7489,2841.3739853875004,4054.4553020790877
80_20,Ridge + Weather,10,2.5,7489,2819.097394338053,4028.452903206355
80_20,Ridge + Weather,11,2.75,7489,2825.9975525579016,4042.34407244731
80_20,Ridge + Weather,12,3.0,7489,2839.403550506763,4063.2617666460405
80_20,Ridge + Weather,13,3.25,7489,2856.040007380592,4090.1872370757433
80_20,Ridge + Weather,14,3.5,7489,2898.5801214301528,4142.05329238534
80_20,Ridge + Weather,15,3.75,7489,2949.8840268716676,4198.473083136645
80_20,Ridge + Weather,16,4.0,7489,3022.3796420436124,4270.5208650173045
80_20,Ridge + Weather,17,4.25,7489,3067.9688136472537,4314.327034466784
80_20,Ridge + Weather,18,4.5,7489,3093.193428452153,4338.715191232099
80_20,Ridge + Weather,19,4.75,7489,3092.1131443471854,4333.94414102604
80_20,Ridge + Weather,20,5.0,7489,3077.2174398824823,4317.736767019873
80_20,Ridge + Weather,21,5.25,7489,3063.461927827247,4300.71071252407
80_20,Ridge + Weather,22,5.5,7489,3057.52294188536,4289.770771704134
80_20,Ridge + Weather,23,5.75,7489,3056.7648287044476,4288.505653481741
80_20,Ridge + Weather,24,6.0,7489,3058.002650222957,4289.854325601105
80_20,Ridge + Weather,25,6.25,7489,3060.9293351079937,4292.1178720552825
80_20,Ridge + Weather,26,6.5,7489,3065.847302228583,4297.599625062796
80_20,Ridge + Weather,27,6.75,7489,3075.340396193536,4310.344603919059
80_20,Ridge + Weather,28,7.0,7489,3085.0195223896494,4324.447438624366
80_20,Ridge + Weather,29,7.25,7489,3094.8391760750274,4337.459009363643
80_20,Ridge + Weather,30,7.5,7489,3104.440929257129,4347.861283612013
80_20,Ridge + Weather,31,7.75,7489,3104.6061335480695,4349.954423913863
80_20,Ridge + Weather,32,8.0,7489,3099.7191265105735,4341.047269704046
80_20,Ridge + Weather,33,8.25,7489,3083.06536405107,4323.770092014702
80_20,Ridge + Weather,34,8.5,7489,3074.028659740734,4311.589704660599
80_20,Ridge + Weather,35,8.75,7489,3061.185179669022,4296.361417272519
80_20,Ridge + Weather,36,9.0,7489,3053.5833306701793,4289.130462431182
80_20,Ridge + Weather,37,9.25,7489,3048.9103846529247,4281.8184134881685
80_20,Ridge + Weather,38,9.5,7489,3052.226810153022,4282.502629368176
80_20,Ridge + Weather,39,9.75,7489,3052.357325108151,4285.501811068133
80_20,Ridge + Weather,40,10.0,7489,3053.182559404247,4292.719084120975
80_20,Ridge + Weather,41,10.25,7489,3056.5486251650145,4301.348561002662
80_20,Ridge + Weather,42,10.5,7489,3065.654918981565,4312.673013020446
80_20,Ridge + Weather,43,10.75,7489,3070.6709507523433,4321.925851150581
80_20,Ridge + Weather,44,11.0,7489,3074.4173259921395,4329.117597706436
80_20,Ridge + Weather,45,11.25,7489,3081.495330507999,4333.951759188232
80_20,Ridge + Weather,46,11.5,7489,3086.6621993405042,4336.161699206846
80_20,Ridge + Weather,47,11.75,7489,3087.8802093637037,4336.0186200188145
80_20,Ridge + Weather,48,12.0,7489,3088.346055431591,4332.283543943397
80_20,Ridge + Weather,49,12.25,7489,3088.2399322935426,4329.3549947303
80_20,Ridge + Weather,50,12.5,7489,3088.6964063492906,4329.066235768609
80_20,Ridge + Weather,51,12.75,7489,3090.332852623678,4330.954190285645
80_20,Ridge + Weather,52,13.0,7489,3090.1630044512012,4325.28606619109
80_20,Ridge + Weather,53,13.25,7489,3083.7983114992276,4313.373518604663
80_20,Ridge + Weather,54,13.5,7489,3072.261103863924,4301.218290149714
80_20,Ridge + Weather,55,13.75,7489,3063.0545937650336,4296.196615247617
80_20,Ridge + Weather,56,14.0,7489,3059.770454712647,4294.754043815842
80_20,Ridge + Weather,57,14.25,7489,3058.0779946344505,4294.573894422826
80_20,Ridge + Weather,58,14.5,7489,3058.738041179945,4299.544663741016
80_20,Ridge + Weather,59,14.75,7489,3053.081455425246,4295.823037131527
80_20,Ridge + Weather,60,15.0,7489,3045.2342532976104,4288.3122341477865
80_20,Ridge + Weather,61,15.25,7489,3041.1166869377216,4277.003016562547
80_20,Ridge + Weather,62,15.5,7489,3026.418780243714,4264.025059366923
80_20,Ridge + Weather,63,15.75,7489,3012.2085039853287,4246.792775583157
80_20,Ridge + Weather,64,16.0,7489,2999.498683600003,4230.915962095724
80_20,Ridge + Weather,65,16.25,7489,2988.636468725619,4221.0559558571995
80_20,Ridge + Weather,66,16.5,7489,2979.88500967466,4214.571793433734
80_20,Ridge + Weather,67,16.75,7489,2982.330795467537,4214.288255814612
80_20,Ridge + Weather,68,17.0,7489,2984.260827428931,4219.551126933943
80_20,Ridge + Weather,69,17.25,7489,2981.892826853965,4221.545686481314
80_20,Ridge + Weather,70,17.5,7489,2984.399521685777,4223.635931850684
80_20,Ridge + Weather,71,17.75,7489,2983.918952553383,4227.97641686348
80_20,Ridge + Weather,72,18.0,7489,2981.7106814496046,4226.207925142031
80_20,Ridge + Weather,73,18.25,7489,2979.3511658201164,4224.189873940311
80_20,Ridge + Weather,74,18.5,7489,2981.42349029391,4223.621060582106
80_20,Ridge + Weather,75,18.75,7489,2979.711003030383,4218.216410528365
80_20,Ridge + Weather,76,19.0,7489,2975.7141247406057,4210.47047507593
80_20,Ridge + Weather,77,19.25,7489,2975.931219938988,4213.86185674874
80_20,Ridge + Weather,78,19.5,7489,2984.300933625555,4223.276213999331
80_20,Ridge + Weather,79,19.75,7489,2989.7565761534206,4230.217502658983
80_20,Ridge + Weather,80,20.0,7489,2995.970308593989,4239.692591187818
80_20,Ridge + Weather,81,20.25,7489,2997.0300804022313,4249.396315942726
80_20,Ridge + Weather,82,20.5,7489,3002.6019679787573,4258.3501999890905
80_20,Ridge + Weather,83,20.75,7489,3005.9281433363444,4264.435661342705
80_20,Ridge + Weather,84,21.0,7489,3003.456134058575,4263.511608060198
80_20,Ridge + Weather,85,21.25,7489,2997.5022758415353,4250.958420495568
80_20,Ridge + Weather,86,21.5,7489,2983.1335103691226,4234.716562283234
80_20,Ridge + Weather,87,21.75,7489,2977.0716818197375,4220.467292017284
80_20,Ridge + Weather,88,22.0,7489,2962.3787822150434,4200.061195140722
80_20,Ridge + Weather,89,22.25,7489,2951.932256958269,4187.385168171502
80_20,Ridge + Weather,90,22.5,7489,2946.7362800896526,4180.174590022744
80_20,Ridge + Weather,91,22.75,7489,2935.9538155531577,4162.2158972086245
80_20,Ridge + Weather,92,23.0,7489,2923.8201264275326,4145.7389318734595
80_20,Ridge + Weather,93,23.25,7489,2921.7606694991277,4143.451168614194
80_20,Ridge + Weather,94,23.5,7489,2922.048295075128,4149.163370043039
80_20,Ridge + Weather,95,23.75,7489,2921.293844313816,4144.124804557706
80_20,Ridge + Weather,96,24.0,7489,2925.5334693285718,4154.77491681069
80_20,Ridge + Weather,97,24.25,7489,2946.91630797144,4181.302796846976
80_20,Ridge + Weather,98,24.5,7489,2956.9897944423114,4194.278036284328
80_20,Ridge + Weather,99,24.75,7489,2959.9190035186043,4192.341073091123
80_20,Ridge + Weather,100,25.0,7489,2967.9511426766985,4201.520878778133
80_20,Ridge + Weather,101,25.25,7489,2982.9204492920494,4215.841224745649
80_20,Ridge + Weather,102,25.5,7489,2987.3513716010175,4223.484083571147
80_20,Ridge + Weather,103,25.75,7489,3003.737856015531,4241.368883431009
80_20,Ridge + Weather,104,26.0,7489,3014.6655698025074,4254.6361142286205
80_20,Ridge + Weather,105,26.25,7489,3018.7346784721185,4261.589849758997
80_20,Ridge + Weather,106,26.5,7489,3023.349448426688,4272.06494090677
80_20,Ridge + Weather,107,26.75,7489,3030.221249432552,4285.044867402782
80_20,Ridge + Weather,108,27.0,7489,3035.667465212817,4296.460771639853
80_20,Ridge + Weather,109,27.25,7489,3036.8003826185272,4302.195629371758
80_20,Ridge + Weather,110,27.5,7489,3039.601373401719,4309.210898478009
80_20,Ridge + Weather,111,27.75,7489,3042.189247574164,4304.859832881112
80_20,Ridge + Weather,112,28.0,7489,3043.273820533477,4295.730268062965
80_20,Ridge + Weather,113,28.25,7489,3040.976725663653,4290.181356768367
80_20,Ridge + Weather,114,28.5,7489,3042.901896249687,4285.29302108759
80_20,Ridge + Weather,115,28.75,7489,3045.1003905858925,4284.1994183707975
80_20,Ridge + Weather,116,29.0,7489,3049.550415212731,4285.7495913007015
80_20,Ridge + Weather,117,29.25,7489,3050.2291624886384,4291.027874185147
80_20,Ridge + Weather,118,29.5,7489,3047.7128768715456,4290.073625661309
80_20,Ridge + Weather,119,29.75,7489,3046.063361777871,4294.624760781478
80_20,Ridge + Weather,120,30.0,7489,3047.7675036535597,4299.298989488835
80_20,Ridge + Weather,121,30.25,7489,3050.433592967092,4305.208690944098
80_20,Ridge + Weather,122,30.5,7489,3051.417187892097,4306.754254916775
80_20,Ridge + Weather,123,30.75,7489,3046.3545712013847,4302.23264754037
80_20,Ridge + Weather,124,31.0,7489,3040.1989959492826,4294.425967140373
80_20,Ridge + Weather,125,31.25,7489,3035.9311733727855,4285.238624675986
80_20,Ridge + Weather,126,31.5,7489,3033.4075495751067,4280.215336825725
80_20,Ridge + Weather,127,31.75,7489,3037.212893187933,4279.454761990864
80_20,Ridge + Weather,128,32.0,7489,3037.333645952412,4278.915762352754
80_20,Ridge + Weather,129,32.25,7489,3035.416292077949,4275.535707987061
80_20,Ridge + Weather,130,32.5,7489,3029.230193215091,4270.592115156854
80_20,Ridge + Weather,131,32.75,7489,3022.94652016801,4264.594788091399
80_20,Ridge + Weather,132,33.0,7489,3017.4182103795765,4261.186125997045
80_20,Ridge + Weather,133,33.25,7489,3014.6983308506638,4257.745251856195
80_20,Ridge + Weather,134,33.5,7489,3013.91898139114,4256.283820595191
80_20,Ridge + Weather,135,33.75,7489,3012.011079208331,4254.621447939228
80_20,Ridge + Weather,136,34.0,7489,3015.073679227277,4255.552120985302
80_20,Ridge + Weather,137,34.25,7489,3015.80820515535,4256.932651690516
80_20,Ridge + Weather,138,34.5,7489,3019.151606558419,4259.180790600407
80_20,Ridge + Weather,139,34.75,7489,3020.5896300681734,4256.690433142714
80_20,Ridge + Weather,140,35.0,7489,3019.361694410105,4256.759764937263
80_20,Ridge + Weather,141,35.25,7489,3023.9272143298435,4260.906760795231
80_20,Ridge + Weather,142,35.5,7489,3024.4546999672843,4262.150275384235
80_20,Ridge + Weather,143,35.75,7489,3030.2794989614017,4261.222760146284
80_20,Ridge + Weather,144,36.0,7489,3031.6113082285005,4262.485599664053
90_10,Persistence,1,0.25,3816,1502.8802620545073,2623.432013555887
90_10,Persistence,2,0.5,3816,2083.195277777778,3480.5563037183156
90_10,Persistence,3,0.75,3816,2543.77428197065,4125.150998282039
90_10,Persistence,4,1.0,3816,2886.87303197065,4539.225836719853
90_10,Persistence,5,1.25,3816,3144.8117007337523,4779.324324897385
90_10,Persistence,6,1.5,3816,3304.9085429769393,4919.425860399967
90_10,Persistence,7,1.75,3816,3425.5937316561844,5017.194745410317
90_10,Persistence,8,2.0,3816,3571.2484040880504,5158.03045658692
90_10,Persistence,9,2.25,3816,3690.3862316561845,5247.733323141916
90_10,Persistence,10,2.5,3816,3796.2578904612164,5333.737026197555
90_10,Persistence,11,2.75,3816,3889.2170020964368,5401.725294583261
90_10,Persistence,12,3.0,3816,3914.0259538784067,5398.072716031183
90_10,Persistence,13,3.25,3816,3933.574331761006,5401.97277020131
90_10,Persistence,14,3.5,3816,3946.9870728511523,5411.498143320439
90_10,Persistence,15,3.75,3816,4035.046045597484,5490.227551423212
90_10,Persistence,16,4.0,3816,4187.97247379455,5645.01826428458
90_10,Persistence,17,4.25,3816,4319.025243710691,5779.231395720464
90_10,Persistence,18,4.5,3816,4465.04553721174,5941.044563642467
90_10,Persistence,19,4.75,3816,4596.0353092243195,6061.339584713108
90_10,Persistence,20,5.0,3816,4765.25122903564,6224.676552260028
90_10,Persistence,21,5.25,3816,4896.655086477987,6367.991318862099
90_10,Persistence,22,5.5,3816,5021.365966981132,6490.423582524233
90_10,Persistence,23,5.75,3816,5111.558087002096,6594.481515619214
90_10,Persistence,24,6.0,3816,5188.361795073375,6685.602948099256
90_10,Persistence,25,6.25,3816,5245.979761530398,6740.953098123771
90_10,Persistence,26,6.5,3816,5288.241231656184,6776.9089758204445
90_10,Persistence,27,6.75,3816,5350.007413522012,6828.485057198918
90_10,Persistence,28,7.0,3816,5405.479316037736,6877.727920907411
90_10,Persistence,29,7.25,3816,5469.154913522013,6931.848313850275
90_10,Persistence,30,7.5,3816,5531.432198637316,7012.109812772488
90_10,Persistence,31,7.75,3816,5645.752282494759,7118.818568478007
90_10,Persistence,32,8.0,3816,5730.887327044025,7211.713616422734
90_10,Persistence,33,8.25,3816,5804.087712264151,7281.605890059808
90_10,Persistence,34,8.5,3816,5884.022641509434,7349.194117958642
90_10,Persistence,35,8.75,3816,5925.917699161425,7380.154607503085
90_10,Persistence,36,9.0,3816,5964.032269392033,7403.719158571589
90_10,Persistence,37,9.25,3816,5975.719279350105,7428.252166713368
90_10,Persistence,38,9.5,3816,6016.269392033543,7465.7365807142205
90_10,Persistence,39,9.75,3816,6041.977321802935,7494.765581423726
90_10,Persistence,40,10.0,3816,6057.104221698113,7522.377238477665
90_10,Persistence,41,10.25,3816,6060.318797169812,7535.909088216234
90_10,Persistence,42,10.5,3816,6095.100951257862,7563.258811057081
90_10,Persistence,43,10.75,3816,6116.740922431865,7590.080708048633
90_10,Persistence,44,11.0,3816,6153.281907756814,7621.153661628298
90_10,Persistence,45,11.25,3816,6182.30644654088,7655.611471167036
90_10,Persistence,46,11.5,3816,6207.624620020963,7679.2846380196515
90_10,Persistence,47,11.75,3816,6205.017528825996,7682.730140433029
90_10,Persistence,48,12.0,3816,6202.7298663522015,7672.026542475505
90_10,Persistence,49,12.25,3816,6202.131401991615,7659.057464072242
90_10,Persistence,50,12.5,3816,6200.960804507337,7651.8817870635785
90_10,Persistence,51,12.75,3816,6206.968231132076,7647.883437884645
90_10,Persistence,52,13.0,3816,6203.028755241089,7641.32864426959
90_10,Persistence,53,13.25,3816,6161.291650943396,7620.027659771021
90_10,Persistence,54,13.5,3816,6122.449428721174,7591.977102317389
90_10,Persistence,55,13.75,3816,6099.1662709643615,7569.313799607414
90_10,Persistence,56,14.0,3816,6078.598854821803,7539.205265829477
90_10,Persistence,57,14.25,3816,6051.885230607966,7503.863794278725
90_10,Persistence,58,14.5,3816,6022.766614255765,7471.209788444555
90_10,Persistence,59,14.75,3816,5994.1596488469595,7443.504761450955
90_10,Persistence,60,15.0,3816,5941.242403039832,7409.546184323702
90_10,Persistence,61,15.25,3816,5912.098157756814,7395.42130436127
90_10,Persistence,62,15.5,3816,5872.491928721174,7375.381039659036
90_10,Persistence,63,15.75,3816,5819.732772536687,7331.275909864102
90_10,Persistence,64,16.0,3816,5763.486779350104,7265.6176399202
90_10,Persistence,65,16.25,3816,5681.264439203354,7190.685254413251
90_10,Persistence,66,16.5,3816,5600.612348008385,7100.988078058141
90_10,Persistence,67,16.75,3816,5509.795676100629,6999.561668821811
90_10,Persistence,68,17.0,3816,5420.508325471698,6893.681203535898
90_10,Persistence,69,17.25,3816,5336.050248951782,6799.4361398116425
90_10,Persistence,70,17.5,3816,5243.558013626835,6719.493747619456
90_10,Persistence,71,17.75,3816,5184.543183962264,6679.734057148639
90_10,Persistence,72,18.0,3816,5132.241629979037,6644.000350029612
90_10,Persistence,73,18.25,3816,5097.674834905661,6589.335440034486
90_10,Persistence,74,18.5,3816,5032.160364255765,6512.9434355154
90_10,Persistence,75,18.75,3816,4953.670676100628,6435.346530323027
90_10,Persistence,76,19.0,3816,4874.849711740042,6337.712385371835
90_10,Persistence,77,19.25,3816,4782.788147274633,6274.761999414265
90_10,Persistence,78,19.5,3816,4694.673370020964,6189.76471917151
90_10,Persistence,79,19.75,3816,4589.306294549267,6086.77283812274
90_10,Persistence,80,20.0,3816,4474.046884171908,5961.607544800249
90_10,Persistence,81,20.25,3816,4371.727274633124,5876.933355340757
90_10,Persistence,82,20.5,3816,4281.966805555556,5789.329979613156
90_10,Persistence,83,20.75,3816,4191.599494234801,5694.091207836389
90_10,Persistence,84,21.0,3816,4120.098446016771,5601.441461733467
90_10,Persistence,85,21.25,3816,4018.197437106918,5509.258559809475
90_10,Persistence,86,21.5,3816,3946.4293527253667,5422.349513293406
90_10,Persistence,87,21.75,3816,3869.1090225366875,5347.618062779713
90_10,Persistence,88,22.0,3816,3827.6125131027247,5323.894366626419
90_10,Persistence,89,22.25,3816,3798.7449842767296,5306.197913784146
90_10,Persistence,90,22.5,3816,3756.9707783018866,5271.409142753631
90_10,Persistence,91,22.75,3816,3735.4577148846956,5265.274670952072
90_10,Persistence,92,23.0,3816,3677.8695859538784,5200.577791978671
90_10,Persistence,93,23.25,3816,3614.19107442348,5143.605251950036
90_10,Persistence,94,23.5,3816,3587.8174685534595,5120.503135252734
90_10,Persistence,95,23.75,3816,3519.4667976939204,5031.5050719419505
90_10,Persistence,96,24.0,3816,3460.0474423480086,5003.922916181726
90_10,Persistence,97,24.25,3816,3447.934916142558,4986.840967806591
90_10,Persistence,98,24.5,3816,3494.0613259958072,5043.9809252620325
90_10,Persistence,99,24.75,3816,3525.892895702306,5092.183399864824
90_10,Persistence,100,25.0,3816,3599.5292767295596,5173.591746787859
90_10,Persistence,101,25.25,3816,3742.9240120545073,5301.351319265907
90_10,Persistence,102,25.5,3816,3835.593016247379,5395.987730974296
90_10,Persistence,103,25.75,3816,3911.483983228511,5461.721551566806
90_10,Persistence,104,26.0,3816,3989.951354821803,5510.399640215768
90_10,Persistence,105,26.25,3816,4045.920144129979,5559.991760617635
90_10,Persistence,106,26.5,3816,4141.210552935011,5674.150383212403
90_10,Persistence,107,26.75,3816,4227.505628930819,5786.529420083712
90_10,Persistence,108,27.0,3816,4311.740390461216,5873.598556816589
90_10,Persistence,109,27.25,3816,4410.604281970649,5951.395373648424
90_10,Persistence,110,27.5,3816,4492.483097484277,6033.995791700916
90_10,Persistence,111,27.75,3816,4555.2048087002095,6105.606051394543
90_10,Persistence,112,28.0,3816,4639.179454926625,6164.627485405802
90_10,Persistence,113,28.25,3816,4708.2154926624735,6244.413660077802
90_10,Persistence,114,28.5,3816,4776.693875786163,6294.9402610213
90_10,Persistence,115,28.75,3816,4836.973556079664,6346.823383154112
90_10,Persistence,116,29.0,3816,4911.785314465408,6418.3392951383485
90_10,Persistence,117,29.25,3816,5007.240707547169,6511.025104384401
90_10,Persistence,118,29.5,3816,5106.801213312369,6604.668272456286
90_10,Persistence,119,29.75,3816,5185.07251572327,6709.265131066713
90_10,Persistence,120,30.0,3816,5275.302591719077,6809.309966801724
90_10,Persistence,121,30.25,3816,5347.11892033543,6883.332139129425
90_10,Persistence,122,30.5,3816,5403.660938155136,6941.917641022671
90_10,Persistence,123,30.75,3816,5478.590338050314,7003.731995456097
90_10,Persistence,124,31.0,3816,5541.756671907757,7063.480968346209
90_10,Persistence,125,31.25,3816,5609.106574947588,7126.488227940388
90_10,Persistence,126,31.5,3816,5691.426192348009,7212.636439644491
90_10,Persistence,127,31.75,3816,5769.460348532495,7280.877894219869
90_10,Persistence,128,32.0,3816,5832.0979245283015,7333.709091032878
90_10,Persistence,129,32.25,3816,5866.928288784066,7358.173866318598
90_10,Persistence,130,32.5,3816,5904.760251572327,7385.222143940354
90_10,Persistence,131,32.75,3816,5958.843299266247,7424.2429353952675
90_10,Persistence,132,33.0,3816,5992.355251572327,7461.694175375805
90_10,Persistence,133,33.25,3816,6005.563370020965,7479.229677749376
90_10,Persistence,134,33.5,3816,6026.912468553459,7492.113740192583
90_10,Persistence,135,33.75,3816,6050.4679166666665,7520.319683394595
90_10,Persistence,136,34.0,3816,6075.5250969601675,7552.62767129927
90_10,Persistence,137,34.25,3816,6109.446420335429,7583.710644688636
90_10,Persistence,138,34.5,3816,6134.631876310273,7614.841706848569
90_10,Persistence,139,34.75,3816,6138.244868972747,7618.297204329867
90_10,Persistence,140,35.0,3816,6147.394177148847,7626.331617623739
90_10,Persistence,141,35.25,3816,6173.9988731656185,7646.963361928579
90_10,Persistence,142,35.5,3816,6183.4787526205455,7655.564422897016
90_10,Persistence,143,35.75,3816,6184.70088836478,7658.190421081108
90_10,Persistence,144,36.0,3816,6175.544502096436,7649.344868343449
90_10,Copy-Yesterday,1,0.25,3716,3466.566746501615,5063.724965243972
90_10,Copy-Yesterday,2,0.5,3717,3467.353255313425,5063.720558553496
90_10,Copy-Yesterday,3,0.75,3718,3464.5420494889727,5059.9071537261
90_10,Copy-Yesterday,4,1.0,3719,3464.1295240656086,5059.1742429153555
90_10,Copy-Yesterday,5,1.25,3720,3463.1529516129035,5058.620271264171
90_10,Copy-Yesterday,6,1.5,3721,3465.399363074442,5059.776959338601
90_10,Copy-Yesterday,7,1.75,3722,3463.8619210102097,5056.590055226858
90_10,Copy-Yesterday,8,2.0,3723,3459.4544775718505,5049.019908952697
90_10,Copy-Yesterday,9,2.25,3724,3457.5497529538134,5047.007350078958
90_10,Copy-Yesterday,10,2.5,3725,3451.1686174496645,5037.7327028194795
90_10,Copy-Yesterday,11,2.75,3726,3445.9955609232425,5029.75750193226
90_10,Copy-Yesterday,12,3.0,3727,3439.9013415615773,5020.531427322785
90_10,Copy-Yesterday,13,3.25,3728,3435.0922693133048,5012.350555784761
90_10,Copy-Yesterday,14,3.5,3729,3426.6504612496647,4999.535935629085
90_10,Copy-Yesterday,15,3.75,3730,3418.8106353887406,4985.492283591875
90_10,Copy-Yesterday,16,4.0,3731,3417.8288233717503,4984.063176181027
90_10,Copy-Yesterday,17,4.25,3732,3419.034442658092,4985.430923297822
90_10,Copy-Yesterday,18,4.5,3733,3418.5689445486205,4984.084534863316
90_10,Copy-Yesterday,19,4.75,3734,3416.5574370648096,4982.487188111905
90_10,Copy-Yesterday,20,5.0,3735,3416.53293708166,4982.223009000536
90_10,Copy-Yesterday,21,5.25,3736,3414.7284930406854,4980.376419261989
90_10,Copy-Yesterday,22,5.5,3737,3412.485263580412,4978.75258669865
90_10,Copy-Yesterday,23,5.75,3738,3409.4509550561797,4976.540860131283
90_10,Copy-Yesterday,24,6.0,3739,3408.1240732816264,4974.992790668711
90_10,Copy-Yesterday,25,6.25,3740,3403.7729064171117,4971.313348998009
90_10,Copy-Yesterday,26,6.5,3741,3402.5492782678425,4970.689692547262
90_10,Copy-Yesterday,27,6.75,3742,3400.3525494388027,4968.811105157286
90_10,Copy-Yesterday,28,7.0,3743,3401.6091103392996,4970.274589706184
90_10,Copy-Yesterday,29,7.25,3744,3402.704126602564,4972.921762864868
90_10,Copy-Yesterday,30,7.5,3745,3405.899473965287,4977.685220871106
90_10,Copy-Yesterday,31,7.75,3746,3410.741075814202,4983.197413835432
90_10,Copy-Yesterday,32,8.0,3747,3416.0983720309587,4989.522959674789
90_10,Copy-Yesterday,33,8.25,3748,3419.2248986125937,4994.37585588659
90_10,Copy-Yesterday,34,8.5,3749,3420.4594691917846,4996.52827320219
90_10,Copy-Yesterday,35,8.75,3750,3420.1023493333337,4995.595136606288
90_10,Copy-Yesterday,36,9.0,3751,3419.5936336976806,4994.46000401104
90_10,Copy-Yesterday,37,9.25,3752,3418.418651385927,4992.449442745017
90_10,Copy-Yesterday,38,9.5,3753,3416.0750253130827,4990.106965124195
90_10,Copy-Yesterday,39,9.75,3754,3415.0629009057,4988.637412351383
90_10,Copy-Yesterday,40,10.0,3755,3416.73330758988,4989.522872957813
90_10,Copy-Yesterday,41,10.25,3756,3416.265311501598,4988.250627419175
90_10,Copy-Yesterday,42,10.5,3757,3413.190694703221,4984.191025190542
90_10,Copy-Yesterday,43,10.75,3758,3411.7584938797236,4980.404909557259
90_10,Copy-Yesterday,44,11.0,3759,3411.3483719074225,4976.557490216332
90_10,Copy-Yesterday,45,11.25,3760,3410.414257978723,4972.708621739838
90_10,Copy-Yesterday,46,11.5,3761,3414.1442834352565,4976.415977911513
90_10,Copy-Yesterday,47,11.75,3762,3420.6178522062733,4984.454786117159
90_10,Copy-Yesterday,48,12.0,3763,3423.413853308531,4986.7194505454845
90_10,Copy-Yesterday,49,12.25,3764,3426.921506376196,4990.143995665872
90_10,Copy-Yesterday,50,12.5,3765,3430.9219282868526,4994.097418835195
90_10,Copy-Yesterday,51,12.75,3766,3430.9350796601166,4993.0637843056265
90_10,Copy-Yesterday,52,13.0,3767,3432.7884656225115,4993.754758062447
90_10,Copy-Yesterday,53,13.25,3768,3432.8289570063694,4992.038533607962
90_10,Copy-Yesterday,54,13.5,3769,3433.111698063147,4991.2732100927005
90_10,Copy-Yesterday,55,13.75,3770,3440.3172652519893,4999.012707588549
90_10,Copy-Yesterday,56,14.0,3771,3447.713261734288,5006.59292843064
90_10,Copy-Yesterday,57,14.25,3772,3457.6128340402975,5018.146785906585
90_10,Copy-Yesterday,58,14.5,3773,3463.536586270872,5023.629278290611
90_10,Copy-Yesterday,59,14.75,3774,3464.667474827769,5023.75290454447
90_10,Copy-Yesterday,60,15.0,3775,3468.6076953642387,5026.083116012902
90_10,Copy-Yesterday,61,15.25,3776,3469.0990015889824,5023.028211831733
90_10,Copy-Yesterday,62,15.5,3777,3469.5094651840086,5021.842787613377
90_10,Copy-Yesterday,63,15.75,3778,3472.7361937533087,5023.086915689272
90_10,Copy-Yesterday,64,16.0,3779,3478.1801005557027,5027.107464322937
90_10,Copy-Yesterday,65,16.25,3780,3481.595534391535,5028.691086328744
90_10,Copy-Yesterday,66,16.5,3781,3485.1249933879926,5031.578568673436
90_10,Copy-Yesterday,67,16.75,3782,3487.7738498149124,5033.982938278938
90_10,Copy-Yesterday,68,17.0,3783,3493.3174173936027,5037.839009636262
90_10,Copy-Yesterday,69,17.25,3784,3493.875914376322,5037.796120862786
90_10,Copy-Yesterday,70,17.5,3785,3494.3704782034347,5039.532022592061
90_10,Copy-Yesterday,71,17.75,3786,3493.3615161119915,5037.947660243256
90_10,Copy-Yesterday,72,18.0,3787,3492.180068655928,5036.835817601566
90_10,Copy-Yesterday,73,18.25,3788,3491.096174762408,5035.19014298021
90_10,Copy-Yesterday,74,18.5,3789,3487.7314251781477,5028.628903380637
90_10,Copy-Yesterday,75,18.75,3790,3485.2828680738785,5025.019648572328
90_10,Copy-Yesterday,76,19.0,3791,3485.205626483777,5025.405917413865
90_10,Copy-Yesterday,77,19.25,3792,3484.7151661392404,5024.824763937731
90_10,Copy-Yesterday,78,19.5,3793,3484.037466385447,5024.42843732586
90_10,Copy-Yesterday,79,19.75,3794,3483.891078017923,5024.186692330948
90_10,Copy-Yesterday,80,20.0,3795,3483.6223583662713,5023.626927362061
90_10,Copy-Yesterday,81,20.25,3796,3482.928145416228,5022.918869867701
90_10,Copy-Yesterday,82,20.5,3797,3483.074803792468,5022.809301217384
90_10,Copy-Yesterday,83,20.75,3798,3478.7271353343867,5018.896489125145
90_10,Copy-Yesterday,84,21.0,3799,3477.061210844959,5017.7613735052955
90_10,Copy-Yesterday,85,21.25,3800,3475.3845184210527,5016.291470650224
90_10,Copy-Yesterday,86,21.5,3801,3474.7440910286764,5015.665069955989
90_10,Copy-Yesterday,87,21.75,3802,3472.0359231983166,5012.482975111663
90_10,Copy-Yesterday,88,22.0,3803,3471.0987693925845,5012.03803822596
90_10,Copy-Yesterday,89,22.25,3804,3468.44189274448,5010.148039180521
90_10,Copy-Yesterday,90,22.5,3805,3467.182036793692,5008.802511576086
90_10,Copy-Yesterday,91,22.75,3806,3466.116077246453,5007.105298088792
90_10,Copy-Yesterday,92,23.0,3807,3462.655581822958,5003.038636307421
90_10,Copy-Yesterday,93,23.25,3809,3460.631252297191,5000.785621446027
90_10,Copy-Yesterday,94,23.5,3810,3460.9633963254596,5002.533605729944
90_10,Copy-Yesterday,95,23.75,3811,3459.6233062188408,5002.332304377377
90_10,Copy-Yesterday,96,24.0,3816,3460.0474423480086,5003.922916181726
90_10,Copy-Yesterday,97,24.25,3716,3708.3438805166843,5256.837424061082
90_10,Copy-Yesterday,98,24.5,3717,3705.8436481033095,5254.689014939101
90_10,Copy-Yesterday,99,24.75,3718,3703.8139107046804,5253.255210816795
90_10,Copy-Yesterday,100,25.0,3719,3703.4965474589944,5252.702946831966
90_10,Copy-Yesterday,101,25.25,3720,3700.1803494623655,5248.367175164879
90_10,Copy-Yesterday,102,25.5,3721,3696.6512120397747,5242.4996238055455
90_10,Copy-Yesterday,103,25.75,3722,3692.3822783449764,5233.205223168043
90_10,Copy-Yesterday,104,26.0,3723,3687.028920225625,5227.8527828245105
90_10,Copy-Yesterday,105,26.25,3724,3683.6219763694958,5222.7280989270985
90_10,Copy-Yesterday,106,26.5,3725,3679.615452348994,5216.169588114679
90_10,Copy-Yesterday,107,26.75,3726,3673.5754079441763,5209.611220471553
90_10,Copy-Yesterday,108,27.0,3727,3666.617869600215,5201.184558110914
90_10,Copy-Yesterday,109,27.25,3728,3661.0888438841203,5196.661894082049
90_10,Copy-Yesterday,110,27.5,3729,3653.5205711987123,5188.584876485422
90_10,Copy-Yesterday,111,27.75,3730,3648.658949061662,5183.885776234863
90_10,Copy-Yesterday,112,28.0,3731,3643.0680058965427,5174.933658053075
90_10,Copy-Yesterday,113,28.25,3732,3642.4954608788853,5175.128957829778
90_10,Copy-Yesterday,114,28.5,3733,3636.8099437449773,5169.956969253021
90_10,Copy-Yesterday,115,28.75,3734,3629.142163899304,5162.48792511198
90_10,Copy-Yesterday,116,29.0,3735,3624.947844712182,5159.04182640373
90_10,Copy-Yesterday,117,29.25,3736,3622.760412205568,5156.534352440616
90_10,Copy-Yesterday,118,29.5,3737,3619.4952930157883,5153.406447988289
90_10,Copy-Yesterday,119,29.75,3738,3617.877471910113,5151.703164418479
90_10,Copy-Yesterday,120,30.0,3739,3615.052703931533,5150.082112254938
90_10,Copy-Yesterday,121,30.25,3740,3608.8959385026737,5145.914376852489
90_10,Copy-Yesterday,122,30.5,3741,3606.2936594493453,5143.557483851382
90_10,Copy-Yesterday,123,30.75,3742,3602.5585649385357,5138.832770082766
90_10,Copy-Yesterday,124,31.0,3743,3598.015049425595,5135.494724049759
90_10,Copy-Yesterday,125,31.25,3744,3593.2850667735042,5131.690724512218
90_10,Copy-Yesterday,126,31.5,3745,3589.090323097463,5129.120573251384
90_10,Copy-Yesterday,127,31.75,3746,3585.8683796049118,5127.174472826522
90_10,Copy-Yesterday,128,32.0,3747,3584.0421563917803,5125.979488199255
90_10,Copy-Yesterday,129,32.25,3748,3583.392980256137,5129.277573971571
90_10,Copy-Yesterday,130,32.5,3749,3581.254515870899,5127.201043945143
90_10,Copy-Yesterday,131,32.75,3750,3579.2703386666667,5125.150816831778
90_10,Copy-Yesterday,132,33.0,3751,3577.889106904825,5122.8501810379175
90_10,Copy-Yesterday,133,33.25,3752,3575.838459488273,5120.767337666624
90_10,Copy-Yesterday,134,33.5,3753,3574.7693152144952,5120.432998785735
90_10,Copy-Yesterday,135,33.75,3754,3577.8611640916356,5124.318847559665
90_10,Copy-Yesterday,136,34.0,3755,3575.944215712384,5121.691072978377
90_10,Copy-Yesterday,137,34.25,3756,3573.231900958466,5118.663287553039
90_10,Copy-Yesterday,138,34.5,3757,3572.9577455416556,5118.67381162637
90_10,Copy-Yesterday,139,34.75,3758,3570.812432144758,5116.339019711326
90_10,Copy-Yesterday,140,35.0,3759,3568.459710029263,5113.6751146927545
90_10,Copy-Yesterday,141,35.25,3760,3568.033944148936,5112.627377833608
90_10,Copy-Yesterday,142,35.5,3761,3564.107264025525,5110.111338238948
90_10,Copy-Yesterday,143,35.75,3762,3563.855167464115,5110.808630210745
90_10,Copy-Yesterday,144,36.0,3763,3566.077438214191,5113.486719104115
90_10,Ridge,1,0.25,3816,1607.447524874873,2598.5000942654683
90_10,Ridge,2,0.5,3816,2228.3871717739203,3212.5973761643686
90_10,Ridge,3,0.75,3816,2604.7229775416404,3583.2361668268486
90_10,Ridge,4,1.0,3816,2816.7348382772125,3778.3333940340117
90_10,Ridge,5,1.25,3816,2926.716759798515,3885.7679424810235
90_10,Ridge,6,1.5,3816,2966.634504546824,3957.11964696008
90_10,Ridge,7,1.75,3816,2974.3240089264905,3996.4118848581224
90_10,Ridge,8,2.0,3816,2939.2993989819997,3977.6579347178576
90_10,Ridge,9,2.25,3816,2912.68379244847,3969.069855821859
90_10,Ridge,10,2.5,3816,2892.113178857507,3956.1810106015796
90_10,Ridge,11,2.75,3816,2901.13707669219,3971.412784435386
90_10,Ridge,12,3.0,3816,2924.485340705333,3981.3924300025174
90_10,Ridge,13,3.25,3816,2934.1396366445806,3974.4140713803504
90_10,Ridge,14,3.5,3816,2954.9924097666753,3967.9717710397035
90_10,Ridge,15,3.75,3816,2985.556039573933,3964.843962376862
90_10,Ridge,16,4.0,3816,3061.263799119425,4014.567322569498
90_10,Ridge,17,4.25,3816,3111.4429942770776,4045.1147723472404
90_10,Ridge,18,4.5,3816,3149.234467362297,4076.624116279382
90_10,Ridge,19,4.75,3816,3173.468426874786,4091.122343694237
90_10,Ridge,20,5.0,3816,3192.075402238185,4117.7471067466795
90_10,Ridge,21,5.25,3816,3193.156563831122,4133.017313885017
90_10,Ridge,22,5.5,3816,3197.7963136923177,4145.69995358568
90_10,Ridge,23,5.75,3816,3200.213146865561,4159.973832099142
90_10,Ridge,24,6.0,3816,3206.57997592218,4168.5749646265795
90_10,Ridge,25,6.25,3816,3209.1264931860287,4168.344711155676
90_10,Ridge,26,6.5,3816,3219.8958622534533,4171.334622101739
90_10,Ridge,27,6.75,3816,3235.1385816433644,4181.2520216391495
90_10,Ridge,28,7.0,3816,3251.698679895913,4181.3654863830225
90_10,Ridge,29,7.25,3816,3262.8397426829965,4178.98646247424
90_10,Ridge,30,7.5,3816,3283.0918079955904,4184.8314140677785
90_10,Ridge,31,7.75,3816,3292.1691057152393,4194.49155225338
90_10,Ridge,32,8.0,3816,3302.756478972005,4200.450046875444
90_10,Ridge,33,8.25,3816,3298.855757472265,4190.4738116902
90_10,Ridge,34,8.5,3816,3310.1088383828096,4192.593404862042
90_10,Ridge,35,8.75,3816,3303.89457281943,4188.826148880992
90_10,Ridge,36,9.0,3816,3296.3549435597424,4186.619560536063
90_10,Ridge,37,9.25,3816,3288.4133215140337,4176.482161575057
90_10,Ridge,38,9.5,3816,3284.425176061534,4172.841041091679
90_10,Ridge,39,9.75,3816,3280.257624885005,4165.919272025133
90_10,Ridge,40,10.0,3816,3274.966321859438,4164.65906742382
90_10,Ridge,41,10.25,3816,3273.0099576568878,4161.7155342784345
90_10,Ridge,42,10.5,3816,3276.141921160146,4164.2085046973925
90_10,Ridge,43,10.75,3816,3266.8898211101487,4157.631100396426
90_10,Ridge,44,11.0,3816,3262.706779061522,4156.940045801334
90_10,Ridge,45,11.25,3816,3261.3140985198406,4160.928630847854
90_10,Ridge,46,11.5,3816,3263.3136781472645,4165.444983332079
90_10,Ridge,47,11.75,3816,3263.607462010568,4171.726838052686
90_10,Ridge,48,12.0,3816,3262.047173954469,4169.368939459485
90_10,Ridge,49,12.25,3816,3260.101930188937,4170.166306072462
90_10,Ridge,50,12.5,3816,3259.3554929221373,4171.471319918875
90_10,Ridge,51,12.75,3816,3257.641393716869,4173.778928623506
90_10,Ridge,52,13.0,3816,3261.541837818818,4174.327345609282
90_10,Ridge,53,13.25,3816,3253.2947714804177,4164.740104336828
90_10,Ridge,54,13.5,3816,3241.1791490106393,4151.055526424965
90_10,Ridge,55,13.75,3816,3236.617956124422,4146.06377937886
90_10,Ridge,56,14.0,3816,3236.1870910659636,4143.703267852619
90_10,Ridge,57,14.25,3816,3240.680681230394,4150.383154291805
90_10,Ridge,58,14.5,3816,3253.6604757535433,4166.6832710123435
90_10,Ridge,59,14.75,3816,3261.095180367188,4183.539817232476
90_10,Ridge,60,15.0,3816,3257.4604686855973,4190.883146914666
90_10,Ridge,61,15.25,3816,3265.6065105931457,4201.761341775236
90_10,Ridge,62,15.5,3816,3267.9197180523397,4206.631916265391
90_10,Ridge,63,15.75,3816,3268.4792124337373,4206.440329854881
90_10,Ridge,64,16.0,3816,3256.642753291278,4199.5523995726135
90_10,Ridge,65,16.25,3816,3250.4756142935125,4192.689900031836
90_10,Ridge,66,16.5,3816,3249.0376356481056,4185.030148887427
90_10,Ridge,67,16.75,3816,3252.840450409087,4179.085859434787
90_10,Ridge,68,17.0,3816,3248.9836195717808,4175.343930062792
90_10,Ridge,69,17.25,3816,3248.935760317783,4175.722904955837
90_10,Ridge,70,17.5,3816,3239.279742598358,4172.9446707692305
90_10,Ridge,71,17.75,3816,3244.538506785642,4181.1995978530895
90_10,Ridge,72,18.0,3816,3242.4140224369266,4189.311178054697
90_10,Ridge,73,18.25,3816,3246.9618188963846,4201.1961906949955
90_10,Ridge,74,18.5,3816,3244.883915191789,4200.447228722711
90_10,Ridge,75,18.75,3816,3228.61332557619,4192.270649655401
90_10,Ridge,76,19.0,3816,3208.492004313065,4171.025502500967
90_10,Ridge,77,19.25,3816,3192.808778290705,4162.183748771015
90_10,Ridge,78,19.5,3816,3179.9921400778285,4144.775243028096
90_10,Ridge,79,19.75,3816,3157.423624207886,4122.270192294624
90_10,Ridge,80,20.0,3816,3141.407724811026,4100.725395277545
90_10,Ridge,81,20.25,3816,3125.9957395913034,4084.1185463799898
90_10,Ridge,82,20.5,3816,3108.4797905709906,4071.9618670660143
90_10,Ridge,83,20.75,3816,3098.3950563876,4054.792865792027
90_10,Ridge,84,21.0,3816,3086.043625857789,4050.9616836324817
90_10,Ridge,85,21.25,3816,3069.013574437554,4036.631535342013
90_10,Ridge,86,21.5,3816,3057.6810441636367,4028.001048264963
90_10,Ridge,87,21.75,3816,3049.1339131555455,4021.7800958841526
90_10,Ridge,88,22.0,3816,3041.2479339743304,4010.0034123006308
90_10,Ridge,89,22.25,3816,3029.2769144564218,3999.4815751899077
90_10,Ridge,90,22.5,3816,3026.6148472724694,3994.0153778270487
90_10,Ridge,91,22.75,3816,3012.38230766985,3977.174361595193
90_10,Ridge,92,23.0,3816,2996.127780626078,3951.875310504458
90_10,Ridge,93,23.25,3816,2974.3127504652653,3927.0735108557305
90_10,Ridge,94,23.5,3816,2973.6068919945565,3932.442865553989
90_10,Ridge,95,23.75,3816,2965.406921336001,3922.227820694636
90_10,Ridge,96,24.0,3816,2984.9356718463087,3936.4231320074077
90_10,Ridge,97,24.25,3816,3004.34148234666,3960.2756693831516
90_10,Ridge,98,24.5,3816,3028.569798082102,3987.67644201459
90_10,Ridge,99,24.75,3816,3047.8836689205164,4000.565783252386
90_10,Ridge,100,25.0,3816,3067.1669218726247,4021.5732375676394
90_10,Ridge,101,25.25,3816,3101.112583161837,4053.7110829803605
90_10,Ridge,102,25.5,3816,3129.4370449776115,4089.9832638457638
90_10,Ridge,103,25.75,3816,3160.4878989939775,4113.273804393499
90_10,Ridge,104,26.0,3816,3172.5873817028423,4119.9253060235915
90_10,Ridge,105,26.25,3816,3175.9913602099477,4113.279837705121
90_10,Ridge,106,26.5,3816,3184.126215491348,4117.485087938343
90_10,Ridge,107,26.75,3816,3200.053475011502,4121.060199787336
90_10,Ridge,108,27.0,3816,3212.9558893587787,4123.143232696558
90_10,Ridge,109,27.25,3816,3227.276533588801,4138.2708763066485
90_10,Ridge,110,27.5,3816,3233.7834412690213,4143.4568427869835
90_10,Ridge,111,27.75,3816,3248.781285093134,4146.178170931476
90_10,Ridge,112,28.0,3816,3257.7448835812647,4145.879221732211
90_10,Ridge,113,28.25,3816,3266.0662667680704,4157.749966825306
90_10,Ridge,114,28.5,3816,3270.1672448159734,4155.829502453485
90_10,Ridge,115,28.75,3816,3282.9865335516083,4161.564256618387
90_10,Ridge,116,29.0,3816,3292.9933489146497,4165.527113541458
90_10,Ridge,117,29.25,3816,3299.220816286186,4169.291305881856
90_10,Ridge,118,29.5,3816,3302.439697246827,4170.5696280640395
90_10,Ridge,119,29.75,3816,3305.609024340467,4172.29871166567
90_10,Ridge,120,30.0,3816,3313.527352375575,4175.023032498781
90_10,Ridge,121,30.25,3816,3321.060069237049,4184.141917425695
90_10,Ridge,122,30.5,3816,3333.0468600048484,4196.8607246056445
90_10,Ridge,123,30.75,3816,3344.1939282778326,4206.64781247992
90_10,Ridge,124,31.0,3816,3349.682160139747,4215.502585239469
90_10,Ridge,125,31.25,3816,3351.3983430351977,4215.9930708330185
90_10,Ridge,126,31.5,3816,3359.605834733265,4222.707608196551
90_10,Ridge,127,31.75,3816,3363.5652619417547,4227.621550190809
90_10,Ridge,128,32.0,3816,3363.895060243557,4223.33494054958
90_10,Ridge,129,32.25,3816,3360.896222587741,4211.612176482217
90_10,Ridge,130,32.5,3816,3359.5239331230646,4197.538623332088
90_10,Ridge,131,32.75,3816,3353.671578092722,4191.2540249072335
90_10,Ridge,132,33.0,3816,3349.9536914959526,4187.179145497997
90_10,Ridge,133,33.25,3816,3338.3984950324975,4178.554735818092
90_10,Ridge,134,33.5,3816,3335.169450786865,4173.675511805416
90_10,Ridge,135,33.75,3816,3335.4117823057354,4174.211245374527
90_10,Ridge,136,34.0,3816,3332.633964794567,4177.393012388891
90_10,Ridge,137,34.25,3816,3328.680986897608,4183.1302169101855
90_10,Ridge,138,34.5,3816,3327.5433811750404,4181.73251231614
90_10,Ridge,139,34.75,3816,3318.620547357141,4173.429547318861
90_10,Ridge,140,35.0,3816,3307.357309262077,4161.839625134524
90_10,Ridge,141,35.25,3816,3302.341326055522,4160.3229864902405
90_10,Ridge,142,35.5,3816,3306.5642755115946,4161.670779473425
90_10,Ridge,143,35.75,3816,3307.558307342731,4160.515388669937
90_10,Ridge,144,36.0,3816,3307.6982981261185,4162.278054529151
90_10,Ridge + Weather,1,0.25,3816,1603.4907802762189,2606.300287083615
90_10,Ridge + Weather,2,0.5,3816,2210.0766897080002,3249.7603083479926
90_10,Ridge + Weather,3,0.75,3816,2566.511070254259,3649.2145770334564
90_10,Ridge + Weather,4,1.0,3816,2748.702710227141,3854.773951757898
90_10,Ridge + Weather,5,1.25,3816,2833.634758127413,3950.6060321439313
90_10,Ridge + Weather,6,1.5,3816,2859.3810321344517,3994.3584861516883
90_10,Ridge + Weather,7,1.75,3816,2856.055643715088,4003.4628122946183
90_10,Ridge + Weather,8,2.0,3816,2812.4094601985535,3961.802351040949
90_10,Ridge + Weather,9,2.25,3816,2781.2164634063856,3937.7681547774464
90_10,Ridge + Weather,10,2.5,3816,2759.4767410350983,3914.9420971084996
90_10,Ridge + Weather,11,2.75,3816,2760.4646386112972,3920.0186729530333
90_10,Ridge + Weather,12,3.0,3816,2763.471360770742,3921.3465642829324
90_10,Ridge + Weather,13,3.25,3816,2757.4328783852893,3911.849193483725
90_10,Ridge + Weather,14,3.5,3816,2757.8904686175106,3906.120376291277
90_10,Ridge + Weather,15,3.75,3816,2771.4167393290727,3907.908701294755
90_10,Ridge + Weather,16,4.0,3816,2829.491470402833,3955.970185619681
90_10,Ridge + Weather,17,4.25,3816,2860.7553233018994,3982.4858613314163
90_10,Ridge + Weather,18,4.5,3816,2885.987659304047,4005.276857433545
90_10,Ridge + Weather,19,4.75,3816,2896.4070918776024,4008.1864606436225
90_10,Ridge + Weather,20,5.0,3816,2905.2522072681145,4016.1929209199134
90_10,Ridge + Weather,21,5.25,3816,2906.74237189815,4018.094471914666
90_10,Ridge + Weather,22,5.5,3816,2907.227603764937,4018.779328532538
90_10,Ridge + Weather,23,5.75,3816,2908.0076339968277,4024.172046503642
90_10,Ridge + Weather,24,6.0,3816,2912.1519089959284,4026.119181557997
90_10,Ridge + Weather,25,6.25,3816,2913.061131671283,4023.2989782438835
90_10,Ridge + Weather,26,6.5,3816,2920.4580307241504,4024.7039199874707
90_10,Ridge + Weather,27,6.75,3816,2928.101692301261,4034.320781200494
90_10,Ridge + Weather,28,7.0,3816,2939.930226111157,4039.2151053809525
90_10,Ridge + Weather,29,7.25,3816,2948.1172493514273,4044.0547341416604
90_10,Ridge + Weather,30,7.5,3816,2966.1208980939236,4054.4616993300133
90_10,Ridge + Weather,31,7.75,3816,2977.044746003981,4066.1644139104887
90_10,Ridge + Weather,32,8.0,3816,2984.228727453094,4073.6475084540666
90_10,Ridge + Weather,33,8.25,3816,2982.551606445424,4070.687055884741
90_10,Ridge + Weather,34,8.5,3816,2989.187238654568,4076.8154167227913
90_10,Ridge + Weather,35,8.75,3816,2985.8997345618836,4078.867093226008
90_10,Ridge + Weather,36,9.0,3816,2983.5198479244896,4080.6486644816723
90_10,Ridge + Weather,37,9.25,3816,2978.289619827836,4077.2460535486657
90_10,Ridge + Weather,38,9.5,3816,2978.83075478574,4075.3562562959783
90_10,Ridge + Weather,39,9.75,3816,2977.184696032745,4073.600314119514
90_10,Ridge + Weather,40,10.0,3816,2973.100009479266,4072.991402570235
90_10,Ridge + Weather,41,10.25,3816,2966.494438370149,4068.5245087839794
90_10,Ridge + Weather,42,10.5,3816,2965.5146647790298,4069.001729609688
90_10,Ridge + Weather,43,10.75,3816,2960.530761783721,4063.788796978785
90_10,Ridge + Weather,44,11.0,3816,2955.058847908177,4061.95508387805
90_10,Ridge + Weather,45,11.25,3816,2959.9914202554614,4063.34315821915
90_10,Ridge + Weather,46,11.5,3816,2962.607268140348,4064.7122737921377
90_10,Ridge + Weather,47,11.75,3816,2964.839646323385,4068.19765632032
90_10,Ridge + Weather,48,12.0,3816,2964.19071051301,4064.00638280009
90_10,Ridge + Weather,49,12.25,3816,2960.255708290916,4060.805257343798
90_10,Ridge + Weather,50,12.5,3816,2955.7926416339847,4055.279889120919
90_10,Ridge + Weather,51,12.75,3816,2954.36716353519,4050.641662643287
90_10,Ridge + Weather,52,13.0,3816,2952.5862748840746,4041.9675320121924
90_10,Ridge + Weather,53,13.25,3816,2942.739961170895,4025.4457349483887
90_10,Ridge + Weather,54,13.5,3816,2927.469086756965,4008.5922320086315
90_10,Ridge + Weather,55,13.75,3816,2918.3039107114764,3996.710183379979
90_10,Ridge + Weather,56,14.0,3816,2911.5003964463012,3988.4695250292293
90_10,Ridge + Weather,57,14.25,3816,2908.59953033852,3985.5637905596686
90_10,Ridge + Weather,58,14.5,3816,2913.571519517203,3991.106895029213
90_10,Ridge + Weather,59,14.75,3816,2911.8826699274705,3995.8120400408698
90_10,Ridge + Weather,60,15.0,3816,2900.6031252439752,3989.8423114822654
90_10,Ridge + Weather,61,15.25,3816,2899.836330803211,3984.7348613059935
90_10,Ridge + Weather,62,15.5,3816,2891.0194076896123,3973.6955584956036
90_10,Ridge + Weather,63,15.75,3816,2881.148115832315,3958.7824331295683
90_10,Ridge + Weather,64,16.0,3816,2865.86805870358,3941.7540741119587
90_10,Ridge + Weather,65,16.25,3816,2851.9524746461734,3928.6383619083895
90_10,Ridge + Weather,66,16.5,3816,2845.0550590437033,3918.7136952485657
90_10,Ridge + Weather,67,16.75,3816,2846.264007651261,3913.4340759633146
90_10,Ridge + Weather,68,17.0,3816,2841.4009242768684,3911.727249057977
90_10,Ridge + Weather,69,17.25,3816,2840.368801319544,3915.0584375915023
90_10,Ridge + Weather,70,17.5,3816,2846.5116663549206,3920.6020584988532
90_10,Ridge + Weather,71,17.75,3816,2858.579982794176,3936.69357133114
90_10,Ridge + Weather,72,18.0,3816,2872.839913798883,3952.163428030411
90_10,Ridge + Weather,73,18.25,3816,2880.0221785423073,3970.9856350671475
90_10,Ridge + Weather,74,18.5,3816,2888.2539671480245,3982.534934085812
90_10,Ridge + Weather,75,18.75,3816,2889.841769335119,3987.4792371183744
90_10,Ridge + Weather,76,19.0,3816,2890.1324665584825,3983.0158991107323
90_10,Ridge + Weather,77,19.25,3816,2888.911443006644,3988.1809262043917
90_10,Ridge + Weather,78,19.5,3816,2889.1933307377753,3987.177485597596
90_10,Ridge + Weather,79,19.75,3816,2884.898591291785,3980.0727571620487
90_10,Ridge + Weather,80,20.0,3816,2878.060539005804,3973.1789057437463
90_10,Ridge + Weather,81,20.25,3816,2872.0357324287543,3969.313367273853
90_10,Ridge + Weather,82,20.5,3816,2864.5729821734008,3966.7225505493566
90_10,Ridge + Weather,83,20.75,3816,2853.7030788560874,3958.101533251922
90_10,Ridge + Weather,84,21.0,3816,2848.9162841825464,3959.3835765693984
90_10,Ridge + Weather,85,21.25,3816,2844.3581855024527,3951.6677218446343
90_10,Ridge + Weather,86,21.5,3816,2837.486431519622,3946.0199740481185
90_10,Ridge + Weather,87,21.75,3816,2836.6806075430363,3941.4481068231153
90_10,Ridge + Weather,88,22.0,3816,2830.6143615193287,3931.857893973384
90_10,Ridge + Weather,89,22.25,3816,2821.490399736344,3924.0913579812454
90_10,Ridge + Weather,90,22.5,3816,2818.824195155037,3921.055246456462
90_10,Ridge + Weather,91,22.75,3816,2810.7776413412303,3906.3091392149163
90_10,Ridge + Weather,92,23.0,3816,2797.489441788392,3885.162349679001
90_10,Ridge + Weather,93,23.25,3816,2777.618289090661,3865.3078579505695
90_10,Ridge + Weather,94,23.5,3816,2779.830050162342,3870.683379371801
90_10,Ridge + Weather,95,23.75,3816,2778.196694863507,3862.1237664067917
90_10,Ridge + Weather,96,24.0,3816,2789.709010752816,3873.8551112544947
90_10,Ridge + Weather,97,24.25,3816,2798.281441122603,3893.245865785038
90_10,Ridge + Weather,98,24.5,3816,2815.381208867934,3914.8244320135623
90_10,Ridge + Weather,99,24.75,3816,2829.641771271547,3921.7028085348747
90_10,Ridge + Weather,100,25.0,3816,2843.9243223065787,3935.1589343389846
90_10,Ridge + Weather,101,25.25,3816,2868.374991206328,3955.3853512995643
90_10,Ridge + Weather,102,25.5,3816,2885.502829206245,3979.6142398320826
90_10,Ridge + Weather,103,25.75,3816,2902.352015199707,3993.540159459891
90_10,Ridge + Weather,104,26.0,3816,2902.8107442159394,3993.5669200549382
90_10,Ridge + Weather,105,26.25,3816,2898.384018418136,3982.8698678376372
90_10,Ridge + Weather,106,26.5,3816,2888.3585727953528,3979.0609643797948
90_10,Ridge + Weather,107,26.75,3816,2888.1352585891623,3973.1874095322846
90_10,Ridge + Weather,108,27.0,3816,2882.969022974786,3965.315219782124
90_10,Ridge + Weather,109,27.25,3816,2883.743549269955,3966.344394372758
90_10,Ridge + Weather,110,27.5,3816,2878.237951353786,3957.9220226557873
90_10,Ridge + Weather,111,27.75,3816,2879.345447760054,3947.776821502917
90_10,Ridge + Weather,112,28.0,3816,2879.0587821067693,3935.003415534072
90_10,Ridge + Weather,113,28.25,3816,2878.929519748863,3931.910104893384
90_10,Ridge + Weather,114,28.5,3816,2876.5020078039915,3918.3234995546068
90_10,Ridge + Weather,115,28.75,3816,2875.7877142127627,3914.03629840349
90_10,Ridge + Weather,116,29.0,3816,2875.05358221318,3909.6808714891504
90_10,Ridge + Weather,117,29.25,3816,2867.9457557609157,3906.7328849485484
90_10,Ridge + Weather,118,29.5,3816,2859.9672676597474,3903.3547106952365
90_10,Ridge + Weather,119,29.75,3816,2854.5509064613975,3904.398625951327
90_10,Ridge + Weather,120,30.0,3816,2854.5091289025213,3908.087301528173
90_10,Ridge + Weather,121,30.25,3816,2859.566896745309,3917.3558823274984
90_10,Ridge + Weather,122,30.5,3816,2870.5643163488303,3929.418462886291
90_10,Ridge + Weather,123,30.75,3816,2878.138547944403,3939.225891794888
90_10,Ridge + Weather,124,31.0,3816,2887.608077999009,3948.7352859890525
90_10,Ridge + Weather,125,31.25,3816,2898.2258460460694,3955.82337380512
90_10,Ridge + Weather,126,31.5,3816,2913.4159096644853,3968.840341272491
90_10,Ridge + Weather,127,31.75,3816,2923.8353877532654,3979.694777728115
90_10,Ridge + Weather,128,32.0,3816,2927.6090652931016,3979.1787396177606
90_10,Ridge + Weather,129,32.25,3816,2926.0277644718303,3971.113331378661
90_10,Ridge + Weather,130,32.5,3816,2918.1665740720937,3959.179674250498
90_10,Ridge + Weather,131,32.75,3816,2910.376882476774,3951.810399828726
90_10,Ridge + Weather,132,33.0,3816,2906.9324942065196,3948.599685307387
90_10,Ridge + Weather,133,33.25,3816,2902.3833357191434,3944.9110653873945
90_10,Ridge + Weather,134,33.5,3816,2900.5916417932544,3945.229666567986
90_10,Ridge + Weather,135,33.75,3816,2902.2028226734715,3949.4452862630537
90_10,Ridge + Weather,136,34.0,3816,2902.7078909532343,3951.9550505506236
90_10,Ridge + Weather,137,34.25,3816,2900.8755615212262,3955.3681718778716
90_10,Ridge + Weather,138,34.5,3816,2898.5219933065428,3955.4153776761004
90_10,Ridge + Weather,139,34.75,3816,2894.7150065288106,3951.3126407790364
90_10,Ridge + Weather,140,35.0,3816,2886.8282637555294,3945.4564939892757
90_10,Ridge + Weather,141,35.25,3816,2886.0350415193534,3946.496697152709
90_10,Ridge + Weather,142,35.5,3816,2885.267465390071,3945.532861216432
90_10,Ridge + Weather,143,35.75,3816,2887.190855625358,3941.053519411301
90_10,Ridge + Weather,144,36.0,3816,2881.161303059798,3936.954333900465
walk_forward_1,Persistence,1,0.25,4666,2687.506740248607,4017.8068520174656
walk_forward_1,Persistence,2,0.5,4666,4187.004892841835,5926.985158435352
walk_forward_1,Persistence,3,0.75,4666,5478.407687526789,7252.217063207469
walk_forward_1,Persistence,4,1.0,4666,6477.537243891985,8208.59848392502
walk_forward_1,Persistence,5,1.25,4666,7225.269297042433,8825.11725989705
walk_forward_1,Persistence,6,1.5,4666,7531.627136733819,9074.998572210337
walk_forward_1,Persistence,7,1.75,4666,7467.821382340335,9025.02950028557
walk_forward_1,Persistence,8,2.0,4666,7113.70408701243,8745.372608490308
walk_forward_1,Persistence,9,2.25,4666,6520.845135019288,8268.538173581119
walk_forward_1,Persistence,10,2.5,4666,5845.555518645521,7634.686505114321
walk_forward_1,Persistence,11,2.75,4666,5246.002083154737,7043.205527871047
walk_forward_1,Persistence,12,3.0,4666,4757.042546078012,6550.430017257453
walk_forward_1,Persistence,13,3.25,4666,4554.800561508788,6327.941379577388
walk_forward_1,Persistence,14,3.5,4666,4815.802983283326,6573.840573084385
walk_forward_1,Persistence,15,3.75,4666,5406.983859837119,7153.820707222163
walk_forward_1,Persistence,16,4.0,4666,5980.988197599657,7716.618698118242
walk_forward_1,Persistence,17,4.25,4666,6523.1564509215605,8210.09121878443
walk_forward_1,Persistence,18,4.5,4666,6912.604858551223,8549.98629908105
walk_forward_1,Persistence,19,4.75,4666,7090.795987998285,8707.461652336244
walk_forward_1,Persistence,20,5.0,4666,7042.35025289327,8688.670341463081
walk_forward_1,Persistence,21,5.25,4666,6882.006913844835,8550.91658091798
walk_forward_1,Persistence,22,5.5,4666,6594.736598799828,8277.310915819155
walk_forward_1,Persistence,23,5.75,4666,6243.081078011145,7941.216162156459
walk_forward_1,Persistence,24,6.0,4666,5855.824342048864,7590.499152005425
walk_forward_1,Persistence,25,6.25,4666,5556.324629232748,7279.473076955856
walk_forward_1,Persistence,26,6.5,4666,5380.824912130304,7050.080855881847
walk_forward_1,Persistence,27,6.75,4666,5402.705805829404,7044.602780500656
walk_forward_1,Persistence,28,7.0,4666,5657.7658829832835,7275.50440491589
walk_forward_1,Persistence,29,7.25,4666,6002.211628804115,7606.837141190533
walk_forward_1,Persistence,30,7.5,4666,6367.438291898843,7963.364556640414
walk_forward_1,Persistence,31,7.75,4666,6644.342657522504,8255.42580722205
walk_forward_1,Persistence,32,8.0,4666,6798.843921988856,8414.882365904334
walk_forward_1,Persistence,33,8.25,4666,6839.96027861123,8454.769601017953
walk_forward_1,Persistence,34,8.5,4666,6758.871202314616,8395.135970706262
walk_forward_1,Persistence,35,8.75,4666,6585.007441063009,8235.857727607578
walk_forward_1,Persistence,36,9.0,4666,6352.320792970424,7988.625881855688
walk_forward_1,Persistence,37,9.25,4666,6053.251525932275,7696.123738392451
walk_forward_1,Persistence,38,9.5,4666,5799.135966566652,7415.599025722289
walk_forward_1,Persistence,39,9.75,4666,5632.479738534076,7221.576099817726
walk_forward_1,Persistence,40,10.0,4666,5684.534545649378,7247.09441233965
walk_forward_1,Persistence,41,10.25,4666,5857.575625803686,7422.49867290349
walk_forward_1,Persistence,42,10.5,4666,6123.784425632234,7700.784307184873
walk_forward_1,Persistence,43,10.75,4666,6460.494744963566,8028.64458007302
walk_forward_1,Persistence,44,11.0,4666,6713.657372481783,8302.007662626938
walk_forward_1,Persistence,45,11.25,4666,6872.127051007287,8449.4347798337
walk_forward_1,Persistence,46,11.5,4666,6897.368724817831,8466.88955592453
walk_forward_1,Persistence,47,11.75,4666,6808.214346335191,8399.696557315285
walk_forward_1,Persistence,48,12.0,4666,6643.3980411487355,8263.414697558062
walk_forward_1,Persistence,49,12.25,4666,6446.325392198886,8060.275855419414
walk_forward_1,Persistence,50,12.5,4666,6221.423255465065,7820.02875773358
walk_forward_1,Persistence,51,12.75,4666,6035.944279897128,7602.829860604507
walk_forward_1,Persistence,52,13.0,4666,5901.2985619374185,7463.290557980401
walk_forward_1,Persistence,53,13.25,4666,5921.6485533647665,7491.056310168086
walk_forward_1,Persistence,54,13.5,4666,6076.885068581226,7641.327212612697
walk_forward_1,Persistence,55,13.75,4666,6225.2422224603515,7818.672517578083
walk_forward_1,Persistence,56,14.0,4666,6394.885332190313,8012.262366394427
walk_forward_1,Persistence,57,14.25,4666,6523.550908701244,8137.423115205559
walk_forward_1,Persistence,58,14.5,4666,6559.673463351906,8196.836492799212
walk_forward_1,Persistence,59,14.75,4666,6552.5576468066865,8195.393754696432
walk_forward_1,Persistence,60,15.0,4666,6514.508167595371,8151.631804330451
walk_forward_1,Persistence,61,15.25,4666,6443.322826832405,8092.824538125468
walk_forward_1,Persistence,62,15.5,4666,6333.716525932276,7966.104327117638
walk_forward_1,Persistence,63,15.75,4666,6172.238651950279,7810.206653169433
walk_forward_1,Persistence,64,16.0,4666,6020.75532361766,7655.931976669019
walk_forward_1,Persistence,65,16.25,4666,5885.7463073296185,7547.548434266511
walk_forward_1,Persistence,66,16.5,4666,5871.4779125589375,7557.006246780413
walk_forward_1,Persistence,67,16.75,4666,5951.850745820831,7660.334199378904
walk_forward_1,Persistence,68,17.0,4666,6093.221041577368,7801.546583400067
walk_forward_1,Persistence,69,17.25,4666,6267.765057865409,7947.908414086557
walk_forward_1,Persistence,70,17.5,4666,6407.0436862408915,8065.603082174703
walk_forward_1,Persistence,71,17.75,4666,6550.252685383626,8220.662999947453
walk_forward_1,Persistence,72,18.0,4666,6625.849901414488,8312.89356150589
walk_forward_1,Persistence,73,18.25,4666,6615.420617231033,8315.45875042916
walk_forward_1,Persistence,74,18.5,4666,6559.490996570939,8264.55446271939
walk_forward_1,Persistence,75,18.75,4666,6401.026410201456,8144.685343785538
walk_forward_1,Persistence,76,19.0,4666,6178.175192884698,7951.234206667565
walk_forward_1,Persistence,77,19.25,4666,5982.552640377197,7740.178639742935
walk_forward_1,Persistence,78,19.5,4666,5799.871868838406,7578.213586793351
walk_forward_1,Persistence,79,19.75,4666,5651.488319759966,7433.754108091532
walk_forward_1,Persistence,80,20.0,4666,5661.708814830689,7425.874776736594
walk_forward_1,Persistence,81,20.25,4666,5792.758564080583,7570.424002920524
walk_forward_1,Persistence,82,20.5,4666,6037.875522931848,7791.131333524271
walk_forward_1,Persistence,83,20.75,4666,6261.689018431204,7989.222438223567
walk_forward_1,Persistence,84,21.0,4666,6466.938561937419,8211.858227613364
walk_forward_1,Persistence,85,21.25,4666,6598.847188169739,8356.446073825682
walk_forward_1,Persistence,86,21.5,4666,6636.57530432919,8403.350498436452
walk_forward_1,Persistence,87,21.75,4666,6511.360822974711,8322.72196336344
walk_forward_1,Persistence,88,22.0,4666,6361.554804972138,8162.764620063103
walk_forward_1,Persistence,89,22.25,4666,6111.794305615089,7920.497985487949
walk_forward_1,Persistence,90,22.5,4666,5869.220735105015,7671.355202344831
walk_forward_1,Persistence,91,22.75,4666,5622.419063437635,7419.466816848858
walk_forward_1,Persistence,92,23.0,4666,5397.318585512216,7219.257021211143
walk_forward_1,Persistence,93,23.25,4666,5320.179007715388,7158.836000104744
walk_forward_1,Persistence,94,23.5,4666,5466.984738534076,7293.600151830744
walk_forward_1,Persistence,95,23.75,4666,5679.425385769396,7520.025456354482
walk_forward_1,Persistence,96,24.0,4666,5957.742141020146,7796.995849223032
walk_forward_1,Persistence,97,24.25,4666,6233.091669524218,8072.662729025617
walk_forward_1,Persistence,98,24.5,4666,6463.584044149165,8281.736374961749
walk_forward_1,Persistence,99,24.75,4666,6522.97817402486,8341.663242880451
walk_forward_1,Persistence,100,25.0,4666,6457.918651950278,8265.806533641367
walk_forward_1,Persistence,101,25.25,4666,6299.9565473639095,8102.41778930898
walk_forward_1,Persistence,102,25.5,4666,6128.360000000001,7920.52166653912
walk_forward_1,Persistence,103,25.75,4666,5926.360417916845,7734.15407464122
walk_forward_1,Persistence,104,26.0,4666,5755.48448135448,7564.581069892833
walk_forward_1,Persistence,105,26.25,4666,5674.2244492070295,7508.585460119771
walk_forward_1,Persistence,106,26.5,4666,5651.239492070296,7471.657213939832
walk_forward_1,Persistence,107,26.75,4666,5716.01303043292,7504.106851275345
walk_forward_1,Persistence,108,27.0,4666,5904.910760822974,7661.37953310971
walk_forward_1,Persistence,109,27.25,4666,6114.437276039434,7861.54811425056
walk_forward_1,Persistence,110,27.5,4666,6351.329018431205,8079.685073031276
walk_forward_1,Persistence,111,27.75,4666,6517.935623660523,8253.874046990344
walk_forward_1,Persistence,112,28.0,4666,6638.916459494213,8338.767833902639
walk_forward_1,Persistence,113,28.25,4666,6625.736609515645,8341.402092004904
walk_forward_1,Persistence,114,28.5,4666,6511.934080582941,8252.907771643107
walk_forward_1,Persistence,115,28.75,4666,6347.678390484355,8098.623874777932
walk_forward_1,Persistence,116,29.0,4666,6225.321013716246,7941.591120530325
walk_forward_1,Persistence,117,29.25,4666,6057.478484783541,7770.515818088288
walk_forward_1,Persistence,118,29.5,4666,5963.198411915988,7680.025912601293
walk_forward_1,Persistence,119,29.75,4666,5963.134001285898,7669.681427420377
walk_forward_1,Persistence,120,30.0,4666,6028.27325760823,7746.6212559958
walk_forward_1,Persistence,121,30.25,4666,6103.92209172739,7845.658739467771
walk_forward_1,Persistence,122,30.5,4666,6263.561465923703,7973.71303831102
walk_forward_1,Persistence,123,30.75,4666,6484.544738534077,8149.685816503824
walk_forward_1,Persistence,124,31.0,4666,6586.86711744535,8261.09646308905
walk_forward_1,Persistence,125,31.25,4666,6593.5974003429055,8265.586258596411
walk_forward_1,Persistence,126,31.5,4666,6563.100023574797,8209.49586370546
walk_forward_1,Persistence,127,31.75,4666,6479.864127732533,8129.460618984692
walk_forward_1,Persistence,128,32.0,4666,6397.837899699957,8034.886431986959
walk_forward_1,Persistence,129,32.25,4666,6303.257106729533,7934.6107734850275
walk_forward_1,Persistence,130,32.5,4666,6156.81615945135,7800.621054094021
walk_forward_1,Persistence,131,32.75,4666,6048.809633519074,7708.570142327116
walk_forward_1,Persistence,132,33.0,4666,6042.72832190313,7715.492779257407
walk_forward_1,Persistence,133,33.25,4666,6117.552612516074,7747.539732336094
walk_forward_1,Persistence,134,33.5,4666,6208.633336905272,7837.852236288492
walk_forward_1,Persistence,135,33.75,4666,6335.927477496785,7957.029742966415
walk_forward_1,Persistence,136,34.0,4666,6431.204164166309,8043.012420563689
walk_forward_1,Persistence,137,34.25,4666,6534.901262323189,8153.085459535873
walk_forward_1,Persistence,138,34.5,4666,6597.0103129018435,8203.719387224171
walk_forward_1,Persistence,139,34.75,4666,6608.958926275181,8216.036861376226
walk_forward_1,Persistence,140,35.0,4666,6557.488343334762,8170.669384646997
walk_forward_1,Persistence,141,35.25,4666,6445.337087441063,8066.780781990238
walk_forward_1,Persistence,142,35.5,4666,6342.678345477925,7964.512505378595
walk_forward_1,Persistence,143,35.75,4666,6247.5080047149595,7862.06864206991
walk_forward_1,Persistence,144,36.0,4666,6203.934927132447,7826.054885988472
walk_forward_1,Copy-Yesterday,1,0.25,4563,5980.026883629192,7809.53790366089
walk_forward_1,Copy-Yesterday,2,0.5,4565,5978.287544359256,7807.381441033427
walk_forward_1,Copy-Yesterday,3,0.75,4566,5978.70864870784,7806.856662778716
walk_forward_1,Copy-Yesterday,4,1.0,4567,5974.062583753011,7802.97467740517
walk_forward_1,Copy-Yesterday,5,1.25,4568,5972.865781523643,7800.746610070877
walk_forward_1,Copy-Yesterday,6,1.5,4569,5973.7254256949,7801.144638218428
walk_forward_1,Copy-Yesterday,7,1.75,4570,5972.484153172866,7799.477488167897
walk_forward_1,Copy-Yesterday,8,2.0,4571,5965.452084882958,7794.598292410849
walk_forward_1,Copy-Yesterday,9,2.25,4572,5967.582246281714,7796.161447125631
walk_forward_1,Copy-Yesterday,10,2.5,4573,5970.863724032364,7798.681876646702
walk_forward_1,Copy-Yesterday,11,2.75,4574,5978.3833974639265,7807.093252660871
walk_forward_1,Copy-Yesterday,12,3.0,4575,5984.252876502732,7812.1144200416065
walk_forward_1,Copy-Yesterday,13,3.25,4576,5985.742858391608,7814.324501104856
walk_forward_1,Copy-Yesterday,14,3.5,4577,5981.130107057024,7810.622469080597
walk_forward_1,Copy-Yesterday,15,3.75,4578,5979.707931411097,7809.832931316328
walk_forward_1,Copy-Yesterday,16,4.0,4579,5974.847685084079,7798.553824022315
walk_forward_1,Copy-Yesterday,17,4.25,4580,5973.820890829695,7794.9245002672915
walk_forward_1,Copy-Yesterday,18,4.5,4581,5971.6560881903515,7787.046536611651
walk_forward_1,Copy-Yesterday,19,4.75,4582,5967.0068507202095,7776.54745181159
walk_forward_1,Copy-Yesterday,20,5.0,4583,5960.32078114772,7764.430531590801
walk_forward_1,Copy-Yesterday,21,5.25,4584,5954.2954581151835,7757.590236134137
walk_forward_1,Copy-Yesterday,22,5.5,4585,5953.492444929117,7756.742891697737
walk_forward_1,Copy-Yesterday,23,5.75,4586,5949.649949847361,7753.462662746247
walk_forward_1,Copy-Yesterday,24,6.0,4587,5950.536483540441,7756.113420785652
walk_forward_1,Copy-Yesterday,25,6.25,4588,5950.974869224063,7756.782283641413
walk_forward_1,Copy-Yesterday,26,6.5,4589,5946.988088908259,7752.458341200354
walk_forward_1,Copy-Yesterday,27,6.75,4590,5941.054196078431,7747.595554023725
walk_forward_1,Copy-Yesterday,28,7.0,4591,5939.816192550643,7746.605202164489
walk_forward_1,Copy-Yesterday,29,7.25,4592,5939.026787891986,7745.93087001321
walk_forward_1,Copy-Yesterday,30,7.5,4593,5935.37434792075,7742.2791117760935
walk_forward_1,Copy-Yesterday,31,7.75,4594,5936.060043535046,7744.490373229908
walk_forward_1,Copy-Yesterday,32,8.0,4595,5937.229891186073,7745.8715094181025
walk_forward_1,Copy-Yesterday,33,8.25,4596,5931.294728024369,7740.459903764895
walk_forward_1,Copy-Yesterday,34,8.5,4597,5925.315153360887,7735.462074149153
walk_forward_1,Copy-Yesterday,35,8.75,4598,5924.413840800348,7733.868414354057
walk_forward_1,Copy-Yesterday,36,9.0,4599,5922.915968688845,7732.979406139688
walk_forward_1,Copy-Yesterday,37,9.25,4600,5925.841376086956,7734.799875179677
walk_forward_1,Copy-Yesterday,38,9.5,4601,5924.237026733319,7732.546662973215
walk_forward_1,Copy-Yesterday,39,9.75,4602,5919.996599304651,7729.089534274964
walk_forward_1,Copy-Yesterday,40,10.0,4603,5917.91556593526,7728.06080998968
walk_forward_1,Copy-Yesterday,41,10.25,4604,5915.637699826238,7726.969241744486
walk_forward_1,Copy-Yesterday,42,10.5,4605,5910.9236373507065,7721.029851532715
walk_forward_1,Copy-Yesterday,43,10.75,4606,5905.671131133304,7715.268391353511
walk_forward_1,Copy-Yesterday,44,11.0,4607,5902.993798567398,7713.085815060964
walk_forward_1,Copy-Yesterday,45,11.25,4608,5901.264014756945,7710.474111298561
walk_forward_1,Copy-Yesterday,46,11.5,4609,5896.152627467997,7704.292176040811
walk_forward_1,Copy-Yesterday,47,11.75,4610,5893.144837310195,7698.7768666120555
walk_forward_1,Copy-Yesterday,48,12.0,4611,5890.061993060074,7695.800914287429
walk_forward_1,Copy-Yesterday,49,12.25,4612,5896.874739809194,7704.322245710148
walk_forward_1,Copy-Yesterday,50,12.5,4613,5901.162664209841,7706.858164898839
walk_forward_1,Copy-Yesterday,51,12.75,4614,5909.959347637625,7716.348776077192
walk_forward_1,Copy-Yesterday,52,13.0,4615,5913.558832069339,7721.358773136146
walk_forward_1,Copy-Yesterday,53,13.25,4616,5919.282883448874,7725.107432557313
walk_forward_1,Copy-Yesterday,54,13.5,4617,5924.769313406975,7731.150706262434
walk_forward_1,Copy-Yesterday,55,13.75,4618,5933.578165872673,7744.219199296163
walk_forward_1,Copy-Yesterday,56,14.0,4619,5935.650519592986,7744.566243221429
walk_forward_1,Copy-Yesterday,57,14.25,4620,5940.011863636364,7747.2341502447925
walk_forward_1,Copy-Yesterday,58,14.5,4621,5940.3217918199525,7747.1906445049035
walk_forward_1,Copy-Yesterday,59,14.75,4622,5940.6974469926445,7748.937405316211
walk_forward_1,Copy-Yesterday,60,15.0,4623,5937.489197490807,7745.741214239046
walk_forward_1,Copy-Yesterday,61,15.25,4624,5934.240568771626,7743.098748095556
walk_forward_1,Copy-Yesterday,62,15.5,4625,5927.178594594595,7737.140466551444
walk_forward_1,Copy-Yesterday,63,15.75,4626,5931.810600951147,7746.083315058387
walk_forward_1,Copy-Yesterday,64,16.0,4627,5947.119673654636,7765.859754413553
walk_forward_1,Copy-Yesterday,65,16.25,4628,5959.317742005185,7781.637626640253
walk_forward_1,Copy-Yesterday,66,16.5,4629,5966.24256426874,7790.584658984755
walk_forward_1,Copy-Yesterday,67,16.75,4630,5965.876561555076,7792.044898009028
walk_forward_1,Copy-Yesterday,68,17.0,4631,5961.043664435328,7789.3075633427925
walk_forward_1,Copy-Yesterday,69,17.25,4632,5956.10670552677,7784.684505685876
walk_forward_1,Copy-Yesterday,70,17.5,4633,5953.028435139219,7782.551101062217
walk_forward_1,Copy-Yesterday,71,17.75,4634,5953.359050496331,7782.722413889164
walk_forward_1,Copy-Yesterday,72,18.0,4635,5956.700429341964,7785.674572118867
walk_forward_1,Copy-Yesterday,73,18.25,4636,5957.850418464193,7785.6620556818525
walk_forward_1,Copy-Yesterday,74,18.5,4637,5955.633226223851,7783.964819768192
walk_forward_1,Copy-Yesterday,75,18.75,4638,5952.398714963347,7780.829245732482
walk_forward_1,Copy-Yesterday,76,19.0,4639,5953.801899116188,7784.550648798399
walk_forward_1,Copy-Yesterday,77,19.25,4640,5956.998976293104,7786.46789604398
walk_forward_1,Copy-Yesterday,78,19.5,4641,5960.559926739927,7789.512913443876
walk_forward_1,Copy-Yesterday,79,19.75,4642,5965.429515295132,7795.760458700299
walk_forward_1,Copy-Yesterday,80,20.0,4643,5964.657856989015,7796.942848053857
walk_forward_1,Copy-Yesterday,81,20.25,4644,5964.197801464255,7797.047489377683
walk_forward_1,Copy-Yesterday,82,20.5,4645,5962.77802583423,7795.301206171069
walk_forward_1,Copy-Yesterday,83,20.75,4646,5960.203712871288,7792.275079359279
walk_forward_1,Copy-Yesterday,84,21.0,4647,5959.096137292877,7793.2660727022985
walk_forward_1,Copy-Yesterday,85,21.25,4648,5954.627168674699,7788.72526834913
walk_forward_1,Copy-Yesterday,86,21.5,4649,5949.268950311895,7783.607959620572
walk_forward_1,Copy-Yesterday,87,21.75,4650,5946.550367741936,7781.9504472091
walk_forward_1,Copy-Yesterday,88,22.0,4651,5949.455276284671,7784.184695296014
walk_forward_1,Copy-Yesterday,89,22.25,4652,5953.818323301805,7788.991629990456
walk_forward_1,Copy-Yesterday,90,22.5,4653,5958.421285192349,7794.600013411076
walk_forward_1,Copy-Yesterday,91,22.75,4654,5960.549136226901,7797.0884185434725
walk_forward_1,Copy-Yesterday,92,23.0,4655,5957.9247303974225,7795.640588893102
walk_forward_1,Copy-Yesterday,93,23.25,4656,5952.530085910653,7789.193691207148
walk_forward_1,Copy-Yesterday,94,23.5,4657,5952.225877174145,7790.578326888375
walk_forward_1,Copy-Yesterday,95,23.75,4658,5954.631060541004,7793.501412497067
walk_forward_1,Copy-Yesterday,96,24.0,4666,5957.742141020146,7796.995849223032
walk_forward_1,Copy-Yesterday,97,24.25,4563,5972.522776682007,7777.825587091276
walk_forward_1,Copy-Yesterday,98,24.5,4565,5978.558374589265,7785.281950960308
walk_forward_1,Copy-Yesterday,99,24.75,4566,5978.6732369689,7784.262078016146
walk_forward_1,Copy-Yesterday,100,25.0,4567,5982.783925990803,7788.743178277567
walk_forward_1,Copy-Yesterday,101,25.25,4568,5984.134919001752,7791.693012606957
walk_forward_1,Copy-Yesterday,102,25.5,4569,5988.6906894287595,7798.081046937692
walk_forward_1,Copy-Yesterday,103,25.75,4570,5997.303269146609,7810.11081517188
walk_forward_1,Copy-Yesterday,104,26.0,4571,6001.808989280245,7819.287773602528
walk_forward_1,Copy-Yesterday,105,26.25,4572,6010.318978565178,7830.139411849992
walk_forward_1,Copy-Yesterday,106,26.5,4573,6011.767242510387,7833.721337871146
walk_forward_1,Copy-Yesterday,107,26.75,4574,6010.994457804984,7832.323656917268
walk_forward_1,Copy-Yesterday,108,27.0,4575,6012.306421857923,7833.280459385685
walk_forward_1,Copy-Yesterday,109,27.25,4576,6013.0964969405595,7833.6114621195575
walk_forward_1,Copy-Yesterday,110,27.5,4577,6013.325599737819,7832.430577928564
walk_forward_1,Copy-Yesterday,111,27.75,4578,6015.871861074705,7834.774402678902
walk_forward_1,Copy-Yesterday,112,28.0,4579,6012.52571958943,7827.186320284335
walk_forward_1,Copy-Yesterday,113,28.25,4580,6006.966032751092,7822.373825342277
walk_forward_1,Copy-Yesterday,114,28.5,4581,6006.32892599869,7819.754754757365
walk_forward_1,Copy-Yesterday,115,28.75,4582,6005.746451331297,7817.629149538388
walk_forward_1,Copy-Yesterday,116,29.0,4583,6006.158341697578,7815.291407170386
walk_forward_1,Copy-Yesterday,117,29.25,4584,6008.187432373473,7816.724718995697
walk_forward_1,Copy-Yesterday,118,29.5,4585,6008.372152671755,7814.8732020461475
walk_forward_1,Copy-Yesterday,119,29.75,4586,6012.2644744875715,7817.360256057981
walk_forward_1,Copy-Yesterday,120,30.0,4587,6016.964118160017,7823.437006609807
walk_forward_1,Copy-Yesterday,121,30.25,4588,6022.728164777681,7830.1933766334505
walk_forward_1,Copy-Yesterday,122,30.5,4589,6030.1916888210935,7836.950266745519
walk_forward_1,Copy-Yesterday,123,30.75,4590,6032.839590413943,7839.965121437575
walk_forward_1,Copy-Yesterday,124,31.0,4591,6029.336059681987,7835.14561521144
walk_forward_1,Copy-Yesterday,125,31.25,4592,6029.659333623694,7834.35197527588
walk_forward_1,Copy-Yesterday,126,31.5,4593,6030.105514914,7833.2764383632075
walk_forward_1,Copy-Yesterday,127,31.75,4594,6033.985844579887,7836.707411188994
walk_forward_1,Copy-Yesterday,128,32.0,4595,6039.47877257889,7840.027926524802
walk_forward_1,Copy-Yesterday,129,32.25,4596,6043.157110530896,7843.158447466784
walk_forward_1,Copy-Yesterday,130,32.5,4597,6053.287478790516,7851.347378492066
walk_forward_1,Copy-Yesterday,131,32.75,4598,6057.580121792083,7854.802441938287
walk_forward_1,Copy-Yesterday,132,33.0,4599,6060.130350076103,7856.846925465188
walk_forward_1,Copy-Yesterday,133,33.25,4600,6060.163867391304,7856.946692657918
walk_forward_1,Copy-Yesterday,134,33.5,4601,6067.974833731798,7866.065407236998
walk_forward_1,Copy-Yesterday,135,33.75,4602,6073.829871794872,7872.140398148929
walk_forward_1,Copy-Yesterday,136,34.0,4603,6077.794809906583,7874.474877128529
walk_forward_1,Copy-Yesterday,137,34.25,4604,6084.36940269331,7880.308281084054
walk_forward_1,Copy-Yesterday,138,34.5,4605,6087.716412595006,7881.195126592042
walk_forward_1,Copy-Yesterday,139,34.75,4606,6088.314511506731,7880.05591922945
walk_forward_1,Copy-Yesterday,140,35.0,4607,6091.939396570436,7882.373291085258
walk_forward_1,Copy-Yesterday,141,35.25,4608,6094.527999131944,7883.583781700899
walk_forward_1,Copy-Yesterday,142,35.5,4609,6092.518448687351,7881.6261897010945
walk_forward_1,Copy-Yesterday,143,35.75,4610,6096.49625813449,7885.7373196700855
walk_forward_1,Copy-Yesterday,144,36.0,4611,6097.343832140534,7884.193600471755
walk_forward_1,Ridge,1,0.25,4666,2805.249242212409,3869.207155478524
walk_forward_1,Ridge,2,0.5,4666,4163.188902001627,5263.573395326229
walk_forward_1,Ridge,3,0.75,4666,4966.801802973734,5918.506279422578
walk_forward_1,Ridge,4,1.0,4666,5323.116815088438,6183.87983661144
walk_forward_1,Ridge,5,1.25,4666,5356.075069368578,6207.831541488521
walk_forward_1,Ridge,6,1.5,4666,5143.374967340481,6061.990015145238
walk_forward_1,Ridge,7,1.75,4666,4893.307474683949,5869.855003840297
walk_forward_1,Ridge,8,2.0,4666,4680.689887198866,5678.768266115687
walk_forward_1,Ridge,9,2.25,4666,4553.206098046689,5544.849899022347
walk_forward_1,Ridge,10,2.5,4666,4513.098258772435,5525.322061195674
walk_forward_1,Ridge,11,2.75,4666,4522.7167009383875,5536.6867914342
walk_forward_1,Ridge,12,3.0,4666,4528.2637691675145,5532.723045457815
walk_forward_1,Ridge,13,3.25,4666,4632.757752786429,5596.581378857022
walk_forward_1,Ridge,14,3.5,4666,4844.010620838776,5783.643834779306
walk_forward_1,Ridge,15,3.75,4666,5161.243709329941,6065.9592591185465
walk_forward_1,Ridge,16,4.0,4666,5389.362667572395,6264.764820469479
walk_forward_1,Ridge,17,4.25,4666,5529.4531976386,6387.309633867018
walk_forward_1,Ridge,18,4.5,4666,5537.56611691018,6402.660039065054
walk_forward_1,Ridge,19,4.75,4666,5473.801033942837,6350.652517727582
walk_forward_1,Ridge,20,5.0,4666,5365.389745951407,6267.23123338722
walk_forward_1,Ridge,21,5.25,4666,5259.1290565246945,6171.989783768525
walk_forward_1,Ridge,22,5.5,4666,5177.368837566378,6082.652154775163
walk_forward_1,Ridge,23,5.75,4666,5137.086304704417,6041.002567189376
walk_forward_1,Ridge,24,6.0,4666,5128.1252016623175,6045.019014840482
walk_forward_1,Ridge,25,6.25,4666,5139.594216203032,6063.630020212972
walk_forward_1,Ridge,26,6.5,4666,5181.7340243320305,6100.919367078815
walk_forward_1,Ridge,27,6.75,4666,5263.673070262145,6184.322767318083
walk_forward_1,Ridge,28,7.0,4666,5366.517767941858,6299.081682817583
walk_forward_1,Ridge,29,7.25,4666,5461.5623509962925,6405.295401963568
walk_forward_1,Ridge,30,7.5,4666,5541.015462514173,6488.8148097936655
walk_forward_1,Ridge,31,7.75,4666,5577.822226410951,6533.23463459229
walk_forward_1,Ridge,32,8.0,4666,5556.420374437006,6520.66827504682
walk_forward_1,Ridge,33,8.25,4666,5499.76723025295,6464.086892877521
walk_forward_1,Ridge,34,8.5,4666,5425.9201188853385,6384.362208750024
walk_forward_1,Ridge,35,8.75,4666,5347.598796814303,6309.947676333662
walk_forward_1,Ridge,36,9.0,4666,5311.430310084127,6275.589161220259
walk_forward_1,Ridge,37,9.25,4666,5300.115385724408,6268.365022283251
walk_forward_1,Ridge,38,9.5,4666,5304.6328012104705,6289.777634976592
walk_forward_1,Ridge,39,9.75,4666,5352.157641251411,6346.344547164965
walk_forward_1,Ridge,40,10.0,4666,5443.960672342418,6444.190545015471
walk_forward_1,Ridge,41,10.25,4666,5541.327338409766,6553.066436814463
walk_forward_1,Ridge,42,10.5,4666,5614.706439349732,6639.2404072023155
walk_forward_1,Ridge,43,10.75,4666,5680.964240016851,6715.548438072306
walk_forward_1,Ridge,44,11.0,4666,5711.487253718308,6751.534622675443
walk_forward_1,Ridge,45,11.25,4666,5699.262200156234,6733.41619808431
walk_forward_1,Ridge,46,11.5,4666,5645.397525539147,6674.405042480482
walk_forward_1,Ridge,47,11.75,4666,5572.421266381113,6598.959997653347
walk_forward_1,Ridge,48,12.0,4666,5511.9073244402225,6533.506864430738
walk_forward_1,Ridge,49,12.25,4666,5473.693340027726,6487.614276489009
walk_forward_1,Ridge,50,12.5,4666,5443.300392817461,6458.252094188994
walk_forward_1,Ridge,51,12.75,4666,5446.42916693808,6450.285281173738
walk_forward_1,Ridge,52,13.0,4666,5462.558371218475,6465.13762156329
walk_forward_1,Ridge,53,13.25,4666,5502.902988613693,6495.644814790555
walk_forward_1,Ridge,54,13.5,4666,5557.8479606180435,6546.837521823007
walk_forward_1,Ridge,55,13.75,4666,5612.247455876668,6589.843803019876
walk_forward_1,Ridge,56,14.0,4666,5639.789852625452,6612.020357704883
walk_forward_1,Ridge,57,14.25,4666,5634.601823838499,6601.457305040621
walk_forward_1,Ridge,58,14.5,4666,5600.049990900774,6556.042448114406
walk_forward_1,Ridge,59,14.75,4666,5543.615663280524,6499.691269710524
walk_forward_1,Ridge,60,15.0,4666,5488.61157981866,6422.775578858
walk_forward_1,Ridge,61,15.25,4666,5441.372997641823,6366.791831051715
walk_forward_1,Ridge,62,15.5,4666,5404.745229481619,6329.832875842866
walk_forward_1,Ridge,63,15.75,4666,5390.1913691861855,6314.096815833807
walk_forward_1,Ridge,64,16.0,4666,5390.964074304577,6304.702751510238
walk_forward_1,Ridge,65,16.25,4666,5398.594693277322,6307.835395172023
walk_forward_1,Ridge,66,16.5,4666,5436.288495362921,6337.665394850167
walk_forward_1,Ridge,67,16.75,4666,5494.308722832195,6387.102687097758
walk_forward_1,Ridge,68,17.0,4666,5542.507511222262,6434.810658187806
walk_forward_1,Ridge,69,17.25,4666,5572.291174181453,6464.102810198452
walk_forward_1,Ridge,70,17.5,4666,5579.8707529503945,6464.889297248943
walk_forward_1,Ridge,71,17.75,4666,5572.373124370368,6455.43146573426
walk_forward_1,Ridge,72,18.0,4666,5527.976860925291,6409.8349782550395
walk_forward_1,Ridge,73,18.25,4666,5472.35842369078,6344.830729189426
walk_forward_1,Ridge,74,18.5,4666,5409.489079507463,6279.639305288352
walk_forward_1,Ridge,75,18.75,4666,5345.199417517386,6203.865144644583
walk_forward_1,Ridge,76,19.0,4666,5283.449440003517,6143.931109670714
walk_forward_1,Ridge,77,19.25,4666,5261.144831660409,6118.740487971371
walk_forward_1,Ridge,78,19.5,4666,5270.609975994485,6132.319213835617
walk_forward_1,Ridge,79,19.75,4666,5297.899240806188,6153.272604830861
walk_forward_1,Ridge,80,20.0,4666,5360.738967396205,6205.331560911824
walk_forward_1,Ridge,81,20.25,4666,5433.543339982192,6267.080427889928
walk_forward_1,Ridge,82,20.5,4666,5475.566914556462,6311.988304071041
walk_forward_1,Ridge,83,20.75,4666,5466.112734658222,6308.8645219048585
walk_forward_1,Ridge,84,21.0,4666,5443.289248532716,6283.005418209545
walk_forward_1,Ridge,85,21.25,4666,5372.796716814489,6216.955228249774
walk_forward_1,Ridge,86,21.5,4666,5301.891024401123,6146.854047243059
walk_forward_1,Ridge,87,21.75,4666,5217.029181895688,6054.184038446999
walk_forward_1,Ridge,88,22.0,4666,5137.453091125092,5959.559489152126
walk_forward_1,Ridge,89,22.25,4666,5068.3800192185,5889.436189321251
walk_forward_1,Ridge,90,22.5,4666,5045.554996917269,5862.830492331974
walk_forward_1,Ridge,91,22.75,4666,5034.480706804863,5859.2408493098
walk_forward_1,Ridge,92,23.0,4666,5048.983671782104,5886.35505253104
walk_forward_1,Ridge,93,23.25,4666,5103.643827806461,5937.080683943985
walk_forward_1,Ridge,94,23.5,4666,5176.615795231091,6007.697701123548
walk_forward_1,Ridge,95,23.75,4666,5209.5349408608145,6057.360864259332
walk_forward_1,Ridge,96,24.0,4666,5248.032970655125,6098.502450214802
walk_forward_1,Ridge,97,24.25,4666,5285.331276922241,6128.089668998325
walk_forward_1,Ridge,98,24.5,4666,5305.92201319449,6145.509553423183
walk_forward_1,Ridge,99,24.75,4666,5276.102832121611,6116.173315717081
walk_forward_1,Ridge,100,25.0,4666,5223.469431743189,6061.138789186789
walk_forward_1,Ridge,101,25.25,4666,5169.721522462755,6006.517764947318
walk_forward_1,Ridge,102,25.5,4666,5129.031997408911,5959.857088833139
walk_forward_1,Ridge,103,25.75,4666,5110.019143339625,5939.953760171634
walk_forward_1,Ridge,104,26.0,4666,5123.509495175945,5949.097855875817
walk_forward_1,Ridge,105,26.25,4666,5166.322345049668,5997.26476170064
walk_forward_1,Ridge,106,26.5,4666,5230.519395974122,6066.743814782261
walk_forward_1,Ridge,107,26.75,4666,5308.744227353761,6139.064587478825
walk_forward_1,Ridge,108,27.0,4666,5369.845355004854,6214.159485512485
walk_forward_1,Ridge,109,27.25,4666,5415.500995213529,6278.870204800664
walk_forward_1,Ridge,110,27.5,4666,5441.065483181038,6325.493067754653
walk_forward_1,Ridge,111,27.75,4666,5458.9375472852835,6344.880505076445
walk_forward_1,Ridge,112,28.0,4666,5435.863437605659,6331.935997202881
walk_forward_1,Ridge,113,28.25,4666,5393.716798647379,6301.784203100533
walk_forward_1,Ridge,114,28.5,4666,5359.054783451855,6271.2025812549455
walk_forward_1,Ridge,115,28.75,4666,5353.119065701857,6249.214620784458
walk_forward_1,Ridge,116,29.0,4666,5351.266044711678,6244.108889394886
walk_forward_1,Ridge,117,29.25,4666,5351.372764902976,6241.493893400684
walk_forward_1,Ridge,118,29.5,4666,5370.154290513271,6266.265065298068
walk_forward_1,Ridge,119,29.75,4666,5424.423711194565,6321.350510600396
walk_forward_1,Ridge,120,30.0,4666,5492.54644383808,6392.312393020334
walk_forward_1,Ridge,121,30.25,4666,5523.814952206713,6438.555602122307
walk_forward_1,Ridge,122,30.5,4666,5533.158680542972,6467.503354354212
walk_forward_1,Ridge,123,30.75,4666,5550.064090242069,6493.984520568232
walk_forward_1,Ridge,124,31.0,4666,5544.595165034035,6504.521137354386
walk_forward_1,Ridge,125,31.25,4666,5518.58524203408,6491.314175235674
walk_forward_1,Ridge,126,31.5,4666,5483.404570207364,6461.066388411527
walk_forward_1,Ridge,127,31.75,4666,5457.191013284227,6431.943344032587
walk_forward_1,Ridge,128,32.0,4666,5449.941037258201,6419.365221143263
walk_forward_1,Ridge,129,32.25,4666,5438.872564734844,6407.197497203197
walk_forward_1,Ridge,130,32.5,4666,5432.764683476908,6399.298250342863
walk_forward_1,Ridge,131,32.75,4666,5433.090642198519,6408.689749716852
walk_forward_1,Ridge,132,33.0,4666,5463.290688760455,6441.908569452028
walk_forward_1,Ridge,133,33.25,4666,5499.689570888784,6487.219573015884
walk_forward_1,Ridge,134,33.5,4666,5531.4238898519325,6538.893276553563
walk_forward_1,Ridge,135,33.75,4666,5564.5148112784,6590.512601256848
walk_forward_1,Ridge,136,34.0,4666,5585.198095050003,6623.319304532921
walk_forward_1,Ridge,137,34.25,4666,5595.585116392209,6640.269118675659
walk_forward_1,Ridge,138,34.5,4666,5591.255210884848,6639.88007433482
walk_forward_1,Ridge,139,34.75,4666,5579.065137879484,6625.979975680925
walk_forward_1,Ridge,140,35.0,4666,5566.35718180688,6608.1446054531525
walk_forward_1,Ridge,141,35.25,4666,5562.103471344626,6589.918541394813
walk_forward_1,Ridge,142,35.5,4666,5555.1041938059825,6570.1474507436105
walk_forward_1,Ridge,143,35.75,4666,5546.318589390222,6556.426562027462
walk_forward_1,Ridge,144,36.0,4666,5545.634178651648,6556.594673627407
walk_forward_1,Ridge + Weather,1,0.25,4666,2834.961753678037,3883.9496413440647
walk_forward_1,Ridge + Weather,2,0.5,4666,4255.097422710482,5349.759361174481
walk_forward_1,Ridge + Weather,3,0.75,4666,5120.3402062471405,6085.961449342831
walk_forward_1,Ridge + Weather,4,1.0,4666,5538.450359581325,6397.5621138855895
walk_forward_1,Ridge + Weather,5,1.25,4666,5558.6424268377,6413.077075390646
walk_forward_1,Ridge + Weather,6,1.5,4666,5345.286389321402,6229.316637167455
walk_forward_1,Ridge + Weather,7,1.75,4666,5079.819117615802,5987.94687801626
walk_forward_1,Ridge + Weather,8,2.0,4666,4844.160867115036,5766.844919754124
walk_forward_1,Ridge + Weather,9,2.25,4666,4710.445946102361,5620.150915282149
walk_forward_1,Ridge + Weather,10,2.5,4666,4674.406252808757,5600.012584950284
walk_forward_1,Ridge + Weather,11,2.75,4666,4680.028374474338,5610.134767720603
walk_forward_1,Ridge + Weather,12,3.0,4666,4691.294793102616,5611.667283733267
walk_forward_1,Ridge + Weather,13,3.25,4666,4794.123051190833,5684.600329547127
walk_forward_1,Ridge + Weather,14,3.5,4666,4995.308572721374,5867.213992264275
walk_forward_1,Ridge + Weather,15,3.75,4666,5296.275897715929,6134.1024085950185
walk_forward_1,Ridge + Weather,16,4.0,4666,5505.004013053026,6325.4406478218325
walk_forward_1,Ridge + Weather,17,4.25,4666,5632.646327337858,6436.512417604336
walk_forward_1,Ridge + Weather,18,4.5,4666,5643.249179020625,6446.090149177759
walk_forward_1,Ridge + Weather,19,4.75,4666,5584.7923675552065,6394.080434247059
walk_forward_1,Ridge + Weather,20,5.0,4666,5501.083106745782,6323.332141545651
walk_forward_1,Ridge + Weather,21,5.25,4666,5418.791986077889,6247.282837573978
walk_forward_1,Ridge + Weather,22,5.5,4666,5358.438922283944,6187.696586125957
walk_forward_1,Ridge + Weather,23,5.75,4666,5340.068577853563,6168.554330391034
walk_forward_1,Ridge + Weather,24,6.0,4666,5342.892564675164,6182.983229036106
walk_forward_1,Ridge + Weather,25,6.25,4666,5359.185966264167,6199.457261422113
walk_forward_1,Ridge + Weather,26,6.5,4666,5386.557068986053,6220.363304558879
walk_forward_1,Ridge + Weather,27,6.75,4666,5434.89114069473,6266.831442850374
walk_forward_1,Ridge + Weather,28,7.0,4666,5501.8690935643,6341.648786126601
walk_forward_1,Ridge + Weather,29,7.25,4666,5571.960411670459,6415.843906591501
walk_forward_1,Ridge + Weather,30,7.5,4666,5638.597080034688,6477.381583008198
walk_forward_1,Ridge + Weather,31,7.75,4666,5666.495088324671,6510.423935062103
walk_forward_1,Ridge + Weather,32,8.0,4666,5657.54485201016,6507.997369908248
walk_forward_1,Ridge + Weather,33,8.25,4666,5631.704997570803,6479.963023483429
walk_forward_1,Ridge + Weather,34,8.5,4666,5597.59438888092,6442.11026998862
walk_forward_1,Ridge + Weather,35,8.75,4666,5561.5655670880915,6406.64750208197
walk_forward_1,Ridge + Weather,36,9.0,4666,5548.92953740765,6391.9532779932815
walk_forward_1,Ridge + Weather,37,9.25,4666,5546.180742303426,6387.551538050162
walk_forward_1,Ridge + Weather,38,9.5,4666,5546.931717492951,6392.257225001555
walk_forward_1,Ridge + Weather,39,9.75,4666,5565.378078521543,6413.950347871578
walk_forward_1,Ridge + Weather,40,10.0,4666,5612.029497917167,6459.672739046875
walk_forward_1,Ridge + Weather,41,10.25,4666,5659.889072511636,6514.831675238937
walk_forward_1,Ridge + Weather,42,10.5,4666,5701.690911445856,6561.021150445731
walk_forward_1,Ridge + Weather,43,10.75,4666,5741.129087629865,6605.14086437705
walk_forward_1,Ridge + Weather,44,11.0,4666,5758.09207929398,6626.888270981758
walk_forward_1,Ridge + Weather,45,11.25,4666,5748.4770651229965,6617.643087319137
walk_forward_1,Ridge + Weather,46,11.5,4666,5718.470863041156,6587.261206158574
walk_forward_1,Ridge + Weather,47,11.75,4666,5680.824942858984,6547.230262922729
walk_forward_1,Ridge + Weather,48,12.0,4666,5649.719028389096,6515.93268234773
walk_forward_1,Ridge + Weather,49,12.25,4666,5626.441007110391,6495.061258832877
walk_forward_1,Ridge + Weather,50,12.5,4666,5612.6338878128645,6484.466087119253
walk_forward_1,Ridge + Weather,51,12.75,4666,5612.179445559911,6486.284537720775
walk_forward_1,Ridge + Weather,52,13.0,4666,5617.197079551586,6500.549941894125
walk_forward_1,Ridge + Weather,53,13.25,4666,5632.368014985447,6518.811266179058
walk_forward_1,Ridge + Weather,54,13.5,4666,5662.7947524655765,6549.722727642919
walk_forward_1,Ridge + Weather,55,13.75,4666,5692.5463509078045,6579.234821172683
walk_forward_1,Ridge + Weather,56,14.0,4666,5702.109666755681,6592.654647103424
walk_forward_1,Ridge + Weather,57,14.25,4666,5691.880482431426,6586.541535512752
walk_forward_1,Ridge + Weather,58,14.5,4666,5668.7637105728145,6560.108069938927
walk_forward_1,Ridge + Weather,59,14.75,4666,5633.633870546021,6526.245157716486
walk_forward_1,Ridge + Weather,60,15.0,4666,5595.366035857228,6480.503734155611
walk_forward_1,Ridge + Weather,61,15.25,4666,5564.659679005029,6447.311530829496
walk_forward_1,Ridge + Weather,62,15.5,4666,5540.579264929126,6424.150132265426
walk_forward_1,Ridge + Weather,63,15.75,4666,5530.46041361767,6412.125518813878
walk_forward_1,Ridge + Weather,64,16.0,4666,5529.128650468762,6403.995540811613
walk_forward_1,Ridge + Weather,65,16.25,4666,5538.213642789973,6406.536739533131
walk_forward_1,Ridge + Weather,66,16.5,4666,5560.613118465747,6423.392501303514
walk_forward_1,Ridge + Weather,67,16.75,4666,5594.425403044669,6447.025340051534
walk_forward_1,Ridge + Weather,68,17.0,4666,5627.358735188829,6471.890163293298
walk_forward_1,Ridge + Weather,69,17.25,4666,5653.545347799915,6488.290154906107
walk_forward_1,Ridge + Weather,70,17.5,4666,5662.068314865867,6484.803574313786
walk_forward_1,Ridge + Weather,71,17.75,4666,5659.761236269996,6474.884830604227
walk_forward_1,Ridge + Weather,72,18.0,4666,5635.976197421655,6446.2047282830545
walk_forward_1,Ridge + Weather,73,18.25,4666,5610.404551568082,6408.027697588797
walk_forward_1,Ridge + Weather,74,18.5,4666,5581.799064385047,6372.23761718671
walk_forward_1,Ridge + Weather,75,18.75,4666,5550.626612908617,6333.823846565636
walk_forward_1,Ridge + Weather,76,19.0,4666,5529.477197140479,6308.011193576303
walk_forward_1,Ridge + Weather,77,19.25,4666,5532.659531633494,6304.088413218993
walk_forward_1,Ridge + Weather,78,19.5,4666,5546.18488922395,6321.1696364063355
walk_forward_1,Ridge + Weather,79,19.75,4666,5570.040207199908,6342.961169051446
walk_forward_1,Ridge + Weather,80,20.0,4666,5611.772211293617,6383.4729760686605
walk_forward_1,Ridge + Weather,81,20.25,4666,5671.269253667829,6433.99659902659
walk_forward_1,Ridge + Weather,82,20.5,4666,5705.118682524473,6470.902912610356
walk_forward_1,Ridge + Weather,83,20.75,4666,5712.369422292736,6475.182919995676
walk_forward_1,Ridge + Weather,84,21.0,4666,5697.793334298765,6460.687695605489
walk_forward_1,Ridge + Weather,85,21.25,4666,5656.219346918026,6419.434992360966
walk_forward_1,Ridge + Weather,86,21.5,4666,5611.651824891999,6376.853242468562
walk_forward_1,Ridge + Weather,87,21.75,4666,5553.706234266813,6321.689375299045
walk_forward_1,Ridge + Weather,88,22.0,4666,5500.0660623463655,6267.30415408438
walk_forward_1,Ridge + Weather,89,22.25,4666,5460.207487140631,6229.765605570432
walk_forward_1,Ridge + Weather,90,22.5,4666,5431.496769998371,6204.737483313554
walk_forward_1,Ridge + Weather,91,22.75,4666,5415.944419262294,6185.288936972248
walk_forward_1,Ridge + Weather,92,23.0,4666,5417.246641479457,6187.450129344342
walk_forward_1,Ridge + Weather,93,23.25,4666,5446.103374317333,6210.552955188865
walk_forward_1,Ridge + Weather,94,23.5,4666,5478.559693756782,6243.201369713683
walk_forward_1,Ridge + Weather,95,23.75,4666,5500.247917994675,6264.253859192448
walk_forward_1,Ridge + Weather,96,24.0,4666,5518.685363832897,6285.490390337235
walk_forward_1,Ridge + Weather,97,24.25,4666,5542.179358196168,6303.25973995287
walk_forward_1,Ridge + Weather,98,24.5,4666,5547.127216997406,6314.71791604542
walk_forward_1,Ridge + Weather,99,24.75,4666,5528.973987417726,6293.610497819808
walk_forward_1,Ridge + Weather,100,25.0,4666,5486.333287442904,6251.561228845479
walk_forward_1,Ridge + Weather,101,25.25,4666,5445.296475358636,6208.437961504532
walk_forward_1,Ridge + Weather,102,25.5,4666,5410.457915279589,6175.660173264295
walk_forward_1,Ridge + Weather,103,25.75,4666,5403.124699154219,6165.83205616684
walk_forward_1,Ridge + Weather,104,26.0,4666,5411.325826898404,6174.094464452551
walk_forward_1,Ridge + Weather,105,26.25,4666,5429.66295732184,6197.791045642355
walk_forward_1,Ridge + Weather,106,26.5,4666,5457.604741325983,6234.117626006827
walk_forward_1,Ridge + Weather,107,26.75,4666,5493.878355978567,6269.899060729976
walk_forward_1,Ridge + Weather,108,27.0,4666,5523.948384235653,6306.701955494457
walk_forward_1,Ridge + Weather,109,27.25,4666,5550.139602580797,6337.726062010321
walk_forward_1,Ridge + Weather,110,27.5,4666,5559.080407367384,6357.855229251918
walk_forward_1,Ridge + Weather,111,27.75,4666,5562.594213680987,6363.4513631273085
walk_forward_1,Ridge + Weather,112,28.0,4666,5540.647677637985,6347.884929043775
walk_forward_1,Ridge + Weather,113,28.25,4666,5510.894704656953,6327.347533438713
walk_forward_1,Ridge + Weather,114,28.5,4666,5489.961700765677,6309.799067451028
walk_forward_1,Ridge + Weather,115,28.75,4666,5490.283761251841,6304.093008202483
walk_forward_1,Ridge + Weather,116,29.0,4666,5499.816682619899,6312.233559103587
walk_forward_1,Ridge + Weather,117,29.25,4666,5508.5499246333775,6319.4440457027695
walk_forward_1,Ridge + Weather,118,29.5,4666,5522.385353908581,6333.357124413268
walk_forward_1,Ridge + Weather,119,29.75,4666,5550.6327900548495,6361.758002308567
walk_forward_1,Ridge + Weather,120,30.0,4666,5588.300272708246,6401.2207201624715
walk_forward_1,Ridge + Weather,121,30.25,4666,5604.935516533637,6424.94102850817
walk_forward_1,Ridge + Weather,122,30.5,4666,5604.462704724319,6437.426722419359
walk_forward_1,Ridge + Weather,123,30.75,4666,5609.490328333729,6448.869700178056
walk_forward_1,Ridge + Weather,124,31.0,4666,5603.972419627431,6452.75331236447
walk_forward_1,Ridge + Weather,125,31.25,4666,5591.879487535273,6447.1763495891555
walk_forward_1,Ridge + Weather,126,31.5,4666,5578.219302911903,6438.558095556539
walk_forward_1,Ridge + Weather,127,31.75,4666,5573.422317049443,6432.989349039732
walk_forward_1,Ridge + Weather,128,32.0,4666,5583.0326481522825,6436.51843992537
walk_forward_1,Ridge + Weather,129,32.25,4666,5594.692433477564,6441.228818141933
walk_forward_1,Ridge + Weather,130,32.5,4666,5602.474834345714,6446.096632200706
walk_forward_1,Ridge + Weather,131,32.75,4666,5608.603563139053,6452.601930436254
walk_forward_1,Ridge + Weather,132,33.0,4666,5620.750130803965,6464.960418818592
walk_forward_1,Ridge + Weather,133,33.25,4666,5633.500474949919,6480.244525056834
walk_forward_1,Ridge + Weather,134,33.5,4666,5642.858114231432,6499.4739592606065
walk_forward_1,Ridge + Weather,135,33.75,4666,5651.086676316776,6521.093146590735
walk_forward_1,Ridge + Weather,136,34.0,4666,5653.887980822462,6534.078604854275
walk_forward_1,Ridge + Weather,137,34.25,4666,5654.633751840042,6539.932730088843
walk_forward_1,Ridge + Weather,138,34.5,4666,5654.634571012927,6540.081318459686
walk_forward_1,Ridge + Weather,139,34.75,4666,5654.267233594771,6536.971238584942
walk_forward_1,Ridge + Weather,140,35.0,4666,5658.153949288504,6533.995444871778
walk_forward_1,Ridge + Weather,141,35.25,4666,5661.739941071216,6532.396129886718
walk_forward_1,Ridge + Weather,142,35.5,4666,5663.885788388056,6528.424048408223
walk_forward_1,Ridge + Weather,143,35.75,4666,5664.044685624839,6527.008261766682
walk_forward_1,Ridge + Weather,144,36.0,4666,5662.984516328523,6529.528847400385
walk_forward_2,Persistence,1,0.25,5020,1953.1137410358563,3039.21030400593
walk_forward_2,Persistence,2,0.5,5020,2500.692332669323,3852.45531589067
walk_forward_2,Persistence,3,0.75,5020,2926.2363645418322,4457.694244231665
walk_forward_2,Persistence,4,1.0,5020,3254.895613545817,4817.40094105491
walk_forward_2,Persistence,5,1.25,5020,3427.725557768924,4972.57400994213
walk_forward_2,Persistence,6,1.5,5020,3567.3975239043825,5088.457084148206
walk_forward_2,Persistence,7,1.75,5020,3654.228358565737,5181.869450764488
walk_forward_2,Persistence,8,2.0,5020,3765.3296992031874,5283.507804841267
walk_forward_2,Persistence,9,2.25,5020,3886.373695219124,5390.240161496985
walk_forward_2,Persistence,10,2.5,5020,3940.22125498008,5433.447322109964
walk_forward_2,Persistence,11,2.75,5020,3989.638814741036,5449.732625026515
walk_forward_2,Persistence,12,3.0,5020,4009.581667330677,5435.289329163145
walk_forward_2,Persistence,13,3.25,5020,3969.2010498007967,5362.914050129444
walk_forward_2,Persistence,14,3.5,5020,3955.1072310756967,5322.526268961376
walk_forward_2,Persistence,15,3.75,5020,4021.3530318725097,5390.862039297293
walk_forward_2,Persistence,16,4.0,5020,4132.961171314741,5482.871640125589
walk_forward_2,Persistence,17,4.25,5020,4265.419105577689,5622.873710868165
walk_forward_2,Persistence,18,4.5,5020,4407.34744621514,5743.6220439781855
walk_forward_2,Persistence,19,4.75,5020,4562.104747011953,5850.722076281401
walk_forward_2,Persistence,20,5.0,5020,4649.659073705178,5950.886500511471
walk_forward_2,Persistence,21,5.25,5020,4744.394609561752,6036.6009711043225
walk_forward_2,Persistence,22,5.5,5020,4826.321171314741,6098.630915757665
walk_forward_2,Persistence,23,5.75,5020,4840.774687250996,6144.659323083732
walk_forward_2,Persistence,24,6.0,5020,4888.859133466136,6183.784280516035
walk_forward_2,Persistence,25,6.25,5020,4910.438944223108,6202.6999553051955
walk_forward_2,Persistence,26,6.5,5020,4924.442549800797,6209.686573772409
walk_forward_2,Persistence,27,6.75,5020,4938.534442231075,6230.335819775081
walk_forward_2,Persistence,28,7.0,5020,4986.266332669323,6268.681707128531
walk_forward_2,Persistence,29,7.25,5020,5034.470549800797,6313.870176522075
walk_forward_2,Persistence,30,7.5,5020,5108.254121513944,6374.349172860019
walk_forward_2,Persistence,31,7.75,5020,5156.691992031872,6427.595098767119
walk_forward_2,Persistence,32,8.0,5020,5224.823282868526,6498.766887197707
walk_forward_2,Persistence,33,8.25,5020,5284.851555776893,6536.559352255999
walk_forward_2,Persistence,34,8.5,5020,5316.369741035857,6573.3356794877545
walk_forward_2,Persistence,35,8.75,5020,5373.554860557769,6626.359366048624
walk_forward_2,Persistence,36,9.0,5020,5404.553298804781,6659.409495197472
walk_forward_2,Persistence,37,9.25,5020,5440.462591633466,6702.384774563084
walk_forward_2,Persistence,38,9.5,5020,5459.026749003984,6741.559613795642
walk_forward_2,Persistence,39,9.75,5020,5494.70847808765,6758.2563363057225
walk_forward_2,Persistence,40,10.0,5020,5476.065719123506,6754.088760883429
walk_forward_2,Persistence,41,10.25,5020,5481.925551792829,6754.178229122815
walk_forward_2,Persistence,42,10.5,5020,5487.660884462151,6750.290563478374
walk_forward_2,Persistence,43,10.75,5020,5499.993830677291,6770.1041225232475
walk_forward_2,Persistence,44,11.0,5020,5503.331505976095,6787.342855953783
walk_forward_2,Persistence,45,11.25,5020,5505.134928286851,6786.425566856166
walk_forward_2,Persistence,46,11.5,5020,5504.6741095617535,6789.272746838125
walk_forward_2,Persistence,47,11.75,5020,5535.392027888446,6823.030534266639
walk_forward_2,Persistence,48,12.0,5020,5561.609828685258,6848.234508739524
walk_forward_2,Persistence,49,12.25,5020,5588.654231075698,6865.879220487392
walk_forward_2,Persistence,50,12.5,5020,5629.597760956175,6897.4670337396365
walk_forward_2,Persistence,51,12.75,5020,5633.223167330678,6920.091699551107
walk_forward_2,Persistence,52,13.0,5020,5620.725637450199,6912.3527994029655
walk_forward_2,Persistence,53,13.25,5020,5604.594964143427,6894.184530456306
walk_forward_2,Persistence,54,13.5,5020,5563.092705179283,6866.687072353598
walk_forward_2,Persistence,55,13.75,5020,5534.131611553785,6834.147994294489
walk_forward_2,Persistence,56,14.0,5020,5514.756842629482,6814.370808257252
walk_forward_2,Persistence,57,14.25,5020,5492.450593625497,6803.511513168819
walk_forward_2,Persistence,58,14.5,5020,5478.184980079682,6788.022558568798
walk_forward_2,Persistence,59,14.75,5020,5464.314047808765,6778.227506241216
walk_forward_2,Persistence,60,15.0,5020,5466.7797211155375,6789.947551610143
walk_forward_2,Persistence,61,15.25,5020,5420.2089003984065,6760.431975032306
walk_forward_2,Persistence,62,15.5,5020,5402.811868525897,6733.431741862675
walk_forward_2,Persistence,63,15.75,5020,5374.827659362551,6689.804984749063
walk_forward_2,Persistence,64,16.0,5020,5305.115515936255,6625.9104183646405
walk_forward_2,Persistence,65,16.25,5020,5281.282691235059,6576.770775820976
walk_forward_2,Persistence,66,16.5,5020,5215.975115537849,6511.505126274227
walk_forward_2,Persistence,67,16.75,5020,5124.50088247012,6436.877291346267
walk_forward_2,Persistence,68,17.0,5020,5083.476920318725,6392.329237071523
walk_forward_2,Persistence,69,17.25,5020,5032.225589641434,6346.665167051762
walk_forward_2,Persistence,70,17.5,5020,4980.838804780877,6314.161049099408
walk_forward_2,Persistence,71,17.75,5020,4928.692163346614,6270.434121381309
walk_forward_2,Persistence,72,18.0,5020,4879.710844621513,6226.760975974869
walk_forward_2,Persistence,73,18.25,5020,4824.520398406375,6186.193186242143
walk_forward_2,Persistence,74,18.5,5020,4776.199529880479,6163.153657256763
walk_forward_2,Persistence,75,18.75,5020,4779.541830677291,6183.993113629493
walk_forward_2,Persistence,76,19.0,5020,4732.460962151395,6146.487007333692
walk_forward_2,Persistence,77,19.25,5020,4686.741159362549,6098.6886444170495
walk_forward_2,Persistence,78,19.5,5020,4631.141758964143,6057.809927962226
walk_forward_2,Persistence,79,19.75,5020,4549.734802788844,5985.6557974643165
walk_forward_2,Persistence,80,20.0,5020,4461.752262948207,5885.0334300915865
walk_forward_2,Persistence,81,20.25,5020,4373.679189243027,5803.312792684462
walk_forward_2,Persistence,82,20.5,5020,4304.388059760956,5736.474573039279
walk_forward_2,Persistence,83,20.75,5020,4230.01088247012,5678.89329649086
walk_forward_2,Persistence,84,21.0,5020,4196.199804780877,5653.754393685837
walk_forward_2,Persistence,85,21.25,5020,4134.995099601594,5601.945698985287
walk_forward_2,Persistence,86,21.5,5020,4065.2112928286847,5531.109143313456
walk_forward_2,Persistence,87,21.75,5020,4040.7655378486056,5515.792452051376
walk_forward_2,Persistence,88,22.0,5020,4022.5500398406375,5502.967559351469
walk_forward_2,Persistence,89,22.25,5020,3999.2494920318723,5482.562813566133
walk_forward_2,Persistence,90,22.5,5020,3989.570101593626,5501.42869988498
walk_forward_2,Persistence,91,22.75,5020,3985.0649462151396,5494.085309892546
walk_forward_2,Persistence,92,23.0,5020,3988.4836513944224,5494.153646112709
walk_forward_2,Persistence,93,23.25,5020,3958.332324701195,5464.421134868515
walk_forward_2,Persistence,94,23.5,5020,3945.4635418326693,5466.505891498577
walk_forward_2,Persistence,95,23.75,5020,3925.4341952191244,5442.674980463945
walk_forward_2,Persistence,96,24.0,5020,3920.303709163347,5442.547912625452
walk_forward_2,Persistence,97,24.25,5020,3916.53595816733,5436.455727894467
walk_forward_2,Persistence,98,24.5,5020,3881.9135358565736,5379.692051368923
walk_forward_2,Persistence,99,24.75,5020,3864.7722250996017,5346.9241887294065
walk_forward_2,Persistence,100,25.0,5020,3880.8303227091633,5349.907687321023
walk_forward_2,Persistence,101,25.25,5020,3931.766842629482,5398.095846320528
walk_forward_2,Persistence,102,25.5,5020,3983.031049800796,5477.190523843276
walk_forward_2,Persistence,103,25.75,5020,4054.1821992031873,5535.265673934289
walk_forward_2,Persistence,104,26.0,5020,4114.5590278884465,5605.719694535593
walk_forward_2,Persistence,105,26.25,5020,4210.74193625498,5691.4145983586295
walk_forward_2,Persistence,106,26.5,5020,4262.006402390439,5733.72990743151
walk_forward_2,Persistence,107,26.75,5020,4316.8972828685255,5813.637569273869
walk_forward_2,Persistence,108,27.0,5020,4381.227452191236,5878.631825470851
walk_forward_2,Persistence,109,27.25,5020,4407.155362549801,5891.229871575688
walk_forward_2,Persistence,110,27.5,5020,4452.160802788845,5933.254374492185
walk_forward_2,Persistence,111,27.75,5020,4500.891645418327,5971.873428090524
walk_forward_2,Persistence,112,28.0,5020,4556.3197450199195,6017.921127435108
walk_forward_2,Persistence,113,28.25,5020,4598.629454183267,6033.905687544351
walk_forward_2,Persistence,114,28.5,5020,4650.2136812749,6081.056611899132
walk_forward_2,Persistence,115,28.75,5020,4718.759910358565,6144.652070973078
walk_forward_2,Persistence,116,29.0,5020,4774.97959561753,6207.178023329225
walk_forward_2,Persistence,117,29.25,5020,4849.271073705179,6277.228008016928
walk_forward_2,Persistence,118,29.5,5020,4942.26202191235,6358.054472329349
walk_forward_2,Persistence,119,29.75,5020,4970.140529880478,6398.860979250646
walk_forward_2,Persistence,120,30.0,5020,5014.358633466136,6440.897413854372
walk_forward_2,Persistence,121,30.25,5020,5079.950015936254,6489.603996571373
walk_forward_2,Persistence,122,30.5,5020,5132.911109561753,6548.12122386224
walk_forward_2,Persistence,123,30.75,5020,5184.482424302789,6589.998246810746
walk_forward_2,Persistence,124,31.0,5020,5212.976750996016,6619.603781369267
walk_forward_2,Persistence,125,31.25,5020,5245.433362549801,6633.998663046815
walk_forward_2,Persistence,126,31.5,5020,5263.511312749004,6643.941592432999
walk_forward_2,Persistence,127,31.75,5020,5280.527093625497,6653.602276955923
walk_forward_2,Persistence,128,32.0,5020,5272.642121513944,6635.813812771403
walk_forward_2,Persistence,129,32.25,5020,5306.648121513945,6662.587653261849
walk_forward_2,Persistence,130,32.5,5020,5351.680788844621,6718.995962397011
walk_forward_2,Persistence,131,32.75,5020,5410.678424302789,6788.956752530623
walk_forward_2,Persistence,132,33.0,5020,5467.361185258964,6843.708138332217
walk_forward_2,Persistence,133,33.25,5020,5521.304039840637,6892.191065162201
walk_forward_2,Persistence,134,33.5,5020,5540.979288844622,6919.779451628788
walk_forward_2,Persistence,135,33.75,5020,5576.534745019921,6941.696677308456
walk_forward_2,Persistence,136,34.0,5020,5619.782366533864,6989.735147746312
walk_forward_2,Persistence,137,34.25,5020,5681.357824701196,7049.961052410883
walk_forward_2,Persistence,138,34.5,5020,5736.536878486056,7091.348281806625
walk_forward_2,Persistence,139,34.75,5020,5771.187354581673,7130.331043275978
walk_forward_2,Persistence,140,35.0,5020,5773.305621513944,7153.742037695243
walk_forward_2,Persistence,141,35.25,5020,5775.7429103585655,7163.975675296456
walk_forward_2,Persistence,142,35.5,5020,5774.795029880478,7165.906328772336
walk_forward_2,Persistence,143,35.75,5020,5782.525643426295,7159.617506402578
walk_forward_2,Persistence,144,36.0,5020,5773.280838645419,7147.092613424961
walk_forward_2,Copy-Yesterday,1,0.25,4882,3965.4890721015972,5511.059015170425
walk_forward_2,Copy-Yesterday,2,0.5,4883,3954.7608887978704,5495.188272413432
walk_forward_2,Copy-Yesterday,3,0.75,4884,3947.431582719083,5486.759537925435
walk_forward_2,Copy-Yesterday,4,1.0,4885,3941.0701576253837,5479.62642559384
walk_forward_2,Copy-Yesterday,5,1.25,4886,3931.805073679902,5467.5741477527445
walk_forward_2,Copy-Yesterday,6,1.5,4887,3923.3722754245955,5451.580967324544
walk_forward_2,Copy-Yesterday,7,1.75,4888,3920.312244271686,5447.156236000574
walk_forward_2,Copy-Yesterday,8,2.0,4889,3917.151100429535,5440.214564644421
walk_forward_2,Copy-Yesterday,9,2.25,4890,3911.3587423312883,5429.649311397177
walk_forward_2,Copy-Yesterday,10,2.5,4891,3908.1698098548354,5426.197737284402
walk_forward_2,Copy-Yesterday,11,2.75,4892,3902.948945216681,5420.764084578884
walk_forward_2,Copy-Yesterday,12,3.0,4893,3900.0460576333535,5418.731429585349
walk_forward_2,Copy-Yesterday,13,3.25,4894,3898.209799754801,5417.826920468268
walk_forward_2,Copy-Yesterday,14,3.5,4895,3894.3444882533195,5414.044058005956
walk_forward_2,Copy-Yesterday,15,3.75,4896,3890.9725898692805,5411.968683806442
walk_forward_2,Copy-Yesterday,16,4.0,4897,3886.5735572799676,5408.098936429441
walk_forward_2,Copy-Yesterday,17,4.25,4898,3881.029844834626,5404.514946194843
walk_forward_2,Copy-Yesterday,18,4.5,4899,3877.591635027556,5401.897738978246
walk_forward_2,Copy-Yesterday,19,4.75,4900,3875.5371897959185,5400.493055706746
walk_forward_2,Copy-Yesterday,20,5.0,4901,3871.8052397469905,5397.075735252014
walk_forward_2,Copy-Yesterday,21,5.25,4902,3868.0646899224803,5394.745057887811
walk_forward_2,Copy-Yesterday,22,5.5,4903,3868.4115153987345,5395.767548056188
walk_forward_2,Copy-Yesterday,23,5.75,4904,3870.1058258564435,5398.865455124036
walk_forward_2,Copy-Yesterday,24,6.0,4905,3873.905971457696,5405.598780954425
walk_forward_2,Copy-Yesterday,25,6.25,4906,3877.898438646555,5412.801326544685
walk_forward_2,Copy-Yesterday,26,6.5,4907,3878.973955573671,5416.119426218572
walk_forward_2,Copy-Yesterday,27,6.75,4908,3876.9623777506117,5415.079347887702
walk_forward_2,Copy-Yesterday,28,7.0,4909,3874.658512935425,5414.4247216713875
walk_forward_2,Copy-Yesterday,29,7.25,4910,3871.822232179226,5412.8190114748695
walk_forward_2,Copy-Yesterday,30,7.5,4911,3867.0188902463856,5410.005188737348
walk_forward_2,Copy-Yesterday,31,7.75,4912,3861.857428745928,5405.623198536303
walk_forward_2,Copy-Yesterday,32,8.0,4913,3859.5400915937307,5404.534373284641
walk_forward_2,Copy-Yesterday,33,8.25,4914,3855.805136345137,5402.0648762188675
walk_forward_2,Copy-Yesterday,34,8.5,4915,3852.2873184130217,5398.547080325536
walk_forward_2,Copy-Yesterday,35,8.75,4916,3849.6839401952807,5395.798298974963
walk_forward_2,Copy-Yesterday,36,9.0,4917,3847.292222900143,5394.043437384871
walk_forward_2,Copy-Yesterday,37,9.25,4918,3844.396840178935,5389.416830461803
walk_forward_2,Copy-Yesterday,38,9.5,4919,3842.3429945110797,5387.032762431316
walk_forward_2,Copy-Yesterday,39,9.75,4920,3840.5461951219513,5385.865699180919
walk_forward_2,Copy-Yesterday,40,10.0,4921,3838.079109937005,5382.9679955647
walk_forward_2,Copy-Yesterday,41,10.25,4922,3838.3001564404717,5383.967548164679
walk_forward_2,Copy-Yesterday,42,10.5,4923,3840.226778387162,5385.762353806209
walk_forward_2,Copy-Yesterday,43,10.75,4924,3841.6846831844027,5386.451489668295
walk_forward_2,Copy-Yesterday,44,11.0,4925,3844.9402741116755,5389.389395403612
walk_forward_2,Copy-Yesterday,45,11.25,4926,3846.2561814859932,5390.67370587992
walk_forward_2,Copy-Yesterday,46,11.5,4927,3849.797783641161,5394.8288865013
walk_forward_2,Copy-Yesterday,47,11.75,4928,3852.1289123376628,5398.654139509
walk_forward_2,Copy-Yesterday,48,12.0,4928,3857.9989508928566,5404.86736133241
walk_forward_2,Copy-Yesterday,49,12.25,4930,3862.6665983772814,5411.274414567657
walk_forward_2,Copy-Yesterday,50,12.5,4932,3868.233410381184,5421.11564617345
walk_forward_2,Copy-Yesterday,51,12.75,4934,3878.914900689096,5438.051960162473
walk_forward_2,Copy-Yesterday,52,13.0,4936,3883.16363452188,5442.3276294619545
walk_forward_2,Copy-Yesterday,53,13.25,4938,3882.9714115026322,5441.045950057801
walk_forward_2,Copy-Yesterday,54,13.5,4940,3885.10555465587,5442.7513593817885
walk_forward_2,Copy-Yesterday,55,13.75,4942,3891.061157426144,5450.185188105367
walk_forward_2,Copy-Yesterday,56,14.0,4944,3898.9603377831713,5463.188762439064
walk_forward_2,Copy-Yesterday,57,14.25,4946,3902.418067124949,5468.443513845419
walk_forward_2,Copy-Yesterday,58,14.5,4948,3911.7235590137434,5482.4429757996095
walk_forward_2,Copy-Yesterday,59,14.75,4950,3915.6362525252525,5486.671309402298
walk_forward_2,Copy-Yesterday,60,15.0,4952,3918.7583279483033,5489.0130894518725
walk_forward_2,Copy-Yesterday,61,15.25,4953,3919.46646073087,5487.852580372416
walk_forward_2,Copy-Yesterday,62,15.5,4955,3924.972215943491,5492.757489824471
walk_forward_2,Copy-Yesterday,63,15.75,4957,3925.464280815009,5492.633634896021
walk_forward_2,Copy-Yesterday,64,16.0,4959,3928.221064730793,5494.777667622789
walk_forward_2,Copy-Yesterday,65,16.25,4961,3929.4509373110263,5495.671123713601
walk_forward_2,Copy-Yesterday,66,16.5,4963,3927.4966149506354,5492.6711423816705
walk_forward_2,Copy-Yesterday,67,16.75,4965,3926.3493575025173,5488.866810369906
walk_forward_2,Copy-Yesterday,68,17.0,4967,3924.0647775317093,5483.658977979827
walk_forward_2,Copy-Yesterday,69,17.25,4969,3926.057464278527,5485.005876926042
walk_forward_2,Copy-Yesterday,70,17.5,4971,3929.349406558036,5487.337748000737
walk_forward_2,Copy-Yesterday,71,17.75,4973,3935.229774783833,5491.578027683485
walk_forward_2,Copy-Yesterday,72,18.0,4975,3936.8963577889454,5492.596149183339
walk_forward_2,Copy-Yesterday,73,18.25,4977,3936.2670644966847,5489.831577128198
walk_forward_2,Copy-Yesterday,74,18.5,4979,3934.6514581241213,5486.82899634439
walk_forward_2,Copy-Yesterday,75,18.75,4980,3930.894610441767,5480.8365054444685
walk_forward_2,Copy-Yesterday,76,19.0,4981,3930.113286488657,5478.584951962104
walk_forward_2,Copy-Yesterday,77,19.25,4982,3928.52674227218,5475.8355642701645
walk_forward_2,Copy-Yesterday,78,19.5,4983,3926.146391731889,5470.556874631509
walk_forward_2,Copy-Yesterday,79,19.75,4985,3928.4758976930793,5471.051964484696
walk_forward_2,Copy-Yesterday,80,20.0,4987,3932.1199458592337,5470.692706456643
walk_forward_2,Copy-Yesterday,81,20.25,4989,3934.5146001202647,5471.135268106661
walk_forward_2,Copy-Yesterday,82,20.5,4990,3934.937348697394,5468.378870671075
walk_forward_2,Copy-Yesterday,83,20.75,4991,3938.3523662592665,5471.5562165886995
walk_forward_2,Copy-Yesterday,84,21.0,4992,3937.767818509616,5468.813605162157
walk_forward_2,Copy-Yesterday,85,21.25,4993,3933.803070298418,5457.882086657426
walk_forward_2,Copy-Yesterday,86,21.5,4995,3936.593645645646,5460.163049075825
walk_forward_2,Copy-Yesterday,87,21.75,4997,3937.3784930958573,5459.626136701424
walk_forward_2,Copy-Yesterday,88,22.0,4999,3936.6051310262046,5458.572979393414
walk_forward_2,Copy-Yesterday,89,22.25,5001,3933.1820755848835,5456.062863787454
walk_forward_2,Copy-Yesterday,90,22.5,5003,3932.5170197881266,5455.219829649832
walk_forward_2,Copy-Yesterday,91,22.75,5005,3931.2862437562435,5454.075448854416
walk_forward_2,Copy-Yesterday,92,23.0,5006,3929.581210547343,5453.5556644979415
walk_forward_2,Copy-Yesterday,93,23.25,5008,3927.5391912939294,5450.92970176506
walk_forward_2,Copy-Yesterday,94,23.5,5011,3926.5307842745956,5449.751385377391
walk_forward_2,Copy-Yesterday,95,23.75,5013,3923.0249531218824,5445.701510594412
walk_forward_2,Copy-Yesterday,96,24.0,5020,3920.303709163347,5442.547912625452
walk_forward_2,Copy-Yesterday,97,24.25,4882,4242.164627201966,5741.25886255685
walk_forward_2,Copy-Yesterday,98,24.5,4883,4234.717935695269,5729.682913378702
walk_forward_2,Copy-Yesterday,99,24.75,4884,4228.85516994267,5719.393773980701
walk_forward_2,Copy-Yesterday,100,25.0,4885,4223.470980552713,5711.268689992714
walk_forward_2,Copy-Yesterday,101,25.25,4886,4217.009746213671,5703.177458139849
walk_forward_2,Copy-Yesterday,102,25.5,4887,4208.358651524452,5691.631919409446
walk_forward_2,Copy-Yesterday,103,25.75,4888,4200.032704582652,5677.242518420182
walk_forward_2,Copy-Yesterday,104,26.0,4889,4193.014911024749,5665.222825231812
walk_forward_2,Copy-Yesterday,105,26.25,4890,4186.386869120654,5654.7453484667185
walk_forward_2,Copy-Yesterday,106,26.5,4891,4183.089216929054,5652.199620986595
walk_forward_2,Copy-Yesterday,107,26.75,4892,4181.182608340147,5648.597732070475
walk_forward_2,Copy-Yesterday,108,27.0,4893,4180.366278356836,5647.695107656341
walk_forward_2,Copy-Yesterday,109,27.25,4894,4184.2402125051085,5652.444913816123
walk_forward_2,Copy-Yesterday,110,27.5,4895,4189.019152196119,5657.991258532419
walk_forward_2,Copy-Yesterday,111,27.75,4896,4192.996352124183,5662.4126502629815
walk_forward_2,Copy-Yesterday,112,28.0,4897,4193.554700837248,5664.194377018469
walk_forward_2,Copy-Yesterday,113,28.25,4898,4192.036843609637,5662.29746781997
walk_forward_2,Copy-Yesterday,114,28.5,4899,4189.295866503368,5659.978604310544
walk_forward_2,Copy-Yesterday,115,28.75,4900,4187.177240816327,5658.41802748607
walk_forward_2,Copy-Yesterday,116,29.0,4901,4186.580014282799,5658.623170847838
walk_forward_2,Copy-Yesterday,117,29.25,4902,4189.350846593227,5662.022718439846
walk_forward_2,Copy-Yesterday,118,29.5,4903,4188.657986946767,5662.865022268646
walk_forward_2,Copy-Yesterday,119,29.75,4904,4186.871121533442,5663.181094293087
walk_forward_2,Copy-Yesterday,120,30.0,4905,4182.369319062182,5659.884943444896
walk_forward_2,Copy-Yesterday,121,30.25,4906,4178.5524622910725,5657.393118330353
walk_forward_2,Copy-Yesterday,122,30.5,4907,4177.551045445283,5656.677928070927
walk_forward_2,Copy-Yesterday,123,30.75,4908,4177.187153626731,5656.489558655458
walk_forward_2,Copy-Yesterday,124,31.0,4909,4180.971071501324,5660.76532964322
walk_forward_2,Copy-Yesterday,125,31.25,4910,4181.35048879837,5663.739829702038
walk_forward_2,Copy-Yesterday,126,31.5,4911,4182.50813479943,5666.812044982046
walk_forward_2,Copy-Yesterday,127,31.75,4912,4181.682703583061,5666.247524947779
walk_forward_2,Copy-Yesterday,128,32.0,4913,4180.945269692652,5666.335507372716
walk_forward_2,Copy-Yesterday,129,32.25,4914,4180.679114774115,5666.936087834239
walk_forward_2,Copy-Yesterday,130,32.5,4915,4174.476494404883,5660.883575664328
walk_forward_2,Copy-Yesterday,131,32.75,4916,4171.579519934907,5657.8519715057155
walk_forward_2,Copy-Yesterday,132,33.0,4917,4170.381883262152,5656.887518400282
walk_forward_2,Copy-Yesterday,133,33.25,4918,4168.251445709638,5652.157221409641
walk_forward_2,Copy-Yesterday,134,33.5,4919,4166.230676966864,5647.454763076518
walk_forward_2,Copy-Yesterday,135,33.75,4920,4163.28331097561,5643.09744076998
walk_forward_2,Copy-Yesterday,136,34.0,4921,4163.334358870148,5642.794897583886
walk_forward_2,Copy-Yesterday,137,34.25,4922,4165.208673303535,5643.950195640428
walk_forward_2,Copy-Yesterday,138,34.5,4923,4166.845833841154,5644.797946687517
walk_forward_2,Copy-Yesterday,139,34.75,4924,4167.694027213647,5645.307968400031
walk_forward_2,Copy-Yesterday,140,35.0,4925,4167.529892385786,5645.051240700388
walk_forward_2,Copy-Yesterday,141,35.25,4926,4167.579252943565,5644.712131101211
walk_forward_2,Copy-Yesterday,142,35.5,4927,4166.131804343414,5643.092675400279
walk_forward_2,Copy-Yesterday,143,35.75,4928,4164.147288961039,5640.844125830999
walk_forward_2,Copy-Yesterday,144,36.0,4928,4163.377408685064,5639.8515075072455
walk_forward_2,Ridge,1,0.25,5020,2165.569499850504,3167.3308134427402
walk_forward_2,Ridge,2,0.5,5020,2753.5072828109296,3726.2664350728996
walk_forward_2,Ridge,3,0.75,5020,3143.7294947524656,4058.4698069556766
walk_forward_2,Ridge,4,1.0,5020,3307.4744304683495,4209.467662401923
walk_forward_2,Ridge,5,1.25,5020,3374.8219031259728,4249.229689880394
walk_forward_2,Ridge,6,1.5,5020,3358.2549017511396,4260.6496675507215
walk_forward_2,Ridge,7,1.75,5020,3325.3265977100214,4242.119370932072
walk_forward_2,Ridge,8,2.0,5020,3273.0559885894695,4216.063314266197
walk_forward_2,Ridge,9,2.25,5020,3213.415856890874,4166.288394557617
walk_forward_2,Ridge,10,2.5,5020,3181.3327830893386,4138.240798883489
walk_forward_2,Ridge,11,2.75,5020,3192.6888817060967,4157.178101120952
walk_forward_2,Ridge,12,3.0,5020,3213.4839388366054,4164.630751040235
walk_forward_2,Ridge,13,3.25,5020,3241.0931083877394,4164.8220286935
walk_forward_2,Ridge,14,3.5,5020,3279.4287461682407,4174.940296332609
walk_forward_2,Ridge,15,3.75,5020,3340.140073288306,4212.868287052744
walk_forward_2,Ridge,16,4.0,5020,3402.1326785396623,4242.4478271447815
walk_forward_2,Ridge,17,4.25,5020,3445.389001140532,4282.800154449001
walk_forward_2,Ridge,18,4.5,5020,3474.376423966083,4312.913632052125
walk_forward_2,Ridge,19,4.75,5020,3485.840028550933,4330.166165942744
walk_forward_2,Ridge,20,5.0,5020,3480.0470034782475,4337.342881404619
walk_forward_2,Ridge,21,5.25,5020,3477.4611164547296,4338.9450541292745
walk_forward_2,Ridge,22,5.5,5020,3470.1490174146184,4339.349566620186
walk_forward_2,Ridge,23,5.75,5020,3470.878786919351,4336.402388763218
walk_forward_2,Ridge,24,6.0,5020,3477.8084505320903,4341.767364366638
walk_forward_2,Ridge,25,6.25,5020,3477.8095313364965,4347.037334986518
walk_forward_2,Ridge,26,6.5,5020,3483.0642689273127,4354.435621811349
walk_forward_2,Ridge,27,6.75,5020,3493.2431296865734,4364.310374454278
walk_forward_2,Ridge,28,7.0,5020,3507.8261395558106,4374.46642190046
walk_forward_2,Ridge,29,7.25,5020,3507.857532410833,4372.547643386788
walk_forward_2,Ridge,30,7.5,5020,3509.494260108196,4365.907381832277
walk_forward_2,Ridge,31,7.75,5020,3508.3099712201292,4363.1585025992335
walk_forward_2,Ridge,32,8.0,5020,3510.421439034956,4359.716885736821
walk_forward_2,Ridge,33,8.25,5020,3510.0290238094826,4364.973115791345
walk_forward_2,Ridge,34,8.5,5020,3513.7140734147265,4378.111682419142
walk_forward_2,Ridge,35,8.75,5020,3521.818789535923,4392.610058186401
walk_forward_2,Ridge,36,9.0,5020,3518.1030124495005,4393.620592692025
walk_forward_2,Ridge,37,9.25,5020,3525.7263733247355,4396.887597485315
walk_forward_2,Ridge,38,9.5,5020,3522.434637241649,4397.16800965277
walk_forward_2,Ridge,39,9.75,5020,3525.8513731057233,4402.983264050746
walk_forward_2,Ridge,40,10.0,5020,3530.841520894123,4410.236972058788
walk_forward_2,Ridge,41,10.25,5020,3542.8066217520313,4416.381532715349
walk_forward_2,Ridge,42,10.5,5020,3545.534959077917,4415.470553496866
walk_forward_2,Ridge,43,10.75,5020,3551.4786809858538,4423.070840971067
walk_forward_2,Ridge,44,11.0,5020,3547.5647981488596,4423.84686795444
walk_forward_2,Ridge,45,11.25,5020,3544.0158023967565,4417.895162569937
walk_forward_2,Ridge,46,11.5,5020,3542.120406724274,4419.508294928438
walk_forward_2,Ridge,47,11.75,5020,3544.5717806876587,4427.517878991705
walk_forward_2,Ridge,48,12.0,5020,3545.542826381241,4430.755940618233
walk_forward_2,Ridge,49,12.25,5020,3545.3907011297742,4432.702766091452
walk_forward_2,Ridge,50,12.5,5020,3554.3672332998794,4439.869340602717
walk_forward_2,Ridge,51,12.75,5020,3556.434934488669,4447.405759238862
walk_forward_2,Ridge,52,13.0,5020,3553.204534977754,4448.012118301812
walk_forward_2,Ridge,53,13.25,5020,3549.3649523332974,4443.525912129802
walk_forward_2,Ridge,54,13.5,5020,3547.646974215713,4436.998309677084
walk_forward_2,Ridge,55,13.75,5020,3546.4232470942893,4439.220416666373
walk_forward_2,Ridge,56,14.0,5020,3553.7688668163514,4450.337360554915
walk_forward_2,Ridge,57,14.25,5020,3549.9346314936015,4458.1739518659915
walk_forward_2,Ridge,58,14.5,5020,3549.2958772329434,4460.620990763434
walk_forward_2,Ridge,59,14.75,5020,3551.7773009126518,4460.929968433609
walk_forward_2,Ridge,60,15.0,5020,3551.411155336892,4467.896110563134
walk_forward_2,Ridge,61,15.25,5020,3547.4635122876302,4467.844678500272
walk_forward_2,Ridge,62,15.5,5020,3544.68681702515,4464.257569733233
walk_forward_2,Ridge,63,15.75,5020,3533.251095460324,4451.179328156321
walk_forward_2,Ridge,64,16.0,5020,3529.5984935438846,4446.283723193848
walk_forward_2,Ridge,65,16.25,5020,3530.6937069733513,4441.6380100522465
walk_forward_2,Ridge,66,16.5,5020,3526.8316170735857,4433.520850336431
walk_forward_2,Ridge,67,16.75,5020,3521.1647123312064,4428.204902978627
walk_forward_2,Ridge,68,17.0,5020,3530.8171206549864,4430.333618622818
walk_forward_2,Ridge,69,17.25,5020,3529.226525056592,4423.180815996087
walk_forward_2,Ridge,70,17.5,5020,3523.6909888319597,4424.811529351923
walk_forward_2,Ridge,71,17.75,5020,3515.7558653106194,4429.829188141917
walk_forward_2,Ridge,72,18.0,5020,3503.285859607107,4419.378931410222
walk_forward_2,Ridge,73,18.25,5020,3490.6228460237753,4411.924984851643
walk_forward_2,Ridge,74,18.5,5020,3479.4100845953517,4412.053769234473
walk_forward_2,Ridge,75,18.75,5020,3467.785727386653,4418.054744985136
walk_forward_2,Ridge,76,19.0,5020,3457.2782278885034,4409.409658719833
walk_forward_2,Ridge,77,19.25,5020,3455.532821975949,4399.54739009707
walk_forward_2,Ridge,78,19.5,5020,3449.86778020099,4395.668275395152
walk_forward_2,Ridge,79,19.75,5020,3441.595253801214,4384.350538090099
walk_forward_2,Ridge,80,20.0,5020,3433.9811113586,4367.236934541993
walk_forward_2,Ridge,81,20.25,5020,3436.4903755325317,4354.356460200732
walk_forward_2,Ridge,82,20.5,5020,3426.0960052441146,4337.861225272411
walk_forward_2,Ridge,83,20.75,5020,3428.505150366585,4341.1344479164345
walk_forward_2,Ridge,84,21.0,5020,3412.999847114837,4332.243790147188
walk_forward_2,Ridge,85,21.25,5020,3385.249198595001,4299.220761198714
walk_forward_2,Ridge,86,21.5,5020,3357.4851536319165,4280.131813544732
walk_forward_2,Ridge,87,21.75,5020,3330.9805367926424,4267.135429401082
walk_forward_2,Ridge,88,22.0,5020,3328.8886021598014,4267.29132238739
walk_forward_2,Ridge,89,22.25,5020,3327.2820145945443,4266.946284891262
walk_forward_2,Ridge,90,22.5,5020,3336.251084146246,4279.224821414625
walk_forward_2,Ridge,91,22.75,5020,3331.062585902546,4278.848199426556
walk_forward_2,Ridge,92,23.0,5020,3337.8561188264043,4287.898114748738
walk_forward_2,Ridge,93,23.25,5020,3339.474916723319,4284.38541533085
walk_forward_2,Ridge,94,23.5,5020,3351.698287116452,4282.511742966015
walk_forward_2,Ridge,95,23.75,5020,3354.992592164428,4275.884830443689
walk_forward_2,Ridge,96,24.0,5020,3372.3980529029004,4284.836049245857
walk_forward_2,Ridge,97,24.25,5020,3383.5374145764636,4288.927891455042
walk_forward_2,Ridge,98,24.5,5020,3379.378370505053,4282.792621479074
walk_forward_2,Ridge,99,24.75,5020,3375.5159636015096,4263.48681458909
walk_forward_2,Ridge,100,25.0,5020,3375.1941962842625,4263.552141215785
walk_forward_2,Ridge,101,25.25,5020,3395.71023147459,4280.6582920602905
walk_forward_2,Ridge,102,25.5,5020,3404.5753445707824,4289.71169411055
walk_forward_2,Ridge,103,25.75,5020,3425.715701724148,4314.163815046564
walk_forward_2,Ridge,104,26.0,5020,3442.7969612188494,4333.072978453504
walk_forward_2,Ridge,105,26.25,5020,3476.5784083987614,4353.1394530655725
walk_forward_2,Ridge,106,26.5,5020,3491.4579890421282,4366.238537682655
walk_forward_2,Ridge,107,26.75,5020,3518.1153551563516,4384.918364723105
walk_forward_2,Ridge,108,27.0,5020,3536.0195577012737,4412.368364890797
walk_forward_2,Ridge,109,27.25,5020,3548.431422291026,4412.186445252064
walk_forward_2,Ridge,110,27.5,5020,3562.4152549650216,4424.466708839654
walk_forward_2,Ridge,111,27.75,5020,3564.2679373331707,4429.929653112741
walk_forward_2,Ridge,112,28.0,5020,3560.5761825083187,4434.252726745145
walk_forward_2,Ridge,113,28.25,5020,3553.5364876123804,4431.855120570956
walk_forward_2,Ridge,114,28.5,5020,3558.73782676353,4438.844676545977
walk_forward_2,Ridge,115,28.75,5020,3563.137991432608,4441.316985240913
walk_forward_2,Ridge,116,29.0,5020,3565.9702506205863,4445.954327685487
walk_forward_2,Ridge,117,29.25,5020,3588.376715098403,4456.893269733357
walk_forward_2,Ridge,118,29.5,5020,3607.1221637082303,4472.01783769619
walk_forward_2,Ridge,119,29.75,5020,3616.6334037026286,4478.0042139556945
walk_forward_2,Ridge,120,30.0,5020,3630.0619064747366,4483.675743699783
walk_forward_2,Ridge,121,30.25,5020,3636.9835956338793,4487.668805915802
walk_forward_2,Ridge,122,30.5,5020,3649.0000165653537,4496.221195837577
walk_forward_2,Ridge,123,30.75,5020,3645.395752411703,4494.071473820098
walk_forward_2,Ridge,124,31.0,5020,3628.87026048991,4483.3753457350695
walk_forward_2,Ridge,125,31.25,5020,3623.7395010027776,4478.883938350928
walk_forward_2,Ridge,126,31.5,5020,3620.3903316565443,4481.459009626151
walk_forward_2,Ridge,127,31.75,5020,3621.099818317049,4489.7524563990255
walk_forward_2,Ridge,128,32.0,5020,3618.043231969643,4487.926370492887
walk_forward_2,Ridge,129,32.25,5020,3619.92966187212,4496.356129777568
walk_forward_2,Ridge,130,32.5,5020,3629.117240673792,4504.421532122407
walk_forward_2,Ridge,131,32.75,5020,3638.2101509889953,4515.726475503871
walk_forward_2,Ridge,132,33.0,5020,3647.238005984136,4526.640723652417
walk_forward_2,Ridge,133,33.25,5020,3655.4529725459015,4542.50443517193
walk_forward_2,Ridge,134,33.5,5020,3667.550698709046,4555.709721489048
walk_forward_2,Ridge,135,33.75,5020,3673.1400006070635,4562.283498204837
walk_forward_2,Ridge,136,34.0,5020,3681.8086545683614,4577.046007939031
walk_forward_2,Ridge,137,34.25,5020,3691.189710470142,4590.279158427972
walk_forward_2,Ridge,138,34.5,5020,3696.8917729860646,4596.320489417894
walk_forward_2,Ridge,139,34.75,5020,3700.7226689214517,4600.444109492428
walk_forward_2,Ridge,140,35.0,5020,3695.60674729209,4600.331160614915
walk_forward_2,Ridge,141,35.25,5020,3701.9013650914426,4604.353215536152
walk_forward_2,Ridge,142,35.5,5020,3704.0024430583167,4608.9566717536545
walk_forward_2,Ridge,143,35.75,5020,3702.175001271599,4614.6101787129655
walk_forward_2,Ridge,144,36.0,5020,3708.5925137115078,4623.715745487786
walk_forward_2,Ridge + Weather,1,0.25,5020,2178.567047762804,3177.524430294838
walk_forward_2,Ridge + Weather,2,0.5,5020,2781.732163296275,3799.4306215067145
walk_forward_2,Ridge + Weather,3,0.75,5020,3174.2245179759248,4198.705491154028
walk_forward_2,Ridge + Weather,4,1.0,5020,3340.1049359445933,4391.537922071196
walk_forward_2,Ridge + Weather,5,1.25,5020,3372.032526976018,4433.133207075662
walk_forward_2,Ridge + Weather,6,1.5,5020,3334.0344716208106,4409.155889029723
walk_forward_2,Ridge + Weather,7,1.75,5020,3267.850140109459,4346.393551695
walk_forward_2,Ridge + Weather,8,2.0,5020,3188.980188446457,4283.298400332421
walk_forward_2,Ridge + Weather,9,2.25,5020,3120.0655533669556,4216.527841507314
walk_forward_2,Ridge + Weather,10,2.5,5020,3093.453890235208,4185.9094523081885
walk_forward_2,Ridge + Weather,11,2.75,5020,3106.2097987564416,4206.311396809031
walk_forward_2,Ridge + Weather,12,3.0,5020,3117.916034484925,4220.391379554253
walk_forward_2,Ridge + Weather,13,3.25,5020,3134.0365638239778,4237.983441057383
walk_forward_2,Ridge + Weather,14,3.5,5020,3180.66715833993,4275.190969472203
walk_forward_2,Ridge + Weather,15,3.75,5020,3245.877380721587,4345.384301155652
walk_forward_2,Ridge + Weather,16,4.0,5020,3320.0702714689737,4404.723294395149
walk_forward_2,Ridge + Weather,17,4.25,5020,3368.5410100761223,4461.118795403206
walk_forward_2,Ridge + Weather,18,4.5,5020,3402.3790973756104,4492.454253608501
walk_forward_2,Ridge + Weather,19,4.75,5020,3400.389528372716,4498.055841825021
walk_forward_2,Ridge + Weather,20,5.0,5020,3390.0888096047697,4486.850932999765
walk_forward_2,Ridge + Weather,21,5.25,5020,3372.8745560358407,4470.377860496919
walk_forward_2,Ridge + Weather,22,5.5,5020,3360.108331700828,4458.127382164299
walk_forward_2,Ridge + Weather,23,5.75,5020,3360.498315644601,4455.79375240942
walk_forward_2,Ridge + Weather,24,6.0,5020,3371.1490110111476,4465.14300154728
walk_forward_2,Ridge + Weather,25,6.25,5020,3374.5025871443995,4474.620429194653
walk_forward_2,Ridge + Weather,26,6.5,5020,3378.3641704184242,4481.177451983159
walk_forward_2,Ridge + Weather,27,6.75,5020,3385.6855996086415,4491.629663113331
walk_forward_2,Ridge + Weather,28,7.0,5020,3392.720764059037,4500.532101164897
walk_forward_2,Ridge + Weather,29,7.25,5020,3397.14861432728,4502.472128577209
walk_forward_2,Ridge + Weather,30,7.5,5020,3395.8888307080147,4499.489973179131
walk_forward_2,Ridge + Weather,31,7.75,5020,3384.8016127280284,4490.89178034907
walk_forward_2,Ridge + Weather,32,8.0,5020,3367.692361263858,4474.171533911135
walk_forward_2,Ridge + Weather,33,8.25,5020,3349.7819257500064,4457.072198425054
walk_forward_2,Ridge + Weather,34,8.5,5020,3336.176074766872,4442.6158239456345
walk_forward_2,Ridge + Weather,35,8.75,5020,3326.085944968962,4429.136140139334
walk_forward_2,Ridge + Weather,36,9.0,5020,3311.460001539042,4413.025342636241
walk_forward_2,Ridge + Weather,37,9.25,5020,3305.961834150359,4403.751713340299
walk_forward_2,Ridge + Weather,38,9.5,5020,3300.7155558121544,4397.501190925462
walk_forward_2,Ridge + Weather,39,9.75,5020,3300.4096988784495,4397.171229424926
walk_forward_2,Ridge + Weather,40,10.0,5020,3302.7339497096564,4399.499725195715
walk_forward_2,Ridge + Weather,41,10.25,5020,3306.7492398448535,4402.504745691962
walk_forward_2,Ridge + Weather,42,10.5,5020,3310.3184156499774,4402.159907309947
walk_forward_2,Ridge + Weather,43,10.75,5020,3314.9303895236303,4409.053425442241
walk_forward_2,Ridge + Weather,44,11.0,5020,3317.247798832135,4409.599670114376
walk_forward_2,Ridge + Weather,45,11.25,5020,3316.243501368564,4403.08496472455
walk_forward_2,Ridge + Weather,46,11.5,5020,3315.7968783945953,4398.749638164457
walk_forward_2,Ridge + Weather,47,11.75,5020,3316.3627168407274,4396.960502381685
walk_forward_2,Ridge + Weather,48,12.0,5020,3315.835351050415,4394.735626026279
walk_forward_2,Ridge + Weather,49,12.25,5020,3319.5675309589456,4395.498545070347
walk_forward_2,Ridge + Weather,50,12.5,5020,3323.71887768821,4405.351479963504
walk_forward_2,Ridge + Weather,51,12.75,5020,3330.9780832596603,4419.235248081853
walk_forward_2,Ridge + Weather,52,13.0,5020,3329.3227493026357,4423.331275713969
walk_forward_2,Ridge + Weather,53,13.25,5020,3325.787804986722,4422.24575909889
walk_forward_2,Ridge + Weather,54,13.5,5020,3321.798506372442,4423.90297786889
walk_forward_2,Ridge + Weather,55,13.75,5020,3320.1050342807257,4431.72001080435
walk_forward_2,Ridge + Weather,56,14.0,5020,3319.2627904375577,4442.491031585478
walk_forward_2,Ridge + Weather,57,14.25,5020,3320.467054644575,4448.464243721748
walk_forward_2,Ridge + Weather,58,14.5,5020,3317.5726772990174,4453.236609378749
walk_forward_2,Ridge + Weather,59,14.75,5020,3311.241749114654,4449.229388689345
walk_forward_2,Ridge + Weather,60,15.0,5020,3302.400398843664,4445.815570901586
walk_forward_2,Ridge + Weather,61,15.25,5020,3296.3907248558253,4434.877479758054
walk_forward_2,Ridge + Weather,62,15.5,5020,3281.620739949704,4421.825045188425
walk_forward_2,Ridge + Weather,63,15.75,5020,3263.8024272624616,4402.998293849094
walk_forward_2,Ridge + Weather,64,16.0,5020,3248.955300308469,4390.819115683912
walk_forward_2,Ridge + Weather,65,16.25,5020,3238.2852049008447,4383.141663420668
walk_forward_2,Ridge + Weather,66,16.5,5020,3230.515223366065,4374.4521463414485
walk_forward_2,Ridge + Weather,67,16.75,5020,3227.4953339869408,4370.863635198577
walk_forward_2,Ridge + Weather,68,17.0,5020,3225.383539165489,4373.793512532605
walk_forward_2,Ridge + Weather,69,17.25,5020,3225.1116170911864,4372.022190739515
walk_forward_2,Ridge + Weather,70,17.5,5020,3226.789670781512,4374.405656753609
walk_forward_2,Ridge + Weather,71,17.75,5020,3223.99879262295,4374.7887004591075
walk_forward_2,Ridge + Weather,72,18.0,5020,3210.5988579215955,4364.254531057543
walk_forward_2,Ridge + Weather,73,18.25,5020,3204.514602188385,4353.192550464659
walk_forward_2,Ridge + Weather,74,18.5,5020,3200.9479859545127,4347.035217591866
walk_forward_2,Ridge + Weather,75,18.75,5020,3201.5673328804155,4343.755137330429
walk_forward_2,Ridge + Weather,76,19.0,5020,3198.06974829538,4336.4435896780105
walk_forward_2,Ridge + Weather,77,19.25,5020,3209.168418474612,4337.454390541725
walk_forward_2,Ridge + Weather,78,19.5,5020,3218.847354483731,4344.9431239146725
walk_forward_2,Ridge + Weather,79,19.75,5020,3221.6183793959885,4348.439225593972
walk_forward_2,Ridge + Weather,80,20.0,5020,3235.272482042228,4352.3661639342145
walk_forward_2,Ridge + Weather,81,20.25,5020,3254.4329320610022,4364.323514996845
walk_forward_2,Ridge + Weather,82,20.5,5020,3264.8608894940216,4374.672792237891
walk_forward_2,Ridge + Weather,83,20.75,5020,3283.483968639888,4395.182272652542
walk_forward_2,Ridge + Weather,84,21.0,5020,3290.344748087345,4403.371171435841
walk_forward_2,Ridge + Weather,85,21.25,5020,3277.644000603297,4387.7878286313535
walk_forward_2,Ridge + Weather,86,21.5,5020,3262.8847165236007,4379.126001678785
walk_forward_2,Ridge + Weather,87,21.75,5020,3250.7722918028257,4367.6284361767985
walk_forward_2,Ridge + Weather,88,22.0,5020,3249.0438207691145,4366.088865382041
walk_forward_2,Ridge + Weather,89,22.25,5020,3250.1488593441973,4363.239446301466
walk_forward_2,Ridge + Weather,90,22.5,5020,3259.3683999184755,4371.6881269355345
walk_forward_2,Ridge + Weather,91,22.75,5020,3260.187172501087,4369.097912299252
walk_forward_2,Ridge + Weather,92,23.0,5020,3265.626433333528,4374.215618495613
walk_forward_2,Ridge + Weather,93,23.25,5020,3268.2715709758695,4373.488501603387
walk_forward_2,Ridge + Weather,94,23.5,5020,3277.0047111571384,4377.2403533204215
walk_forward_2,Ridge + Weather,95,23.75,5020,3275.181174898188,4375.810706210985
walk_forward_2,Ridge + Weather,96,24.0,5020,3286.950017429318,4385.356645308585
walk_forward_2,Ridge + Weather,97,24.25,5020,3295.9017710544294,4392.431251783525
walk_forward_2,Ridge + Weather,98,24.5,5020,3295.1867425964265,4388.341694979526
walk_forward_2,Ridge + Weather,99,24.75,5020,3283.467658447657,4370.019981563783
walk_forward_2,Ridge + Weather,100,25.0,5020,3278.551062184706,4363.318265323956
walk_forward_2,Ridge + Weather,101,25.25,5020,3281.2010244004646,4367.453494429669
walk_forward_2,Ridge + Weather,102,25.5,5020,3274.4733848261394,4365.826962441448
walk_forward_2,Ridge + Weather,103,25.75,5020,3284.197924917155,4378.212840857176
walk_forward_2,Ridge + Weather,104,26.0,5020,3299.26644592935,4389.597766762621
walk_forward_2,Ridge + Weather,105,26.25,5020,3309.460127622485,4406.04013297336
walk_forward_2,Ridge + Weather,106,26.5,5020,3318.894590883139,4418.068524064574
walk_forward_2,Ridge + Weather,107,26.75,5020,3330.500400082562,4438.609707219251
walk_forward_2,Ridge + Weather,108,27.0,5020,3351.1013572890274,4463.989660643929
walk_forward_2,Ridge + Weather,109,27.25,5020,3359.5364628481557,4472.452579576434
walk_forward_2,Ridge + Weather,110,27.5,5020,3371.29501549322,4487.15585784796
walk_forward_2,Ridge + Weather,111,27.75,5020,3380.734850303911,4497.487627188266
walk_forward_2,Ridge + Weather,112,28.0,5020,3388.727995164516,4506.262496600078
walk_forward_2,Ridge + Weather,113,28.25,5020,3392.7618902879153,4506.682976805455
walk_forward_2,Ridge + Weather,114,28.5,5020,3393.6497905791266,4511.785820633347
walk_forward_2,Ridge + Weather,115,28.75,5020,3399.303764768621,4515.503152674227
walk_forward_2,Ridge + Weather,116,29.0,5020,3404.810507891775,4522.012009757131
walk_forward_2,Ridge + Weather,117,29.25,5020,3414.8850778219085,4530.830458415975
walk_forward_2,Ridge + Weather,118,29.5,5020,3423.5168137396295,4539.476304574916
walk_forward_2,Ridge + Weather,119,29.75,5020,3428.5077166132473,4542.494925550645
walk_forward_2,Ridge + Weather,120,30.0,5020,3436.035730857517,4546.13432710502
walk_forward_2,Ridge + Weather,121,30.25,5020,3437.4504046330726,4543.88351618836
walk_forward_2,Ridge + Weather,122,30.5,5020,3438.723763724188,4542.256130628482
walk_forward_2,Ridge + Weather,123,30.75,5020,3427.1532588157615,4533.775601721683
walk_forward_2,Ridge + Weather,124,31.0,5020,3411.8867470905125,4520.4205671051905
walk_forward_2,Ridge + Weather,125,31.25,5020,3402.7221518854913,4511.321644925675
walk_forward_2,Ridge + Weather,126,31.5,5020,3394.9788189106284,4505.514060837708
walk_forward_2,Ridge + Weather,127,31.75,5020,3389.1252190690807,4501.194603392903
walk_forward_2,Ridge + Weather,128,32.0,5020,3379.406470592931,4490.472339025153
walk_forward_2,Ridge + Weather,129,32.25,5020,3370.846102769772,4484.934439452094
walk_forward_2,Ridge + Weather,130,32.5,5020,3361.292974961319,4476.455080123668
walk_forward_2,Ridge + Weather,131,32.75,5020,3353.8812607397213,4471.340466303387
walk_forward_2,Ridge + Weather,132,33.0,5020,3342.9064715032105,4465.6362564348165
walk_forward_2,Ridge + Weather,133,33.25,5020,3336.4107212553017,4462.902000979761
walk_forward_2,Ridge + Weather,134,33.5,5020,3332.9250574269367,4459.650111333357
walk_forward_2,Ridge + Weather,135,33.75,5020,3331.5480696608256,4455.112417551037
walk_forward_2,Ridge + Weather,136,34.0,5020,3333.702228282013,4457.527418556875
walk_forward_2,Ridge + Weather,137,34.25,5020,3338.558267809136,4461.669164950395
walk_forward_2,Ridge + Weather,138,34.5,5020,3339.7042271667647,4463.596061970066
walk_forward_2,Ridge + Weather,139,34.75,5020,3341.4926666971955,4462.952594195471
walk_forward_2,Ridge + Weather,140,35.0,5020,3337.6188791622453,4460.317387478722
walk_forward_2,Ridge + Weather,141,35.25,5020,3342.9911227366792,4461.690589844183
walk_forward_2,Ridge + Weather,142,35.5,5020,3347.591241264435,4466.757691005601
walk_forward_2,Ridge + Weather,143,35.75,5020,3358.4594187239386,4473.887353828242
walk_forward_2,Ridge + Weather,144,36.0,5020,3359.7831182356094,4481.755641450453
walk_forward_3,Persistence,1,0.25,5136,1586.1827453271028,2733.221498790186
walk_forward_3,Persistence,2,0.5,5136,2131.690253115265,3537.9986074377343
walk_forward_3,Persistence,3,0.75,5136,2563.2617211838005,4133.216205450374
walk_forward_3,Persistence,4,1.0,5136,2912.8455977414333,4545.656092264338
walk_forward_3,Persistence,5,1.25,5136,3170.457585669782,4802.061303705422
walk_forward_3,Persistence,6,1.5,5136,3322.042922507788,4950.928687013298
walk_forward_3,Persistence,7,1.75,5136,3454.2725778816202,5072.383427945473
walk_forward_3,Persistence,8,2.0,5136,3592.2843243769466,5208.076908191596
walk_forward_3,Persistence,9,2.25,5136,3719.64367211838,5304.71868907349
walk_forward_3,Persistence,10,2.5,5136,3841.0485922897196,5408.0591407406755
walk_forward_3,Persistence,11,2.75,5136,3939.393654595016,5487.72332714878
walk_forward_3,Persistence,12,3.0,5136,3992.710044781931,5514.35933951301
walk_forward_3,Persistence,13,3.25,5136,4029.3682048286605,5533.825046147842
walk_forward_3,Persistence,14,3.5,5136,4070.405280373832,5566.508385926828
walk_forward_3,Persistence,15,3.75,5136,4149.872180685358,5648.295940798003
walk_forward_3,Persistence,16,4.0,5136,4293.524513239875,5786.845624858692
walk_forward_3,Persistence,17,4.25,5136,4415.655087616823,5915.031304937688
walk_forward_3,Persistence,18,4.5,5136,4560.517957554517,6060.246252248279
walk_forward_3,Persistence,19,4.75,5136,4692.366310358256,6184.202092389238
walk_forward_3,Persistence,20,5.0,5136,4853.347840732087,6334.79629360124
walk_forward_3,Persistence,21,5.25,5136,4977.240767133956,6472.848178688267
walk_forward_3,Persistence,22,5.5,5136,5091.025911214953,6580.112747685389
walk_forward_3,Persistence,23,5.75,5136,5176.168921339564,6680.411688810881
walk_forward_3,Persistence,24,6.0,5136,5244.838894080996,6757.246716490209
walk_forward_3,Persistence,25,6.25,5136,5304.665457554517,6815.520019240887
walk_forward_3,Persistence,26,6.5,5136,5358.258093847352,6871.408301956568
walk_forward_3,Persistence,27,6.75,5136,5428.805188862929,6932.33421145792
walk_forward_3,Persistence,28,7.0,5136,5492.041049454829,6989.753978555072
walk_forward_3,Persistence,29,7.25,5136,5572.040794392523,7059.622430485049
walk_forward_3,Persistence,30,7.5,5136,5630.006553738318,7141.928975049759
walk_forward_3,Persistence,31,7.75,5136,5726.693755841121,7225.434233602771
walk_forward_3,Persistence,32,8.0,5136,5808.384230919003,7306.410738709103
walk_forward_3,Persistence,33,8.25,5136,5871.042949766355,7365.054711275009
walk_forward_3,Persistence,34,8.5,5136,5940.671649143303,7429.220894102641
walk_forward_3,Persistence,35,8.75,5136,5979.322940031152,7451.103222714401
walk_forward_3,Persistence,36,9.0,5136,6013.866678348909,7477.860231914468
walk_forward_3,Persistence,37,9.25,5136,6022.2009345794395,7498.61494886894
walk_forward_3,Persistence,38,9.5,5136,6059.229626168224,7532.095283701598
walk_forward_3,Persistence,39,9.75,5136,6085.268125,7559.131004176645
walk_forward_3,Persistence,40,10.0,5136,6098.922867990654,7583.305702718099
walk_forward_3,Persistence,41,10.25,5136,6116.367373442367,7604.570619341129
walk_forward_3,Persistence,42,10.5,5136,6154.551902258567,7636.990637678197
walk_forward_3,Persistence,43,10.75,5136,6178.559534657322,7666.985862415398
walk_forward_3,Persistence,44,11.0,5136,6207.709225077882,7693.410425756094
walk_forward_3,Persistence,45,11.25,5136,6233.592476635514,7724.3361505403545
walk_forward_3,Persistence,46,11.5,5136,6253.807287772585,7747.682671780761
walk_forward_3,Persistence,47,11.75,5136,6261.190948208722,7759.666845143175
walk_forward_3,Persistence,48,12.0,5136,6268.06976635514,7758.100727470571
walk_forward_3,Persistence,49,12.25,5136,6278.9415868380065,7758.856009768841
walk_forward_3,Persistence,50,12.5,5136,6284.054906542056,7755.198891356138
walk_forward_3,Persistence,51,12.75,5136,6271.05605334891,7740.809947317791
walk_forward_3,Persistence,52,13.0,5136,6257.934275700934,7721.9386239345895
walk_forward_3,Persistence,53,13.25,5136,6216.68926012461,7685.628392001423
walk_forward_3,Persistence,54,13.5,5136,6166.087287772585,7644.386130828496
walk_forward_3,Persistence,55,13.75,5136,6140.784768302181,7615.020166489768
walk_forward_3,Persistence,56,14.0,5136,6110.7341744548285,7582.572458885205
walk_forward_3,Persistence,57,14.25,5136,6090.607990654205,7550.558473645451
walk_forward_3,Persistence,58,14.5,5136,6064.544158878505,7515.900704893013
walk_forward_3,Persistence,59,14.75,5136,6032.085913161994,7484.073325139994
walk_forward_3,Persistence,60,15.0,5136,5987.897085280374,7450.236682610136
walk_forward_3,Persistence,61,15.25,5136,5960.749918224299,7432.826629400788
walk_forward_3,Persistence,62,15.5,5136,5912.3844918224295,7411.226602337641
walk_forward_3,Persistence,63,15.75,5136,5865.716902258567,7377.140233712054
walk_forward_3,Persistence,64,16.0,5136,5816.923370327103,7323.47143804773
walk_forward_3,Persistence,65,16.25,5136,5748.209390576324,7261.719449348527
walk_forward_3,Persistence,66,16.5,5136,5687.605955996885,7185.9206709953305
walk_forward_3,Persistence,67,16.75,5136,5601.840278426791,7093.466801964062
walk_forward_3,Persistence,68,17.0,5136,5522.018261292835,7003.119484182437
walk_forward_3,Persistence,69,17.25,5136,5436.1333878504665,6910.022370671931
walk_forward_3,Persistence,70,17.5,5136,5340.703341121495,6822.826405691141
walk_forward_3,Persistence,71,17.75,5136,5267.220845015577,6762.245818670443
walk_forward_3,Persistence,72,18.0,5136,5194.804291277259,6701.667232559428
walk_forward_3,Persistence,73,18.25,5136,5137.78015576324,6626.7407912380295
walk_forward_3,Persistence,74,18.5,5136,5074.205225856697,6555.280480558919
walk_forward_3,Persistence,75,18.75,5136,4988.727213785047,6468.876224592388
walk_forward_3,Persistence,76,19.0,5136,4911.363271028038,6371.551792015706
walk_forward_3,Persistence,77,19.25,5136,4826.074826713396,6320.318493446196
walk_forward_3,Persistence,78,19.5,5136,4747.255839174455,6247.649133342358
walk_forward_3,Persistence,79,19.75,5136,4654.3494236760125,6159.030480379303
walk_forward_3,Persistence,80,20.0,5136,4546.820924844236,6045.20367704252
walk_forward_3,Persistence,81,20.25,5136,4441.231904205608,5949.9718640891
walk_forward_3,Persistence,82,20.5,5136,4368.640151869159,5872.011245254863
walk_forward_3,Persistence,83,20.75,5136,4297.33843652648,5806.746942678791
walk_forward_3,Persistence,84,21.0,5136,4210.535829439253,5715.281424128938
walk_forward_3,Persistence,85,21.25,5136,4121.352112538941,5621.8141621991435
walk_forward_3,Persistence,86,21.5,5136,4050.7919665109034,5532.465350065339
walk_forward_3,Persistence,87,21.75,5136,3965.272100856698,5442.672157746228
walk_forward_3,Persistence,88,22.0,5136,3916.880965732087,5408.692773567996
walk_forward_3,Persistence,89,22.25,5136,3875.611236370716,5382.948211722063
walk_forward_3,Persistence,90,22.5,5136,3825.3658294392526,5341.131198760533
walk_forward_3,Persistence,91,22.75,5136,3810.7396261682243,5342.336550506966
walk_forward_3,Persistence,92,23.0,5136,3751.0599299065416,5269.645018587571
walk_forward_3,Persistence,93,23.25,5136,3701.096341510904,5247.013030111163
walk_forward_3,Persistence,94,23.5,5136,3682.68984423676,5235.352291860365
walk_forward_3,Persistence,95,23.75,5136,3623.4824980529593,5156.636628435111
walk_forward_3,Persistence,96,24.0,5136,3574.0471651090347,5132.114495333868
walk_forward_3,Persistence,97,24.25,5136,3574.366594626168,5144.737397960834
walk_forward_3,Persistence,98,24.5,5136,3592.228549454828,5164.572646840542
walk_forward_3,Persistence,99,24.75,5136,3613.410332943925,5198.6324933351
walk_forward_3,Persistence,100,25.0,5136,3662.0830743769475,5251.143885723098
walk_forward_3,Persistence,101,25.25,5136,3796.489519080997,5380.032127035743
walk_forward_3,Persistence,102,25.5,5136,3890.4112363707163,5487.33791505778
walk_forward_3,Persistence,103,25.75,5136,3971.7481483644856,5571.637110466327
walk_forward_3,Persistence,104,26.0,5136,4064.9539972741427,5638.637990103588
walk_forward_3,Persistence,105,26.25,5136,4126.427272196262,5693.141554310033
walk_forward_3,Persistence,106,26.5,5136,4202.483411214954,5776.63275842074
walk_forward_3,Persistence,107,26.75,5136,4284.317063862929,5870.044688090844
walk_forward_3,Persistence,108,27.0,5136,4369.239929906542,5954.832168994804
walk_forward_3,Persistence,109,27.25,5136,4459.656495327103,6020.89829755585
walk_forward_3,Persistence,110,27.5,5136,4559.137494158879,6117.28467463959
walk_forward_3,Persistence,111,27.75,5136,4602.595786604362,6164.409997439057
walk_forward_3,Persistence,112,28.0,5136,4686.973142523364,6221.026556180246
walk_forward_3,Persistence,113,28.25,5136,4750.060523753894,6290.59332646343
walk_forward_3,Persistence,114,28.5,5136,4811.831214953271,6336.094685484177
walk_forward_3,Persistence,115,28.75,5136,4871.053759735202,6393.942445639794
walk_forward_3,Persistence,116,29.0,5136,4956.733603971962,6470.530467830528
walk_forward_3,Persistence,117,29.25,5136,5050.269454828661,6560.994473531968
walk_forward_3,Persistence,118,29.5,5136,5155.637270249221,6651.232783103359
walk_forward_3,Persistence,119,29.75,5136,5249.199339953271,6768.93179329067
walk_forward_3,Persistence,120,30.0,5136,5336.175305685358,6856.991589947573
walk_forward_3,Persistence,121,30.25,5136,5415.097597352024,6943.484049994535
walk_forward_3,Persistence,122,30.5,5136,5481.446372663551,7013.640560354773
walk_forward_3,Persistence,123,30.75,5136,5569.1335708722745,7090.124903467225
walk_forward_3,Persistence,124,31.0,5136,5648.642301401868,7169.025625841436
walk_forward_3,Persistence,125,31.25,5136,5714.026146806854,7237.131921545772
walk_forward_3,Persistence,126,31.5,5136,5784.752353971963,7312.17355431908
walk_forward_3,Persistence,127,31.75,5136,5854.80644470405,7371.366623072571
walk_forward_3,Persistence,128,32.0,5136,5910.469927959501,7416.229238834154
walk_forward_3,Persistence,129,32.25,5136,5947.952908878505,7446.340883707876
walk_forward_3,Persistence,130,32.5,5136,5996.77511487539,7488.318106188998
walk_forward_3,Persistence,131,32.75,5136,6048.919024532711,7528.313843262749
walk_forward_3,Persistence,132,33.0,5136,6097.254676791278,7582.31743458107
walk_forward_3,Persistence,133,33.25,5136,6120.745276479751,7610.049658203756
walk_forward_3,Persistence,134,33.5,5136,6148.313892133956,7631.293235350009
walk_forward_3,Persistence,135,33.75,5136,6165.556195482865,7651.260991603896
walk_forward_3,Persistence,136,34.0,5136,6191.770519859813,7681.855158944329
walk_forward_3,Persistence,137,34.25,5136,6231.159890965732,7717.885762489583
walk_forward_3,Persistence,138,34.5,5136,6264.169197819315,7754.080288380374
walk_forward_3,Persistence,139,34.75,5136,6279.655660046728,7769.363560387733
walk_forward_3,Persistence,140,35.0,5136,6297.318002336449,7782.311695662915
walk_forward_3,Persistence,141,35.25,5136,6316.025983255451,7803.048447250539
walk_forward_3,Persistence,142,35.5,5136,6321.0475584112155,7811.177664821288
walk_forward_3,Persistence,143,35.75,5136,6309.316397975079,7804.784074004098
walk_forward_3,Persistence,144,36.0,5136,6294.451226635514,7796.039393754832
walk_forward_3,Copy-Yesterday,1,0.25,5119,3582.7140808751706,5174.580134597255
walk_forward_3,Copy-Yesterday,2,0.5,5119,3582.6686051963275,5174.233065479982
walk_forward_3,Copy-Yesterday,3,0.75,5119,3581.1144032037514,5171.989257179777
walk_forward_3,Copy-Yesterday,4,1.0,5119,3581.0590877124437,5171.859351190672
walk_forward_3,Copy-Yesterday,5,1.25,5119,3580.285448329752,5171.6774572162885
walk_forward_3,Copy-Yesterday,6,1.5,5119,3582.140031256105,5172.880731833486
walk_forward_3,Copy-Yesterday,7,1.75,5119,3579.7475131861693,5169.212463668814
walk_forward_3,Copy-Yesterday,8,2.0,5119,3577.105751123266,5164.305251697579
walk_forward_3,Copy-Yesterday,9,2.25,5119,3573.7231959367064,5159.813981674488
walk_forward_3,Copy-Yesterday,10,2.5,5119,3568.554139480367,5152.980710825666
walk_forward_3,Copy-Yesterday,11,2.75,5119,3564.4368216448515,5147.2649285338375
walk_forward_3,Copy-Yesterday,12,3.0,5119,3559.3030142605976,5140.249102489441
walk_forward_3,Copy-Yesterday,13,3.25,5119,3556.076270756007,5134.832592224459
walk_forward_3,Copy-Yesterday,14,3.5,5119,3549.1951064661066,5125.220136416483
walk_forward_3,Copy-Yesterday,15,3.75,5119,3542.4799550693497,5114.320752511483
walk_forward_3,Copy-Yesterday,16,4.0,5119,3540.6373764407103,5112.167551753998
walk_forward_3,Copy-Yesterday,17,4.25,5119,3540.5125415120137,5112.215707802606
walk_forward_3,Copy-Yesterday,18,4.5,5119,3540.428189099433,5111.647871440904
walk_forward_3,Copy-Yesterday,19,4.75,5119,3537.5869876929087,5108.898530830457
walk_forward_3,Copy-Yesterday,20,5.0,5119,3536.5244032037504,5107.71643703657
walk_forward_3,Copy-Yesterday,21,5.25,5119,3535.2746727876533,5106.696151081643
walk_forward_3,Copy-Yesterday,22,5.5,5119,3532.758544637625,5104.817013358735
walk_forward_3,Copy-Yesterday,23,5.75,5119,3530.0582066809925,5103.051651015163
walk_forward_3,Copy-Yesterday,24,6.0,5119,3528.7192967376436,5101.88493231447
walk_forward_3,Copy-Yesterday,25,6.25,5119,3524.84547763235,5098.808738837621
walk_forward_3,Copy-Yesterday,26,6.5,5119,3523.0420980660283,5097.593920219066
walk_forward_3,Copy-Yesterday,27,6.75,5119,3521.3748837663607,5096.463699416515
walk_forward_3,Copy-Yesterday,28,7.0,5119,3521.868433287752,5097.384101346033
walk_forward_3,Copy-Yesterday,29,7.25,5119,3523.0867532721236,5099.714630432148
walk_forward_3,Copy-Yesterday,30,7.5,5119,3525.9335846845092,5103.57455174967
walk_forward_3,Copy-Yesterday,31,7.75,5119,3529.634022269975,5107.853995454055
walk_forward_3,Copy-Yesterday,32,8.0,5119,3534.013149052549,5112.824665325323
walk_forward_3,Copy-Yesterday,33,8.25,5119,3536.818470404376,5116.756475736804
walk_forward_3,Copy-Yesterday,34,8.5,5119,3538.1264563391283,5118.736350001171
walk_forward_3,Copy-Yesterday,35,8.75,5119,3538.339177573745,5118.526740262457
walk_forward_3,Copy-Yesterday,36,9.0,5119,3538.4080816565734,5118.16560205016
walk_forward_3,Copy-Yesterday,37,9.25,5119,3538.01931627271,5117.184679894466
walk_forward_3,Copy-Yesterday,38,9.5,5119,3536.862723188123,5115.979520392127
walk_forward_3,Copy-Yesterday,39,9.75,5119,3536.5650595819493,5115.379056958806
walk_forward_3,Copy-Yesterday,40,10.0,5119,3538.2821644852506,5116.472236249097
walk_forward_3,Copy-Yesterday,41,10.25,5119,3538.37330728658,5116.010118498079
walk_forward_3,Copy-Yesterday,42,10.5,5119,3536.5378628638405,5113.550364180762
walk_forward_3,Copy-Yesterday,43,10.75,5119,3535.847825747216,5111.269542113663
walk_forward_3,Copy-Yesterday,44,11.0,5119,3536.008929478414,5108.97029719635
walk_forward_3,Copy-Yesterday,45,11.25,5119,3535.695760890799,5106.647386632646
walk_forward_3,Copy-Yesterday,46,11.5,5119,3538.9123617894124,5109.754687602664
walk_forward_3,Copy-Yesterday,47,11.75,5119,3544.2087692908767,5115.97435771516
walk_forward_3,Copy-Yesterday,48,12.0,5119,3546.0649931627268,5117.694377520192
walk_forward_3,Copy-Yesterday,49,12.25,5119,3547.2112463371745,5118.414293552434
walk_forward_3,Copy-Yesterday,50,12.5,5119,3548.6503184215667,5119.364863455876
walk_forward_3,Copy-Yesterday,51,12.75,5119,3547.3686149638597,5117.174684852268
walk_forward_3,Copy-Yesterday,52,13.0,5119,3549.091338151983,5118.0981517310975
walk_forward_3,Copy-Yesterday,53,13.25,5119,3548.490513772221,5116.494694542159
walk_forward_3,Copy-Yesterday,54,13.5,5119,3546.727548349287,5112.928328229318
walk_forward_3,Copy-Yesterday,55,13.75,5119,3550.0475503027938,5115.4372863307
walk_forward_3,Copy-Yesterday,56,14.0,5119,3553.2354717718304,5117.072462007879
walk_forward_3,Copy-Yesterday,57,14.25,5119,3559.634545809729,5124.653269767169
walk_forward_3,Copy-Yesterday,58,14.5,5119,3564.2991599921857,5129.019486310159
walk_forward_3,Copy-Yesterday,59,14.75,5119,3565.5626626294197,5129.558923577224
walk_forward_3,Copy-Yesterday,60,15.0,5119,3569.118153936315,5131.722034357534
walk_forward_3,Copy-Yesterday,61,15.25,5119,3570.059556554014,5129.991338598046
walk_forward_3,Copy-Yesterday,62,15.5,5119,3570.9063918734128,5129.606485340454
walk_forward_3,Copy-Yesterday,63,15.75,5119,3573.7625415120137,5130.9649681944675
walk_forward_3,Copy-Yesterday,64,16.0,5119,3578.282758351241,5134.335391449944
walk_forward_3,Copy-Yesterday,65,16.25,5119,3581.3337722211368,5135.949761928146
walk_forward_3,Copy-Yesterday,66,16.5,5119,3584.38622387185,5138.491437584627
walk_forward_3,Copy-Yesterday,67,16.75,5119,3586.1546219964835,5140.335654615421
walk_forward_3,Copy-Yesterday,68,17.0,5119,3589.7781676108616,5142.944575312838
walk_forward_3,Copy-Yesterday,69,17.25,5119,3590.590425864427,5143.355658998393
walk_forward_3,Copy-Yesterday,70,17.5,5119,3591.4122719281113,5145.069247121075
walk_forward_3,Copy-Yesterday,71,17.75,5119,3591.302455557726,5144.40270829898
walk_forward_3,Copy-Yesterday,72,18.0,5119,3590.9515335026367,5144.066544472579
walk_forward_3,Copy-Yesterday,73,18.25,5119,3590.688628638406,5143.345833457792
walk_forward_3,Copy-Yesterday,74,18.5,5119,3588.780627075601,5139.069304792188
walk_forward_3,Copy-Yesterday,75,18.75,5119,3587.4545946473922,5136.916778526268
walk_forward_3,Copy-Yesterday,76,19.0,5119,3587.1903047470214,5137.2838917293275
walk_forward_3,Copy-Yesterday,77,19.25,5119,3586.6065501074427,5136.938245675917
walk_forward_3,Copy-Yesterday,78,19.5,5119,3585.7658468450863,5136.613416552637
walk_forward_3,Copy-Yesterday,79,19.75,5119,3585.6439831998437,5136.678230799224
walk_forward_3,Copy-Yesterday,80,20.0,5119,3586.0292088298493,5136.747742715261
walk_forward_3,Copy-Yesterday,81,20.25,5119,3586.0579038874776,5136.704802026558
walk_forward_3,Copy-Yesterday,82,20.5,5119,3586.758411799179,5137.101145678136
walk_forward_3,Copy-Yesterday,83,20.75,5119,3584.093006446572,5134.7357182122005
walk_forward_3,Copy-Yesterday,84,21.0,5119,3583.363180308654,5134.376627190005
walk_forward_3,Copy-Yesterday,85,21.25,5119,3582.552686071498,5133.759410979562
walk_forward_3,Copy-Yesterday,86,21.5,5120,3582.271232421875,5133.30658941648
walk_forward_3,Copy-Yesterday,87,21.75,5121,3579.467020113259,5130.537020012466
walk_forward_3,Copy-Yesterday,88,22.0,5122,3577.9336802030452,5129.749489395128
walk_forward_3,Copy-Yesterday,89,22.25,5123,3575.074831153621,5127.814625698734
walk_forward_3,Copy-Yesterday,90,22.5,5124,3573.676865729898,5126.634438181676
walk_forward_3,Copy-Yesterday,91,22.75,5125,3571.4321990243902,5123.286747725764
walk_forward_3,Copy-Yesterday,92,23.0,5126,3570.587106905969,5122.816782729612
walk_forward_3,Copy-Yesterday,93,23.25,5128,3570.390612324493,5123.8267556955125
walk_forward_3,Copy-Yesterday,94,23.5,5129,3572.3964534997076,5128.167912414657
walk_forward_3,Copy-Yesterday,95,23.75,5130,3573.880553606238,5131.368816110173
walk_forward_3,Copy-Yesterday,96,24.0,5136,3574.0471651090347,5132.114495333868
walk_forward_3,Copy-Yesterday,97,24.25,5119,3875.6095819495995,5438.049797061655
walk_forward_3,Copy-Yesterday,98,24.5,5119,3873.212150810705,5436.234872585646
walk_forward_3,Copy-Yesterday,99,24.75,5119,3872.1651123266265,5435.683019962768
walk_forward_3,Copy-Yesterday,100,25.0,5119,3870.891890994335,5434.322148041287
walk_forward_3,Copy-Yesterday,101,25.25,5119,3868.447929283063,5431.502775822002
walk_forward_3,Copy-Yesterday,102,25.5,5119,3865.944176596992,5427.671715430061
walk_forward_3,Copy-Yesterday,103,25.75,5119,3863.2333561242426,5421.590273371571
walk_forward_3,Copy-Yesterday,104,26.0,5119,3858.856276616526,5417.641208066591
walk_forward_3,Copy-Yesterday,105,26.25,5119,3855.6717835514746,5413.57562462692
walk_forward_3,Copy-Yesterday,106,26.5,5119,3852.5035885915213,5409.017504963816
walk_forward_3,Copy-Yesterday,107,26.75,5119,3847.2637175229543,5403.750748853324
walk_forward_3,Copy-Yesterday,108,27.0,5119,3841.315604610275,5397.114436186188
walk_forward_3,Copy-Yesterday,109,27.25,5119,3837.6403242820866,5394.367402205637
walk_forward_3,Copy-Yesterday,110,27.5,5119,3832.550255909357,5389.149631881802
walk_forward_3,Copy-Yesterday,111,27.75,5119,3829.657544442274,5386.339777871582
walk_forward_3,Copy-Yesterday,112,28.0,5119,3826.034252783747,5380.517432301348
walk_forward_3,Copy-Yesterday,113,28.25,5119,3825.4879097479975,5380.804383626613
walk_forward_3,Copy-Yesterday,114,28.5,5119,3822.0210158234026,5377.663468617872
walk_forward_3,Copy-Yesterday,115,28.75,5119,3815.6968704825163,5371.923002770638
walk_forward_3,Copy-Yesterday,116,29.0,5119,3811.652264114084,5368.624982725062
walk_forward_3,Copy-Yesterday,117,29.25,5119,3809.4766790388744,5366.560660040965
walk_forward_3,Copy-Yesterday,118,29.5,5119,3807.588825942567,5364.829492979573
walk_forward_3,Copy-Yesterday,119,29.75,5119,3806.963057237742,5364.107462122515
walk_forward_3,Copy-Yesterday,120,30.0,5119,3804.726460246142,5363.084067199012
walk_forward_3,Copy-Yesterday,121,30.25,5119,3800.1289158038685,5360.333858969518
walk_forward_3,Copy-Yesterday,122,30.5,5119,3797.113975385817,5357.584053300961
walk_forward_3,Copy-Yesterday,123,30.75,5119,3793.896317640164,5354.072397705601
walk_forward_3,Copy-Yesterday,124,31.0,5119,3790.4410177769096,5351.877028998444
walk_forward_3,Copy-Yesterday,125,31.25,5119,3787.527280718891,5349.677357571793
walk_forward_3,Copy-Yesterday,126,31.5,5119,3784.687593279937,5348.247802277631
walk_forward_3,Copy-Yesterday,127,31.75,5119,3782.432918538777,5347.191482756921
walk_forward_3,Copy-Yesterday,128,32.0,5119,3781.4259425669075,5346.767258903981
walk_forward_3,Copy-Yesterday,129,32.25,5119,3781.132287556163,5349.433714156373
walk_forward_3,Copy-Yesterday,130,32.5,5119,3780.0497460441497,5348.4336928390485
walk_forward_3,Copy-Yesterday,131,32.75,5119,3779.10366868529,5347.4565115424275
walk_forward_3,Copy-Yesterday,132,33.0,5119,3778.691670248096,5346.316110197427
walk_forward_3,Copy-Yesterday,133,33.25,5119,3777.7176811877316,5345.319135329585
walk_forward_3,Copy-Yesterday,134,33.5,5119,3777.6092947841385,5345.563219511228
walk_forward_3,Copy-Yesterday,135,33.75,5119,3780.4487556163313,5348.764397220471
walk_forward_3,Copy-Yesterday,136,34.0,5119,3779.573916780622,5347.384068540903
walk_forward_3,Copy-Yesterday,137,34.25,5119,3778.125137722211,5345.7239247288735
walk_forward_3,Copy-Yesterday,138,34.5,5119,3778.390232467279,5346.184321739845
walk_forward_3,Copy-Yesterday,139,34.75,5119,3777.439747997656,5345.019578734388
walk_forward_3,Copy-Yesterday,140,35.0,5119,3776.3692127368627,5343.624985873698
walk_forward_3,Copy-Yesterday,141,35.25,5119,3776.715231490525,5343.365871628553
walk_forward_3,Copy-Yesterday,142,35.5,5119,3774.513862082438,5342.075134549051
walk_forward_3,Copy-Yesterday,143,35.75,5119,3774.8727407696815,5343.031650881016
walk_forward_3,Copy-Yesterday,144,36.0,5119,3776.364967767142,5345.0563160741385
walk_forward_3,Ridge,1,0.25,5136,1724.5185274009507,2758.9794616721074
walk_forward_3,Ridge,2,0.5,5136,2327.259109955495,3344.1480105474448
walk_forward_3,Ridge,3,0.75,5136,2682.17938787358,3678.7536363530035
walk_forward_3,Ridge,4,1.0,5136,2884.967557604422,3862.031949739136
walk_forward_3,Ridge,5,1.25,5136,2986.5487276172735,3976.50938338506
walk_forward_3,Ridge,6,1.5,5136,3026.8864929334895,4048.3418393891243
walk_forward_3,Ridge,7,1.75,5136,3026.31968427324,4088.1722963686007
walk_forward_3,Ridge,8,2.0,5136,3002.7124887176724,4083.4880091016353
walk_forward_3,Ridge,9,2.25,5136,2980.159394769067,4079.1017260067533
walk_forward_3,Ridge,10,2.5,5136,2965.1644963878985,4071.912634931862
walk_forward_3,Ridge,11,2.75,5136,2975.0530711429924,4085.598772070212
walk_forward_3,Ridge,12,3.0,5136,2996.3976235871605,4095.0258569825482
walk_forward_3,Ridge,13,3.25,5136,3011.516944664149,4091.261936032226
walk_forward_3,Ridge,14,3.5,5136,3034.291144958007,4091.4416319286734
walk_forward_3,Ridge,15,3.75,5136,3059.8148445580755,4083.181038144118
walk_forward_3,Ridge,16,4.0,5136,3126.0918834687504,4113.648711007574
walk_forward_3,Ridge,17,4.25,5136,3164.765818243954,4132.327696097316
walk_forward_3,Ridge,18,4.5,5136,3195.25108852628,4153.01273039006
walk_forward_3,Ridge,19,4.75,5136,3222.5785121037798,4172.311514550011
walk_forward_3,Ridge,20,5.0,5136,3241.804037665587,4200.196683839532
walk_forward_3,Ridge,21,5.25,5136,3253.5103621881785,4226.816389383625
walk_forward_3,Ridge,22,5.5,5136,3268.690616723607,4249.159321243504
walk_forward_3,Ridge,23,5.75,5136,3275.0351106534436,4269.667158231474
walk_forward_3,Ridge,24,6.0,5136,3282.0623025665323,4274.022203600947
walk_forward_3,Ridge,25,6.25,5136,3285.2582647374393,4277.721792799473
walk_forward_3,Ridge,26,6.5,5136,3293.7310048274244,4285.647008245548
walk_forward_3,Ridge,27,6.75,5136,3307.49432460836,4291.01808536579
walk_forward_3,Ridge,28,7.0,5136,3322.670520756294,4290.0483872319455
walk_forward_3,Ridge,29,7.25,5136,3331.3118546376545,4288.284434249521
walk_forward_3,Ridge,30,7.5,5136,3344.635276294174,4291.314348635556
walk_forward_3,Ridge,31,7.75,5136,3346.2432860787862,4287.948407950896
walk_forward_3,Ridge,32,8.0,5136,3352.9699198633643,4289.0869784026245
walk_forward_3,Ridge,33,8.25,5136,3349.174521224627,4280.535142478127
walk_forward_3,Ridge,34,8.5,5136,3362.32631600393,4286.378416209825
walk_forward_3,Ridge,35,8.75,5136,3352.876195683334,4280.446336266872
walk_forward_3,Ridge,36,9.0,5136,3349.169117230687,4281.690413379366
walk_forward_3,Ridge,37,9.25,5136,3345.8145009932628,4272.919504361632
walk_forward_3,Ridge,38,9.5,5136,3347.0698353981084,4272.354550791575
walk_forward_3,Ridge,39,9.75,5136,3343.4533703603342,4266.860156222492
walk_forward_3,Ridge,40,10.0,5136,3337.3921840545104,4264.556436162038
walk_forward_3,Ridge,41,10.25,5136,3339.6778504725735,4266.185166800723
walk_forward_3,Ridge,42,10.5,5136,3347.038613694465,4270.503215163689
walk_forward_3,Ridge,43,10.75,5136,3345.4721171277333,4270.809687045019
walk_forward_3,Ridge,44,11.0,5136,3343.792279123732,4274.400459827161
walk_forward_3,Ridge,45,11.25,5136,3346.70770598795,4283.510356195556
walk_forward_3,Ridge,46,11.5,5136,3347.8265549313173,4290.974387697814
walk_forward_3,Ridge,47,11.75,5136,3344.088893541225,4292.0964128504065
walk_forward_3,Ridge,48,12.0,5136,3338.517297394569,4291.482452368105
walk_forward_3,Ridge,49,12.25,5136,3335.836961978525,4291.375552388814
walk_forward_3,Ridge,50,12.5,5136,3331.828808018033,4288.020510233269
walk_forward_3,Ridge,51,12.75,5136,3325.461912424516,4286.049934631206
walk_forward_3,Ridge,52,13.0,5136,3321.7216766314377,4282.341945351948
walk_forward_3,Ridge,53,13.25,5136,3313.2436700474623,4268.941390939267
walk_forward_3,Ridge,54,13.5,5136,3297.215288172291,4248.383797098151
walk_forward_3,Ridge,55,13.75,5136,3287.6588633668557,4239.994527643891
walk_forward_3,Ridge,56,14.0,5136,3283.841239075774,4233.305506036479
walk_forward_3,Ridge,57,14.25,5136,3288.2804940087863,4239.132382492711
walk_forward_3,Ridge,58,14.5,5136,3297.238433683571,4252.6117750278245
walk_forward_3,Ridge,59,14.75,5136,3299.7221272360052,4266.195138927629
walk_forward_3,Ridge,60,15.0,5136,3299.758671453082,4275.953323717007
walk_forward_3,Ridge,61,15.25,5136,3309.6927409295913,4288.309413206754
walk_forward_3,Ridge,62,15.5,5136,3313.2680751990856,4293.877232183601
walk_forward_3,Ridge,63,15.75,5136,3314.4289788129768,4295.438792458679
walk_forward_3,Ridge,64,16.0,5136,3302.708728049745,4289.770225414919
walk_forward_3,Ridge,65,16.25,5136,3298.365655529357,4282.214643419955
walk_forward_3,Ridge,66,16.5,5136,3296.8433993565877,4273.53211013231
walk_forward_3,Ridge,67,16.75,5136,3298.042377773932,4266.436512635277
walk_forward_3,Ridge,68,17.0,5136,3291.3870850158974,4262.454458733114
walk_forward_3,Ridge,69,17.25,5136,3287.0583205701614,4256.846983627581
walk_forward_3,Ridge,70,17.5,5136,3279.058747938226,4250.64947232296
walk_forward_3,Ridge,71,17.75,5136,3275.045529466999,4248.992246342047
walk_forward_3,Ridge,72,18.0,5136,3266.535305006443,4245.6236483900075
walk_forward_3,Ridge,73,18.25,5136,3263.9515638228277,4252.509220202162
walk_forward_3,Ridge,74,18.5,5136,3260.475103799177,4253.482251809765
walk_forward_3,Ridge,75,18.75,5136,3243.584448253334,4244.52528261876
walk_forward_3,Ridge,76,19.0,5136,3224.9315890490407,4225.945756365876
walk_forward_3,Ridge,77,19.25,5136,3208.702676531272,4216.564057855252
walk_forward_3,Ridge,78,19.5,5136,3201.4576092279913,4205.36250645975
walk_forward_3,Ridge,79,19.75,5136,3190.49630351967,4195.621994919341
walk_forward_3,Ridge,80,20.0,5136,3174.9473933064137,4177.984666856009
walk_forward_3,Ridge,81,20.25,5136,3155.3954627920984,4159.56543694091
walk_forward_3,Ridge,82,20.5,5136,3149.3759231419162,4155.0629654575
walk_forward_3,Ridge,83,20.75,5136,3142.3525870223243,4143.494077329416
walk_forward_3,Ridge,84,21.0,5136,3125.4005150930893,4136.175411719529
walk_forward_3,Ridge,85,21.25,5136,3111.228137197224,4124.119850401333
walk_forward_3,Ridge,86,21.5,5136,3098.6264067644897,4107.785477559282
walk_forward_3,Ridge,87,21.75,5136,3090.5074542021753,4104.079677076072
walk_forward_3,Ridge,88,22.0,5136,3078.5930005696164,4085.7450392923793
walk_forward_3,Ridge,89,22.25,5136,3079.125193266639,4086.8334893202377
walk_forward_3,Ridge,90,22.5,5136,3077.937659571312,4079.62912232368
walk_forward_3,Ridge,91,22.75,5136,3067.5285360778958,4065.530848832995
walk_forward_3,Ridge,92,23.0,5136,3053.9301453945423,4043.1873223678435
walk_forward_3,Ridge,93,23.25,5136,3042.0891059711453,4032.8203736221167
walk_forward_3,Ridge,94,23.5,5136,3040.7569188371067,4026.6582619910337
walk_forward_3,Ridge,95,23.75,5136,3028.777728430533,4013.3446523584844
walk_forward_3,Ridge,96,24.0,5136,3035.9180349536305,4018.0698466288372
walk_forward_3,Ridge,97,24.25,5136,3067.4996686234754,4050.9078752433343
walk_forward_3,Ridge,98,24.5,5136,3080.261418055801,4070.5016677900453
walk_forward_3,Ridge,99,24.75,5136,3097.344456615559,4086.8660464890263
walk_forward_3,Ridge,100,25.0,5136,3116.9863155928233,4106.507945886795
walk_forward_3,Ridge,101,25.25,5136,3149.7363358036464,4138.984218540404
walk_forward_3,Ridge,102,25.5,5136,3171.4458562605373,4167.82418767361
walk_forward_3,Ridge,103,25.75,5136,3204.333280591253,4191.054287320055
walk_forward_3,Ridge,104,26.0,5136,3221.6747236135675,4200.7807238538035
walk_forward_3,Ridge,105,26.25,5136,3223.299404657481,4194.711170592035
walk_forward_3,Ridge,106,26.5,5136,3235.4585014814643,4200.33460007875
walk_forward_3,Ridge,107,26.75,5136,3243.718659062476,4196.64147511848
walk_forward_3,Ridge,108,27.0,5136,3256.1835860531046,4197.1148965036
walk_forward_3,Ridge,109,27.25,5136,3263.9425177706075,4204.039785701598
walk_forward_3,Ridge,110,27.5,5136,3269.5396786111014,4209.914552152978
walk_forward_3,Ridge,111,27.75,5136,3276.955520074533,4203.4169699311
walk_forward_3,Ridge,112,28.0,5136,3288.239816523346,4201.203449785217
walk_forward_3,Ridge,113,28.25,5136,3293.666032937141,4212.610802863426
walk_forward_3,Ridge,114,28.5,5136,3303.2648664870303,4215.436784438732
walk_forward_3,Ridge,115,28.75,5136,3320.439360782948,4231.613153024096
walk_forward_3,Ridge,116,29.0,5136,3329.930991651364,4235.109764631756
walk_forward_3,Ridge,117,29.25,5136,3342.053212884177,4244.100637077
walk_forward_3,Ridge,118,29.5,5136,3346.7005542549477,4248.413936286982
walk_forward_3,Ridge,119,29.75,5136,3358.4174180600585,4259.669850674805
walk_forward_3,Ridge,120,30.0,5136,3369.7705271486275,4264.165058644349
walk_forward_3,Ridge,121,30.25,5136,3379.666133442823,4280.329104995583
walk_forward_3,Ridge,122,30.5,5136,3391.6931182152816,4296.657601206514
walk_forward_3,Ridge,123,30.75,5136,3404.6984903744788,4309.794602479376
walk_forward_3,Ridge,124,31.0,5136,3411.18918176172,4319.173188292037
walk_forward_3,Ridge,125,31.25,5136,3414.071685206753,4322.336661453054
walk_forward_3,Ridge,126,31.5,5136,3420.5978877396537,4328.209591797326
walk_forward_3,Ridge,127,31.75,5136,3423.2440741621276,4331.159064742149
walk_forward_3,Ridge,128,32.0,5136,3426.7756721877067,4331.252007248879
walk_forward_3,Ridge,129,32.25,5136,3429.1686292395325,4323.788439776452
walk_forward_3,Ridge,130,32.5,5136,3435.2486600858274,4317.5044376772275
walk_forward_3,Ridge,131,32.75,5136,3430.0617590552724,4308.322036293763
walk_forward_3,Ridge,132,33.0,5136,3431.931578721983,4308.526464455796
walk_forward_3,Ridge,133,33.25,5136,3426.0809111003814,4305.947119244865
walk_forward_3,Ridge,134,33.5,5136,3427.0273969497916,4304.16844036868
walk_forward_3,Ridge,135,33.75,5136,3425.7241324839665,4303.835897965573
walk_forward_3,Ridge,136,34.0,5136,3424.6222238317523,4309.185386054022
walk_forward_3,Ridge,137,34.25,5136,3423.820839348087,4316.286688183143
walk_forward_3,Ridge,138,34.5,5136,3427.190217649239,4320.761952552206
walk_forward_3,Ridge,139,34.75,5136,3419.4782146062016,4314.437200079909
walk_forward_3,Ridge,140,35.0,5136,3409.8224422770886,4308.916783987926
walk_forward_3,Ridge,141,35.25,5136,3407.0185762157575,4312.7491127727535
walk_forward_3,Ridge,142,35.5,5136,3405.0174847458447,4312.5303448074565
walk_forward_3,Ridge,143,35.75,5136,3402.677131237039,4308.095496051126
walk_forward_3,Ridge,144,36.0,5136,3402.730399251807,4309.347125090559
walk_forward_3,Ridge + Weather,1,0.25,5136,1738.4523853257515,2779.341995261853
walk_forward_3,Ridge + Weather,2,0.5,5136,2350.221216745319,3433.4997821550082
walk_forward_3,Ridge + Weather,3,0.75,5136,2710.268921057685,3837.4478268930925
walk_forward_3,Ridge + Weather,4,1.0,5136,2895.4157188868094,4057.758183030459
walk_forward_3,Ridge + Weather,5,1.25,5136,2972.7226427319138,4158.544334716378
walk_forward_3,Ridge + Weather,6,1.5,5136,2984.2111013833314,4182.370386687246
walk_forward_3,Ridge + Weather,7,1.75,5136,2955.9356838491553,4166.446998111861
walk_forward_3,Ridge + Weather,8,2.0,5136,2902.2072117706693,4116.955293541043
walk_forward_3,Ridge + Weather,9,2.25,5136,2865.012100247483,4084.8820128365505
walk_forward_3,Ridge + Weather,10,2.5,5136,2846.1916761161465,4062.158282149134
walk_forward_3,Ridge + Weather,11,2.75,5136,2846.4578810169924,4068.711680756672
walk_forward_3,Ridge + Weather,12,3.0,5136,2852.581586144551,4077.063706411329
walk_forward_3,Ridge + Weather,13,3.25,5136,2853.8118246828785,4082.0108138437113
walk_forward_3,Ridge + Weather,14,3.5,5136,2868.2808019995523,4098.515249487761
walk_forward_3,Ridge + Weather,15,3.75,5136,2888.2267182737883,4115.4414333119885
walk_forward_3,Ridge + Weather,16,4.0,5136,2948.3679545056902,4164.365961414579
walk_forward_3,Ridge + Weather,17,4.25,5136,2984.097557025932,4195.344670654158
walk_forward_3,Ridge + Weather,18,4.5,5136,3005.3698019540166,4214.239701866106
walk_forward_3,Ridge + Weather,19,4.75,5136,3011.7976635735567,4217.507077460716
walk_forward_3,Ridge + Weather,20,5.0,5136,3012.712463206541,4218.905937467852
walk_forward_3,Ridge + Weather,21,5.25,5136,3011.474612816367,4219.5145944803535
walk_forward_3,Ridge + Weather,22,5.5,5136,3016.437321624786,4221.1925961342195
walk_forward_3,Ridge + Weather,23,5.75,5136,3014.0868782875486,4225.650508797157
walk_forward_3,Ridge + Weather,24,6.0,5136,3016.679120595944,4224.143037368879
walk_forward_3,Ridge + Weather,25,6.25,5136,3020.9839949661914,4225.310017325309
walk_forward_3,Ridge + Weather,26,6.5,5136,3029.279312900603,4232.992629803625
walk_forward_3,Ridge + Weather,27,6.75,5136,3035.0482515170643,4241.450145347617
walk_forward_3,Ridge + Weather,28,7.0,5136,3045.361112421149,4249.774510060187
walk_forward_3,Ridge + Weather,29,7.25,5136,3053.401583016436,4258.508914343944
walk_forward_3,Ridge + Weather,30,7.5,5136,3065.8617442167483,4270.299813712496
walk_forward_3,Ridge + Weather,31,7.75,5136,3068.9866156108137,4276.2039090194485
walk_forward_3,Ridge + Weather,32,8.0,5136,3076.506889518357,4280.688871257976
walk_forward_3,Ridge + Weather,33,8.25,5136,3071.147657666744,4275.229435490695
walk_forward_3,Ridge + Weather,34,8.5,5136,3075.3467382264657,4278.574677429709
walk_forward_3,Ridge + Weather,35,8.75,5136,3067.954734185151,4272.459141060591
walk_forward_3,Ridge + Weather,36,9.0,5136,3066.6225999687344,4273.44019632117
walk_forward_3,Ridge + Weather,37,9.25,5136,3063.1762088071996,4268.019857448159
walk_forward_3,Ridge + Weather,38,9.5,5136,3070.032874206356,4270.862037455424
walk_forward_3,Ridge + Weather,39,9.75,5136,3070.2180170110787,4272.807720479733
walk_forward_3,Ridge + Weather,40,10.0,5136,3068.394651507748,4277.165500370896
walk_forward_3,Ridge + Weather,41,10.25,5136,3071.2127741092036,4283.041669746849
walk_forward_3,Ridge + Weather,42,10.5,5136,3079.3491051678016,4291.387419510321
walk_forward_3,Ridge + Weather,43,10.75,5136,3082.1971726613074,4298.075220521567
walk_forward_3,Ridge + Weather,44,11.0,5136,3083.0232882512337,4304.835864904099
walk_forward_3,Ridge + Weather,45,11.25,5136,3092.1723817344996,4313.098442052439
walk_forward_3,Ridge + Weather,46,11.5,5136,3097.2384008437552,4318.791841451105
walk_forward_3,Ridge + Weather,47,11.75,5136,3096.1422829033877,4317.004692732336
walk_forward_3,Ridge + Weather,48,12.0,5136,3093.449543501677,4311.222093437852
walk_forward_3,Ridge + Weather,49,12.25,5136,3087.4449946057352,4305.70234586089
walk_forward_3,Ridge + Weather,50,12.5,5136,3084.1981906486694,4298.83745884368
walk_forward_3,Ridge + Weather,51,12.75,5136,3078.3918049952854,4289.788891057304
walk_forward_3,Ridge + Weather,52,13.0,5136,3074.9409955386654,4278.2051164324275
walk_forward_3,Ridge + Weather,53,13.25,5136,3065.272925134548,4261.8939705313105
walk_forward_3,Ridge + Weather,54,13.5,5136,3048.273048441902,4240.351515436662
walk_forward_3,Ridge + Weather,55,13.75,5136,3036.4147489859565,4226.272023626411
walk_forward_3,Ridge + Weather,56,14.0,5136,3025.7511452775716,4215.703534084584
walk_forward_3,Ridge + Weather,57,14.25,5136,3022.014965652112,4213.45884450923
walk_forward_3,Ridge + Weather,58,14.5,5136,3021.5210410082,4214.672375957668
walk_forward_3,Ridge + Weather,59,14.75,5136,3018.6576131768356,4214.474912149902
walk_forward_3,Ridge + Weather,60,15.0,5136,3008.672732206957,4207.821791257862
walk_forward_3,Ridge + Weather,61,15.25,5136,3006.5625129229934,4200.832724573988
walk_forward_3,Ridge + Weather,62,15.5,5136,2997.4091462583992,4188.862964373044
walk_forward_3,Ridge + Weather,63,15.75,5136,2986.0253054399996,4173.399944786436
walk_forward_3,Ridge + Weather,64,16.0,5136,2972.4294787051213,4157.003966412241
walk_forward_3,Ridge + Weather,65,16.25,5136,2959.4772452218244,4142.87830704646
walk_forward_3,Ridge + Weather,66,16.5,5136,2950.2202694629777,4132.14863803552
walk_forward_3,Ridge + Weather,67,16.75,5136,2951.5548125689893,4126.286190285936
walk_forward_3,Ridge + Weather,68,17.0,5136,2950.2340835186947,4126.416445312142
walk_forward_3,Ridge + Weather,69,17.25,5136,2946.1493810035363,4126.277069649605
walk_forward_3,Ridge + Weather,70,17.5,5136,2951.1868327095162,4127.309759000246
walk_forward_3,Ridge + Weather,71,17.75,5136,2956.267121391773,4134.545527956635
walk_forward_3,Ridge + Weather,72,18.0,5136,2960.883937630838,4138.726181680545
walk_forward_3,Ridge + Weather,73,18.25,5136,2964.5852887415076,4149.045150161434
walk_forward_3,Ridge + Weather,74,18.5,5136,2970.2805168619643,4156.228756610658
walk_forward_3,Ridge + Weather,75,18.75,5136,2969.965893042129,4156.545199389133
walk_forward_3,Ridge + Weather,76,19.0,5136,2969.7937630115225,4151.243323987377
walk_forward_3,Ridge + Weather,77,19.25,5136,2967.693551983834,4154.182539718831
walk_forward_3,Ridge + Weather,78,19.5,5136,2972.031429056177,4158.7737274141255
walk_forward_3,Ridge + Weather,79,19.75,5136,2974.6675229473863,4161.129950620709
walk_forward_3,Ridge + Weather,80,20.0,5136,2972.8546926219233,4160.179863404604
walk_forward_3,Ridge + Weather,81,20.25,5136,2965.8099459018467,4159.783214765632
walk_forward_3,Ridge + Weather,82,20.5,5136,2967.4893776624394,4165.546460043376
walk_forward_3,Ridge + Weather,83,20.75,5136,2963.4216558986745,4163.338724369388
walk_forward_3,Ridge + Weather,84,21.0,5136,2957.823549067843,4161.575703279224
walk_forward_3,Ridge + Weather,85,21.25,5136,2950.1783075397434,4152.194141296014
walk_forward_3,Ridge + Weather,86,21.5,5136,2937.0222069719316,4137.190763102287
walk_forward_3,Ridge + Weather,87,21.75,5136,2935.197966305839,4129.794289266056
walk_forward_3,Ridge + Weather,88,22.0,5136,2925.4806770809755,4110.49264823867
walk_forward_3,Ridge + Weather,89,22.25,5136,2921.1778852888106,4107.792025462674
walk_forward_3,Ridge + Weather,90,22.5,5136,2915.0291837741756,4102.117106868501
walk_forward_3,Ridge + Weather,91,22.75,5136,2909.6975417896624,4087.6324156116957
walk_forward_3,Ridge + Weather,92,23.0,5136,2897.6531190954347,4069.6583872181714
walk_forward_3,Ridge + Weather,93,23.25,5136,2891.5827978489892,4065.3237028329804
walk_forward_3,Ridge + Weather,94,23.5,5136,2888.2816660063045,4065.9663901566387
walk_forward_3,Ridge + Weather,95,23.75,5136,2891.1572503654365,4058.996763990409
walk_forward_3,Ridge + Weather,96,24.0,5136,2892.098992717632,4065.8859168977174
walk_forward_3,Ridge + Weather,97,24.25,5136,2915.910616665109,4094.9705729288057
walk_forward_3,Ridge + Weather,98,24.5,5136,2927.45338941629,4114.434165034873
walk_forward_3,Ridge + Weather,99,24.75,5136,2940.368563501083,4126.7662717476405
walk_forward_3,Ridge + Weather,100,25.0,5136,2952.694046913377,4139.860601469405
walk_forward_3,Ridge + Weather,101,25.25,5136,2976.8707901464586,4161.285883497593
walk_forward_3,Ridge + Weather,102,25.5,5136,2990.303995747075,4180.303641493515
walk_forward_3,Ridge + Weather,103,25.75,5136,3008.01053713689,4196.816456461123
walk_forward_3,Ridge + Weather,104,26.0,5136,3014.0475838752454,4204.883581430889
walk_forward_3,Ridge + Weather,105,26.25,5136,3011.443262632695,4201.405837644171
walk_forward_3,Ridge + Weather,106,26.5,5136,3009.3762754241366,4205.948588116155
walk_forward_3,Ridge + Weather,107,26.75,5136,3010.9396807330722,4202.947030252642
walk_forward_3,Ridge + Weather,108,27.0,5136,3009.272740812199,4201.649237950414
walk_forward_3,Ridge + Weather,109,27.25,5136,3005.5989578129347,4199.814504257351
walk_forward_3,Ridge + Weather,110,27.5,5136,3001.706553280501,4197.278896448033
walk_forward_3,Ridge + Weather,111,27.75,5136,2999.6585617990495,4183.753860108982
walk_forward_3,Ridge + Weather,112,28.0,5136,2999.629634300402,4170.340183062913
walk_forward_3,Ridge + Weather,113,28.25,5136,2995.682218549055,4168.218616265801
walk_forward_3,Ridge + Weather,114,28.5,5136,2997.702396047808,4161.720129545711
walk_forward_3,Ridge + Weather,115,28.75,5136,3000.389506321227,4164.235428989717
walk_forward_3,Ridge + Weather,116,29.0,5136,3001.742473772798,4162.378944478975
walk_forward_3,Ridge + Weather,117,29.25,5136,2997.717520634683,4163.346587143205
walk_forward_3,Ridge + Weather,118,29.5,5136,2991.0369735065465,4164.112346684208
walk_forward_3,Ridge + Weather,119,29.75,5136,2988.853081044841,4172.122466378444
walk_forward_3,Ridge + Weather,120,30.0,5136,2991.549521582288,4177.957226491438
walk_forward_3,Ridge + Weather,121,30.25,5136,2995.1181277551354,4188.425700148123
walk_forward_3,Ridge + Weather,122,30.5,5136,2999.2621706090977,4196.801260943241
walk_forward_3,Ridge + Weather,123,30.75,5136,3005.652994168995,4202.833342439564
walk_forward_3,Ridge + Weather,124,31.0,5136,3010.3047044509854,4206.443227137438
walk_forward_3,Ridge + Weather,125,31.25,5136,3014.0701049826102,4207.535490874229
walk_forward_3,Ridge + Weather,126,31.5,5136,3021.4831760757734,4213.185140780739
walk_forward_3,Ridge + Weather,127,31.75,5136,3029.034531713186,4217.121136332578
walk_forward_3,Ridge + Weather,128,32.0,5136,3032.1188395466397,4217.087981618081
walk_forward_3,Ridge + Weather,129,32.25,5136,3032.710836926415,4212.62867824586
walk_forward_3,Ridge + Weather,130,32.5,5136,3029.7933936560626,4208.448085875748
walk_forward_3,Ridge + Weather,131,32.75,5136,3023.125552205041,4202.155120680151
walk_forward_3,Ridge + Weather,132,33.0,5136,3023.9575146770067,4203.5541903239055
walk_forward_3,Ridge + Weather,133,33.25,5136,3025.372586018033,4203.744105036019
walk_forward_3,Ridge + Weather,134,33.5,5136,3027.872930655663,4205.703386658264
walk_forward_3,Ridge + Weather,135,33.75,5136,3029.608259009066,4208.37306429848
walk_forward_3,Ridge + Weather,136,34.0,5136,3031.7946511762943,4210.8772724538085
walk_forward_3,Ridge + Weather,137,34.25,5136,3032.6626103081067,4214.633743356368
walk_forward_3,Ridge + Weather,138,34.5,5136,3035.373656484982,4217.73969694914
walk_forward_3,Ridge + Weather,139,34.75,5136,3036.6211277335074,4215.5570520449955
walk_forward_3,Ridge + Weather,140,35.0,5136,3034.1394502026387,4216.091172552978
walk_forward_3,Ridge + Weather,141,35.25,5136,3036.8836663074776,4220.170824662999
walk_forward_3,Ridge + Weather,142,35.5,5136,3035.2286533258407,4219.850338899151
walk_forward_3,Ridge + Weather,143,35.75,5136,3038.1852602182585,4215.731010390088
walk_forward_3,Ridge + Weather,144,36.0,5136,3035.3787835059343,4213.805244636905
